timestamp,ticker,p1_name,p2_name,score_str,game_score_str,server,p1_first_serve_pct,p1_first_serve_num,p1_first_serve_den,p1_first_serve_won_pct,p1_first_serve_won_num,p1_first_serve_won_den,p1_second_serve_won_pct,p1_second_serve_won_num,p1_second_serve_won_den,p1_first_return_won_pct,p1_first_return_won_num,p1_first_return_won_den,p1_second_return_won_pct,p1_second_return_won_num,p1_second_return_won_den,p2_first_serve_pct,p2_first_serve_num,p2_first_serve_den,p2_first_serve_won_pct,p2_first_serve_won_num,p2_first_serve_won_den,p2_second_serve_won_pct,p2_second_serve_won_num,p2_second_serve_won_den,p2_first_return_won_pct,p2_first_return_won_num,p2_first_return_won_den,p2_second_return_won_pct,p2_second_return_won_num,p2_second_return_won_den,p1_last10_pts_won,p2_last10_pts_won,mc_prob_p1,mc_set_prob_p1,mc_game_prob_p1,kalshi_yes_ask,kalshi_yes_bid,match_outcome
2026-07-01T03:18:33.808449+00:00,KXATPCHALLENGERMATCH-26JUN30BARFIC-BAR,Ozan Baris,Juan Pablo Ficovich,6-4 5-7 0-0,30-0,p2,0.5614035087719298,32,57,0.8125,26,32,0.52,13,25,0.39622641509433965,21,53,0.45714285714285713,16,35,0.6022727272727273,53,88,0.6037735849056604,32,53,0.5428571428571428,19,35,0.1875,6,32,0.48,12,25,4,6,0.8716,0.8712,0.67,0.75,0.7,
2026-07-01T03:18:35.562154+00:00,KXATPCHALLENGERMATCH-26JUN30SURDRA-DRA,Liam Draxl,Dhakshineswar Suresh,4-5,30-0,p1,0.7083333333333334,17,24,0.7647058823529411,13,17,0.5714285714285714,4,7,0.10526315789473684,2,19,0.6,6,10,0.6551724137931034,19,29,0.8947368421052632,17,19,0.4,4,10,0.23529411764705882,4,17,0.42857142857142855,3,7,6,4,0.4311,0.4583,0.9808,0.5700000000000001,0.56,
2026-07-01T03:18:36.642220+00:00,KXATPCHALLENGERMATCH-26JUN30SUNSHI-SHI,Braden Shick,Fajing Sun,5-1,40-0,p1,0.8333333333333334,15,18,0.8666666666666667,13,15,0.6666666666666666,2,3,0.4444444444444444,4,9,0.6,9,15,0.375,9,24,0.5555555555555556,5,9,0.4,6,15,0.13333333333333333,2,15,0.3333333333333333,1,3,6,4,1.0,1.0,1.0,0.84,0.83,
2026-07-01T03:18:57.779011+00:00,KXATPCHALLENGERMATCH-26JUN30BARFIC-BAR,Ozan Baris,Juan Pablo Ficovich,6-4 5-7 0-0,40-0,p2,0.5614035087719298,32,57,0.8125,26,32,0.52,13,25,0.39622641509433965,21,53,0.4722222222222222,17,36,0.5955056179775281,53,89,0.6037735849056604,32,53,0.5277777777777778,19,36,0.1875,6,32,0.48,12,25,5,5,0.9125,0.9164,0.8785,0.79,0.78,
2026-07-01T03:18:59.286129+00:00,KXATPCHALLENGERMATCH-26JUN30SURDRA-DRA,Liam Draxl,Dhakshineswar Suresh,4-5,30-0,p1,0.68,17,25,0.7647058823529411,13,17,0.625,5,8,0.10526315789473684,2,19,0.6,6,10,0.6551724137931034,19,29,0.8947368421052632,17,19,0.4,4,10,0.23529411764705882,4,17,0.375,3,8,6,4,0.4857,0.4863,0.982,0.5800000000000001,0.56,
2026-07-01T03:19:00.317530+00:00,KXATPCHALLENGERMATCH-26JUN30SUNSHI-SHI,Braden Shick,Fajing Sun,6-1 0-0,0-0,p2,0.7894736842105263,15,19,0.8666666666666667,13,15,0.75,3,4,0.4444444444444444,4,9,0.6,9,15,0.375,9,24,0.5555555555555556,5,9,0.4,6,15,0.13333333333333333,2,15,0.25,1,4,6,4,1.0,0.9994,0.6067,0.85,0.84,
2026-07-01T03:19:21.455592+00:00,KXATPCHALLENGERMATCH-26JUN30BARFIC-BAR,Ozan Baris,Juan Pablo Ficovich,6-4 5-7 0-0,40-0,p2,0.5614035087719298,32,57,0.8125,26,32,0.52,13,25,0.39622641509433965,21,53,0.4722222222222222,17,36,0.5955056179775281,53,89,0.6037735849056604,32,53,0.5277777777777778,19,36,0.1875,6,32,0.48,12,25,5,5,0.9163,0.9148,0.8794,0.81,0.8,
2026-07-01T03:19:22.909432+00:00,KXATPCHALLENGERMATCH-26JUN30SURDRA-DRA,Liam Draxl,Dhakshineswar Suresh,4-5,30-0,p1,0.68,17,25,0.7647058823529411,13,17,0.625,5,8,0.10526315789473684,2,19,0.6,6,10,0.6551724137931034,19,29,0.8947368421052632,17,19,0.4,4,10,0.23529411764705882,4,17,0.375,3,8,6,4,0.475,0.4898,0.987,0.5900000000000001,0.58,
2026-07-01T03:19:23.924396+00:00,KXATPCHALLENGERMATCH-26JUN30SUNSHI-SHI,Braden Shick,Fajing Sun,6-1 0-0,0-0,p2,0.7894736842105263,15,19,0.8666666666666667,13,15,0.75,3,4,0.4444444444444444,4,9,0.6,9,15,0.375,9,24,0.5555555555555556,5,9,0.4,6,15,0.13333333333333333,2,15,0.25,1,4,6,4,1.0,0.9993,0.6018,0.85,0.84,
2026-07-01T03:19:47.002584+00:00,KXATPCHALLENGERMATCH-26JUN30BARFIC-BAR,Ozan Baris,Juan Pablo Ficovich,6-4 5-7 1-0,0-0,p1,0.5614035087719298,32,57,0.8125,26,32,0.52,13,25,0.4074074074074074,22,54,0.4722222222222222,17,36,0.6,54,90,0.5925925925925926,32,54,0.5277777777777778,19,36,0.1875,6,32,0.48,12,25,6,4,0.945,0.9425,0.8793,0.81,0.8,
2026-07-01T03:19:48.747284+00:00,KXATPCHALLENGERMATCH-26JUN30SURDRA-DRA,Liam Draxl,Dhakshineswar Suresh,4-5,40-0,p1,0.6538461538461539,17,26,0.7647058823529411,13,17,0.6666666666666666,6,9,0.10526315789473684,2,19,0.6,6,10,0.6551724137931034,19,29,0.8947368421052632,17,19,0.4,4,10,0.23529411764705882,4,17,0.3333333333333333,3,9,6,4,0.5254,0.5134,0.9983,0.5900000000000001,0.58,
2026-07-01T03:19:49.804933+00:00,KXATPCHALLENGERMATCH-26JUN30SUNSHI-SHI,Braden Shick,Fajing Sun,6-1 0-0,0-0,p2,0.7894736842105263,15,19,0.8666666666666667,13,15,0.75,3,4,0.4444444444444444,4,9,0.6,9,15,0.375,9,24,0.5555555555555556,5,9,0.4,6,15,0.13333333333333333,2,15,0.25,1,4,6,4,1.0,0.9992,0.6041,0.85,0.84,
2026-07-01T03:20:10.986969+00:00,KXATPCHALLENGERMATCH-26JUN30BARFIC-BAR,Ozan Baris,Juan Pablo Ficovich,6-4 5-7 1-0,0-0,p1,0.5614035087719298,32,57,0.8125,26,32,0.52,13,25,0.4074074074074074,22,54,0.4722222222222222,17,36,0.6,54,90,0.5925925925925926,32,54,0.5277777777777778,19,36,0.1875,6,32,0.48,12,25,6,4,0.9385,0.9394,0.8816,0.81,0.8,
2026-07-01T03:20:12.510854+00:00,KXATPCHALLENGERMATCH-26JUN30SURDRA-DRA,Liam Draxl,Dhakshineswar Suresh,5-5,0-0,p2,0.6296296296296297,17,27,0.7647058823529411,13,17,0.7,7,10,0.10526315789473684,2,19,0.6,6,10,0.6551724137931034,19,29,0.8947368421052632,17,19,0.4,4,10,0.23529411764705882,4,17,0.3,3,10,6,4,0.5729,0.5381,0.0702,0.6,0.59,
2026-07-01T03:20:13.606080+00:00,KXATPCHALLENGERMATCH-26JUN30SUNSHI-SHI,Braden Shick,Fajing Sun,6-1 0-0,0-0,p2,0.7894736842105263,15,19,0.8666666666666667,13,15,0.75,3,4,0.4444444444444444,4,9,0.6,9,15,0.375,9,24,0.5555555555555556,5,9,0.4,6,15,0.13333333333333333,2,15,0.25,1,4,6,4,1.0,0.9993,0.6068,0.85,0.84,
2026-07-01T03:20:34.770163+00:00,KXATPCHALLENGERMATCH-26JUN30BARFIC-BAR,Ozan Baris,Juan Pablo Ficovich,6-4 5-7 1-0,0-0,p1,0.5614035087719298,32,57,0.8125,26,32,0.52,13,25,0.4074074074074074,22,54,0.4722222222222222,17,36,0.6,54,90,0.5925925925925926,32,54,0.5277777777777778,19,36,0.1875,6,32,0.48,12,25,6,4,0.9436,0.9456,0.8816,0.8,0.78,
2026-07-01T03:20:36.305180+00:00,KXATPCHALLENGERMATCH-26JUN30SURDRA-DRA,Liam Draxl,Dhakshineswar Suresh,5-5,0-0,p2,0.6296296296296297,17,27,0.7647058823529411,13,17,0.7,7,10,0.10526315789473684,2,19,0.6,6,10,0.6551724137931034,19,29,0.8947368421052632,17,19,0.4,4,10,0.23529411764705882,4,17,0.3,3,10,6,4,0.566,0.5394,0.0736,0.62,0.61,
2026-07-01T03:20:37.456169+00:00,KXATPCHALLENGERMATCH-26JUN30SUNSHI-SHI,Braden Shick,Fajing Sun,6-1 0-0,0-0,p2,0.7894736842105263,15,19,0.8666666666666667,13,15,0.75,3,4,0.4444444444444444,4,9,0.6,9,15,0.375,9,24,0.5555555555555556,5,9,0.4,6,15,0.13333333333333333,2,15,0.25,1,4,6,4,1.0,0.9993,0.5954,0.85,0.84,
2026-07-01T03:20:58.533323+00:00,KXATPCHALLENGERMATCH-26JUN30BARFIC-BAR,Ozan Baris,Juan Pablo Ficovich,6-4 5-7 1-0,0-0,p1,0.5614035087719298,32,57,0.8125,26,32,0.52,13,25,0.4074074074074074,22,54,0.4722222222222222,17,36,0.6,54,90,0.5925925925925926,32,54,0.5277777777777778,19,36,0.1875,6,32,0.48,12,25,6,4,0.9454,0.942,0.8839,0.76,0.75,
2026-07-01T03:21:00.053734+00:00,KXATPCHALLENGERMATCH-26JUN30SURDRA-DRA,Liam Draxl,Dhakshineswar Suresh,5-5,15-0,p2,0.6296296296296297,17,27,0.7647058823529411,13,17,0.7,7,10,0.15,3,20,0.6,6,10,0.6666666666666666,20,30,0.85,17,20,0.4,4,10,0.23529411764705882,4,17,0.3,3,10,6,4,0.6829,0.6333,0.2067,0.63,0.62,
2026-07-01T03:21:01.127185+00:00,KXATPCHALLENGERMATCH-26JUN30SUNSHI-SHI,Braden Shick,Fajing Sun,6-1 0-0,0-0,p2,0.7894736842105263,15,19,0.8666666666666667,13,15,0.75,3,4,0.4444444444444444,4,9,0.6,9,15,0.375,9,24,0.5555555555555556,5,9,0.4,6,15,0.13333333333333333,2,15,0.25,1,4,6,4,1.0,0.9993,0.5929,0.85,0.84,
2026-07-01T03:21:22.297373+00:00,KXATPCHALLENGERMATCH-26JUN30BARFIC-BAR,Ozan Baris,Juan Pablo Ficovich,6-4 5-7 1-0,0-15,p1,0.5689655172413793,33,58,0.7878787878787878,26,33,0.52,13,25,0.4074074074074074,22,54,0.4722222222222222,17,36,0.6,54,90,0.5925925925925926,32,54,0.5277777777777778,19,36,0.21212121212121213,7,33,0.48,12,25,5,5,0.9096,0.91,0.7291,0.69,0.68,
2026-07-01T03:21:23.659893+00:00,KXATPCHALLENGERMATCH-26JUN30SURDRA-DRA,Liam Draxl,Dhakshineswar Suresh,5-5,30-0,p2,0.6296296296296297,17,27,0.7647058823529411,13,17,0.7,7,10,0.15,3,20,0.6,6,10,0.6666666666666666,20,30,0.85,17,20,0.4,4,10,0.23529411764705882,4,17,0.3,3,10,7,3,0.7215,0.7214,0.4131,0.69,0.68,
2026-07-01T03:21:24.783007+00:00,KXATPCHALLENGERMATCH-26JUN30SUNSHI-SHI,Braden Shick,Fajing Sun,6-1 0-0,0-15,p2,0.7894736842105263,15,19,0.8666666666666667,13,15,0.75,3,4,0.4444444444444444,4,9,0.6,9,15,0.375,9,24,0.5555555555555556,5,9,0.4,6,15,0.13333333333333333,2,15,0.25,1,4,6,4,1.0,0.9988,0.4319,0.85,0.83,
2026-07-01T03:21:47.651932+00:00,KXATPCHALLENGERMATCH-26JUN30BARFIC-BAR,Ozan Baris,Juan Pablo Ficovich,6-4 5-7 1-0,0-30,p1,0.576271186440678,34,59,0.7647058823529411,26,34,0.52,13,25,0.4074074074074074,22,54,0.4722222222222222,17,36,0.6,54,90,0.5925925925925926,32,54,0.5277777777777778,19,36,0.23529411764705882,8,34,0.48,12,25,5,5,0.8549,0.8507,0.5119,0.6799999999999999,0.67,
2026-07-01T03:21:51.565421+00:00,KXATPCHALLENGERMATCH-26JUN30SURDRA-DRA,Liam Draxl,Dhakshineswar Suresh,5-5,30-0,p2,0.6296296296296297,17,27,0.7647058823529411,13,17,0.7,7,10,0.15,3,20,0.6363636363636364,7,11,0.6451612903225806,20,31,0.85,17,20,0.36363636363636365,4,11,0.23529411764705882,4,17,0.3,3,10,7,3,0.8016,0.7682,0.4614,0.6699999999999999,0.66,
2026-07-01T03:21:54.500337+00:00,KXATPCHALLENGERMATCH-26JUN30SUNSHI-SHI,Braden Shick,Fajing Sun,6-1 0-0,0-30,p2,0.7894736842105263,15,19,0.8666666666666667,13,15,0.75,3,4,0.36363636363636365,4,11,0.6,9,15,0.4230769230769231,11,26,0.6363636363636364,7,11,0.4,6,15,0.13333333333333333,2,15,0.25,1,4,5,5,1.0,0.9953,0.1912,0.83,0.82,
2026-07-01T03:22:18.051819+00:00,KXATPCHALLENGERMATCH-26JUN30BARFIC-BAR,Ozan Baris,Juan Pablo Ficovich,6-4 5-7 1-0,0-30,p1,0.576271186440678,34,59,0.7647058823529411,26,34,0.52,13,25,0.4074074074074074,22,54,0.4722222222222222,17,36,0.6,54,90,0.5925925925925926,32,54,0.5277777777777778,19,36,0.23529411764705882,8,34,0.48,12,25,5,5,0.8568,0.8559,0.494,0.65,0.61,
2026-07-01T03:22:21.649491+00:00,KXATPCHALLENGERMATCH-26JUN30SURDRA-DRA,Liam Draxl,Dhakshineswar Suresh,5-5,30-15,p2,0.6296296296296297,17,27,0.7647058823529411,13,17,0.7,7,10,0.14285714285714285,3,21,0.6363636363636364,7,11,0.65625,21,32,0.8571428571428571,18,21,0.36363636363636365,4,11,0.23529411764705882,4,17,0.3,3,10,7,3,0.7438,0.692,0.3091,0.6799999999999999,0.63,
2026-07-01T03:22:24.265449+00:00,KXATPCHALLENGERMATCH-26JUN30SUNSHI-SHI,Braden Shick,Fajing Sun,6-1 0-0,0-40,p2,0.7894736842105263,15,19,0.8666666666666667,13,15,0.75,3,4,0.36363636363636365,4,11,0.5625,9,16,0.4074074074074074,11,27,0.6363636363636364,7,11,0.4375,7,16,0.13333333333333333,2,15,0.25,1,4,4,6,1.0,0.9922,0.051,0.81,0.8,
2026-07-01T03:22:45.422812+00:00,KXATPCHALLENGERMATCH-26JUN30BARFIC-BAR,Ozan Baris,Juan Pablo Ficovich,6-4 5-7 1-0,15-30,p1,0.576271186440678,34,59,0.7647058823529411,26,34,0.52,13,25,0.4074074074074074,22,54,0.4722222222222222,17,36,0.6,54,90,0.5925925925925926,32,54,0.5277777777777778,19,36,0.23529411764705882,8,34,0.48,12,25,5,5,0.8751,0.8773,0.6288,0.72,0.71,
2026-07-01T03:22:46.840420+00:00,KXATPCHALLENGERMATCH-26JUN30SURDRA-DRA,Liam Draxl,Dhakshineswar Suresh,5-5,30-15,p2,0.6296296296296297,17,27,0.7647058823529411,13,17,0.7,7,10,0.14285714285714285,3,21,0.5833333333333334,7,12,0.6363636363636364,21,33,0.8571428571428571,18,21,0.4166666666666667,5,12,0.23529411764705882,4,17,0.3,3,10,7,3,0.7058,0.6686,0.2851,0.64,0.63,
2026-07-01T03:22:48.037761+00:00,KXATPCHALLENGERMATCH-26JUN30SUNSHI-SHI,Braden Shick,Fajing Sun,6-1 0-1,0-0,p1,0.7894736842105263,15,19,0.8666666666666667,13,15,0.75,3,4,0.3333333333333333,4,12,0.5625,9,16,0.42857142857142855,12,28,0.6666666666666666,8,12,0.4375,7,16,0.13333333333333333,2,15,0.25,1,4,4,6,0.9999,0.987,0.9914,0.81,0.8,
2026-07-01T03:23:09.157144+00:00,KXATPCHALLENGERMATCH-26JUN30BARFIC-BAR,Ozan Baris,Juan Pablo Ficovich,6-4 5-7 1-0,15-30,p1,0.5666666666666667,34,60,0.7647058823529411,26,34,0.5384615384615384,14,26,0.4074074074074074,22,54,0.4722222222222222,17,36,0.6,54,90,0.5925925925925926,32,54,0.5277777777777778,19,36,0.23529411764705882,8,34,0.46153846153846156,12,26,5,5,0.8889,0.8831,0.6517,0.71,0.7,
2026-07-01T03:23:10.590250+00:00,KXATPCHALLENGERMATCH-26JUN30SURDRA-DRA,Liam Draxl,Dhakshineswar Suresh,5-5,30-30,p2,0.6296296296296297,17,27,0.7647058823529411,13,17,0.7,7,10,0.14285714285714285,3,21,0.5833333333333334,7,12,0.6363636363636364,21,33,0.8571428571428571,18,21,0.4166666666666667,5,12,0.23529411764705882,4,17,0.3,3,10,7,3,0.6905,0.6058,0.1572,0.64,0.63,
2026-07-01T03:23:11.881026+00:00,KXATPCHALLENGERMATCH-26JUN30SUNSHI-SHI,Braden Shick,Fajing Sun,6-1 0-1,0-0,p1,0.7894736842105263,15,19,0.8666666666666667,13,15,0.75,3,4,0.3333333333333333,4,12,0.5625,9,16,0.42857142857142855,12,28,0.6666666666666666,8,12,0.4375,7,16,0.13333333333333333,2,15,0.25,1,4,4,6,0.9998,0.9885,0.9927,0.81,0.79,
2026-07-01T03:23:33.055674+00:00,KXATPCHALLENGERMATCH-26JUN30BARFIC-BAR,Ozan Baris,Juan Pablo Ficovich,6-4 5-7 1-0,15-40,p1,0.5573770491803278,34,61,0.7647058823529411,26,34,0.5185185185185185,14,27,0.4074074074074074,22,54,0.4722222222222222,17,36,0.6,54,90,0.5925925925925926,32,54,0.5277777777777778,19,36,0.23529411764705882,8,34,0.48148148148148145,13,27,5,5,0.8159,0.8141,0.3355,0.64,0.63,
2026-07-01T03:23:34.439954+00:00,KXATPCHALLENGERMATCH-26JUN30SURDRA-DRA,Liam Draxl,Dhakshineswar Suresh,5-5,30-30,p2,0.6296296296296297,17,27,0.7647058823529411,13,17,0.7,7,10,0.14285714285714285,3,21,0.5833333333333334,7,12,0.6363636363636364,21,33,0.8571428571428571,18,21,0.4166666666666667,5,12,0.23529411764705882,4,17,0.3,3,10,7,3,0.677,0.6173,0.1592,0.64,0.63,
2026-07-01T03:23:35.500965+00:00,KXATPCHALLENGERMATCH-26JUN30SUNSHI-SHI,Braden Shick,Fajing Sun,6-1 0-1,15-0,p1,0.8,16,20,0.875,14,16,0.75,3,4,0.3333333333333333,4,12,0.5625,9,16,0.42857142857142855,12,28,0.6666666666666666,8,12,0.4375,7,16,0.125,2,16,0.25,1,4,5,5,1.0,0.9921,0.997,0.81,0.8,
2026-07-01T03:23:56.615963+00:00,KXATPCHALLENGERMATCH-26JUN30BARFIC-BAR,Ozan Baris,Juan Pablo Ficovich,6-4 5-7 1-0,30-40,p1,0.5573770491803278,34,61,0.7647058823529411,26,34,0.5185185185185185,14,27,0.4074074074074074,22,54,0.4722222222222222,17,36,0.6,54,90,0.5925925925925926,32,54,0.5277777777777778,19,36,0.23529411764705882,8,34,0.48148148148148145,13,27,6,4,0.8434,0.8488,0.5156,0.6799999999999999,0.67,
2026-07-01T03:23:58.055764+00:00,KXATPCHALLENGERMATCH-26JUN30SURDRA-DRA,Liam Draxl,Dhakshineswar Suresh,5-5,30-40,p2,0.6296296296296297,17,27,0.7647058823529411,13,17,0.7,7,10,0.13636363636363635,3,22,0.5833333333333334,7,12,0.6470588235294118,22,34,0.8636363636363636,19,22,0.4166666666666667,5,12,0.23529411764705882,4,17,0.3,3,10,6,4,0.6303,0.5495,0.0434,0.5900000000000001,0.57,
2026-07-01T03:23:59.204115+00:00,KXATPCHALLENGERMATCH-26JUN30SUNSHI-SHI,Braden Shick,Fajing Sun,6-1 0-1,30-0,p1,0.7619047619047619,16,21,0.875,14,16,0.8,4,5,0.3333333333333333,4,12,0.5625,9,16,0.42857142857142855,12,28,0.6666666666666666,8,12,0.4375,7,16,0.125,2,16,0.2,1,5,6,4,0.9999,0.9913,0.9995,0.8200000000000001,0.81,
2026-07-01T03:24:20.440918+00:00,KXATPCHALLENGERMATCH-26JUN30BARFIC-BAR,Ozan Baris,Juan Pablo Ficovich,6-4 5-7 1-0,30-40,p1,0.5645161290322581,35,62,0.7714285714285715,27,35,0.5185185185185185,14,27,0.4074074074074074,22,54,0.4722222222222222,17,36,0.6,54,90,0.5925925925925926,32,54,0.5277777777777778,19,36,0.22857142857142856,8,35,0.48148148148148145,13,27,6,4,0.8576,0.8521,0.5146,0.71,0.65,
2026-07-01T03:24:22.082248+00:00,KXATPCHALLENGERMATCH-26JUN30SURDRA-DRA,Liam Draxl,Dhakshineswar Suresh,5-5,40-40,p2,0.6296296296296297,17,27,0.7647058823529411,13,17,0.7,7,10,0.13636363636363635,3,22,0.5833333333333334,7,12,0.6470588235294118,22,34,0.8636363636363636,19,22,0.4166666666666667,5,12,0.23529411764705882,4,17,0.3,3,10,7,3,0.6482,0.5975,0.1469,0.62,0.6,
2026-07-01T03:24:23.284980+00:00,KXATPCHALLENGERMATCH-26JUN30SUNSHI-SHI,Braden Shick,Fajing Sun,6-1 0-1,30-0,p1,0.7272727272727273,16,22,0.875,14,16,0.8333333333333334,5,6,0.3333333333333333,4,12,0.5625,9,16,0.42857142857142855,12,28,0.6666666666666666,8,12,0.4375,7,16,0.125,2,16,0.16666666666666666,1,6,6,4,1.0,0.9921,0.9994,0.83,0.82,
2026-07-01T03:24:44.463732+00:00,KXATPCHALLENGERMATCH-26JUN30BARFIC-BAR,Ozan Baris,Juan Pablo Ficovich,6-4 5-7 1-0,30-40,p1,0.5645161290322581,35,62,0.7714285714285715,27,35,0.5185185185185185,14,27,0.4074074074074074,22,54,0.4722222222222222,17,36,0.6,54,90,0.5925925925925926,32,54,0.5277777777777778,19,36,0.22857142857142856,8,35,0.48148148148148145,13,27,6,4,0.8573,0.8525,0.5292,0.7,0.57,
2026-07-01T03:24:46.005048+00:00,KXATPCHALLENGERMATCH-26JUN30SURDRA-DRA,Liam Draxl,Dhakshineswar Suresh,5-5,40-40,p2,0.6296296296296297,17,27,0.7647058823529411,13,17,0.7,7,10,0.13636363636363635,3,22,0.6153846153846154,8,13,0.6285714285714286,22,35,0.8636363636363636,19,22,0.38461538461538464,5,13,0.23529411764705882,4,17,0.3,3,10,7,3,0.7133,0.6415,0.1776,0.64,0.62,
2026-07-01T03:24:47.331109+00:00,KXATPCHALLENGERMATCH-26JUN30SUNSHI-SHI,Braden Shick,Fajing Sun,6-1 0-1,40-0,p1,0.7272727272727273,16,22,0.875,14,16,0.8333333333333334,5,6,0.3333333333333333,4,12,0.5625,9,16,0.42857142857142855,12,28,0.6666666666666666,8,12,0.4375,7,16,0.125,2,16,0.16666666666666666,1,6,6,4,1.0,0.9928,1.0,0.8200000000000001,0.81,
2026-07-01T03:25:08.555530+00:00,KXATPCHALLENGERMATCH-26JUN30BARFIC-BAR,Ozan Baris,Juan Pablo Ficovich,6-4 5-7 1-1,0-0,p2,0.5645161290322581,35,62,0.7714285714285715,27,35,0.5185185185185185,14,27,0.4074074074074074,22,54,0.4722222222222222,17,36,0.6,54,90,0.5925925925925926,32,54,0.5277777777777778,19,36,0.22857142857142856,8,35,0.48148148148148145,13,27,6,4,0.7633,0.766,0.3381,0.5700000000000001,0.56,
2026-07-01T03:25:10.027435+00:00,KXATPCHALLENGERMATCH-26JUN30SURDRA-DRA,Liam Draxl,Dhakshineswar Suresh,5-5,Ad-40,p2,0.6296296296296297,17,27,0.7647058823529411,13,17,0.7,7,10,0.13636363636363635,3,22,0.6153846153846154,8,13,0.6285714285714286,22,35,0.8636363636363636,19,22,0.38461538461538464,5,13,0.23529411764705882,4,17,0.3,3,10,7,3,0.773,0.7434,0.4331,0.6799999999999999,0.67,
2026-07-01T03:25:11.300282+00:00,KXATPCHALLENGERMATCH-26JUN30SUNSHI-SHI,Braden Shick,Fajing Sun,6-1 0-1,40-15,p1,0.6956521739130435,16,23,0.875,14,16,0.7142857142857143,5,7,0.3333333333333333,4,12,0.5625,9,16,0.42857142857142855,12,28,0.6666666666666666,8,12,0.4375,7,16,0.125,2,16,0.2857142857142857,2,7,5,5,1.0,0.986,0.9982,0.8200000000000001,0.81,
2026-07-01T03:25:32.576945+00:00,KXATPCHALLENGERMATCH-26JUN30BARFIC-BAR,Ozan Baris,Juan Pablo Ficovich,6-4 5-7 1-1,0-0,p2,0.5555555555555556,35,63,0.7714285714285715,27,35,0.5,14,28,0.4074074074074074,22,54,0.4722222222222222,17,36,0.6,54,90,0.5925925925925926,32,54,0.5277777777777778,19,36,0.22857142857142856,8,35,0.5,14,28,6,4,0.7455,0.7455,0.3368,0.56,0.55,
2026-07-01T03:25:34.143593+00:00,KXATPCHALLENGERMATCH-26JUN30SURDRA-DRA,Liam Draxl,Dhakshineswar Suresh,5-5,40-40,p2,0.6296296296296297,17,27,0.7647058823529411,13,17,0.7,7,10,0.13636363636363635,3,22,0.6428571428571429,9,14,0.6111111111111112,22,36,0.8636363636363636,19,22,0.35714285714285715,5,14,0.23529411764705882,4,17,0.3,3,10,6,4,0.7887,0.6677,0.2008,0.63,0.62,
2026-07-01T03:25:35.317463+00:00,KXATPCHALLENGERMATCH-26JUN30SUNSHI-SHI,Braden Shick,Fajing Sun,6-1 1-1,0-0,p2,0.6956521739130435,16,23,0.875,14,16,0.7142857142857143,5,7,0.3333333333333333,4,12,0.5625,9,16,0.42857142857142855,12,28,0.6666666666666666,8,12,0.4375,7,16,0.125,2,16,0.2857142857142857,2,7,5,5,0.9996,0.9859,0.4111,0.8200000000000001,0.81,
2026-07-01T03:25:56.518390+00:00,KXATPCHALLENGERMATCH-26JUN30BARFIC-BAR,Ozan Baris,Juan Pablo Ficovich,6-4 5-7 1-1,0-0,p2,0.5555555555555556,35,63,0.7714285714285715,27,35,0.5,14,28,0.4074074074074074,22,54,0.4722222222222222,17,36,0.6,54,90,0.5925925925925926,32,54,0.5277777777777778,19,36,0.22857142857142856,8,35,0.5,14,28,6,4,0.7416,0.7491,0.3432,0.55,0.54,
2026-07-01T03:25:57.873471+00:00,KXATPCHALLENGERMATCH-26JUN30SURDRA-DRA,Liam Draxl,Dhakshineswar Suresh,5-5,40-40,p2,0.6296296296296297,17,27,0.7647058823529411,13,17,0.7,7,10,0.13043478260869565,3,23,0.6428571428571429,9,14,0.6216216216216216,23,37,0.8695652173913043,20,23,0.35714285714285715,5,14,0.23529411764705882,4,17,0.3,3,10,6,4,0.7568,0.6553,0.193,0.6,0.59,
2026-07-01T03:25:58.935437+00:00,KXATPCHALLENGERMATCH-26JUN30SUNSHI-SHI,Braden Shick,Fajing Sun,6-1 1-1,0-0,p2,0.6666666666666666,16,24,0.875,14,16,0.75,6,8,0.3333333333333333,4,12,0.5625,9,16,0.42857142857142855,12,28,0.6666666666666666,8,12,0.4375,7,16,0.125,2,16,0.25,2,8,5,5,1.0,0.9892,0.4106,0.8200000000000001,0.81,
2026-07-01T03:26:20.065413+00:00,KXATPCHALLENGERMATCH-26JUN30BARFIC-BAR,Ozan Baris,Juan Pablo Ficovich,6-4 5-7 1-1,0-15,p2,0.5555555555555556,35,63,0.7714285714285715,27,35,0.5,14,28,0.4074074074074074,22,54,0.4594594594594595,17,37,0.5934065934065934,54,91,0.5925925925925926,32,54,0.5405405405405406,20,37,0.22857142857142856,8,35,0.5,14,28,5,5,0.7052,0.7012,0.1975,0.54,0.51,
2026-07-01T03:26:21.461490+00:00,KXATPCHALLENGERMATCH-26JUN30SURDRA-DRA,Liam Draxl,Dhakshineswar Suresh,5-5,40-Ad,p2,0.6296296296296297,17,27,0.7647058823529411,13,17,0.7,7,10,0.125,3,24,0.6428571428571429,9,14,0.631578947368421,24,38,0.875,21,24,0.35714285714285715,5,14,0.23529411764705882,4,17,0.3,3,10,5,5,0.7003,0.5841,0.0566,0.5800000000000001,0.56,
2026-07-01T03:26:22.733814+00:00,KXATPCHALLENGERMATCH-26JUN30SUNSHI-SHI,Braden Shick,Fajing Sun,6-1 1-1,0-0,p2,0.6666666666666666,16,24,0.875,14,16,0.75,6,8,0.3076923076923077,4,13,0.5625,9,16,0.4482758620689655,13,29,0.6923076923076923,9,13,0.4375,7,16,0.125,2,16,0.25,2,8,5,5,0.9995,0.9815,0.3711,0.81,0.8,
2026-07-01T03:26:43.858571+00:00,KXATPCHALLENGERMATCH-26JUN30BARFIC-BAR,Ozan Baris,Juan Pablo Ficovich,6-4 5-7 1-1,0-15,p2,0.5555555555555556,35,63,0.7714285714285715,27,35,0.5,14,28,0.4074074074074074,22,54,0.4594594594594595,17,37,0.5934065934065934,54,91,0.5925925925925926,32,54,0.5405405405405406,20,37,0.22857142857142856,8,35,0.5,14,28,5,5,0.7135,0.704,0.1996,0.5700000000000001,0.56,
2026-07-01T03:26:45.525723+00:00,KXATPCHALLENGERMATCH-26JUN30SURDRA-DRA,Liam Draxl,Dhakshineswar Suresh,5-6,0-0,p1,0.6296296296296297,17,27,0.7647058823529411,13,17,0.7,7,10,0.12,3,25,0.6428571428571429,9,14,0.6410256410256411,25,39,0.88,22,25,0.35714285714285715,5,14,0.23529411764705882,4,17,0.3,3,10,4,6,0.6679,0.551,0.9432,0.5700000000000001,0.56,
2026-07-01T03:26:46.553385+00:00,KXATPCHALLENGERMATCH-26JUN30SUNSHI-SHI,Braden Shick,Fajing Sun,6-1 1-1,0-15,p2,0.6666666666666666,16,24,0.875,14,16,0.75,6,8,0.3076923076923077,4,13,0.5625,9,16,0.4482758620689655,13,29,0.6923076923076923,9,13,0.4375,7,16,0.125,2,16,0.25,2,8,4,6,0.9998,0.9765,0.2289,0.8200000000000001,0.81,
2026-07-01T03:27:07.678674+00:00,KXATPCHALLENGERMATCH-26JUN30BARFIC-BAR,Ozan Baris,Juan Pablo Ficovich,6-4 5-7 1-1,15-15,p2,0.5555555555555556,35,63,0.7714285714285715,27,35,0.5,14,28,0.4074074074074074,22,54,0.47368421052631576,18,38,0.5869565217391305,54,92,0.5925925925925926,32,54,0.5263157894736842,20,38,0.22857142857142856,8,35,0.5,14,28,5,5,0.7545,0.754,0.3552,0.5900000000000001,0.57,
2026-07-01T03:27:09.103417+00:00,KXATPCHALLENGERMATCH-26JUN30SURDRA-DRA,Liam Draxl,Dhakshineswar Suresh,5-6,0-0,p1,0.6296296296296297,17,27,0.7647058823529411,13,17,0.7,7,10,0.12,3,25,0.6428571428571429,9,14,0.6410256410256411,25,39,0.88,22,25,0.35714285714285715,5,14,0.23529411764705882,4,17,0.3,3,10,4,6,0.6641,0.5558,0.9391,0.5700000000000001,0.55,
2026-07-01T03:27:10.226184+00:00,KXATPCHALLENGERMATCH-26JUN30SUNSHI-SHI,Braden Shick,Fajing Sun,6-1 1-1,0-15,p2,0.6666666666666666,16,24,0.875,14,16,0.75,6,8,0.3076923076923077,4,13,0.5625,9,16,0.4482758620689655,13,29,0.6923076923076923,9,13,0.4375,7,16,0.125,2,16,0.25,2,8,4,6,0.9999,0.9771,0.2403,0.8200000000000001,0.8,
2026-07-01T03:27:31.307077+00:00,KXATPCHALLENGERMATCH-26JUN30BARFIC-BAR,Ozan Baris,Juan Pablo Ficovich,6-4 5-7 1-1,30-15,p2,0.5555555555555556,35,63,0.7714285714285715,27,35,0.5,14,28,0.4074074074074074,22,54,0.47368421052631576,18,38,0.5869565217391305,54,92,0.5925925925925926,32,54,0.5263157894736842,20,38,0.22857142857142856,8,35,0.5,14,28,5,5,0.8011,0.7952,0.561,0.64,0.63,
2026-07-01T03:27:33.224959+00:00,KXATPCHALLENGERMATCH-26JUN30SURDRA-DRA,Liam Draxl,Dhakshineswar Suresh,5-6,0-0,p1,0.6296296296296297,17,27,0.7647058823529411,13,17,0.7,7,10,0.12,3,25,0.6428571428571429,9,14,0.6410256410256411,25,39,0.88,22,25,0.35714285714285715,5,14,0.23529411764705882,4,17,0.3,3,10,4,6,0.667,0.5462,0.9463,0.5700000000000001,0.55,
2026-07-01T03:27:34.222373+00:00,KXATPCHALLENGERMATCH-26JUN30SUNSHI-SHI,Braden Shick,Fajing Sun,6-1 1-1,15-15,p2,0.6666666666666666,16,24,0.875,14,16,0.75,6,8,0.3076923076923077,4,13,0.5882352941176471,10,17,0.43333333333333335,13,30,0.6923076923076923,9,13,0.4117647058823529,7,17,0.125,2,16,0.25,2,8,5,5,0.9999,0.9883,0.4313,0.83,0.82,
2026-07-01T03:27:55.317380+00:00,KXATPCHALLENGERMATCH-26JUN30BARFIC-BAR,Ozan Baris,Juan Pablo Ficovich,6-4 5-7 1-1,30-30,p2,0.5555555555555556,35,63,0.7714285714285715,27,35,0.5,14,28,0.4074074074074074,22,54,0.48717948717948717,19,39,0.5806451612903226,54,93,0.5925925925925926,32,54,0.5128205128205128,20,39,0.22857142857142856,8,35,0.5,14,28,4,6,0.7775,0.7765,0.3867,0.5800000000000001,0.53,
2026-07-01T03:27:56.867551+00:00,KXATPCHALLENGERMATCH-26JUN30SURDRA-DRA,Liam Draxl,Dhakshineswar Suresh,5-6,0-0,p1,0.6428571428571429,18,28,0.7777777777777778,14,18,0.7,7,10,0.12,3,25,0.6428571428571429,9,14,0.6410256410256411,25,39,0.88,22,25,0.35714285714285715,5,14,0.2222222222222222,4,18,0.3,3,10,4,6,0.7034,0.5749,0.9491,0.5800000000000001,0.57,
2026-07-01T03:27:57.960038+00:00,KXATPCHALLENGERMATCH-26JUN30SUNSHI-SHI,Braden Shick,Fajing Sun,6-1 1-1,15-15,p2,0.6666666666666666,16,24,0.875,14,16,0.75,6,8,0.3076923076923077,4,13,0.5882352941176471,10,17,0.43333333333333335,13,30,0.6923076923076923,9,13,0.4117647058823529,7,17,0.125,2,16,0.25,2,8,5,5,1.0,0.9889,0.4289,0.84,0.83,
2026-07-01T03:28:19.115592+00:00,KXATPCHALLENGERMATCH-26JUN30BARFIC-BAR,Ozan Baris,Juan Pablo Ficovich,6-4 5-7 1-1,30-30,p2,0.5555555555555556,35,63,0.7714285714285715,27,35,0.5,14,28,0.4,22,55,0.48717948717948717,19,39,0.5851063829787234,55,94,0.6,33,55,0.5128205128205128,20,39,0.22857142857142856,8,35,0.5,14,28,4,6,0.7618,0.7608,0.3744,0.6,0.55,
2026-07-01T03:28:20.596712+00:00,KXATPCHALLENGERMATCH-26JUN30SURDRA-DRA,Liam Draxl,Dhakshineswar Suresh,5-6,15-0,p1,0.6428571428571429,18,28,0.7777777777777778,14,18,0.7,7,10,0.12,3,25,0.6428571428571429,9,14,0.6410256410256411,25,39,0.88,22,25,0.35714285714285715,5,14,0.2222222222222222,4,18,0.3,3,10,4,6,0.7034,0.5908,0.9758,0.6,0.56,
2026-07-01T03:28:21.623925+00:00,KXATPCHALLENGERMATCH-26JUN30SUNSHI-SHI,Braden Shick,Fajing Sun,6-1 1-1,30-15,p2,0.6666666666666666,16,24,0.875,14,16,0.75,6,8,0.3076923076923077,4,13,0.6111111111111112,11,18,0.41935483870967744,13,31,0.6923076923076923,9,13,0.3888888888888889,7,18,0.125,2,16,0.25,2,8,6,4,1.0,0.9944,0.6592,0.86,0.85,
2026-07-01T03:28:42.812086+00:00,KXATPCHALLENGERMATCH-26JUN30BARFIC-BAR,Ozan Baris,Juan Pablo Ficovich,6-4 5-7 1-1,40-30,p2,0.5555555555555556,35,63,0.7714285714285715,27,35,0.5,14,28,0.4,22,55,0.48717948717948717,19,39,0.5851063829787234,55,94,0.6,33,55,0.5128205128205128,20,39,0.22857142857142856,8,35,0.5,14,28,5,5,0.8215,0.8246,0.6441,0.6699999999999999,0.66,
2026-07-01T03:28:44.252443+00:00,KXATPCHALLENGERMATCH-26JUN30SURDRA-DRA,Liam Draxl,Dhakshineswar Suresh,5-6,30-0,p1,0.6551724137931034,19,29,0.7894736842105263,15,19,0.7,7,10,0.12,3,25,0.6428571428571429,9,14,0.6410256410256411,25,39,0.88,22,25,0.35714285714285715,5,14,0.21052631578947367,4,19,0.3,3,10,4,6,0.7394,0.6116,0.9915,0.62,0.6,
2026-07-01T03:28:45.271859+00:00,KXATPCHALLENGERMATCH-26JUN30SUNSHI-SHI,Braden Shick,Fajing Sun,6-1 1-1,30-15,p2,0.6666666666666666,16,24,0.875,14,16,0.75,6,8,0.3076923076923077,4,13,0.6111111111111112,11,18,0.41935483870967744,13,31,0.6923076923076923,9,13,0.3888888888888889,7,18,0.125,2,16,0.25,2,8,6,4,0.9999,0.9936,0.6588,0.87,0.84,
2026-07-01T03:29:06.379508+00:00,KXATPCHALLENGERMATCH-26JUN30BARFIC-BAR,Ozan Baris,Juan Pablo Ficovich,6-4 5-7 1-1,40-30,p2,0.5555555555555556,35,63,0.7714285714285715,27,35,0.5,14,28,0.4,22,55,0.5,20,40,0.5789473684210527,55,95,0.6,33,55,0.5,20,40,0.22857142857142856,8,35,0.5,14,28,5,5,0.8294,0.8326,0.6543,0.6799999999999999,0.62,
2026-07-01T03:29:07.805426+00:00,KXATPCHALLENGERMATCH-26JUN30SURDRA-DRA,Liam Draxl,Dhakshineswar Suresh,5-6,40-0,p1,0.6551724137931034,19,29,0.7894736842105263,15,19,0.7,7,10,0.12,3,25,0.6428571428571429,9,14,0.6410256410256411,25,39,0.88,22,25,0.35714285714285715,5,14,0.21052631578947367,4,19,0.3,3,10,5,5,0.7422,0.6195,0.9989,0.62,0.6,
2026-07-01T03:29:08.684974+00:00,KXATPCHALLENGERMATCH-26JUN30SUNSHI-SHI,Braden Shick,Fajing Sun,6-1 1-1,40-15,p2,0.6666666666666666,16,24,0.875,14,16,0.75,6,8,0.3076923076923077,4,13,0.631578947368421,12,19,0.40625,13,32,0.6923076923076923,9,13,0.3684210526315789,7,19,0.125,2,16,0.25,2,8,7,3,1.0,0.9992,0.873,0.89,0.88,
2026-07-01T03:29:30.273565+00:00,KXATPCHALLENGERMATCH-26JUN30BARFIC-BAR,Ozan Baris,Juan Pablo Ficovich,6-4 5-7 1-1,40-30,p2,0.5555555555555556,35,63,0.7714285714285715,27,35,0.5,14,28,0.4,22,55,0.5,20,40,0.5789473684210527,55,95,0.6,33,55,0.5,20,40,0.22857142857142856,8,35,0.5,14,28,5,5,0.8403,0.8301,0.6626,0.71,0.66,
2026-07-01T03:29:32.855276+00:00,KXATPCHALLENGERMATCH-26JUN30SURDRA-DRA,Liam Draxl,Dhakshineswar Suresh,6-6,0-0,p2,0.6666666666666666,20,30,0.8,16,20,0.7,7,10,0.12,3,25,0.6428571428571429,9,14,0.6410256410256411,25,39,0.88,22,25,0.35714285714285715,5,14,0.2,4,20,0.3,3,10,6,4,0.7712,0.6269,0.6318,0.63,0.61,
2026-07-01T03:29:34.228512+00:00,KXATPCHALLENGERMATCH-26JUN30SUNSHI-SHI,Braden Shick,Fajing Sun,6-1 1-1,40-15,p2,0.6666666666666666,16,24,0.875,14,16,0.75,6,8,0.3076923076923077,4,13,0.631578947368421,12,19,0.40625,13,32,0.6923076923076923,9,13,0.3684210526315789,7,19,0.125,2,16,0.25,2,8,7,3,1.0,0.9979,0.8727,0.91,0.89,
2026-07-01T03:29:55.571347+00:00,KXATPCHALLENGERMATCH-26JUN30BARFIC-BAR,Ozan Baris,Juan Pablo Ficovich,6-4 5-7 2-1,0-0,p1,0.5555555555555556,35,63,0.7714285714285715,27,35,0.5,14,28,0.4,22,55,0.5,20,40,0.5789473684210527,55,95,0.6,33,55,0.5,20,40,0.22857142857142856,8,35,0.5,14,28,6,4,0.9082,0.9072,0.8288,0.8,0.79,
2026-07-01T03:29:57.604500+00:00,KXATPCHALLENGERMATCH-26JUN30SURDRA-DRA,Liam Draxl,Dhakshineswar Suresh,6-6,0-0,p2,0.6774193548387096,21,31,0.8095238095238095,17,21,0.7,7,10,0.12,3,25,0.6428571428571429,9,14,0.6410256410256411,25,39,0.88,22,25,0.35714285714285715,5,14,0.19047619047619047,4,21,0.3,3,10,6,4,0.7854,0.6498,0.6482,0.6599999999999999,0.62,
2026-07-01T03:29:58.776679+00:00,KXATPCHALLENGERMATCH-26JUN30SUNSHI-SHI,Braden Shick,Fajing Sun,6-1 1-1,40-15,p2,0.6666666666666666,16,24,0.875,14,16,0.75,6,8,0.3076923076923077,4,13,0.631578947368421,12,19,0.40625,13,32,0.6923076923076923,9,13,0.3684210526315789,7,19,0.125,2,16,0.25,2,8,7,3,1.0,0.9987,0.8782,0.9299999999999999,0.92,
2026-07-01T03:30:20.154569+00:00,KXATPCHALLENGERMATCH-26JUN30BARFIC-BAR,Ozan Baris,Juan Pablo Ficovich,6-4 5-7 2-1,0-0,p1,0.5555555555555556,35,63,0.7714285714285715,27,35,0.5,14,28,0.4107142857142857,23,56,0.5,20,40,0.5833333333333334,56,96,0.5892857142857143,33,56,0.5,20,40,0.22857142857142856,8,35,0.5,14,28,6,4,0.913,0.9102,0.8292,0.8,0.79,
2026-07-01T03:30:22.216385+00:00,KXATPCHALLENGERMATCH-26JUN30SURDRA-DRA,Liam Draxl,Dhakshineswar Suresh,6-6,0-0,p2,0.6774193548387096,21,31,0.8095238095238095,17,21,0.7,7,10,0.12,3,25,0.6428571428571429,9,14,0.6410256410256411,25,39,0.88,22,25,0.35714285714285715,5,14,0.19047619047619047,4,21,0.3,3,10,6,4,0.7808,0.641,0.6386,0.61,0.6,
2026-07-01T03:30:23.340713+00:00,KXATPCHALLENGERMATCH-26JUN30SUNSHI-SHI,Braden Shick,Fajing Sun,6-1 2-1,0-0,p1,0.6666666666666666,16,24,0.875,14,16,0.75,6,8,0.3076923076923077,4,13,0.65,13,20,0.3939393939393939,13,33,0.6923076923076923,9,13,0.35,7,20,0.125,2,16,0.25,2,8,8,2,1.0,1.0,0.9912,0.9299999999999999,0.92,
2026-07-01T03:30:44.734028+00:00,KXATPCHALLENGERMATCH-26JUN30BARFIC-BAR,Ozan Baris,Juan Pablo Ficovich,6-4 5-7 2-1,0-0,p1,0.5555555555555556,35,63,0.7714285714285715,27,35,0.5,14,28,0.4107142857142857,23,56,0.5,20,40,0.5833333333333334,56,96,0.5892857142857143,33,56,0.5,20,40,0.22857142857142856,8,35,0.5,14,28,6,4,0.9106,0.9145,0.8358,0.8,0.79,
2026-07-01T03:30:46.680708+00:00,KXATPCHALLENGERMATCH-26JUN30SURDRA-DRA,Liam Draxl,Dhakshineswar Suresh,6-6,0-1,p1,0.6774193548387096,21,31,0.8095238095238095,17,21,0.7,7,10,0.12,3,25,0.6428571428571429,9,14,0.6410256410256411,25,39,0.88,22,25,0.35714285714285715,5,14,0.19047619047619047,4,21,0.3,3,10,6,4,0.7606,0.5835,0.5791,0.61,0.6,
2026-07-01T03:30:47.775376+00:00,KXATPCHALLENGERMATCH-26JUN30SUNSHI-SHI,Braden Shick,Fajing Sun,6-1 2-1,0-0,p1,0.6666666666666666,16,24,0.875,14,16,0.75,6,8,0.3076923076923077,4,13,0.65,13,20,0.3939393939393939,13,33,0.6923076923076923,9,13,0.35,7,20,0.125,2,16,0.25,2,8,8,2,1.0,0.9997,0.9895,0.9299999999999999,0.92,
2026-07-01T03:31:09.180717+00:00,KXATPCHALLENGERMATCH-26JUN30BARFIC-BAR,Ozan Baris,Juan Pablo Ficovich,6-4 5-7 2-1,0-0,p1,0.5555555555555556,35,63,0.7714285714285715,27,35,0.5,14,28,0.4107142857142857,23,56,0.5,20,40,0.5833333333333334,56,96,0.5892857142857143,33,56,0.5,20,40,0.22857142857142856,8,35,0.5,14,28,6,4,0.9102,0.9131,0.83,0.8,0.79,
2026-07-01T03:31:11.176656+00:00,KXATPCHALLENGERMATCH-26JUN30SURDRA-DRA,Liam Draxl,Dhakshineswar Suresh,6-6,0-1,p1,0.6774193548387096,21,31,0.8095238095238095,17,21,0.7,7,10,0.12,3,25,0.6,9,15,0.625,25,40,0.88,22,25,0.4,6,15,0.19047619047619047,4,21,0.3,3,10,6,4,0.7382,0.5659,0.5676,0.53,0.51,
2026-07-01T03:31:12.329524+00:00,KXATPCHALLENGERMATCH-26JUN30SUNSHI-SHI,Braden Shick,Fajing Sun,6-1 2-1,0-0,p1,0.6666666666666666,16,24,0.875,14,16,0.75,6,8,0.3076923076923077,4,13,0.65,13,20,0.3939393939393939,13,33,0.6923076923076923,9,13,0.35,7,20,0.125,2,16,0.25,2,8,8,2,1.0,0.9999,0.988,0.9299999999999999,0.92,
2026-07-01T03:31:33.665715+00:00,KXATPCHALLENGERMATCH-26JUN30BARFIC-BAR,Ozan Baris,Juan Pablo Ficovich,6-4 5-7 2-1,0-0,p1,0.5555555555555556,35,63,0.7714285714285715,27,35,0.5,14,28,0.4107142857142857,23,56,0.5,20,40,0.5833333333333334,56,96,0.5892857142857143,33,56,0.5,20,40,0.22857142857142856,8,35,0.5,14,28,6,4,0.9147,0.9122,0.8284,0.8,0.77,
2026-07-01T03:31:35.660360+00:00,KXATPCHALLENGERMATCH-26JUN30SURDRA-DRA,Liam Draxl,Dhakshineswar Suresh,6-6,0-2,p1,0.6875,22,32,0.7727272727272727,17,22,0.7,7,10,0.12,3,25,0.6,9,15,0.625,25,40,0.88,22,25,0.4,6,15,0.22727272727272727,5,22,0.3,3,10,5,5,0.5595,0.3249,0.3237,0.52,0.51,
2026-07-01T03:31:36.741523+00:00,KXATPCHALLENGERMATCH-26JUN30SUNSHI-SHI,Braden Shick,Fajing Sun,6-1 2-1,0-0,p1,0.6666666666666666,16,24,0.875,14,16,0.75,6,8,0.3076923076923077,4,13,0.65,13,20,0.3939393939393939,13,33,0.6923076923076923,9,13,0.35,7,20,0.125,2,16,0.25,2,8,8,2,1.0,0.9995,0.9887,0.94,0.93,
2026-07-01T03:31:58.097627+00:00,KXATPCHALLENGERMATCH-26JUN30BARFIC-BAR,Ozan Baris,Juan Pablo Ficovich,6-4 5-7 2-1,0-15,p1,0.5555555555555556,35,63,0.7714285714285715,27,35,0.5,14,28,0.4107142857142857,23,56,0.5,20,40,0.5833333333333334,56,96,0.5892857142857143,33,56,0.5,20,40,0.22857142857142856,8,35,0.5,14,28,5,5,0.8821,0.883,0.6928,0.75,0.74,
2026-07-01T03:32:00.012830+00:00,KXATPCHALLENGERMATCH-26JUN30SURDRA-DRA,Liam Draxl,Dhakshineswar Suresh,6-6,1-2,p2,0.696969696969697,23,33,0.782608695652174,18,23,0.7,7,10,0.12,3,25,0.6,9,15,0.625,25,40,0.88,22,25,0.4,6,15,0.21739130434782608,5,23,0.3,3,10,5,5,0.6124,0.3904,0.393,0.55,0.53,
2026-07-01T03:32:01.079462+00:00,KXATPCHALLENGERMATCH-26JUN30SUNSHI-SHI,Braden Shick,Fajing Sun,6-1 2-1,15-0,p1,0.68,17,25,0.8823529411764706,15,17,0.75,6,8,0.3076923076923077,4,13,0.65,13,20,0.3939393939393939,13,33,0.6923076923076923,9,13,0.35,7,20,0.11764705882352941,2,17,0.25,2,8,8,2,1.0,0.9999,0.9957,0.94,0.93,
2026-07-01T03:32:22.559180+00:00,KXATPCHALLENGERMATCH-26JUN30BARFIC-BAR,Ozan Baris,Juan Pablo Ficovich,6-4 5-7 2-1,0-15,p1,0.5625,36,64,0.75,27,36,0.5,14,28,0.4107142857142857,23,56,0.5,20,40,0.5833333333333334,56,96,0.5892857142857143,33,56,0.5,20,40,0.25,9,36,0.5,14,28,5,5,0.8643,0.8681,0.6658,0.73,0.72,
2026-07-01T03:32:24.546494+00:00,KXATPCHALLENGERMATCH-26JUN30SURDRA-DRA,Liam Draxl,Dhakshineswar Suresh,6-6,1-2,p2,0.696969696969697,23,33,0.782608695652174,18,23,0.7,7,10,0.12,3,25,0.6,9,15,0.625,25,40,0.88,22,25,0.4,6,15,0.21739130434782608,5,23,0.3,3,10,5,5,0.6165,0.391,0.3939,0.5700000000000001,0.54,
2026-07-01T03:32:25.551142+00:00,KXATPCHALLENGERMATCH-26JUN30SUNSHI-SHI,Braden Shick,Fajing Sun,6-1 2-1,30-0,p1,0.6538461538461539,17,26,0.8823529411764706,15,17,0.7777777777777778,7,9,0.3076923076923077,4,13,0.65,13,20,0.3939393939393939,13,33,0.6923076923076923,9,13,0.35,7,20,0.11764705882352941,2,17,0.2222222222222222,2,9,8,2,1.0,1.0,0.9991,0.95,0.94,
2026-07-01T03:32:46.939426+00:00,KXATPCHALLENGERMATCH-26JUN30BARFIC-BAR,Ozan Baris,Juan Pablo Ficovich,6-4 5-7 2-1,0-30,p1,0.5625,36,64,0.75,27,36,0.5,14,28,0.4107142857142857,23,56,0.5,20,40,0.5833333333333334,56,96,0.5892857142857143,33,56,0.5,20,40,0.25,9,36,0.5,14,28,5,5,0.8238,0.8217,0.4565,0.6699999999999999,0.66,
2026-07-01T03:32:48.827431+00:00,KXATPCHALLENGERMATCH-26JUN30SURDRA-DRA,Liam Draxl,Dhakshineswar Suresh,6-6,2-2,p2,0.696969696969697,23,33,0.782608695652174,18,23,0.7,7,10,0.12,3,25,0.6,9,15,0.625,25,40,0.88,22,25,0.4,6,15,0.21739130434782608,5,23,0.3,3,10,6,4,0.7068,0.5914,0.5831,0.5900000000000001,0.58,
2026-07-01T03:32:49.813050+00:00,KXATPCHALLENGERMATCH-26JUN30SUNSHI-SHI,Braden Shick,Fajing Sun,6-1 2-1,40-0,p1,0.6666666666666666,18,27,0.8888888888888888,16,18,0.7777777777777778,7,9,0.3076923076923077,4,13,0.65,13,20,0.3939393939393939,13,33,0.6923076923076923,9,13,0.35,7,20,0.1111111111111111,2,18,0.2222222222222222,2,9,8,2,1.0,1.0,0.9998,0.96,0.95,
2026-07-01T03:33:11.159817+00:00,KXATPCHALLENGERMATCH-26JUN30BARFIC-BAR,Ozan Baris,Juan Pablo Ficovich,6-4 5-7 2-1,15-30,p1,0.5538461538461539,36,65,0.75,27,36,0.4827586206896552,14,29,0.4107142857142857,23,56,0.5,20,40,0.5833333333333334,56,96,0.5892857142857143,33,56,0.5,20,40,0.25,9,36,0.5172413793103449,15,29,5,5,0.8383,0.8337,0.5797,0.72,0.71,
2026-07-01T03:33:12.944005+00:00,KXATPCHALLENGERMATCH-26JUN30SURDRA-DRA,Liam Draxl,Dhakshineswar Suresh,6-6,2-2,p2,0.696969696969697,23,33,0.782608695652174,18,23,0.7,7,10,0.12,3,25,0.625,10,16,0.6097560975609756,25,41,0.88,22,25,0.375,6,16,0.21739130434782608,5,23,0.3,3,10,6,4,0.7673,0.622,0.6213,0.5900000000000001,0.57,
2026-07-01T03:33:13.976138+00:00,KXATPCHALLENGERMATCH-26JUN30SUNSHI-SHI,Braden Shick,Fajing Sun,6-1 2-1,40-15,p1,0.6785714285714286,19,28,0.8421052631578947,16,19,0.7777777777777778,7,9,0.3076923076923077,4,13,0.65,13,20,0.3939393939393939,13,33,0.6923076923076923,9,13,0.35,7,20,0.15789473684210525,3,19,0.2222222222222222,2,9,8,2,1.0,0.9999,0.9983,0.96,0.95,
2026-07-01T03:33:35.322203+00:00,KXATPCHALLENGERMATCH-26JUN30BARFIC-BAR,Ozan Baris,Juan Pablo Ficovich,6-4 5-7 2-1,15-30,p1,0.5606060606060606,37,66,0.7567567567567568,28,37,0.4827586206896552,14,29,0.4107142857142857,23,56,0.5,20,40,0.5833333333333334,56,96,0.5892857142857143,33,56,0.5,20,40,0.24324324324324326,9,37,0.5172413793103449,15,29,5,5,0.8477,0.8445,0.596,0.75,0.66,
2026-07-01T03:33:37.140776+00:00,KXATPCHALLENGERMATCH-26JUN30SURDRA-DRA,Liam Draxl,Dhakshineswar Suresh,6-6,2-3,p1,0.696969696969697,23,33,0.782608695652174,18,23,0.7,7,10,0.11538461538461539,3,26,0.625,10,16,0.6190476190476191,26,42,0.8846153846153846,23,26,0.375,6,16,0.21739130434782608,5,23,0.3,3,10,6,4,0.7051,0.5157,0.5223,0.6,0.52,
2026-07-01T03:33:38.114642+00:00,KXATPCHALLENGERMATCH-26JUN30SUNSHI-SHI,Braden Shick,Fajing Sun,6-1 3-1,0-0,p2,0.6896551724137931,20,29,0.85,17,20,0.7777777777777778,7,9,0.3076923076923077,4,13,0.65,13,20,0.3939393939393939,13,33,0.6923076923076923,9,13,0.35,7,20,0.15,3,20,0.2222222222222222,2,9,8,2,1.0,0.9997,0.5408,0.96,0.95,
2026-07-01T03:34:00.549697+00:00,KXATPCHALLENGERMATCH-26JUN30BARFIC-BAR,Ozan Baris,Juan Pablo Ficovich,6-4 5-7 2-1,30-30,p1,0.5606060606060606,37,66,0.7567567567567568,28,37,0.4827586206896552,14,29,0.4107142857142857,23,56,0.5,20,40,0.5833333333333334,56,96,0.5892857142857143,33,56,0.5,20,40,0.24324324324324326,9,37,0.5172413793103449,15,29,6,4,0.8783,0.8824,0.7475,0.77,0.76,
2026-07-01T03:34:03.850095+00:00,KXATPCHALLENGERMATCH-26JUN30SURDRA-DRA,Liam Draxl,Dhakshineswar Suresh,6-6,2-3,p1,0.696969696969697,23,33,0.782608695652174,18,23,0.7,7,10,0.11538461538461539,3,26,0.625,10,16,0.6190476190476191,26,42,0.8846153846153846,23,26,0.375,6,16,0.21739130434782608,5,23,0.3,3,10,6,4,0.6989,0.5167,0.5194,0.6,0.59,
2026-07-01T03:34:05.451829+00:00,KXATPCHALLENGERMATCH-26JUN30SUNSHI-SHI,Braden Shick,Fajing Sun,6-1 3-1,0-0,p2,0.6896551724137931,20,29,0.85,17,20,0.7777777777777778,7,9,0.3076923076923077,4,13,0.65,13,20,0.3939393939393939,13,33,0.6923076923076923,9,13,0.35,7,20,0.15,3,20,0.2222222222222222,2,9,8,2,1.0,1.0,0.5343,0.97,0.96,
2026-07-01T03:34:27.623787+00:00,KXATPCHALLENGERMATCH-26JUN30BARFIC-BAR,Ozan Baris,Juan Pablo Ficovich,6-4 5-7 2-1,30-30,p1,0.5735294117647058,39,68,0.7692307692307693,30,39,0.4827586206896552,14,29,0.4107142857142857,23,56,0.5,20,40,0.5833333333333334,56,96,0.5892857142857143,33,56,0.5,20,40,0.23076923076923078,9,39,0.5172413793103449,15,29,6,4,0.8976,0.8938,0.7724,0.8200000000000001,0.81,
2026-07-01T03:34:30.853254+00:00,KXATPCHALLENGERMATCH-26JUN30SURDRA-DRA,Liam Draxl,Dhakshineswar Suresh,6-6,3-3,p1,0.6764705882352942,23,34,0.782608695652174,18,23,0.7272727272727273,8,11,0.11538461538461539,3,26,0.625,10,16,0.6190476190476191,26,42,0.8846153846153846,23,26,0.375,6,16,0.21739130434782608,5,23,0.2727272727272727,3,11,7,3,0.7505,0.6089,0.6132,0.63,0.62,
2026-07-01T03:34:32.460410+00:00,KXATPCHALLENGERMATCH-26JUN30SUNSHI-SHI,Braden Shick,Fajing Sun,6-1 3-1,15-0,p2,0.6896551724137931,20,29,0.85,17,20,0.7777777777777778,7,9,0.35714285714285715,5,14,0.65,13,20,0.4117647058823529,14,34,0.6428571428571429,9,14,0.35,7,20,0.15,3,20,0.2222222222222222,2,9,9,1,1.0,1.0,0.7135,0.97,0.96,
2026-07-01T03:34:53.723422+00:00,KXATPCHALLENGERMATCH-26JUN30BARFIC-BAR,Ozan Baris,Juan Pablo Ficovich,6-4 5-7 3-1,0-0,p2,0.5735294117647058,39,68,0.7692307692307693,30,39,0.4827586206896552,14,29,0.4107142857142857,23,56,0.5,20,40,0.5833333333333334,56,96,0.5892857142857143,33,56,0.5,20,40,0.23076923076923078,9,39,0.5172413793103449,15,29,7,3,0.9367,0.9411,0.3698,0.86,0.85,
2026-07-01T03:34:55.502104+00:00,KXATPCHALLENGERMATCH-26JUN30SURDRA-DRA,Liam Draxl,Dhakshineswar Suresh,6-6,3-3,p1,0.6764705882352942,23,34,0.782608695652174,18,23,0.7272727272727273,8,11,0.11538461538461539,3,26,0.625,10,16,0.6190476190476191,26,42,0.8846153846153846,23,26,0.375,6,16,0.21739130434782608,5,23,0.2727272727272727,3,11,7,3,0.7549,0.6114,0.6024,0.6699999999999999,0.64,
2026-07-01T03:34:56.353864+00:00,KXATPCHALLENGERMATCH-26JUN30SUNSHI-SHI,Braden Shick,Fajing Sun,6-1 3-1,30-0,p2,0.6896551724137931,20,29,0.85,17,20,0.7777777777777778,7,9,0.35714285714285715,5,14,0.6666666666666666,14,21,0.4,14,35,0.6428571428571429,9,14,0.3333333333333333,7,21,0.15,3,20,0.2222222222222222,2,9,9,1,1.0,1.0,0.8689,0.98,0.97,
2026-07-01T03:35:17.953716+00:00,KXATPCHALLENGERMATCH-26JUN30BARFIC-BAR,Ozan Baris,Juan Pablo Ficovich,6-4 5-7 3-1,0-0,p2,0.5797101449275363,40,69,0.775,31,40,0.4827586206896552,14,29,0.4107142857142857,23,56,0.5,20,40,0.5833333333333334,56,96,0.5892857142857143,33,56,0.5,20,40,0.225,9,40,0.5172413793103449,15,29,7,3,0.9408,0.9459,0.3772,0.86,0.84,
2026-07-01T03:35:19.650687+00:00,KXATPCHALLENGERMATCH-26JUN30SURDRA-DRA,Liam Draxl,Dhakshineswar Suresh,6-6,4-3,p2,0.6857142857142857,24,35,0.7916666666666666,19,24,0.7272727272727273,8,11,0.11538461538461539,3,26,0.625,10,16,0.6190476190476191,26,42,0.8846153846153846,23,26,0.375,6,16,0.20833333333333334,5,24,0.2727272727272727,3,11,7,3,0.81,0.6997,0.6986,0.6799999999999999,0.67,
2026-07-01T03:35:20.490700+00:00,KXATPCHALLENGERMATCH-26JUN30SUNSHI-SHI,Braden Shick,Fajing Sun,6-1 3-1,30-0,p2,0.6896551724137931,20,29,0.85,17,20,0.7777777777777778,7,9,0.35714285714285715,5,14,0.6666666666666666,14,21,0.4,14,35,0.6428571428571429,9,14,0.3333333333333333,7,21,0.15,3,20,0.2222222222222222,2,9,9,1,1.0,0.9999,0.8724,0.98,0.97,
2026-07-01T03:35:41.748814+00:00,KXATPCHALLENGERMATCH-26JUN30BARFIC-BAR,Ozan Baris,Juan Pablo Ficovich,6-4 5-7 3-1,0-0,p2,0.5797101449275363,40,69,0.775,31,40,0.4827586206896552,14,29,0.4107142857142857,23,56,0.5,20,40,0.5833333333333334,56,96,0.5892857142857143,33,56,0.5,20,40,0.225,9,40,0.5172413793103449,15,29,7,3,0.9402,0.9449,0.374,0.87,0.85,
2026-07-01T03:35:43.572490+00:00,KXATPCHALLENGERMATCH-26JUN30SURDRA-DRA,Liam Draxl,Dhakshineswar Suresh,6-6,4-3,p2,0.6857142857142857,24,35,0.7916666666666666,19,24,0.7272727272727273,8,11,0.11538461538461539,3,26,0.625,10,16,0.6190476190476191,26,42,0.8846153846153846,23,26,0.375,6,16,0.20833333333333334,5,24,0.2727272727272727,3,11,7,3,0.8068,0.6966,0.6974,0.69,0.64,
2026-07-01T03:35:44.286490+00:00,KXATPCHALLENGERMATCH-26JUN30SUNSHI-SHI,Braden Shick,Fajing Sun,6-1 3-1,40-0,p2,0.6896551724137931,20,29,0.85,17,20,0.7777777777777778,7,9,0.35714285714285715,5,14,0.6818181818181818,15,22,0.3888888888888889,14,36,0.6428571428571429,9,14,0.3181818181818182,7,22,0.15,3,20,0.2222222222222222,2,9,9,1,1.0,1.0,0.9661,0.99,0.98,
2026-07-01T03:36:05.378047+00:00,KXATPCHALLENGERMATCH-26JUN30BARFIC-BAR,Ozan Baris,Juan Pablo Ficovich,6-4 5-7 3-1,15-0,p2,0.5797101449275363,40,69,0.775,31,40,0.4827586206896552,14,29,0.4107142857142857,23,56,0.5121951219512195,21,41,0.5773195876288659,56,97,0.5892857142857143,33,56,0.4878048780487805,20,41,0.225,9,40,0.5172413793103449,15,29,7,3,0.9567,0.9603,0.541,0.9,0.87,
2026-07-01T03:36:07.129698+00:00,KXATPCHALLENGERMATCH-26JUN30SURDRA-DRA,Liam Draxl,Dhakshineswar Suresh,6-6,4-4,p2,0.6857142857142857,24,35,0.7916666666666666,19,24,0.7272727272727273,8,11,0.11538461538461539,3,26,0.625,10,16,0.6190476190476191,26,42,0.8846153846153846,23,26,0.375,6,16,0.20833333333333334,5,24,0.2727272727272727,3,11,6,4,0.7732,0.6124,0.6118,0.63,0.61,
2026-07-01T03:36:07.898419+00:00,KXATPCHALLENGERMATCH-26JUN30SUNSHI-SHI,Braden Shick,Fajing Sun,6-1 3-1,40-0,p2,0.6896551724137931,20,29,0.85,17,20,0.7777777777777778,7,9,0.35714285714285715,5,14,0.6818181818181818,15,22,0.3888888888888889,14,36,0.6428571428571429,9,14,0.3181818181818182,7,22,0.15,3,20,0.2222222222222222,2,9,9,1,1.0,1.0,0.9667,0.99,0.98,
2026-07-01T03:36:29.945869+00:00,KXATPCHALLENGERMATCH-26JUN30BARFIC-BAR,Ozan Baris,Juan Pablo Ficovich,6-4 5-7 3-1,15-0,p2,0.5797101449275363,40,69,0.775,31,40,0.4827586206896552,14,29,0.4107142857142857,23,56,0.5121951219512195,21,41,0.5773195876288659,56,97,0.5892857142857143,33,56,0.4878048780487805,20,41,0.225,9,40,0.5172413793103449,15,29,7,3,0.9632,0.9604,0.5492,0.92,0.89,
2026-07-01T03:36:33.463209+00:00,KXATPCHALLENGERMATCH-26JUN30SURDRA-DRA,Liam Draxl,Dhakshineswar Suresh,6-6,4-4,p2,0.6857142857142857,24,35,0.7916666666666666,19,24,0.7272727272727273,8,11,0.11538461538461539,3,26,0.5882352941176471,10,17,0.6046511627906976,26,43,0.8846153846153846,23,26,0.4117647058823529,7,17,0.20833333333333334,5,24,0.2727272727272727,3,11,6,4,0.755,0.5945,0.6032,0.64,0.59,
2026-07-01T03:36:56.174758+00:00,KXATPCHALLENGERMATCH-26JUN30BARFIC-BAR,Ozan Baris,Juan Pablo Ficovich,6-4 5-7 3-1,30-0,p2,0.5797101449275363,40,69,0.775,31,40,0.4827586206896552,14,29,0.42105263157894735,24,57,0.5121951219512195,21,41,0.5816326530612245,57,98,0.5789473684210527,33,57,0.4878048780487805,20,41,0.225,9,40,0.5172413793103449,15,29,8,2,0.9758,0.9721,0.7424,0.9299999999999999,0.9,
2026-07-01T03:36:59.545113+00:00,KXATPCHALLENGERMATCH-26JUN30SURDRA-DRA,Liam Draxl,Dhakshineswar Suresh,6-6,4-5,p1,0.6857142857142857,24,35,0.7916666666666666,19,24,0.7272727272727273,8,11,0.11538461538461539,3,26,0.5882352941176471,10,17,0.6046511627906976,26,43,0.8846153846153846,23,26,0.4117647058823529,7,17,0.20833333333333334,5,24,0.2727272727272727,3,11,5,5,0.7016,0.4897,0.5001,0.56,0.55,
2026-07-01T03:37:22.314611+00:00,KXATPCHALLENGERMATCH-26JUN30BARFIC-BAR,Ozan Baris,Juan Pablo Ficovich,6-4 5-7 3-1,30-0,p2,0.5797101449275363,40,69,0.775,31,40,0.4827586206896552,14,29,0.42105263157894735,24,57,0.5121951219512195,21,41,0.5816326530612245,57,98,0.5789473684210527,33,57,0.4878048780487805,20,41,0.225,9,40,0.5172413793103449,15,29,8,2,0.9751,0.9739,0.7475,0.91,0.9,
2026-07-01T03:37:25.501602+00:00,KXATPCHALLENGERMATCH-26JUN30SURDRA-DRA,Liam Draxl,Dhakshineswar Suresh,6-6,4-5,p1,0.6857142857142857,24,35,0.7916666666666666,19,24,0.7272727272727273,8,11,0.11538461538461539,3,26,0.5555555555555556,10,18,0.5909090909090909,26,44,0.8846153846153846,23,26,0.4444444444444444,8,18,0.20833333333333334,5,24,0.2727272727272727,3,11,5,5,0.6785,0.489,0.4863,0.5900000000000001,0.56,
2026-07-01T03:37:48.069132+00:00,KXATPCHALLENGERMATCH-26JUN30BARFIC-BAR,Ozan Baris,Juan Pablo Ficovich,6-4 5-7 3-1,30-15,p2,0.5797101449275363,40,69,0.775,31,40,0.4827586206896552,14,29,0.41379310344827586,24,58,0.5121951219512195,21,41,0.5858585858585859,58,99,0.5862068965517241,34,58,0.4878048780487805,20,41,0.225,9,40,0.5172413793103449,15,29,7,3,0.9645,0.9637,0.601,0.9,0.88,
2026-07-01T03:37:51.177970+00:00,KXATPCHALLENGERMATCH-26JUN30SURDRA-DRA,Liam Draxl,Dhakshineswar Suresh,6-6,4-6,p1,0.6857142857142857,24,35,0.7916666666666666,19,24,0.7272727272727273,8,11,0.11538461538461539,3,26,0.5555555555555556,10,18,0.5909090909090909,26,44,0.8846153846153846,23,26,0.4444444444444444,8,18,0.20833333333333334,5,24,0.2727272727272727,3,11,4,6,0.5344,0.1368,0.128,0.41000000000000003,0.4,
2026-07-01T03:38:13.199083+00:00,KXATPCHALLENGERMATCH-26JUN30BARFIC-BAR,Ozan Baris,Juan Pablo Ficovich,6-4 5-7 3-1,30-15,p2,0.5797101449275363,40,69,0.775,31,40,0.4827586206896552,14,29,0.41379310344827586,24,58,0.5121951219512195,21,41,0.5858585858585859,58,99,0.5862068965517241,34,58,0.4878048780487805,20,41,0.225,9,40,0.5172413793103449,15,29,7,3,0.9635,0.9638,0.5972,0.94,0.93,
2026-07-01T03:38:14.950626+00:00,KXATPCHALLENGERMATCH-26JUN30SURDRA-DRA,Liam Draxl,Dhakshineswar Suresh,6-6,4-6,p1,0.6944444444444444,25,36,0.76,19,25,0.7272727272727273,8,11,0.11538461538461539,3,26,0.5555555555555556,10,18,0.5909090909090909,26,44,0.8846153846153846,23,26,0.4444444444444444,8,18,0.24,6,25,0.2727272727272727,3,11,4,6,0.4618,0.1202,0.1225,0.43999999999999995,0.43,
2026-07-01T03:38:15.657755+00:00,KXATPCHALLENGERMATCH-26JUN30SUNSHI-SHI,Braden Shick,Fajing Sun,6-1 4-1,0-15,p1,0.7,21,30,0.8095238095238095,17,21,0.7777777777777778,7,9,0.35714285714285715,5,14,0.6956521739130435,16,23,0.3783783783783784,14,37,0.6428571428571429,9,14,0.30434782608695654,7,23,0.19047619047619047,4,21,0.2222222222222222,2,9,8,2,1.0,1.0,0.9295,0.99,0.98,
2026-07-01T03:38:36.551414+00:00,KXATPCHALLENGERMATCH-26JUN30BARFIC-BAR,Ozan Baris,Juan Pablo Ficovich,6-4 5-7 3-1,40-15,p2,0.5797101449275363,40,69,0.775,31,40,0.4827586206896552,14,29,0.41379310344827586,24,58,0.5121951219512195,21,41,0.5858585858585859,58,99,0.5862068965517241,34,58,0.4878048780487805,20,41,0.225,9,40,0.5172413793103449,15,29,7,3,0.9782,0.9759,0.8249,0.94,0.93,
2026-07-01T03:38:38.275067+00:00,KXATPCHALLENGERMATCH-26JUN30SURDRA-DRA,Liam Draxl,Dhakshineswar Suresh,6-6,5-6,p2,0.7027027027027027,26,37,0.7692307692307693,20,26,0.7272727272727273,8,11,0.11538461538461539,3,26,0.5555555555555556,10,18,0.5909090909090909,26,44,0.8846153846153846,23,26,0.4444444444444444,8,18,0.23076923076923078,6,26,0.2727272727272727,3,11,5,5,0.5051,0.1659,0.1637,0.45999999999999996,0.38,
2026-07-01T03:39:00.812997+00:00,KXATPCHALLENGERMATCH-26JUN30BARFIC-BAR,Ozan Baris,Juan Pablo Ficovich,6-4 5-7 3-1,40-15,p2,0.5797101449275363,40,69,0.775,31,40,0.4827586206896552,14,29,0.41379310344827586,24,58,0.5238095238095238,22,42,0.58,58,100,0.5862068965517241,34,58,0.47619047619047616,20,42,0.225,9,40,0.5172413793103449,15,29,7,3,0.9792,0.9795,0.8272,0.96,0.94,
2026-07-01T03:39:06.141055+00:00,KXATPCHALLENGERMATCH-26JUN30SURDRA-DRA,Liam Draxl,Dhakshineswar Suresh,6-7 0-0,0-0,p1,0.7027027027027027,26,37,0.7692307692307693,20,26,0.7272727272727273,8,11,0.1111111111111111,3,27,0.5555555555555556,10,18,0.6,27,45,0.8888888888888888,24,27,0.4444444444444444,8,18,0.23076923076923078,6,26,0.2727272727272727,3,11,5,5,0.3927,0.635,0.9552,0.36,0.33,
2026-07-01T03:39:28.702209+00:00,KXATPCHALLENGERMATCH-26JUN30BARFIC-BAR,Ozan Baris,Juan Pablo Ficovich,6-4 5-7 3-1,40-15,p2,0.5797101449275363,40,69,0.775,31,40,0.4827586206896552,14,29,0.41379310344827586,24,58,0.5238095238095238,22,42,0.58,58,100,0.5862068965517241,34,58,0.47619047619047616,20,42,0.225,9,40,0.5172413793103449,15,29,7,3,0.9798,0.9804,0.8296,0.96,0.94,
2026-07-01T03:39:33.710709+00:00,KXATPCHALLENGERMATCH-26JUN30SURDRA-DRA,Liam Draxl,Dhakshineswar Suresh,6-7 0-0,0-0,p1,0.7027027027027027,26,37,0.7692307692307693,20,26,0.7272727272727273,8,11,0.1111111111111111,3,27,0.5555555555555556,10,18,0.6,27,45,0.8888888888888888,24,27,0.4444444444444444,8,18,0.23076923076923078,6,26,0.2727272727272727,3,11,5,5,0.403,0.6335,0.9533,0.38,0.37,
2026-07-01T03:39:34.945524+00:00,KXATPCHALLENGERMATCH-26JUN30SUNSHI-SHI,Braden Shick,Fajing Sun,6-1 4-1,15-30,p1,0.65625,21,32,0.8095238095238095,17,21,0.7272727272727273,8,11,0.35714285714285715,5,14,0.6956521739130435,16,23,0.3783783783783784,14,37,0.6428571428571429,9,14,0.30434782608695654,7,23,0.19047619047619047,4,21,0.2727272727272727,3,11,7,3,1.0,1.0,0.8518,0.99,0.97,
2026-07-01T03:39:55.907927+00:00,KXATPCHALLENGERMATCH-26JUN30BARFIC-BAR,Ozan Baris,Juan Pablo Ficovich,6-4 5-7 3-1,40-30,p2,0.5797101449275363,40,69,0.775,31,40,0.4827586206896552,14,29,0.41379310344827586,24,58,0.5238095238095238,22,42,0.58,58,100,0.5862068965517241,34,58,0.47619047619047616,20,42,0.225,9,40,0.5172413793103449,15,29,7,3,0.9712,0.9701,0.6873,0.92,0.91,
2026-07-01T03:39:58.442484+00:00,KXATPCHALLENGERMATCH-26JUN30SURDRA-DRA,Liam Draxl,Dhakshineswar Suresh,6-7 0-0,0-0,p1,0.7027027027027027,26,37,0.7692307692307693,20,26,0.7272727272727273,8,11,0.1111111111111111,3,27,0.5555555555555556,10,18,0.6,27,45,0.8888888888888888,24,27,0.4444444444444444,8,18,0.23076923076923078,6,26,0.2727272727272727,3,11,5,5,0.3925,0.6319,0.9545,0.38,0.37,
2026-07-01T03:39:59.124315+00:00,KXATPCHALLENGERMATCH-26JUN30SUNSHI-SHI,Braden Shick,Fajing Sun,6-1 4-1,30-30,p1,0.6666666666666666,22,33,0.8181818181818182,18,22,0.7272727272727273,8,11,0.35714285714285715,5,14,0.6956521739130435,16,23,0.3783783783783784,14,37,0.6428571428571429,9,14,0.30434782608695654,7,23,0.18181818181818182,4,22,0.2727272727272727,3,11,7,3,1.0,1.0,0.933,0.99,0.98,
2026-07-01T03:40:20.227896+00:00,KXATPCHALLENGERMATCH-26JUN30BARFIC-BAR,Ozan Baris,Juan Pablo Ficovich,6-4 5-7 3-1,40-40,p2,0.5797101449275363,40,69,0.775,31,40,0.4827586206896552,14,29,0.4067796610169492,24,59,0.5116279069767442,22,43,0.5784313725490197,59,102,0.5932203389830508,35,59,0.4883720930232558,21,43,0.225,9,40,0.5172413793103449,15,29,7,3,0.9505,0.9487,0.4065,0.87,0.86,
2026-07-01T03:40:22.776764+00:00,KXATPCHALLENGERMATCH-26JUN30SURDRA-DRA,Liam Draxl,Dhakshineswar Suresh,6-7 0-0,0-0,p1,0.7027027027027027,26,37,0.7692307692307693,20,26,0.7272727272727273,8,11,0.1111111111111111,3,27,0.5555555555555556,10,18,0.6,27,45,0.8888888888888888,24,27,0.4444444444444444,8,18,0.23076923076923078,6,26,0.2727272727272727,3,11,5,5,0.3989,0.635,0.9588,0.38,0.37,
2026-07-01T03:40:44.523941+00:00,KXATPCHALLENGERMATCH-26JUN30BARFIC-BAR,Ozan Baris,Juan Pablo Ficovich,6-4 5-7 3-1,40-40,p2,0.5797101449275363,40,69,0.775,31,40,0.4827586206896552,14,29,0.4067796610169492,24,59,0.5116279069767442,22,43,0.5784313725490197,59,102,0.5932203389830508,35,59,0.4883720930232558,21,43,0.225,9,40,0.5172413793103449,15,29,7,3,0.9493,0.9479,0.3994,0.91,0.9,
2026-07-01T03:40:47.060635+00:00,KXATPCHALLENGERMATCH-26JUN30SURDRA-DRA,Liam Draxl,Dhakshineswar Suresh,6-7 0-0,0-0,p1,0.7027027027027027,26,37,0.7692307692307693,20,26,0.7272727272727273,8,11,0.1111111111111111,3,27,0.5555555555555556,10,18,0.6,27,45,0.8888888888888888,24,27,0.4444444444444444,8,18,0.23076923076923078,6,26,0.2727272727272727,3,11,5,5,0.4005,0.6403,0.9531,0.39,0.37,
2026-07-01T03:41:09.311021+00:00,KXATPCHALLENGERMATCH-26JUN30BARFIC-BAR,Ozan Baris,Juan Pablo Ficovich,6-4 5-7 3-1,Ad-40,p2,0.5797101449275363,40,69,0.775,31,40,0.4827586206896552,14,29,0.4166666666666667,25,60,0.5116279069767442,22,43,0.5825242718446602,60,103,0.5833333333333334,35,60,0.4883720930232558,21,43,0.225,9,40,0.5172413793103449,15,29,7,3,0.966,0.9674,0.6836,0.92,0.91,
2026-07-01T03:41:31.839012+00:00,KXATPCHALLENGERMATCH-26JUN30BARFIC-BAR,Ozan Baris,Juan Pablo Ficovich,6-4 5-7 3-1,Ad-40,p2,0.5797101449275363,40,69,0.775,31,40,0.4827586206896552,14,29,0.4166666666666667,25,60,0.5116279069767442,22,43,0.5825242718446602,60,103,0.5833333333333334,35,60,0.4883720930232558,21,43,0.225,9,40,0.5172413793103449,15,29,7,3,0.9697,0.9697,0.6877,0.89,0.88,
2026-07-01T03:41:53.783809+00:00,KXATPCHALLENGERMATCH-26JUN30BARFIC-BAR,Ozan Baris,Juan Pablo Ficovich,6-4 5-7 3-1,40-40,p2,0.5797101449275363,40,69,0.775,31,40,0.4827586206896552,14,29,0.4166666666666667,25,60,0.5116279069767442,22,43,0.5825242718446602,60,103,0.5833333333333334,35,60,0.4883720930232558,21,43,0.225,9,40,0.5172413793103449,15,29,6,4,0.9516,0.9483,0.4198,0.87,0.86,
2026-07-01T03:42:15.545827+00:00,KXATPCHALLENGERMATCH-26JUN30BARFIC-BAR,Ozan Baris,Juan Pablo Ficovich,6-4 5-7 3-1,Ad-40,p2,0.5797101449275363,40,69,0.775,31,40,0.4827586206896552,14,29,0.4166666666666667,25,60,0.5,22,44,0.5769230769230769,60,104,0.5833333333333334,35,60,0.5,22,44,0.225,9,40,0.5172413793103449,15,29,6,4,0.968,0.9619,0.6764,0.91,0.9,
2026-07-01T03:42:37.181067+00:00,KXATPCHALLENGERMATCH-26JUN30BARFIC-BAR,Ozan Baris,Juan Pablo Ficovich,6-4 5-7 3-1,Ad-40,p2,0.5797101449275363,40,69,0.775,31,40,0.4827586206896552,14,29,0.4262295081967213,26,61,0.5,22,44,0.580952380952381,61,105,0.5737704918032787,35,61,0.5,22,44,0.225,9,40,0.5172413793103449,15,29,6,4,0.9682,0.9696,0.6891,0.92,0.91,
2026-07-01T03:42:59.234422+00:00,KXATPCHALLENGERMATCH-26JUN30BARFIC-BAR,Ozan Baris,Juan Pablo Ficovich,6-4 5-7 4-1,0-0,p1,0.5797101449275363,40,69,0.775,31,40,0.4827586206896552,14,29,0.4262295081967213,26,61,0.5,22,44,0.580952380952381,61,105,0.5737704918032787,35,61,0.5,22,44,0.225,9,40,0.5172413793103449,15,29,6,4,0.9892,0.9902,0.8355,0.97,0.96,
2026-07-01T03:43:21.460731+00:00,KXATPCHALLENGERMATCH-26JUN30BARFIC-BAR,Ozan Baris,Juan Pablo Ficovich,6-4 5-7 4-1,0-0,p1,0.5797101449275363,40,69,0.775,31,40,0.4827586206896552,14,29,0.4262295081967213,26,61,0.5111111111111111,23,45,0.5754716981132075,61,106,0.5737704918032787,35,61,0.4888888888888889,22,45,0.225,9,40,0.5172413793103449,15,29,6,4,0.9905,0.9916,0.833,0.97,0.96,
2026-07-01T03:43:43.824107+00:00,KXATPCHALLENGERMATCH-26JUN30BARFIC-BAR,Ozan Baris,Juan Pablo Ficovich,6-4 5-7 4-1,0-0,p1,0.5797101449275363,40,69,0.775,31,40,0.4827586206896552,14,29,0.4262295081967213,26,61,0.5111111111111111,23,45,0.5754716981132075,61,106,0.5737704918032787,35,61,0.4888888888888889,22,45,0.225,9,40,0.5172413793103449,15,29,6,4,0.9908,0.9914,0.8287,0.97,0.96,
2026-07-01T03:43:48.846782+00:00,KXATPCHALLENGERMATCH-26JUN30SURDRA-DRA,Liam Draxl,Dhakshineswar Suresh,6-7 0-0,0-0,p1,0.7027027027027027,26,37,0.7692307692307693,20,26,0.7272727272727273,8,11,0.1111111111111111,3,27,0.5555555555555556,10,18,0.6,27,45,0.8888888888888888,24,27,0.4444444444444444,8,18,0.23076923076923078,6,26,0.2727272727272727,3,11,5,5,0.4008,0.6393,0.9565,0.4,0.37,
2026-07-01T03:44:10.305401+00:00,KXATPCHALLENGERMATCH-26JUN30BARFIC-BAR,Ozan Baris,Juan Pablo Ficovich,6-4 5-7 4-1,0-0,p1,0.5797101449275363,40,69,0.775,31,40,0.4827586206896552,14,29,0.4262295081967213,26,61,0.5111111111111111,23,45,0.5754716981132075,61,106,0.5737704918032787,35,61,0.4888888888888889,22,45,0.225,9,40,0.5172413793103449,15,29,6,4,0.9911,0.9907,0.8283,0.97,0.96,
2026-07-01T03:44:12.959478+00:00,KXATPCHALLENGERMATCH-26JUN30SURDRA-DRA,Liam Draxl,Dhakshineswar Suresh,6-7 0-0,0-0,p1,0.7027027027027027,26,37,0.7692307692307693,20,26,0.7272727272727273,8,11,0.1111111111111111,3,27,0.5555555555555556,10,18,0.6,27,45,0.8888888888888888,24,27,0.4444444444444444,8,18,0.23076923076923078,6,26,0.2727272727272727,3,11,5,5,0.403,0.6334,0.9495,0.41000000000000003,0.37,
2026-07-01T03:44:34.294119+00:00,KXATPCHALLENGERMATCH-26JUN30BARFIC-BAR,Ozan Baris,Juan Pablo Ficovich,6-4 5-7 4-1,0-0,p1,0.5797101449275363,40,69,0.775,31,40,0.4827586206896552,14,29,0.4262295081967213,26,61,0.5111111111111111,23,45,0.5754716981132075,61,106,0.5737704918032787,35,61,0.4888888888888889,22,45,0.225,9,40,0.5172413793103449,15,29,6,4,0.99,0.9913,0.8364,0.95,0.94,
2026-07-01T03:44:36.836176+00:00,KXATPCHALLENGERMATCH-26JUN30SURDRA-DRA,Liam Draxl,Dhakshineswar Suresh,6-7 0-0,0-0,p1,0.7027027027027027,26,37,0.7692307692307693,20,26,0.7272727272727273,8,11,0.1111111111111111,3,27,0.5555555555555556,10,18,0.6,27,45,0.8888888888888888,24,27,0.4444444444444444,8,18,0.23076923076923078,6,26,0.2727272727272727,3,11,5,5,0.3967,0.6322,0.9558,0.42000000000000004,0.38,
2026-07-01T03:44:58.478487+00:00,KXATPCHALLENGERMATCH-26JUN30BARFIC-BAR,Ozan Baris,Juan Pablo Ficovich,6-4 5-7 4-1,0-15,p1,0.5797101449275363,40,69,0.775,31,40,0.4827586206896552,14,29,0.4262295081967213,26,61,0.5111111111111111,23,45,0.5754716981132075,61,106,0.5737704918032787,35,61,0.4888888888888889,22,45,0.225,9,40,0.5172413793103449,15,29,5,5,0.9839,0.9825,0.6891,0.95,0.93,
2026-07-01T03:45:00.943778+00:00,KXATPCHALLENGERMATCH-26JUN30SURDRA-DRA,Liam Draxl,Dhakshineswar Suresh,6-7 0-0,0-15,p1,0.7105263157894737,27,38,0.7407407407407407,20,27,0.7272727272727273,8,11,0.1111111111111111,3,27,0.5555555555555556,10,18,0.6,27,45,0.8888888888888888,24,27,0.4444444444444444,8,18,0.25925925925925924,7,27,0.2727272727272727,3,11,4,6,0.3113,0.5353,0.8517,0.36,0.35,
2026-07-01T03:45:23.231389+00:00,KXATPCHALLENGERMATCH-26JUN30BARFIC-BAR,Ozan Baris,Juan Pablo Ficovich,6-4 5-7 4-1,0-30,p1,0.5915492957746479,42,71,0.7380952380952381,31,42,0.4827586206896552,14,29,0.4262295081967213,26,61,0.5111111111111111,23,45,0.5754716981132075,61,106,0.5737704918032787,35,61,0.4888888888888889,22,45,0.2619047619047619,11,42,0.5172413793103449,15,29,4,6,0.9704,0.9653,0.444,0.92,0.91,
2026-07-01T03:45:28.105386+00:00,KXATPCHALLENGERMATCH-26JUN30SURDRA-DRA,Liam Draxl,Dhakshineswar Suresh,6-7 0-0,0-15,p1,0.7105263157894737,27,38,0.7407407407407407,20,27,0.7272727272727273,8,11,0.1111111111111111,3,27,0.5555555555555556,10,18,0.6,27,45,0.8888888888888888,24,27,0.4444444444444444,8,18,0.25925925925925924,7,27,0.2727272727272727,3,11,4,6,0.3056,0.5388,0.8558,0.36,0.35,
2026-07-01T03:45:50.291061+00:00,KXATPCHALLENGERMATCH-26JUN30BARFIC-BAR,Ozan Baris,Juan Pablo Ficovich,6-4 5-7 4-1,0-40,p1,0.5915492957746479,42,71,0.7380952380952381,31,42,0.4827586206896552,14,29,0.4262295081967213,26,61,0.5111111111111111,23,45,0.5754716981132075,61,106,0.5737704918032787,35,61,0.4888888888888889,22,45,0.2619047619047619,11,42,0.5172413793103449,15,29,4,6,0.9584,0.9519,0.1875,0.89,0.88,
2026-07-01T03:45:54.738954+00:00,KXATPCHALLENGERMATCH-26JUN30SURDRA-DRA,Liam Draxl,Dhakshineswar Suresh,6-7 0-0,0-30,p1,0.6923076923076923,27,39,0.7407407407407407,20,27,0.6666666666666666,8,12,0.1111111111111111,3,27,0.5555555555555556,10,18,0.6,27,45,0.8888888888888888,24,27,0.4444444444444444,8,18,0.25925925925925924,7,27,0.3333333333333333,4,12,3,7,0.2104,0.405,0.6263,0.31000000000000005,0.3,
2026-07-01T03:46:16.891672+00:00,KXATPCHALLENGERMATCH-26JUN30BARFIC-BAR,Ozan Baris,Juan Pablo Ficovich,6-4 5-7 4-2,0-0,p2,0.6027397260273972,44,73,0.7045454545454546,31,44,0.4827586206896552,14,29,0.4262295081967213,26,61,0.5111111111111111,23,45,0.5754716981132075,61,106,0.5737704918032787,35,61,0.4888888888888889,22,45,0.29545454545454547,13,44,0.5172413793103449,15,29,3,7,0.9255,0.9316,0.4038,0.86,0.85,
2026-07-01T03:46:21.266014+00:00,KXATPCHALLENGERMATCH-26JUN30SURDRA-DRA,Liam Draxl,Dhakshineswar Suresh,6-7 0-0,0-30,p1,0.6923076923076923,27,39,0.7407407407407407,20,27,0.6666666666666666,8,12,0.1111111111111111,3,27,0.5555555555555556,10,18,0.6,27,45,0.8888888888888888,24,27,0.4444444444444444,8,18,0.25925925925925924,7,27,0.3333333333333333,4,12,3,7,0.2129,0.4119,0.6278,0.31000000000000005,0.28,
2026-07-01T03:46:45.742091+00:00,KXATPCHALLENGERMATCH-26JUN30BARFIC-BAR,Ozan Baris,Juan Pablo Ficovich,6-4 5-7 4-2,0-15,p2,0.6027397260273972,44,73,0.7045454545454546,31,44,0.4827586206896552,14,29,0.4262295081967213,26,61,0.5111111111111111,23,45,0.5754716981132075,61,106,0.5737704918032787,35,61,0.4888888888888889,22,45,0.29545454545454547,13,44,0.5172413793103449,15,29,3,7,0.9112,0.9128,0.2671,0.84,0.83,
2026-07-01T03:46:47.788450+00:00,KXATPCHALLENGERMATCH-26JUN30SURDRA-DRA,Liam Draxl,Dhakshineswar Suresh,6-7 0-0,0-40,p1,0.675,27,40,0.7407407407407407,20,27,0.6153846153846154,8,13,0.1111111111111111,3,27,0.5555555555555556,10,18,0.6,27,45,0.8888888888888888,24,27,0.4444444444444444,8,18,0.25925925925925924,7,27,0.38461538461538464,5,13,3,7,0.1188,0.2519,0.2893,0.22999999999999998,0.21,
2026-07-01T03:47:09.202891+00:00,KXATPCHALLENGERMATCH-26JUN30BARFIC-BAR,Ozan Baris,Juan Pablo Ficovich,6-4 5-7 4-2,0-30,p2,0.6027397260273972,44,73,0.7045454545454546,31,44,0.4827586206896552,14,29,0.4126984126984127,26,63,0.5111111111111111,23,45,0.5833333333333334,63,108,0.5873015873015873,37,63,0.4888888888888889,22,45,0.29545454545454547,13,44,0.5172413793103449,15,29,3,7,0.8944,0.896,0.1229,0.83,0.82,
2026-07-01T03:47:11.453547+00:00,KXATPCHALLENGERMATCH-26JUN30SURDRA-DRA,Liam Draxl,Dhakshineswar Suresh,6-7 0-0,0-40,p1,0.675,27,40,0.7407407407407407,20,27,0.6153846153846154,8,13,0.1111111111111111,3,27,0.5555555555555556,10,18,0.6,27,45,0.8888888888888888,24,27,0.4444444444444444,8,18,0.25925925925925924,7,27,0.38461538461538464,5,13,3,7,0.1121,0.2503,0.281,0.25,0.24,
2026-07-01T03:47:32.790477+00:00,KXATPCHALLENGERMATCH-26JUN30BARFIC-BAR,Ozan Baris,Juan Pablo Ficovich,6-4 5-7 4-2,0-30,p2,0.6027397260273972,44,73,0.7045454545454546,31,44,0.4827586206896552,14,29,0.4126984126984127,26,63,0.5111111111111111,23,45,0.5833333333333334,63,108,0.5873015873015873,37,63,0.4888888888888889,22,45,0.29545454545454547,13,44,0.5172413793103449,15,29,3,7,0.8958,0.8889,0.1279,0.81,0.8,
2026-07-01T03:47:35.693610+00:00,KXATPCHALLENGERMATCH-26JUN30SURDRA-DRA,Liam Draxl,Dhakshineswar Suresh,6-7 0-0,15-40,p1,0.6585365853658537,27,41,0.7407407407407407,20,27,0.6428571428571429,9,14,0.1111111111111111,3,27,0.5555555555555556,10,18,0.6,27,45,0.8888888888888888,24,27,0.4444444444444444,8,18,0.25925925925925924,7,27,0.35714285714285715,5,14,3,7,0.1529,0.3097,0.4239,0.25,0.24,
2026-07-01T03:47:57.093569+00:00,KXATPCHALLENGERMATCH-26JUN30BARFIC-BAR,Ozan Baris,Juan Pablo Ficovich,6-4 5-7 4-2,0-40,p2,0.6027397260273972,44,73,0.7045454545454546,31,44,0.4827586206896552,14,29,0.4126984126984127,26,63,0.5,23,46,0.5779816513761468,63,109,0.5873015873015873,37,63,0.5,23,46,0.29545454545454547,13,44,0.5172413793103449,15,29,2,8,0.877,0.8779,0.0364,0.81,0.79,
2026-07-01T03:47:59.316409+00:00,KXATPCHALLENGERMATCH-26JUN30SURDRA-DRA,Liam Draxl,Dhakshineswar Suresh,6-7 0-0,15-40,p1,0.6585365853658537,27,41,0.7407407407407407,20,27,0.6428571428571429,9,14,0.1111111111111111,3,27,0.5555555555555556,10,18,0.6,27,45,0.8888888888888888,24,27,0.4444444444444444,8,18,0.25925925925925924,7,27,0.35714285714285715,5,14,3,7,0.1516,0.3165,0.4308,0.27,0.26,
2026-07-01T03:48:20.685925+00:00,KXATPCHALLENGERMATCH-26JUN30BARFIC-BAR,Ozan Baris,Juan Pablo Ficovich,6-4 5-7 4-3,0-0,p1,0.6027397260273972,44,73,0.7045454545454546,31,44,0.4827586206896552,14,29,0.4126984126984127,26,63,0.48936170212765956,23,47,0.5727272727272728,63,110,0.5873015873015873,37,63,0.5106382978723404,24,47,0.29545454545454547,13,44,0.5172413793103449,15,29,2,8,0.8756,0.8778,0.7703,0.79,0.78,
2026-07-01T03:48:23.901958+00:00,KXATPCHALLENGERMATCH-26JUN30SURDRA-DRA,Liam Draxl,Dhakshineswar Suresh,6-7 0-0,30-40,p1,0.6666666666666666,28,42,0.75,21,28,0.6428571428571429,9,14,0.1111111111111111,3,27,0.5555555555555556,10,18,0.6,27,45,0.8888888888888888,24,27,0.4444444444444444,8,18,0.25,7,28,0.35714285714285715,5,14,3,7,0.1995,0.3944,0.6144,0.32999999999999996,0.32,
2026-07-01T03:48:45.891520+00:00,KXATPCHALLENGERMATCH-26JUN30BARFIC-BAR,Ozan Baris,Juan Pablo Ficovich,6-4 5-7 4-3,0-0,p1,0.6027397260273972,44,73,0.7045454545454546,31,44,0.4827586206896552,14,29,0.4126984126984127,26,63,0.48936170212765956,23,47,0.5727272727272728,63,110,0.5873015873015873,37,63,0.5106382978723404,24,47,0.29545454545454547,13,44,0.5172413793103449,15,29,2,8,0.8747,0.876,0.7769,0.79,0.78,
2026-07-01T03:48:50.446539+00:00,KXATPCHALLENGERMATCH-26JUN30SURDRA-DRA,Liam Draxl,Dhakshineswar Suresh,6-7 0-0,40-40,p1,0.6744186046511628,29,43,0.7586206896551724,22,29,0.6428571428571429,9,14,0.1111111111111111,3,27,0.5555555555555556,10,18,0.6,27,45,0.8888888888888888,24,27,0.4444444444444444,8,18,0.2413793103448276,7,29,0.35714285714285715,5,14,4,6,0.2719,0.4977,0.8668,0.29000000000000004,0.28,
2026-07-01T03:49:13.999665+00:00,KXATPCHALLENGERMATCH-26JUN30BARFIC-BAR,Ozan Baris,Juan Pablo Ficovich,6-4 5-7 4-3,0-0,p1,0.6027397260273972,44,73,0.7045454545454546,31,44,0.4827586206896552,14,29,0.4126984126984127,26,63,0.48936170212765956,23,47,0.5727272727272728,63,110,0.5873015873015873,37,63,0.5106382978723404,24,47,0.29545454545454547,13,44,0.5172413793103449,15,29,2,8,0.8714,0.8688,0.771,0.8,0.78,
2026-07-01T03:49:15.372717+00:00,KXATPCHALLENGERMATCH-26JUN30SURDRA-DRA,Liam Draxl,Dhakshineswar Suresh,6-7 0-0,40-Ad,p1,0.6818181818181818,30,44,0.7333333333333333,22,30,0.6428571428571429,9,14,0.1111111111111111,3,27,0.5555555555555556,10,18,0.6,27,45,0.8888888888888888,24,27,0.4444444444444444,8,18,0.26666666666666666,8,30,0.35714285714285715,5,14,4,6,0.173,0.3708,0.5975,0.29000000000000004,0.19,
2026-07-01T03:49:36.257778+00:00,KXATPCHALLENGERMATCH-26JUN30BARFIC-BAR,Ozan Baris,Juan Pablo Ficovich,6-4 5-7 4-3,0-0,p1,0.6027397260273972,44,73,0.7045454545454546,31,44,0.4827586206896552,14,29,0.4126984126984127,26,63,0.48936170212765956,23,47,0.5727272727272728,63,110,0.5873015873015873,37,63,0.5106382978723404,24,47,0.29545454545454547,13,44,0.5172413793103449,15,29,2,8,0.8749,0.8692,0.7621,0.79,0.78,
2026-07-01T03:49:37.671598+00:00,KXATPCHALLENGERMATCH-26JUN30SURDRA-DRA,Liam Draxl,Dhakshineswar Suresh,6-7 0-0,40-40,p1,0.6818181818181818,30,44,0.7333333333333333,22,30,0.6428571428571429,9,14,0.1111111111111111,3,27,0.5555555555555556,10,18,0.6,27,45,0.8888888888888888,24,27,0.4444444444444444,8,18,0.26666666666666666,8,30,0.35714285714285715,5,14,5,5,0.218,0.4613,0.8495,0.32999999999999996,0.31,
2026-07-01T03:49:58.500942+00:00,KXATPCHALLENGERMATCH-26JUN30BARFIC-BAR,Ozan Baris,Juan Pablo Ficovich,6-4 5-7 4-3,0-0,p1,0.6027397260273972,44,73,0.7045454545454546,31,44,0.4827586206896552,14,29,0.4126984126984127,26,63,0.48936170212765956,23,47,0.5727272727272728,63,110,0.5873015873015873,37,63,0.5106382978723404,24,47,0.29545454545454547,13,44,0.5172413793103449,15,29,2,8,0.8689,0.878,0.7739,0.8200000000000001,0.79,
2026-07-01T03:50:00.024415+00:00,KXATPCHALLENGERMATCH-26JUN30SURDRA-DRA,Liam Draxl,Dhakshineswar Suresh,6-7 0-0,40-40,p1,0.6888888888888889,31,45,0.7419354838709677,23,31,0.6428571428571429,9,14,0.1111111111111111,3,27,0.5555555555555556,10,18,0.6,27,45,0.8888888888888888,24,27,0.4444444444444444,8,18,0.25806451612903225,8,31,0.35714285714285715,5,14,5,5,0.2379,0.4758,0.8615,0.32999999999999996,0.31,
2026-07-01T03:50:21.552914+00:00,KXATPCHALLENGERMATCH-26JUN30BARFIC-BAR,Ozan Baris,Juan Pablo Ficovich,6-4 5-7 4-3,0-15,p1,0.5945945945945946,44,74,0.7045454545454546,31,44,0.4666666666666667,14,30,0.4126984126984127,26,63,0.48936170212765956,23,47,0.5727272727272728,63,110,0.5873015873015873,37,63,0.5106382978723404,24,47,0.29545454545454547,13,44,0.5333333333333333,16,30,1,9,0.8083,0.8107,0.5948,0.73,0.72,
2026-07-01T03:50:24.666527+00:00,KXATPCHALLENGERMATCH-26JUN30SURDRA-DRA,Liam Draxl,Dhakshineswar Suresh,6-7 0-0,40-Ad,p1,0.6739130434782609,31,46,0.7419354838709677,23,31,0.6,9,15,0.1111111111111111,3,27,0.5555555555555556,10,18,0.6,27,45,0.8888888888888888,24,27,0.4444444444444444,8,18,0.25806451612903225,8,31,0.4,6,15,4,6,0.1547,0.3463,0.5775,0.28,0.27,
2026-07-01T03:50:45.413494+00:00,KXATPCHALLENGERMATCH-26JUN30BARFIC-BAR,Ozan Baris,Juan Pablo Ficovich,6-4 5-7 4-3,0-15,p1,0.5945945945945946,44,74,0.7045454545454546,31,44,0.4666666666666667,14,30,0.4126984126984127,26,63,0.48936170212765956,23,47,0.5727272727272728,63,110,0.5873015873015873,37,63,0.5106382978723404,24,47,0.29545454545454547,13,44,0.5333333333333333,16,30,1,9,0.8031,0.8099,0.5929,0.71,0.7,
2026-07-01T03:50:46.785111+00:00,KXATPCHALLENGERMATCH-26JUN30SURDRA-DRA,Liam Draxl,Dhakshineswar Suresh,6-7 0-0,40-Ad,p1,0.6739130434782609,31,46,0.7419354838709677,23,31,0.6,9,15,0.1111111111111111,3,27,0.5555555555555556,10,18,0.6,27,45,0.8888888888888888,24,27,0.4444444444444444,8,18,0.25806451612903225,8,31,0.4,6,15,4,6,0.1567,0.3471,0.5835,0.26,0.21,
2026-07-01T03:51:07.757532+00:00,KXATPCHALLENGERMATCH-26JUN30BARFIC-BAR,Ozan Baris,Juan Pablo Ficovich,6-4 5-7 4-3,0-15,p1,0.5945945945945946,44,74,0.7045454545454546,31,44,0.4666666666666667,14,30,0.4126984126984127,26,63,0.48936170212765956,23,47,0.5727272727272728,63,110,0.5873015873015873,37,63,0.5106382978723404,24,47,0.29545454545454547,13,44,0.5333333333333333,16,30,1,9,0.8159,0.8112,0.598,0.69,0.62,
2026-07-01T03:51:08.877827+00:00,KXATPCHALLENGERMATCH-26JUN30SURDRA-DRA,Liam Draxl,Dhakshineswar Suresh,6-7 0-1,0-0,p2,0.6595744680851063,31,47,0.7419354838709677,23,31,0.5625,9,16,0.1111111111111111,3,27,0.5555555555555556,10,18,0.6,27,45,0.8888888888888888,24,27,0.4444444444444444,8,18,0.25806451612903225,8,31,0.4375,7,16,4,6,0.0499,0.1266,0.0866,0.18999999999999995,0.18,
2026-07-01T03:51:29.622146+00:00,KXATPCHALLENGERMATCH-26JUN30BARFIC-BAR,Ozan Baris,Juan Pablo Ficovich,6-4 5-7 4-3,15-15,p1,0.5866666666666667,44,75,0.7045454545454546,31,44,0.4838709677419355,15,31,0.4126984126984127,26,63,0.48936170212765956,23,47,0.5727272727272728,63,110,0.5873015873015873,37,63,0.5106382978723404,24,47,0.29545454545454547,13,44,0.5161290322580645,16,31,1,9,0.8642,0.8574,0.7444,0.77,0.76,
2026-07-01T03:51:30.761434+00:00,KXATPCHALLENGERMATCH-26JUN30SURDRA-DRA,Liam Draxl,Dhakshineswar Suresh,6-7 0-1,0-0,p2,0.6595744680851063,31,47,0.7419354838709677,23,31,0.5625,9,16,0.1111111111111111,3,27,0.5555555555555556,10,18,0.6,27,45,0.8888888888888888,24,27,0.4444444444444444,8,18,0.25806451612903225,8,31,0.4375,7,16,4,6,0.0494,0.1254,0.0881,0.18000000000000005,0.17,
2026-07-01T03:51:51.504866+00:00,KXATPCHALLENGERMATCH-26JUN30BARFIC-BAR,Ozan Baris,Juan Pablo Ficovich,6-4 5-7 4-3,30-15,p1,0.5921052631578947,45,76,0.7111111111111111,32,45,0.4838709677419355,15,31,0.4126984126984127,26,63,0.48936170212765956,23,47,0.5727272727272728,63,110,0.5873015873015873,37,63,0.5106382978723404,24,47,0.28888888888888886,13,45,0.5161290322580645,16,31,2,8,0.9072,0.9078,0.8661,0.86,0.84,
2026-07-01T03:51:52.635623+00:00,KXATPCHALLENGERMATCH-26JUN30SURDRA-DRA,Liam Draxl,Dhakshineswar Suresh,6-7 0-1,0-0,p2,0.6595744680851063,31,47,0.7419354838709677,23,31,0.5625,9,16,0.1111111111111111,3,27,0.5555555555555556,10,18,0.6,27,45,0.8888888888888888,24,27,0.4444444444444444,8,18,0.25806451612903225,8,31,0.4375,7,16,4,6,0.0545,0.1242,0.0863,0.18000000000000005,0.17,
2026-07-01T03:52:13.390752+00:00,KXATPCHALLENGERMATCH-26JUN30BARFIC-BAR,Ozan Baris,Juan Pablo Ficovich,6-4 5-7 4-3,40-15,p1,0.5974025974025974,46,77,0.717391304347826,33,46,0.4838709677419355,15,31,0.4126984126984127,26,63,0.48936170212765956,23,47,0.5727272727272728,63,110,0.5873015873015873,37,63,0.5106382978723404,24,47,0.2826086956521739,13,46,0.5161290322580645,16,31,3,7,0.9326,0.9358,0.9636,0.91,0.9,
2026-07-01T03:52:14.512715+00:00,KXATPCHALLENGERMATCH-26JUN30SURDRA-DRA,Liam Draxl,Dhakshineswar Suresh,6-7 0-1,0-0,p2,0.6595744680851063,31,47,0.7419354838709677,23,31,0.5625,9,16,0.1111111111111111,3,27,0.5555555555555556,10,18,0.6,27,45,0.8888888888888888,24,27,0.4444444444444444,8,18,0.25806451612903225,8,31,0.4375,7,16,4,6,0.0537,0.1248,0.0865,0.20999999999999996,0.17,
2026-07-01T03:52:35.182521+00:00,KXATPCHALLENGERMATCH-26JUN30BARFIC-BAR,Ozan Baris,Juan Pablo Ficovich,6-4 5-7 5-3,0-0,p2,0.6025641025641025,47,78,0.723404255319149,34,47,0.4838709677419355,15,31,0.4126984126984127,26,63,0.48936170212765956,23,47,0.5727272727272728,63,110,0.5873015873015873,37,63,0.5106382978723404,24,47,0.2765957446808511,13,47,0.5161290322580645,16,31,4,6,0.9552,0.9532,0.3619,0.91,0.9,
2026-07-01T03:52:36.227875+00:00,KXATPCHALLENGERMATCH-26JUN30SURDRA-DRA,Liam Draxl,Dhakshineswar Suresh,6-7 0-1,0-15,p2,0.6595744680851063,31,47,0.7419354838709677,23,31,0.5625,9,16,0.10714285714285714,3,28,0.5555555555555556,10,18,0.6086956521739131,28,46,0.8928571428571429,25,28,0.4444444444444444,8,18,0.25806451612903225,8,31,0.4375,7,16,4,6,0.0397,0.102,0.038,0.18000000000000005,0.17,
2026-07-01T03:52:56.882776+00:00,KXATPCHALLENGERMATCH-26JUN30BARFIC-BAR,Ozan Baris,Juan Pablo Ficovich,6-4 5-7 5-3,0-0,p2,0.6025641025641025,47,78,0.723404255319149,34,47,0.4838709677419355,15,31,0.4126984126984127,26,63,0.48936170212765956,23,47,0.5727272727272728,63,110,0.5873015873015873,37,63,0.5106382978723404,24,47,0.2765957446808511,13,47,0.5161290322580645,16,31,4,6,0.9553,0.9526,0.3533,0.91,0.9,
2026-07-01T03:52:57.900885+00:00,KXATPCHALLENGERMATCH-26JUN30SURDRA-DRA,Liam Draxl,Dhakshineswar Suresh,6-7 0-1,0-30,p2,0.6595744680851063,31,47,0.7419354838709677,23,31,0.5625,9,16,0.10344827586206896,3,29,0.5555555555555556,10,18,0.6170212765957447,29,47,0.896551724137931,26,29,0.4444444444444444,8,18,0.25806451612903225,8,31,0.4375,7,16,4,6,0.0326,0.0817,0.0129,0.14,0.13,
2026-07-01T03:53:18.495066+00:00,KXATPCHALLENGERMATCH-26JUN30BARFIC-BAR,Ozan Baris,Juan Pablo Ficovich,6-4 5-7 5-3,15-0,p2,0.6025641025641025,47,78,0.723404255319149,34,47,0.4838709677419355,15,31,0.4126984126984127,26,63,0.5,24,48,0.5675675675675675,63,111,0.5873015873015873,37,63,0.5,24,48,0.2765957446808511,13,47,0.5161290322580645,16,31,5,5,0.9658,0.9675,0.5414,0.9299999999999999,0.92,
2026-07-01T03:53:19.475420+00:00,KXATPCHALLENGERMATCH-26JUN30SURDRA-DRA,Liam Draxl,Dhakshineswar Suresh,6-7 0-1,0-40,p2,0.6595744680851063,31,47,0.7419354838709677,23,31,0.5625,9,16,0.1,3,30,0.5555555555555556,10,18,0.625,30,48,0.9,27,30,0.4444444444444444,8,18,0.25806451612903225,8,31,0.4375,7,16,4,6,0.0239,0.0735,0.0027,0.15000000000000002,0.14,
2026-07-01T03:53:40.055143+00:00,KXATPCHALLENGERMATCH-26JUN30BARFIC-BAR,Ozan Baris,Juan Pablo Ficovich,6-4 5-7 5-3,15-0,p2,0.6025641025641025,47,78,0.723404255319149,34,47,0.4838709677419355,15,31,0.4126984126984127,26,63,0.5,24,48,0.5675675675675675,63,111,0.5873015873015873,37,63,0.5,24,48,0.2765957446808511,13,47,0.5161290322580645,16,31,5,5,0.9682,0.9652,0.5472,0.96,0.95,
2026-07-01T03:53:41.122234+00:00,KXATPCHALLENGERMATCH-26JUN30SURDRA-DRA,Liam Draxl,Dhakshineswar Suresh,6-7 0-1,0-40,p2,0.6595744680851063,31,47,0.7419354838709677,23,31,0.5625,9,16,0.1,3,30,0.5555555555555556,10,18,0.625,30,48,0.9,27,30,0.4444444444444444,8,18,0.25806451612903225,8,31,0.4375,7,16,4,6,0.022,0.0739,0.0024,0.14,0.13,
2026-07-01T03:54:01.718695+00:00,KXATPCHALLENGERMATCH-26JUN30BARFIC-BAR,Ozan Baris,Juan Pablo Ficovich,6-4 5-7 5-3,30-0,p2,0.6025641025641025,47,78,0.723404255319149,34,47,0.4838709677419355,15,31,0.421875,27,64,0.5,24,48,0.5714285714285714,64,112,0.578125,37,64,0.5,24,48,0.2765957446808511,13,47,0.5161290322580645,16,31,6,4,0.9826,0.9805,0.7475,0.97,0.96,
2026-07-01T03:54:02.766774+00:00,KXATPCHALLENGERMATCH-26JUN30SURDRA-DRA,Liam Draxl,Dhakshineswar Suresh,6-7 0-1,15-40,p2,0.6595744680851063,31,47,0.7419354838709677,23,31,0.5625,9,16,0.1,3,30,0.5789473684210527,11,19,0.6122448979591837,30,49,0.9,27,30,0.42105263157894735,8,19,0.25806451612903225,8,31,0.4375,7,16,4,6,0.0394,0.0979,0.0115,0.15000000000000002,0.13,
2026-07-01T03:54:23.347041+00:00,KXATPCHALLENGERMATCH-26JUN30BARFIC-BAR,Ozan Baris,Juan Pablo Ficovich,6-4 5-7 5-3,30-0,p2,0.6025641025641025,47,78,0.723404255319149,34,47,0.4838709677419355,15,31,0.4153846153846154,27,65,0.5,24,48,0.5752212389380531,65,113,0.5846153846153846,38,65,0.5,24,48,0.2765957446808511,13,47,0.5161290322580645,16,31,6,4,0.9803,0.9812,0.7338,0.94,0.93,
2026-07-01T03:54:24.404576+00:00,KXATPCHALLENGERMATCH-26JUN30SURDRA-DRA,Liam Draxl,Dhakshineswar Suresh,6-7 0-1,15-40,p2,0.6595744680851063,31,47,0.7419354838709677,23,31,0.5625,9,16,0.1,3,30,0.5789473684210527,11,19,0.6122448979591837,30,49,0.9,27,30,0.42105263157894735,8,19,0.25806451612903225,8,31,0.4375,7,16,4,6,0.0378,0.092,0.0107,0.15000000000000002,0.14,
2026-07-01T03:54:45.059305+00:00,KXATPCHALLENGERMATCH-26JUN30BARFIC-BAR,Ozan Baris,Juan Pablo Ficovich,6-4 5-7 5-3,30-15,p2,0.6025641025641025,47,78,0.723404255319149,34,47,0.4838709677419355,15,31,0.4153846153846154,27,65,0.5,24,48,0.5752212389380531,65,113,0.5846153846153846,38,65,0.5,24,48,0.2765957446808511,13,47,0.5161290322580645,16,31,6,4,0.971,0.9722,0.5934,0.96,0.94,
2026-07-01T03:54:46.077975+00:00,KXATPCHALLENGERMATCH-26JUN30SURDRA-DRA,Liam Draxl,Dhakshineswar Suresh,6-7 0-2,0-0,p1,0.6595744680851063,31,47,0.7419354838709677,23,31,0.5625,9,16,0.1,3,30,0.55,11,20,0.6,30,50,0.9,27,30,0.45,9,20,0.25806451612903225,8,31,0.4375,7,16,3,7,0.0315,0.0852,0.874,0.15000000000000002,0.13,
2026-07-01T03:55:06.694727+00:00,KXATPCHALLENGERMATCH-26JUN30BARFIC-BAR,Ozan Baris,Juan Pablo Ficovich,6-4 5-7 5-3,30-15,p2,0.6025641025641025,47,78,0.723404255319149,34,47,0.4838709677419355,15,31,0.4153846153846154,27,65,0.5,24,48,0.5752212389380531,65,113,0.5846153846153846,38,65,0.5,24,48,0.2765957446808511,13,47,0.5161290322580645,16,31,6,4,0.9696,0.972,0.5901,0.97,0.95,
2026-07-01T03:55:07.964452+00:00,KXATPCHALLENGERMATCH-26JUN30SURDRA-DRA,Liam Draxl,Dhakshineswar Suresh,6-7 0-2,0-0,p1,0.6595744680851063,31,47,0.7419354838709677,23,31,0.5625,9,16,0.1,3,30,0.55,11,20,0.6,30,50,0.9,27,30,0.45,9,20,0.25806451612903225,8,31,0.4375,7,16,3,7,0.0308,0.0817,0.8784,0.16000000000000003,0.15,
2026-07-01T03:55:28.560804+00:00,KXATPCHALLENGERMATCH-26JUN30BARFIC-BAR,Ozan Baris,Juan Pablo Ficovich,6-4 5-7 5-3,30-30,p2,0.6025641025641025,47,78,0.723404255319149,34,47,0.4838709677419355,15,31,0.4090909090909091,27,66,0.5,24,48,0.5789473684210527,66,114,0.5909090909090909,39,66,0.5,24,48,0.2765957446808511,13,47,0.5161290322580645,16,31,6,4,0.957,0.9567,0.3937,0.92,0.91,
2026-07-01T03:55:29.532906+00:00,KXATPCHALLENGERMATCH-26JUN30SURDRA-DRA,Liam Draxl,Dhakshineswar Suresh,6-7 0-2,15-0,p1,0.6666666666666666,32,48,0.75,24,32,0.5625,9,16,0.1,3,30,0.55,11,20,0.6,30,50,0.9,27,30,0.45,9,20,0.25,8,32,0.4375,7,16,3,7,0.0416,0.0937,0.9418,0.17000000000000004,0.14,
2026-07-01T03:55:50.106541+00:00,KXATPCHALLENGERMATCH-26JUN30BARFIC-BAR,Ozan Baris,Juan Pablo Ficovich,6-4 5-7 5-3,30-40,p2,0.6025641025641025,47,78,0.723404255319149,34,47,0.4838709677419355,15,31,0.40298507462686567,27,67,0.5,24,48,0.5826086956521739,67,115,0.5970149253731343,40,67,0.5,24,48,0.2765957446808511,13,47,0.5161290322580645,16,31,6,4,0.9358,0.9389,0.1676,0.89,0.88,
2026-07-01T03:55:51.089572+00:00,KXATPCHALLENGERMATCH-26JUN30SURDRA-DRA,Liam Draxl,Dhakshineswar Suresh,6-7 0-2,15-0,p1,0.6666666666666666,32,48,0.75,24,32,0.5625,9,16,0.1,3,30,0.55,11,20,0.6,30,50,0.9,27,30,0.45,9,20,0.25,8,32,0.4375,7,16,3,7,0.0376,0.0961,0.9378,0.15000000000000002,0.14,
2026-07-01T03:56:11.738886+00:00,KXATPCHALLENGERMATCH-26JUN30BARFIC-BAR,Ozan Baris,Juan Pablo Ficovich,6-4 5-7 5-4,0-0,p1,0.6025641025641025,47,78,0.723404255319149,34,47,0.4838709677419355,15,31,0.40298507462686567,27,67,0.5,24,48,0.5826086956521739,67,115,0.5970149253731343,40,67,0.5,24,48,0.2765957446808511,13,47,0.5161290322580645,16,31,6,4,0.9273,0.9228,0.7963,0.87,0.86,
2026-07-01T03:56:12.714410+00:00,KXATPCHALLENGERMATCH-26JUN30SURDRA-DRA,Liam Draxl,Dhakshineswar Suresh,6-7 0-2,15-15,p1,0.6530612244897959,32,49,0.75,24,32,0.5294117647058824,9,17,0.1,3,30,0.55,11,20,0.6,30,50,0.9,27,30,0.45,9,20,0.25,8,32,0.47058823529411764,8,17,3,7,0.0309,0.0735,0.8389,0.14,0.12,
2026-07-01T03:56:33.414807+00:00,KXATPCHALLENGERMATCH-26JUN30BARFIC-BAR,Ozan Baris,Juan Pablo Ficovich,6-4 5-7 5-4,0-0,p1,0.6025641025641025,47,78,0.723404255319149,34,47,0.4838709677419355,15,31,0.39705882352941174,27,68,0.5,24,48,0.5862068965517241,68,116,0.6029411764705882,41,68,0.5,24,48,0.2765957446808511,13,47,0.5161290322580645,16,31,6,4,0.9219,0.9198,0.7889,0.87,0.86,
2026-07-01T03:56:34.334696+00:00,KXATPCHALLENGERMATCH-26JUN30SURDRA-DRA,Liam Draxl,Dhakshineswar Suresh,6-7 0-2,15-30,p1,0.64,32,50,0.75,24,32,0.5,9,18,0.1,3,30,0.55,11,20,0.6,30,50,0.9,27,30,0.45,9,20,0.25,8,32,0.5,9,18,2,8,0.0191,0.0519,0.6438,0.12,0.11,
2026-07-01T03:56:54.946483+00:00,KXATPCHALLENGERMATCH-26JUN30BARFIC-BAR,Ozan Baris,Juan Pablo Ficovich,6-4 5-7 5-4,0-0,p1,0.6025641025641025,47,78,0.723404255319149,34,47,0.4838709677419355,15,31,0.39705882352941174,27,68,0.5,24,48,0.5862068965517241,68,116,0.6029411764705882,41,68,0.5,24,48,0.2765957446808511,13,47,0.5161290322580645,16,31,6,4,0.926,0.923,0.7957,0.87,0.86,
2026-07-01T03:56:56.021894+00:00,KXATPCHALLENGERMATCH-26JUN30SURDRA-DRA,Liam Draxl,Dhakshineswar Suresh,6-7 0-2,15-30,p1,0.64,32,50,0.75,24,32,0.5,9,18,0.1,3,30,0.55,11,20,0.6,30,50,0.9,27,30,0.45,9,20,0.25,8,32,0.5,9,18,2,8,0.0162,0.0512,0.6386,0.14,0.12,
2026-07-01T03:57:16.665310+00:00,KXATPCHALLENGERMATCH-26JUN30BARFIC-BAR,Ozan Baris,Juan Pablo Ficovich,6-4 5-7 5-4,0-0,p1,0.6025641025641025,47,78,0.723404255319149,34,47,0.4838709677419355,15,31,0.39705882352941174,27,68,0.5,24,48,0.5862068965517241,68,116,0.6029411764705882,41,68,0.5,24,48,0.2765957446808511,13,47,0.5161290322580645,16,31,6,4,0.9235,0.9232,0.7891,0.87,0.86,
2026-07-01T03:57:17.578239+00:00,KXATPCHALLENGERMATCH-26JUN30SURDRA-DRA,Liam Draxl,Dhakshineswar Suresh,6-7 0-2,15-30,p1,0.64,32,50,0.75,24,32,0.5,9,18,0.1,3,30,0.55,11,20,0.6,30,50,0.9,27,30,0.45,9,20,0.25,8,32,0.5,9,18,2,8,0.0167,0.0528,0.6317,0.13,0.1,
2026-07-01T03:57:38.241814+00:00,KXATPCHALLENGERMATCH-26JUN30BARFIC-BAR,Ozan Baris,Juan Pablo Ficovich,6-4 5-7 5-4,0-0,p1,0.6025641025641025,47,78,0.723404255319149,34,47,0.4838709677419355,15,31,0.39705882352941174,27,68,0.5,24,48,0.5862068965517241,68,116,0.6029411764705882,41,68,0.5,24,48,0.2765957446808511,13,47,0.5161290322580645,16,31,6,4,0.9265,0.925,0.7933,0.86,0.85,
2026-07-01T03:57:39.071370+00:00,KXATPCHALLENGERMATCH-26JUN30SURDRA-DRA,Liam Draxl,Dhakshineswar Suresh,6-7 0-2,15-40,p1,0.6274509803921569,32,51,0.75,24,32,0.47368421052631576,9,19,0.1,3,30,0.55,11,20,0.6,30,50,0.9,27,30,0.45,9,20,0.25,8,32,0.5263157894736842,10,19,2,8,0.007,0.0262,0.3206,0.08999999999999997,0.07,
2026-07-01T03:57:59.667855+00:00,KXATPCHALLENGERMATCH-26JUN30BARFIC-BAR,Ozan Baris,Juan Pablo Ficovich,6-4 5-7 5-4,15-0,p1,0.5949367088607594,47,79,0.723404255319149,34,47,0.5,16,32,0.39705882352941174,27,68,0.5,24,48,0.5862068965517241,68,116,0.6029411764705882,41,68,0.5,24,48,0.2765957446808511,13,47,0.5,16,32,6,4,0.9585,0.9599,0.8849,0.9299999999999999,0.91,
2026-07-01T03:58:00.466214+00:00,KXATPCHALLENGERMATCH-26JUN30SURDRA-DRA,Liam Draxl,Dhakshineswar Suresh,6-7 0-2,15-40,p1,0.6274509803921569,32,51,0.75,24,32,0.47368421052631576,9,19,0.1,3,30,0.55,11,20,0.6,30,50,0.9,27,30,0.45,9,20,0.25,8,32,0.5263157894736842,10,19,2,8,0.0078,0.0305,0.3165,0.09999999999999998,0.09,
2026-07-01T03:58:21.072832+00:00,KXATPCHALLENGERMATCH-26JUN30BARFIC-BAR,Ozan Baris,Juan Pablo Ficovich,6-4 5-7 5-4,15-0,p1,0.5949367088607594,47,79,0.723404255319149,34,47,0.5,16,32,0.39705882352941174,27,68,0.5,24,48,0.5862068965517241,68,116,0.6029411764705882,41,68,0.5,24,48,0.2765957446808511,13,47,0.5,16,32,6,4,0.9601,0.9611,0.8871,0.94,0.92,
2026-07-01T03:58:21.948451+00:00,KXATPCHALLENGERMATCH-26JUN30SURDRA-DRA,Liam Draxl,Dhakshineswar Suresh,6-7 0-2,30-40,p1,0.6346153846153846,33,52,0.7575757575757576,25,33,0.47368421052631576,9,19,0.1,3,30,0.55,11,20,0.6,30,50,0.9,27,30,0.45,9,20,0.24242424242424243,8,33,0.5263157894736842,10,19,3,7,0.013,0.0412,0.5097,0.10999999999999999,0.08,
2026-07-01T03:58:42.441199+00:00,KXATPCHALLENGERMATCH-26JUN30BARFIC-BAR,Ozan Baris,Juan Pablo Ficovich,6-4 5-7 5-4,30-0,p1,0.6,48,80,0.7291666666666666,35,48,0.5,16,32,0.39705882352941174,27,68,0.5,24,48,0.5862068965517241,68,116,0.6029411764705882,41,68,0.5,24,48,0.2708333333333333,13,48,0.5,16,32,6,4,0.9832,0.9848,0.9528,0.97,0.96,
2026-07-01T03:58:43.407020+00:00,KXATPCHALLENGERMATCH-26JUN30SURDRA-DRA,Liam Draxl,Dhakshineswar Suresh,6-7 0-2,40-40,p1,0.6415094339622641,34,53,0.7647058823529411,26,34,0.47368421052631576,9,19,0.1,3,30,0.55,11,20,0.6,30,50,0.9,27,30,0.45,9,20,0.23529411764705882,8,34,0.5263157894736842,10,19,4,6,0.0239,0.0653,0.7916,0.13,0.12,
2026-07-01T03:59:04.033736+00:00,KXATPCHALLENGERMATCH-26JUN30BARFIC-BAR,Ozan Baris,Juan Pablo Ficovich,6-4 5-7 5-4,30-0,p1,0.6,48,80,0.7291666666666666,35,48,0.5,16,32,0.39705882352941174,27,68,0.5,24,48,0.5862068965517241,68,116,0.6029411764705882,41,68,0.5,24,48,0.2708333333333333,13,48,0.5,16,32,6,4,0.9857,0.9841,0.9507,0.97,0.94,
2026-07-01T03:59:04.936478+00:00,KXATPCHALLENGERMATCH-26JUN30SURDRA-DRA,Liam Draxl,Dhakshineswar Suresh,6-7 0-2,Ad-40,p1,0.6415094339622641,34,53,0.7647058823529411,26,34,0.47368421052631576,9,19,0.1,3,30,0.55,11,20,0.6,30,50,0.9,27,30,0.45,9,20,0.23529411764705882,8,34,0.5263157894736842,10,19,5,5,0.0235,0.0712,0.9261,0.16000000000000003,0.14,
2026-07-01T03:59:25.544780+00:00,KXATPCHALLENGERMATCH-26JUN30BARFIC-BAR,Ozan Baris,Juan Pablo Ficovich,6-4 5-7 5-4,30-15,p1,0.6,48,80,0.7291666666666666,35,48,0.5,16,32,0.39705882352941174,27,68,0.5,24,48,0.5862068965517241,68,116,0.6029411764705882,41,68,0.5,24,48,0.2708333333333333,13,48,0.5,16,32,5,5,0.9662,0.9627,0.8926,0.92,0.91,
2026-07-01T03:59:26.464263+00:00,KXATPCHALLENGERMATCH-26JUN30SURDRA-DRA,Liam Draxl,Dhakshineswar Suresh,6-7 0-2,Ad-40,p1,0.6481481481481481,35,54,0.7714285714285715,27,35,0.47368421052631576,9,19,0.1,3,30,0.55,11,20,0.6,30,50,0.9,27,30,0.45,9,20,0.22857142857142856,8,35,0.5263157894736842,10,19,5,5,0.0279,0.0819,0.9344,0.14,0.12,
2026-07-01T03:59:47.167645+00:00,KXATPCHALLENGERMATCH-26JUN30BARFIC-BAR,Ozan Baris,Juan Pablo Ficovich,6-4 5-7 5-4,30-15,p1,0.5925925925925926,48,81,0.7291666666666666,35,48,0.48484848484848486,16,33,0.39705882352941174,27,68,0.5,24,48,0.5862068965517241,68,116,0.6029411764705882,41,68,0.5,24,48,0.2708333333333333,13,48,0.5151515151515151,17,33,5,5,0.9561,0.9576,0.8865,0.92,0.91,
2026-07-01T03:59:48.092378+00:00,KXATPCHALLENGERMATCH-26JUN30SURDRA-DRA,Liam Draxl,Dhakshineswar Suresh,6-7 0-2,40-40,p1,0.6363636363636364,35,55,0.7714285714285715,27,35,0.45,9,20,0.1,3,30,0.55,11,20,0.6,30,50,0.9,27,30,0.45,9,20,0.22857142857142856,8,35,0.55,11,20,5,5,0.0188,0.0618,0.7773,0.12,0.11,
2026-07-01T04:00:08.570859+00:00,KXATPCHALLENGERMATCH-26JUN30BARFIC-BAR,Ozan Baris,Juan Pablo Ficovich,6-4 5-7 5-4,40-15,p1,0.5853658536585366,48,82,0.7291666666666666,35,48,0.5,17,34,0.39705882352941174,27,68,0.5,24,48,0.5862068965517241,68,116,0.6029411764705882,41,68,0.5,24,48,0.2708333333333333,13,48,0.5,17,34,5,5,0.9883,0.9883,0.9677,0.98,0.97,
2026-07-01T04:00:09.505283+00:00,KXATPCHALLENGERMATCH-26JUN30SURDRA-DRA,Liam Draxl,Dhakshineswar Suresh,6-7 0-2,40-40,p1,0.6363636363636364,35,55,0.7714285714285715,27,35,0.45,9,20,0.1,3,30,0.55,11,20,0.6,30,50,0.9,27,30,0.45,9,20,0.22857142857142856,8,35,0.55,11,20,5,5,0.0186,0.0633,0.7795,0.14,0.13,
2026-07-01T04:00:31.039848+00:00,KXATPCHALLENGERMATCH-26JUN30SURDRA-DRA,Liam Draxl,Dhakshineswar Suresh,6-7 0-2,Ad-40,p1,0.625,35,56,0.7714285714285715,27,35,0.47619047619047616,10,21,0.1,3,30,0.55,11,20,0.6,30,50,0.9,27,30,0.45,9,20,0.22857142857142856,8,35,0.5238095238095238,11,21,5,5,0.025,0.0783,0.9245,0.16000000000000003,0.13,
2026-07-01T04:00:52.290012+00:00,KXATPCHALLENGERMATCH-26JUN30SURDRA-DRA,Liam Draxl,Dhakshineswar Suresh,6-7 0-2,Ad-40,p1,0.625,35,56,0.7714285714285715,27,35,0.47619047619047616,10,21,0.1,3,30,0.55,11,20,0.6,30,50,0.9,27,30,0.45,9,20,0.22857142857142856,8,35,0.5238095238095238,11,21,5,5,0.0234,0.0758,0.9285,0.15000000000000002,0.14,
2026-07-01T04:01:14.290195+00:00,KXATPCHALLENGERMATCH-26JUN30SURDRA-DRA,Liam Draxl,Dhakshineswar Suresh,6-7 1-2,0-0,p2,0.631578947368421,36,57,0.7777777777777778,28,36,0.47619047619047616,10,21,0.1,3,30,0.55,11,20,0.6,30,50,0.9,27,30,0.45,9,20,0.2222222222222222,8,36,0.5238095238095238,11,21,6,4,0.0279,0.0856,0.0752,0.17000000000000004,0.16,
2026-07-01T04:01:35.487944+00:00,KXATPCHALLENGERMATCH-26JUN30SURDRA-DRA,Liam Draxl,Dhakshineswar Suresh,6-7 1-2,0-0,p2,0.631578947368421,36,57,0.7777777777777778,28,36,0.47619047619047616,10,21,0.1,3,30,0.55,11,20,0.6,30,50,0.9,27,30,0.45,9,20,0.2222222222222222,8,36,0.5238095238095238,11,21,6,4,0.0292,0.0869,0.0774,0.17000000000000004,0.15,
2026-07-01T04:01:56.959869+00:00,KXATPCHALLENGERMATCH-26JUN30SURDRA-DRA,Liam Draxl,Dhakshineswar Suresh,6-7 1-2,0-0,p2,0.631578947368421,36,57,0.7777777777777778,28,36,0.47619047619047616,10,21,0.1,3,30,0.55,11,20,0.6,30,50,0.9,27,30,0.45,9,20,0.2222222222222222,8,36,0.5238095238095238,11,21,6,4,0.0313,0.0842,0.0744,0.17000000000000004,0.16,
2026-07-01T04:02:18.134266+00:00,KXATPCHALLENGERMATCH-26JUN30SURDRA-DRA,Liam Draxl,Dhakshineswar Suresh,6-7 1-2,0-0,p2,0.631578947368421,36,57,0.7777777777777778,28,36,0.47619047619047616,10,21,0.1,3,30,0.55,11,20,0.6,30,50,0.9,27,30,0.45,9,20,0.2222222222222222,8,36,0.5238095238095238,11,21,6,4,0.028,0.0836,0.0789,0.17000000000000004,0.16,
2026-07-01T04:02:39.558611+00:00,KXATPCHALLENGERMATCH-26JUN30SURDRA-DRA,Liam Draxl,Dhakshineswar Suresh,6-7 1-2,0-0,p2,0.631578947368421,36,57,0.7777777777777778,28,36,0.47619047619047616,10,21,0.1,3,30,0.55,11,20,0.6,30,50,0.9,27,30,0.45,9,20,0.2222222222222222,8,36,0.5238095238095238,11,21,6,4,0.0267,0.0832,0.0777,0.18000000000000005,0.17,
2026-07-01T04:03:00.781506+00:00,KXATPCHALLENGERMATCH-26JUN30SURDRA-DRA,Liam Draxl,Dhakshineswar Suresh,6-7 1-2,0-15,p2,0.631578947368421,36,57,0.7777777777777778,28,36,0.47619047619047616,10,21,0.0967741935483871,3,31,0.55,11,20,0.6078431372549019,31,51,0.9032258064516129,28,31,0.45,9,20,0.2222222222222222,8,36,0.5238095238095238,11,21,5,5,0.023,0.0642,0.0359,0.16000000000000003,0.15,
2026-07-01T04:03:22.641620+00:00,KXATPCHALLENGERMATCH-26JUN30SURDRA-DRA,Liam Draxl,Dhakshineswar Suresh,6-7 1-2,0-30,p2,0.631578947368421,36,57,0.7777777777777778,28,36,0.47619047619047616,10,21,0.0967741935483871,3,31,0.55,11,20,0.6078431372549019,31,51,0.9032258064516129,28,31,0.45,9,20,0.2222222222222222,8,36,0.5238095238095238,11,21,5,5,0.019,0.0615,0.0135,0.13,0.12,
2026-07-01T04:03:43.676944+00:00,KXATPCHALLENGERMATCH-26JUN30SURDRA-DRA,Liam Draxl,Dhakshineswar Suresh,6-7 1-2,0-40,p2,0.631578947368421,36,57,0.7777777777777778,28,36,0.47619047619047616,10,21,0.09090909090909091,3,33,0.55,11,20,0.6226415094339622,33,53,0.9090909090909091,30,33,0.45,9,20,0.2222222222222222,8,36,0.5238095238095238,11,21,5,5,0.0121,0.0462,0.0013,0.12,0.11,
2026-07-01T04:04:04.936012+00:00,KXATPCHALLENGERMATCH-26JUN30SURDRA-DRA,Liam Draxl,Dhakshineswar Suresh,6-7 1-3,0-0,p1,0.631578947368421,36,57,0.7777777777777778,28,36,0.47619047619047616,10,21,0.08823529411764706,3,34,0.55,11,20,0.6296296296296297,34,54,0.9117647058823529,31,34,0.45,9,20,0.2222222222222222,8,36,0.5238095238095238,11,21,5,5,0.012,0.0415,0.8554,0.10999999999999999,0.1,
2026-07-01T04:04:25.998119+00:00,KXATPCHALLENGERMATCH-26JUN30SURDRA-DRA,Liam Draxl,Dhakshineswar Suresh,6-7 1-3,0-0,p1,0.631578947368421,36,57,0.7777777777777778,28,36,0.47619047619047616,10,21,0.08823529411764706,3,34,0.55,11,20,0.6296296296296297,34,54,0.9117647058823529,31,34,0.45,9,20,0.2222222222222222,8,36,0.5238095238095238,11,21,5,5,0.0131,0.0389,0.8518,0.12,0.11,
2026-07-01T04:04:47.150804+00:00,KXATPCHALLENGERMATCH-26JUN30SURDRA-DRA,Liam Draxl,Dhakshineswar Suresh,6-7 1-3,15-15,p1,0.6379310344827587,37,58,0.7837837837837838,29,37,0.47619047619047616,10,21,0.08823529411764706,3,34,0.55,11,20,0.6296296296296297,34,54,0.9117647058823529,31,34,0.45,9,20,0.21621621621621623,8,37,0.5238095238095238,11,21,4,6,0.0102,0.0435,0.8431,0.10999999999999999,0.1,
2026-07-01T04:05:08.310863+00:00,KXATPCHALLENGERMATCH-26JUN30SURDRA-DRA,Liam Draxl,Dhakshineswar Suresh,6-7 1-3,15-15,p1,0.6440677966101694,38,59,0.7631578947368421,29,38,0.47619047619047616,10,21,0.08823529411764706,3,34,0.55,11,20,0.6296296296296297,34,54,0.9117647058823529,31,34,0.45,9,20,0.23684210526315788,9,38,0.5238095238095238,11,21,4,6,0.0104,0.0372,0.8132,0.08999999999999997,0.08,
2026-07-01T04:05:29.424913+00:00,KXATPCHALLENGERMATCH-26JUN30SURDRA-DRA,Liam Draxl,Dhakshineswar Suresh,6-7 1-3,15-30,p1,0.65,39,60,0.7435897435897436,29,39,0.47619047619047616,10,21,0.08823529411764706,3,34,0.55,11,20,0.6296296296296297,34,54,0.9117647058823529,31,34,0.45,9,20,0.2564102564102564,10,39,0.5238095238095238,11,21,3,7,0.0064,0.0266,0.616,0.08999999999999997,0.08,
2026-07-01T04:05:50.558679+00:00,KXATPCHALLENGERMATCH-26JUN30SURDRA-DRA,Liam Draxl,Dhakshineswar Suresh,6-7 1-3,15-30,p1,0.65,39,60,0.7435897435897436,29,39,0.47619047619047616,10,21,0.08823529411764706,3,34,0.55,11,20,0.6296296296296297,34,54,0.9117647058823529,31,34,0.45,9,20,0.2564102564102564,10,39,0.5238095238095238,11,21,3,7,0.0066,0.0282,0.626,0.08999999999999997,0.08,
2026-07-01T04:06:11.870825+00:00,KXATPCHALLENGERMATCH-26JUN30SURDRA-DRA,Liam Draxl,Dhakshineswar Suresh,6-7 1-3,30-30,p1,0.6557377049180327,40,61,0.75,30,40,0.47619047619047616,10,21,0.08823529411764706,3,34,0.55,11,20,0.6296296296296297,34,54,0.9117647058823529,31,34,0.45,9,20,0.25,10,40,0.5238095238095238,11,21,4,6,0.0081,0.0342,0.7806,0.08999999999999997,0.08,
2026-07-01T04:06:33.009456+00:00,KXATPCHALLENGERMATCH-26JUN30SURDRA-DRA,Liam Draxl,Dhakshineswar Suresh,6-7 1-3,30-30,p1,0.6557377049180327,40,61,0.75,30,40,0.47619047619047616,10,21,0.08823529411764706,3,34,0.55,11,20,0.6296296296296297,34,54,0.9117647058823529,31,34,0.45,9,20,0.25,10,40,0.5238095238095238,11,21,4,6,0.0095,0.0336,0.7752,0.10999999999999999,0.09,
2026-07-01T04:06:54.092261+00:00,KXATPCHALLENGERMATCH-26JUN30SURDRA-DRA,Liam Draxl,Dhakshineswar Suresh,6-7 1-3,40-30,p1,0.6451612903225806,40,62,0.75,30,40,0.5,11,22,0.08823529411764706,3,34,0.55,11,20,0.6296296296296297,34,54,0.9117647058823529,31,34,0.45,9,20,0.25,10,40,0.5,11,22,4,6,0.0112,0.0427,0.9288,0.12,0.11,
2026-07-01T04:07:15.279005+00:00,KXATPCHALLENGERMATCH-26JUN30SURDRA-DRA,Liam Draxl,Dhakshineswar Suresh,6-7 2-3,0-0,p2,0.6451612903225806,40,62,0.75,30,40,0.5,11,22,0.08823529411764706,3,34,0.55,11,20,0.6296296296296297,34,54,0.9117647058823529,31,34,0.45,9,20,0.25,10,40,0.5,11,22,4,6,0.0113,0.0443,0.0567,0.13,0.12,
2026-07-01T04:07:39.882971+00:00,KXATPCHALLENGERMATCH-26JUN30SURDRA-DRA,Liam Draxl,Dhakshineswar Suresh,6-7 2-3,0-0,p2,0.6349206349206349,40,63,0.75,30,40,0.5217391304347826,12,23,0.08823529411764706,3,34,0.55,11,20,0.6296296296296297,34,54,0.9117647058823529,31,34,0.45,9,20,0.25,10,40,0.4782608695652174,11,23,4,6,0.0133,0.0486,0.0608,0.14,0.13,
2026-07-01T04:08:01.086308+00:00,KXATPCHALLENGERMATCH-26JUN30SURDRA-DRA,Liam Draxl,Dhakshineswar Suresh,6-7 2-3,0-0,p2,0.6349206349206349,40,63,0.75,30,40,0.5217391304347826,12,23,0.08823529411764706,3,34,0.55,11,20,0.6296296296296297,34,54,0.9117647058823529,31,34,0.45,9,20,0.25,10,40,0.4782608695652174,11,23,4,6,0.0157,0.0507,0.0572,0.14,0.12,
2026-07-01T04:08:22.202504+00:00,KXATPCHALLENGERMATCH-26JUN30SURDRA-DRA,Liam Draxl,Dhakshineswar Suresh,6-7 2-3,0-0,p2,0.6349206349206349,40,63,0.75,30,40,0.5217391304347826,12,23,0.08823529411764706,3,34,0.55,11,20,0.6296296296296297,34,54,0.9117647058823529,31,34,0.45,9,20,0.25,10,40,0.4782608695652174,11,23,4,6,0.0136,0.049,0.0602,0.14,0.13,
2026-07-01T04:08:43.319677+00:00,KXATPCHALLENGERMATCH-26JUN30SURDRA-DRA,Liam Draxl,Dhakshineswar Suresh,6-7 2-3,0-0,p2,0.6349206349206349,40,63,0.75,30,40,0.5217391304347826,12,23,0.08823529411764706,3,34,0.55,11,20,0.6296296296296297,34,54,0.9117647058823529,31,34,0.45,9,20,0.25,10,40,0.4782608695652174,11,23,4,6,0.0137,0.0475,0.0573,0.14,0.12,
2026-07-01T04:09:04.534464+00:00,KXATPCHALLENGERMATCH-26JUN30SURDRA-DRA,Liam Draxl,Dhakshineswar Suresh,6-7 2-3,15-0,p2,0.6349206349206349,40,63,0.75,30,40,0.5217391304347826,12,23,0.11428571428571428,4,35,0.55,11,20,0.6363636363636364,35,55,0.8857142857142857,31,35,0.45,9,20,0.25,10,40,0.4782608695652174,11,23,5,5,0.0297,0.0912,0.1611,0.18000000000000005,0.16,
2026-07-01T04:09:26.007418+00:00,KXATPCHALLENGERMATCH-26JUN30SURDRA-DRA,Liam Draxl,Dhakshineswar Suresh,6-7 2-3,15-0,p2,0.6349206349206349,40,63,0.75,30,40,0.5217391304347826,12,23,0.1111111111111111,4,36,0.55,11,20,0.6428571428571429,36,56,0.8888888888888888,32,36,0.45,9,20,0.25,10,40,0.4782608695652174,11,23,5,5,0.0242,0.088,0.1532,0.15000000000000002,0.13,
2026-07-01T04:09:47.115361+00:00,KXATPCHALLENGERMATCH-26JUN30SURDRA-DRA,Liam Draxl,Dhakshineswar Suresh,6-7 2-3,15-15,p2,0.6349206349206349,40,63,0.75,30,40,0.5217391304347826,12,23,0.1111111111111111,4,36,0.55,11,20,0.6428571428571429,36,56,0.8888888888888888,32,36,0.45,9,20,0.25,10,40,0.4782608695652174,11,23,5,5,0.0194,0.0642,0.0843,0.16000000000000003,0.15,
2026-07-01T04:10:08.245418+00:00,KXATPCHALLENGERMATCH-26JUN30SURDRA-DRA,Liam Draxl,Dhakshineswar Suresh,6-7 2-3,15-15,p2,0.6349206349206349,40,63,0.75,30,40,0.5217391304347826,12,23,0.1111111111111111,4,36,0.55,11,20,0.6428571428571429,36,56,0.8888888888888888,32,36,0.45,9,20,0.25,10,40,0.4782608695652174,11,23,5,5,0.0196,0.0642,0.0885,0.12,0.11,
2026-07-01T04:10:29.319885+00:00,KXATPCHALLENGERMATCH-26JUN30SURDRA-DRA,Liam Draxl,Dhakshineswar Suresh,6-7 2-3,15-30,p2,0.6349206349206349,40,63,0.75,30,40,0.5217391304347826,12,23,0.10810810810810811,4,37,0.55,11,20,0.6491228070175439,37,57,0.8918918918918919,33,37,0.45,9,20,0.25,10,40,0.4782608695652174,11,23,5,5,0.0129,0.0417,0.0372,0.10999999999999999,0.09,
