timestamp,ticker,p1_name,p2_name,score_str,game_score_str,server,p1_first_serve_pct,p1_first_serve_won_pct,p1_second_serve_won_pct,p1_first_return_won_pct,p1_second_return_won_pct,p2_first_serve_pct,p2_first_serve_won_pct,p2_second_serve_won_pct,p2_first_return_won_pct,p2_second_return_won_pct,mc_prob_p1,kalshi_yes_ask,kalshi_yes_bid,match_outcome
2026-06-30T11:14:03.956079+00:00,KXATPMATCH-26JUN29ROYWEN-ROY,Valentin Royer,Harry Wendelken,4-6 3-2,40-30,p2,0.6326530612244898,0.7741935483870968,0.5,0.25,0.42857142857142855,0.5714285714285714,0.75,0.5714285714285714,0.22580645161290322,0.5,0.3853,0.43000000000000005,0.42,
2026-06-30T11:14:26.114598+00:00,KXATPMATCH-26JUN29ROYWEN-ROY,Valentin Royer,Harry Wendelken,4-6 3-2,40-40,p2,0.6326530612244898,0.7741935483870968,0.5,0.27586206896551724,0.38095238095238093,0.58,0.7241379310344828,0.6190476190476191,0.22580645161290322,0.5,0.3109,0.39,0.38,
2026-06-30T11:14:47.751187+00:00,KXATPMATCH-26JUN29ROYWEN-ROY,Valentin Royer,Harry Wendelken,4-6 3-2,40-40,p2,0.6326530612244898,0.7741935483870968,0.5,0.26666666666666666,0.38095238095238093,0.5882352941176471,0.7333333333333333,0.6190476190476191,0.22580645161290322,0.5,0.2834,0.37,0.36,
2026-06-30T11:15:11.781539+00:00,KXATPMATCH-26JUN29ROYWEN-ROY,Valentin Royer,Harry Wendelken,4-6 3-2,40-Ad,p2,0.6326530612244898,0.7741935483870968,0.5,0.26666666666666666,0.38095238095238093,0.5882352941176471,0.7333333333333333,0.6190476190476191,0.22580645161290322,0.5,0.2652,0.35,0.34,
2026-06-30T11:15:33.453260+00:00,KXATPMATCH-26JUN29ROYWEN-ROY,Valentin Royer,Harry Wendelken,4-6 3-3,0-0,p1,0.6326530612244898,0.7741935483870968,0.5,0.25,0.47619047619047616,0.6037735849056604,0.75,0.5238095238095238,0.22580645161290322,0.5,0.3717,0.35,0.34,
2026-06-30T11:15:55.931632+00:00,KXATPMATCH-26JUN29ROYWEN-ROY,Valentin Royer,Harry Wendelken,4-6 3-3,0-0,p1,0.6326530612244898,0.7741935483870968,0.5,0.25,0.47619047619047616,0.6037735849056604,0.75,0.5238095238095238,0.22580645161290322,0.5,0.3677,0.35,0.34,
2026-06-30T11:16:00.204882+00:00,KXATPMATCH-26JUN29ROYWEN-ROY,Valentin Royer,Harry Wendelken,4-6 3-3,0-0,p1,0.6326530612244898,0.7741935483870968,0.5,0.25,0.47619047619047616,0.6037735849056604,0.75,0.5238095238095238,0.22580645161290322,0.5,0.3779,0.35,0.33,
2026-06-30T11:16:28.656827+00:00,KXATPMATCH-26JUN29ROYWEN-ROY,Valentin Royer,Harry Wendelken,4-6 3-3,15-0,p1,0.64,0.78125,0.4444444444444444,0.25,0.38095238095238093,0.6037735849056604,0.75,0.6190476190476191,0.21875,0.5555555555555556,0.1702,0.36,0.34,
2026-06-30T11:16:30.205139+00:00,KXATPMATCH-26JUN29SHIFAR-FAR,Jaime Faria,Sho Shimabukuro,7-6 4-1,0-0,p2,0.5555555555555556,0.9333333333333333,0.5,0.3225806451612903,0.36666666666666664,0.5081967213114754,0.6774193548387096,0.6333333333333333,0.06666666666666667,0.5,0.9795,0.88,0.87,
2026-06-30T11:16:51.924219+00:00,KXATPMATCH-26JUN29ROYWEN-ROY,Valentin Royer,Harry Wendelken,4-6 3-3,30-0,p1,0.6470588235294118,0.7878787878787878,0.4444444444444444,0.25,0.38095238095238093,0.6037735849056604,0.75,0.6190476190476191,0.21212121212121213,0.5555555555555556,0.1927,0.37,0.36,
2026-06-30T11:16:53.055808+00:00,KXATPMATCH-26JUN29SHIFAR-FAR,Jaime Faria,Sho Shimabukuro,7-6 4-1,0-0,p2,0.5555555555555556,0.9333333333333333,0.5,0.3225806451612903,0.36666666666666664,0.5081967213114754,0.6774193548387096,0.6333333333333333,0.06666666666666667,0.5,0.9794,0.88,0.87,
2026-06-30T11:17:14.994119+00:00,KXATPMATCH-26JUN29ROYWEN-ROY,Valentin Royer,Harry Wendelken,4-6 3-3,30-0,p1,0.6470588235294118,0.7878787878787878,0.4444444444444444,0.25,0.38095238095238093,0.6037735849056604,0.75,0.6190476190476191,0.21212121212121213,0.5555555555555556,0.1989,0.38,0.37,
2026-06-30T11:17:16.146003+00:00,KXATPMATCH-26JUN29SHIFAR-FAR,Jaime Faria,Sho Shimabukuro,7-6 4-1,0-15,p2,0.5555555555555556,0.9333333333333333,0.5416666666666666,0.3125,0.4,0.5161290322580645,0.6875,0.6,0.06666666666666667,0.4583333333333333,0.9918,0.88,0.87,
2026-06-30T11:17:37.769760+00:00,KXATPMATCH-26JUN29ROYWEN-ROY,Valentin Royer,Harry Wendelken,4-6 4-3,0-0,p2,0.6346153846153846,0.7878787878787878,0.47368421052631576,0.25,0.38095238095238093,0.6037735849056604,0.75,0.6190476190476191,0.21212121212121213,0.5263157894736842,0.2256,0.38,0.37,
2026-06-30T11:17:38.839784+00:00,KXATPMATCH-26JUN29SHIFAR-FAR,Jaime Faria,Sho Shimabukuro,7-6 4-1,0-40,p2,0.5555555555555556,0.9333333333333333,0.5416666666666666,0.30303030303030304,0.4,0.5238095238095238,0.696969696969697,0.6,0.06666666666666667,0.4583333333333333,0.9878,0.87,0.86,
2026-06-30T11:18:00.419229+00:00,KXATPMATCH-26JUN29ROYWEN-ROY,Valentin Royer,Harry Wendelken,4-6 4-3,0-0,p2,0.6415094339622641,0.7941176470588235,0.42105263157894735,0.25,0.38095238095238093,0.6037735849056604,0.75,0.6190476190476191,0.20588235294117646,0.5789473684210527,0.1827,0.38,0.37,
2026-06-30T11:18:01.493449+00:00,KXATPMATCH-26JUN29SHIFAR-FAR,Jaime Faria,Sho Shimabukuro,7-6 4-1,0-40,p2,0.5555555555555556,0.9333333333333333,0.5416666666666666,0.29411764705882354,0.4,0.53125,0.7058823529411765,0.6,0.06666666666666667,0.4583333333333333,0.9887,0.87,0.86,
2026-06-30T11:18:23.126216+00:00,KXATPMATCH-26JUN29ROYWEN-ROY,Valentin Royer,Harry Wendelken,4-6 4-3,0-0,p2,0.6415094339622641,0.7941176470588235,0.42105263157894735,0.25,0.38095238095238093,0.6037735849056604,0.75,0.6190476190476191,0.20588235294117646,0.5789473684210527,0.1812,0.38,0.37,
2026-06-30T11:18:24.468278+00:00,KXATPMATCH-26JUN29SHIFAR-FAR,Jaime Faria,Sho Shimabukuro,7-6 4-2,0-0,p1,0.5555555555555556,0.9333333333333333,0.5416666666666666,0.29411764705882354,0.3870967741935484,0.5230769230769231,0.7058823529411765,0.6129032258064516,0.06666666666666667,0.4583333333333333,0.9866,0.87,0.86,
2026-06-30T11:18:46.064296+00:00,KXATPMATCH-26JUN29ROYWEN-ROY,Valentin Royer,Harry Wendelken,4-6 4-3,0-0,p2,0.6415094339622641,0.7941176470588235,0.42105263157894735,0.25,0.38095238095238093,0.6037735849056604,0.75,0.6190476190476191,0.20588235294117646,0.5789473684210527,0.1799,0.38,0.37,
2026-06-30T11:18:49.143897+00:00,KXATPMATCH-26JUN29SHIFAR-FAR,Jaime Faria,Sho Shimabukuro,7-6 4-2,0-0,p1,0.5555555555555556,0.9333333333333333,0.5416666666666666,0.29411764705882354,0.3870967741935484,0.5230769230769231,0.7058823529411765,0.6129032258064516,0.06666666666666667,0.4583333333333333,0.9846,0.87,0.85,
2026-06-30T11:19:10.731122+00:00,KXATPMATCH-26JUN29ROYWEN-ROY,Valentin Royer,Harry Wendelken,4-6 4-3,0-0,p2,0.6415094339622641,0.7941176470588235,0.42105263157894735,0.25,0.38095238095238093,0.6037735849056604,0.75,0.6190476190476191,0.20588235294117646,0.5789473684210527,0.1839,0.42000000000000004,0.4,
2026-06-30T11:19:11.896794+00:00,KXATPMATCH-26JUN29SHIFAR-FAR,Jaime Faria,Sho Shimabukuro,7-6 4-2,15-0,p1,0.5454545454545454,0.9333333333333333,0.52,0.29411764705882354,0.3548387096774194,0.5230769230769231,0.7058823529411765,0.6451612903225806,0.06666666666666667,0.48,0.9703,0.88,0.86,
2026-06-30T11:19:37.358478+00:00,KXATPMATCH-26JUN29ROYWEN-ROY,Valentin Royer,Harry Wendelken,4-6 4-3,15-0,p2,0.6415094339622641,0.7941176470588235,0.5263157894736842,0.25,0.4090909090909091,0.5925925925925926,0.75,0.5909090909090909,0.20588235294117646,0.47368421052631576,0.4116,0.39,0.38,
2026-06-30T11:19:40.149454+00:00,KXATPMATCH-26JUN29SHIFAR-FAR,Jaime Faria,Sho Shimabukuro,7-6 4-2,30-0,p1,0.5535714285714286,0.9354838709677419,0.52,0.29411764705882354,0.3548387096774194,0.5230769230769231,0.7058823529411765,0.6451612903225806,0.06451612903225806,0.48,0.9742,0.88,0.87,
2026-06-30T11:20:01.922589+00:00,KXATPMATCH-26JUN29ROYWEN-ROY,Valentin Royer,Harry Wendelken,4-6 4-3,15-15,p2,0.6415094339622641,0.7941176470588235,0.5263157894736842,0.24242424242424243,0.45454545454545453,0.6,0.7575757575757576,0.5454545454545454,0.20588235294117646,0.47368421052631576,0.4551,0.4,0.39,
2026-06-30T11:20:03.071273+00:00,KXATPMATCH-26JUN29SHIFAR-FAR,Jaime Faria,Sho Shimabukuro,7-6 4-2,40-0,p1,0.543859649122807,0.9354838709677419,0.5384615384615384,0.29411764705882354,0.3548387096774194,0.5230769230769231,0.7058823529411765,0.6451612903225806,0.06451612903225806,0.46153846153846156,0.9728,0.89,0.87,
2026-06-30T11:20:24.790792+00:00,KXATPMATCH-26JUN29ROYWEN-ROY,Valentin Royer,Harry Wendelken,4-6 4-3,15-30,p2,0.6415094339622641,0.7941176470588235,0.5263157894736842,0.23529411764705882,0.4090909090909091,0.6071428571428571,0.7647058823529411,0.5909090909090909,0.20588235294117646,0.47368421052631576,0.3262,0.4,0.39,
2026-06-30T11:20:25.910090+00:00,KXATPMATCH-26JUN29SHIFAR-FAR,Jaime Faria,Sho Shimabukuro,7-6 5-2,0-0,p2,0.5517241379310345,0.9375,0.5384615384615384,0.29411764705882354,0.3548387096774194,0.5230769230769231,0.7058823529411765,0.6451612903225806,0.0625,0.46153846153846156,0.9799,0.89,0.88,
2026-06-30T11:20:47.700693+00:00,KXATPMATCH-26JUN29ROYWEN-ROY,Valentin Royer,Harry Wendelken,4-6 4-3,30-30,p2,0.6415094339622641,0.7941176470588235,0.5263157894736842,0.2571428571428571,0.4090909090909091,0.6140350877192983,0.7428571428571429,0.5909090909090909,0.20588235294117646,0.47368421052631576,0.403,0.41000000000000003,0.4,
2026-06-30T11:20:49.124046+00:00,KXATPMATCH-26JUN29SHIFAR-FAR,Jaime Faria,Sho Shimabukuro,7-6 5-2,0-0,p2,0.5517241379310345,0.9375,0.5384615384615384,0.29411764705882354,0.3548387096774194,0.5230769230769231,0.7058823529411765,0.6451612903225806,0.0625,0.46153846153846156,0.9805,0.89,0.88,
2026-06-30T11:21:11.027353+00:00,KXATPMATCH-26JUN29ROYWEN-ROY,Valentin Royer,Harry Wendelken,4-6 4-3,30-30,p2,0.6415094339622641,0.7941176470588235,0.5263157894736842,0.2571428571428571,0.4090909090909091,0.6140350877192983,0.7428571428571429,0.5909090909090909,0.20588235294117646,0.47368421052631576,0.4062,0.4,0.36,
2026-06-30T11:21:12.428533+00:00,KXATPMATCH-26JUN29SHIFAR-FAR,Jaime Faria,Sho Shimabukuro,7-6 5-2,0-0,p2,0.5517241379310345,0.9375,0.5384615384615384,0.29411764705882354,0.3548387096774194,0.5230769230769231,0.7058823529411765,0.6451612903225806,0.0625,0.46153846153846156,0.9806,0.89,0.88,
2026-06-30T11:21:34.231076+00:00,KXATPMATCH-26JUN29ROYWEN-ROY,Valentin Royer,Harry Wendelken,4-6 4-3,30-40,p2,0.6415094339622641,0.7941176470588235,0.5263157894736842,0.25,0.45454545454545453,0.6206896551724138,0.75,0.5454545454545454,0.20588235294117646,0.47368421052631576,0.4384,0.38,0.37,
2026-06-30T11:21:35.384718+00:00,KXATPMATCH-26JUN29SHIFAR-FAR,Jaime Faria,Sho Shimabukuro,7-6 5-2,0-0,p2,0.5517241379310345,0.9375,0.5384615384615384,0.29411764705882354,0.3548387096774194,0.5230769230769231,0.7058823529411765,0.6451612903225806,0.0625,0.46153846153846156,0.9765,0.89,0.88,
2026-06-30T11:21:57.362320+00:00,KXATPMATCH-26JUN29ROYWEN-ROY,Valentin Royer,Harry Wendelken,4-6 4-3,40-40,p2,0.6415094339622641,0.7941176470588235,0.5263157894736842,0.2702702702702703,0.4090909090909091,0.6271186440677966,0.7297297297297297,0.5909090909090909,0.20588235294117646,0.47368421052631576,0.4374,0.42000000000000004,0.41,
2026-06-30T11:21:58.559599+00:00,KXATPMATCH-26JUN29SHIFAR-FAR,Jaime Faria,Sho Shimabukuro,7-6 5-2,0-15,p2,0.5517241379310345,0.9375,0.5384615384615384,0.29411764705882354,0.3548387096774194,0.5230769230769231,0.7058823529411765,0.6451612903225806,0.0625,0.46153846153846156,0.9806,0.89,0.88,
2026-06-30T11:22:20.564761+00:00,KXATPMATCH-26JUN29ROYWEN-ROY,Valentin Royer,Harry Wendelken,4-6 4-3,40-40,p2,0.6415094339622641,0.7941176470588235,0.5263157894736842,0.2702702702702703,0.4090909090909091,0.6271186440677966,0.7297297297297297,0.5909090909090909,0.20588235294117646,0.47368421052631576,0.4355,0.43999999999999995,0.42,
2026-06-30T11:22:21.616357+00:00,KXATPMATCH-26JUN29SHIFAR-FAR,Jaime Faria,Sho Shimabukuro,7-6 5-2,0-30,p2,0.5517241379310345,0.9375,0.5769230769230769,0.2857142857142857,0.375,0.5223880597014925,0.7142857142857143,0.625,0.0625,0.4230769230769231,0.9883,0.88,0.87,
2026-06-30T11:22:43.403030+00:00,KXATPMATCH-26JUN29ROYWEN-ROY,Valentin Royer,Harry Wendelken,4-6 4-3,Ad-40,p2,0.6415094339622641,0.7941176470588235,0.5263157894736842,0.2702702702702703,0.4090909090909091,0.6271186440677966,0.7297297297297297,0.5909090909090909,0.20588235294117646,0.47368421052631576,0.4877,0.47,0.46,
2026-06-30T11:22:44.526084+00:00,KXATPMATCH-26JUN29SHIFAR-FAR,Jaime Faria,Sho Shimabukuro,7-6 5-2,0-30,p2,0.5517241379310345,0.9375,0.5769230769230769,0.2857142857142857,0.375,0.5223880597014925,0.7142857142857143,0.625,0.0625,0.4230769230769231,0.9901,0.88,0.87,
2026-06-30T11:23:06.242658+00:00,KXATPMATCH-26JUN29ROYWEN-ROY,Valentin Royer,Harry Wendelken,4-6 4-3,Ad-40,p2,0.6415094339622641,0.7941176470588235,0.5263157894736842,0.2894736842105263,0.4090909090909091,0.6333333333333333,0.7105263157894737,0.5909090909090909,0.20588235294117646,0.47368421052631576,0.5381,0.43000000000000005,0.42,
2026-06-30T11:23:07.304220+00:00,KXATPMATCH-26JUN29SHIFAR-FAR,Jaime Faria,Sho Shimabukuro,7-6 5-2,0-40,p2,0.5517241379310345,0.9375,0.5769230769230769,0.2777777777777778,0.375,0.5294117647058824,0.7222222222222222,0.625,0.0625,0.4230769230769231,0.9864,0.88,0.87,
2026-06-30T11:23:28.576221+00:00,KXATPMATCH-26JUN29SHIFAR-FAR,Jaime Faria,Sho Shimabukuro,7-6 5-3,0-0,p1,0.5517241379310345,0.9375,0.5769230769230769,0.2777777777777778,0.36363636363636365,0.5217391304347826,0.7222222222222222,0.6363636363636364,0.0625,0.4230769230769231,0.9851,0.88,0.87,
2026-06-30T11:23:50.338061+00:00,KXATPMATCH-26JUN29ROYWEN-ROY,Valentin Royer,Harry Wendelken,4-6 4-3,Ad-40,p2,0.6415094339622641,0.7941176470588235,0.5263157894736842,0.28205128205128205,0.45454545454545453,0.639344262295082,0.717948717948718,0.5454545454545454,0.20588235294117646,0.47368421052631576,0.5956,0.45999999999999996,0.45,
2026-06-30T11:24:12.097028+00:00,KXATPMATCH-26JUN29ROYWEN-ROY,Valentin Royer,Harry Wendelken,4-6 4-3,Ad-40,p2,0.6415094339622641,0.7941176470588235,0.5263157894736842,0.3,0.4090909090909091,0.6451612903225806,0.7,0.5909090909090909,0.20588235294117646,0.47368421052631576,0.5664,0.5,0.47,
2026-06-30T11:24:13.154018+00:00,KXATPMATCH-26JUN29SHIFAR-FAR,Jaime Faria,Sho Shimabukuro,7-6 5-3,30-0,p1,0.559322033898305,0.9393939393939394,0.5384615384615384,0.2777777777777778,0.3333333333333333,0.5217391304347826,0.7222222222222222,0.6666666666666666,0.06060606060606061,0.46153846153846156,0.9707,0.9,0.88,
2026-06-30T11:24:34.824570+00:00,KXATPMATCH-26JUN29ROYWEN-ROY,Valentin Royer,Harry Wendelken,4-6 5-3,0-0,p1,0.6415094339622641,0.7941176470588235,0.5263157894736842,0.3,0.4090909090909091,0.6451612903225806,0.7,0.5909090909090909,0.20588235294117646,0.47368421052631576,0.6555,0.55,0.54,
2026-06-30T11:24:35.896128+00:00,KXATPMATCH-26JUN29SHIFAR-FAR,Jaime Faria,Sho Shimabukuro,7-6 5-3,30-0,p1,0.5666666666666667,0.9411764705882353,0.5,0.2777777777777778,0.3333333333333333,0.5217391304347826,0.7222222222222222,0.6666666666666666,0.058823529411764705,0.5,0.9597,0.9,0.88,
2026-06-30T11:24:57.601059+00:00,KXATPMATCH-26JUN29ROYWEN-ROY,Valentin Royer,Harry Wendelken,4-6 5-3,0-0,p1,0.6415094339622641,0.7941176470588235,0.5263157894736842,0.3,0.43478260869565216,0.6349206349206349,0.7,0.5652173913043478,0.20588235294117646,0.47368421052631576,0.7018,0.56,0.54,
2026-06-30T11:24:58.624539+00:00,KXATPMATCH-26JUN29SHIFAR-FAR,Jaime Faria,Sho Shimabukuro,7-6 6-3,0-0,p2,0.5737704918032787,0.9428571428571428,0.5384615384615384,0.2777777777777778,0.3333333333333333,0.5217391304347826,0.7222222222222222,0.6666666666666666,0.05714285714285714,0.46153846153846156,0.978,0.9,0.89,
2026-06-30T11:25:20.370288+00:00,KXATPMATCH-26JUN29ROYWEN-ROY,Valentin Royer,Harry Wendelken,4-6 5-3,0-15,p1,0.6481481481481481,0.7714285714285715,0.5263157894736842,0.3,0.43478260869565216,0.6349206349206349,0.7,0.5652173913043478,0.22857142857142856,0.47368421052631576,0.6233,0.53,0.52,
2026-06-30T11:25:21.597152+00:00,KXATPMATCH-26JUN29SHIFAR-FAR,Jaime Faria,Sho Shimabukuro,7-6 6-3 0-0,0-0,p2,0.5806451612903226,0.9444444444444444,0.5,0.2777777777777778,0.3333333333333333,0.5217391304347826,0.7222222222222222,0.6666666666666666,0.05555555555555555,0.5,0.9689,0.9,0.89,
2026-06-30T11:25:43.303304+00:00,KXATPMATCH-26JUN29ROYWEN-ROY,Valentin Royer,Harry Wendelken,4-6 5-3,15-15,p1,0.6545454545454545,0.7777777777777778,0.47368421052631576,0.3,0.43478260869565216,0.6349206349206349,0.7,0.5652173913043478,0.2222222222222222,0.5263157894736842,0.5792,0.55,0.53,
2026-06-30T11:25:44.313548+00:00,KXATPMATCH-26JUN29SHIFAR-FAR,Jaime Faria,Sho Shimabukuro,7-6 6-3 0-0,0-0,p2,0.5806451612903226,0.9444444444444444,0.5,0.2777777777777778,0.3333333333333333,0.5217391304347826,0.7222222222222222,0.6666666666666666,0.05555555555555555,0.5,0.9632,0.9,0.89,
2026-06-30T11:26:06.016408+00:00,KXATPMATCH-26JUN29ROYWEN-ROY,Valentin Royer,Harry Wendelken,4-6 5-3,15-15,p1,0.6545454545454545,0.7777777777777778,0.47368421052631576,0.3,0.43478260869565216,0.6349206349206349,0.7,0.5652173913043478,0.2222222222222222,0.5263157894736842,0.5841,0.56,0.53,
2026-06-30T11:26:07.037105+00:00,KXATPMATCH-26JUN29SHIFAR-FAR,Jaime Faria,Sho Shimabukuro,7-6 6-3 0-0,0-0,p2,0.5806451612903226,0.9444444444444444,0.5,0.2777777777777778,0.3333333333333333,0.5217391304347826,0.7222222222222222,0.6666666666666666,0.05555555555555555,0.5,0.9672,0.9,0.89,
2026-06-30T11:26:28.720401+00:00,KXATPMATCH-26JUN29ROYWEN-ROY,Valentin Royer,Harry Wendelken,4-6 5-3,30-15,p1,0.6428571428571429,0.7777777777777778,0.5,0.3,0.43478260869565216,0.6349206349206349,0.7,0.5652173913043478,0.2222222222222222,0.5,0.6178,0.5700000000000001,0.56,
2026-06-30T11:26:29.698527+00:00,KXATPMATCH-26JUN29SHIFAR-FAR,Jaime Faria,Sho Shimabukuro,7-6 6-3 0-0,0-0,p2,0.5806451612903226,0.9444444444444444,0.5,0.2777777777777778,0.3333333333333333,0.5217391304347826,0.7222222222222222,0.6666666666666666,0.05555555555555555,0.5,0.9686,0.9,0.89,
2026-06-30T11:26:51.551129+00:00,KXATPMATCH-26JUN29ROYWEN-ROY,Valentin Royer,Harry Wendelken,4-6 5-3,30-15,p1,0.6428571428571429,0.7777777777777778,0.5,0.3,0.43478260869565216,0.6349206349206349,0.7,0.5652173913043478,0.2222222222222222,0.5,0.6223,0.5700000000000001,0.55,
2026-06-30T11:26:52.801092+00:00,KXATPMATCH-26JUN29SHIFAR-FAR,Jaime Faria,Sho Shimabukuro,7-6 6-3 0-0,0-0,p2,0.5806451612903226,0.9444444444444444,0.5,0.2777777777777778,0.3333333333333333,0.5217391304347826,0.7222222222222222,0.6666666666666666,0.05555555555555555,0.5,0.9686,0.9,0.89,
2026-06-30T11:27:14.447014+00:00,KXATPMATCH-26JUN29ROYWEN-ROY,Valentin Royer,Harry Wendelken,4-6 5-3,30-15,p1,0.6428571428571429,0.7777777777777778,0.5,0.3,0.43478260869565216,0.6349206349206349,0.7,0.5652173913043478,0.2222222222222222,0.5,0.6218,0.5800000000000001,0.55,
2026-06-30T11:27:15.446443+00:00,KXATPMATCH-26JUN29SHIFAR-FAR,Jaime Faria,Sho Shimabukuro,7-6 6-3 0-0,0-0,p2,0.5806451612903226,0.9444444444444444,0.5,0.2777777777777778,0.3333333333333333,0.5217391304347826,0.7222222222222222,0.6666666666666666,0.05555555555555555,0.5,0.9675,0.9,0.89,
2026-06-30T11:27:37.187477+00:00,KXATPMATCH-26JUN29ROYWEN-ROY,Valentin Royer,Harry Wendelken,4-6 5-3,30-30,p1,0.631578947368421,0.7777777777777778,0.5238095238095238,0.3,0.43478260869565216,0.6349206349206349,0.7,0.5652173913043478,0.2222222222222222,0.47619047619047616,0.6267,0.54,0.53,
2026-06-30T11:27:38.208556+00:00,KXATPMATCH-26JUN29SHIFAR-FAR,Jaime Faria,Sho Shimabukuro,7-6 6-3 0-0,0-0,p2,0.5806451612903226,0.9444444444444444,0.5,0.2777777777777778,0.3333333333333333,0.5217391304347826,0.7222222222222222,0.6666666666666666,0.05555555555555555,0.5,0.966,0.9,0.89,
2026-06-30T11:27:59.863566+00:00,KXATPMATCH-26JUN29ROYWEN-ROY,Valentin Royer,Harry Wendelken,4-6 5-3,30-30,p1,0.631578947368421,0.7777777777777778,0.5238095238095238,0.3,0.43478260869565216,0.6349206349206349,0.7,0.5652173913043478,0.2222222222222222,0.47619047619047616,0.6298,0.56,0.52,
2026-06-30T11:28:00.848538+00:00,KXATPMATCH-26JUN29SHIFAR-FAR,Jaime Faria,Sho Shimabukuro,7-6 6-3 0-0,0-0,p2,0.5806451612903226,0.9444444444444444,0.5,0.2777777777777778,0.3333333333333333,0.5217391304347826,0.7222222222222222,0.6666666666666666,0.05555555555555555,0.5,0.9658,0.9,0.89,
2026-06-30T11:28:22.642981+00:00,KXATPMATCH-26JUN29ROYWEN-ROY,Valentin Royer,Harry Wendelken,4-6 5-3,40-30,p1,0.6379310344827587,0.7837837837837838,0.47619047619047616,0.3,0.43478260869565216,0.6349206349206349,0.7,0.5652173913043478,0.21621621621621623,0.5238095238095238,0.5881,0.5700000000000001,0.55,
2026-06-30T11:28:23.792507+00:00,KXATPMATCH-26JUN29SHIFAR-FAR,Jaime Faria,Sho Shimabukuro,7-6 6-3 0-0,0-0,p2,0.5806451612903226,0.9444444444444444,0.5,0.2777777777777778,0.3333333333333333,0.5217391304347826,0.7222222222222222,0.6666666666666666,0.05555555555555555,0.5,0.9708,0.9,0.89,
2026-06-30T11:28:45.477860+00:00,KXATPMATCH-26JUN29ROYWEN-ROY,Valentin Royer,Harry Wendelken,4-6 5-3,40-30,p1,0.6379310344827587,0.7837837837837838,0.47619047619047616,0.3,0.43478260869565216,0.6349206349206349,0.7,0.5652173913043478,0.21621621621621623,0.5238095238095238,0.5875,0.5700000000000001,0.55,
2026-06-30T11:28:46.612493+00:00,KXATPMATCH-26JUN29SHIFAR-FAR,Jaime Faria,Sho Shimabukuro,7-6 6-3 0-0,0-0,p2,0.5806451612903226,0.9444444444444444,0.5,0.2777777777777778,0.3333333333333333,0.5217391304347826,0.7222222222222222,0.6666666666666666,0.05555555555555555,0.5,0.9661,0.9,0.89,
2026-06-30T11:29:08.308468+00:00,KXATPMATCH-26JUN29ROYWEN-ROY,Valentin Royer,Harry Wendelken,4-6 5-3,40-30,p1,0.6379310344827587,0.7837837837837838,0.47619047619047616,0.3,0.43478260869565216,0.6349206349206349,0.7,0.5652173913043478,0.21621621621621623,0.5238095238095238,0.5884,0.5700000000000001,0.55,
2026-06-30T11:29:09.606106+00:00,KXATPMATCH-26JUN29SHIFAR-FAR,Jaime Faria,Sho Shimabukuro,7-6 6-3 0-0,0-0,p2,0.5806451612903226,0.9444444444444444,0.5,0.2777777777777778,0.3333333333333333,0.5217391304347826,0.7222222222222222,0.6666666666666666,0.05555555555555555,0.5,0.9659,0.9,0.89,
2026-06-30T11:29:31.219634+00:00,KXATPMATCH-26JUN29ROYWEN-ROY,Valentin Royer,Harry Wendelken,4-6 6-3 0-0,0-0,p2,0.6379310344827587,0.7837837837837838,0.47619047619047616,0.3,0.43478260869565216,0.6349206349206349,0.7,0.5652173913043478,0.21621621621621623,0.5238095238095238,0.6093,0.5800000000000001,0.56,
2026-06-30T11:29:32.386673+00:00,KXATPMATCH-26JUN29SHIFAR-FAR,Jaime Faria,Sho Shimabukuro,7-6 6-3 0-0,0-0,p2,0.5806451612903226,0.9444444444444444,0.5,0.2777777777777778,0.3333333333333333,0.5217391304347826,0.7222222222222222,0.6666666666666666,0.05555555555555555,0.5,0.9683,0.9,0.89,
2026-06-30T11:29:54.060269+00:00,KXATPMATCH-26JUN29ROYWEN-ROY,Valentin Royer,Harry Wendelken,4-6 6-3 0-0,0-0,p2,0.6271186440677966,0.7837837837837838,0.5454545454545454,0.3,0.43478260869565216,0.6349206349206349,0.7,0.5652173913043478,0.21621621621621623,0.45454545454545453,0.696,0.5800000000000001,0.56,
2026-06-30T11:29:55.119790+00:00,KXATPMATCH-26JUN29SHIFAR-FAR,Jaime Faria,Sho Shimabukuro,7-6 6-3 0-0,0-0,p2,0.5806451612903226,0.9444444444444444,0.5,0.2777777777777778,0.3333333333333333,0.5217391304347826,0.7222222222222222,0.6666666666666666,0.05555555555555555,0.5,0.9655,0.9,0.89,
2026-06-30T11:30:16.909383+00:00,KXATPMATCH-26JUN29ROYWEN-ROY,Valentin Royer,Harry Wendelken,4-6 6-3 0-0,0-0,p2,0.6271186440677966,0.7837837837837838,0.5454545454545454,0.3,0.43478260869565216,0.6349206349206349,0.7,0.5652173913043478,0.21621621621621623,0.45454545454545453,0.6975,0.5800000000000001,0.56,
2026-06-30T11:30:17.959847+00:00,KXATPMATCH-26JUN29SHIFAR-FAR,Jaime Faria,Sho Shimabukuro,7-6 6-3 0-0,0-0,p2,0.5806451612903226,0.9444444444444444,0.5,0.2777777777777778,0.3333333333333333,0.5217391304347826,0.7222222222222222,0.6666666666666666,0.05555555555555555,0.5,0.9666,0.9,0.89,
2026-06-30T11:30:39.536705+00:00,KXATPMATCH-26JUN29ROYWEN-ROY,Valentin Royer,Harry Wendelken,4-6 6-3 0-0,0-0,p2,0.6271186440677966,0.7837837837837838,0.5454545454545454,0.3,0.43478260869565216,0.6349206349206349,0.7,0.5652173913043478,0.21621621621621623,0.45454545454545453,0.7018,0.5800000000000001,0.56,
2026-06-30T11:30:40.835007+00:00,KXATPMATCH-26JUN29SHIFAR-FAR,Jaime Faria,Sho Shimabukuro,7-6 6-3 0-0,0-0,p2,0.5806451612903226,0.9444444444444444,0.5,0.2777777777777778,0.3333333333333333,0.5217391304347826,0.7222222222222222,0.6666666666666666,0.05555555555555555,0.5,0.9651,0.9,0.88,
2026-06-30T11:31:02.401011+00:00,KXATPMATCH-26JUN29ROYWEN-ROY,Valentin Royer,Harry Wendelken,4-6 6-3 0-0,0-0,p2,0.6271186440677966,0.7837837837837838,0.5454545454545454,0.3,0.43478260869565216,0.6349206349206349,0.7,0.5652173913043478,0.21621621621621623,0.45454545454545453,0.6953,0.5800000000000001,0.56,
2026-06-30T11:31:03.458912+00:00,KXATPMATCH-26JUN29SHIFAR-FAR,Jaime Faria,Sho Shimabukuro,7-6 6-3 0-0,0-0,p2,0.5806451612903226,0.9444444444444444,0.5,0.2777777777777778,0.3333333333333333,0.5217391304347826,0.7222222222222222,0.6666666666666666,0.05555555555555555,0.5,0.9643,0.9,0.88,
2026-06-30T11:31:25.179665+00:00,KXATPMATCH-26JUN29ROYWEN-ROY,Valentin Royer,Harry Wendelken,4-6 6-3 0-0,0-0,p2,0.6271186440677966,0.7837837837837838,0.5454545454545454,0.3,0.43478260869565216,0.6349206349206349,0.7,0.5652173913043478,0.21621621621621623,0.45454545454545453,0.7014,0.5800000000000001,0.57,
2026-06-30T11:31:26.383958+00:00,KXATPMATCH-26JUN29SHIFAR-FAR,Jaime Faria,Sho Shimabukuro,7-6 6-3 0-0,0-0,p2,0.5806451612903226,0.9444444444444444,0.5,0.2777777777777778,0.3333333333333333,0.5217391304347826,0.7222222222222222,0.6666666666666666,0.05555555555555555,0.5,0.9673,0.9,0.88,
2026-06-30T11:31:48.044153+00:00,KXATPMATCH-26JUN29ROYWEN-ROY,Valentin Royer,Harry Wendelken,4-6 6-3 0-0,0-0,p2,0.6271186440677966,0.7837837837837838,0.5454545454545454,0.3,0.43478260869565216,0.6349206349206349,0.7,0.5652173913043478,0.21621621621621623,0.45454545454545453,0.7051,0.5800000000000001,0.57,
2026-06-30T11:31:49.277625+00:00,KXATPMATCH-26JUN29SHIFAR-FAR,Jaime Faria,Sho Shimabukuro,7-6 6-3 0-0,0-0,p2,0.5806451612903226,0.9444444444444444,0.5,0.2777777777777778,0.3333333333333333,0.5217391304347826,0.7222222222222222,0.6666666666666666,0.05555555555555555,0.5,0.9649,0.9,0.88,
2026-06-30T11:32:10.961822+00:00,KXATPMATCH-26JUN29ROYWEN-ROY,Valentin Royer,Harry Wendelken,4-6 6-3 0-0,0-0,p2,0.6271186440677966,0.7837837837837838,0.5454545454545454,0.3,0.43478260869565216,0.6349206349206349,0.7,0.5652173913043478,0.21621621621621623,0.45454545454545453,0.6934,0.6,0.57,
2026-06-30T11:32:12.758425+00:00,KXATPMATCH-26JUN29SHIFAR-FAR,Jaime Faria,Sho Shimabukuro,7-6 6-3 0-0,0-15,p2,0.5806451612903226,0.9444444444444444,0.5,0.2777777777777778,0.3333333333333333,0.5217391304347826,0.7222222222222222,0.6666666666666666,0.05555555555555555,0.5,0.9603,0.89,0.88,
2026-06-30T11:32:34.458548+00:00,KXATPMATCH-26JUN29ROYWEN-ROY,Valentin Royer,Harry Wendelken,4-6 6-3 0-0,0-0,p2,0.6271186440677966,0.7837837837837838,0.5454545454545454,0.3,0.43478260869565216,0.6349206349206349,0.7,0.5652173913043478,0.21621621621621623,0.45454545454545453,0.7081,0.5800000000000001,0.57,
2026-06-30T11:32:35.399174+00:00,KXATPMATCH-26JUN29SHIFAR-FAR,Jaime Faria,Sho Shimabukuro,7-6 6-3 0-0,15-15,p2,0.5806451612903226,0.9444444444444444,0.5769230769230769,0.2702702702702703,0.36363636363636365,0.5285714285714286,0.7297297297297297,0.6363636363636364,0.05555555555555555,0.4230769230769231,0.9894,0.9,0.89,
2026-06-30T11:32:57.000505+00:00,KXATPMATCH-26JUN29ROYWEN-ROY,Valentin Royer,Harry Wendelken,4-6 6-3 0-0,0-15,p2,0.6271186440677966,0.7837837837837838,0.5454545454545454,0.3,0.4583333333333333,0.625,0.7,0.5416666666666666,0.21621621621621623,0.45454545454545453,0.7312,0.5700000000000001,0.56,
2026-06-30T11:32:58.064246+00:00,KXATPMATCH-26JUN29SHIFAR-FAR,Jaime Faria,Sho Shimabukuro,7-6 6-3 0-0,30-15,p2,0.5806451612903226,0.9444444444444444,0.5769230769230769,0.2894736842105263,0.35294117647058826,0.5277777777777778,0.7105263157894737,0.6470588235294118,0.05555555555555555,0.4230769230769231,0.9915,0.92,0.91,
2026-06-30T11:33:19.621216+00:00,KXATPMATCH-26JUN29ROYWEN-ROY,Valentin Royer,Harry Wendelken,4-6 6-3 0-0,15-15,p2,0.6271186440677966,0.7837837837837838,0.5454545454545454,0.3170731707317073,0.4166666666666667,0.6307692307692307,0.6829268292682927,0.5833333333333334,0.21621621621621623,0.45454545454545453,0.7298,0.5900000000000001,0.57,
2026-06-30T11:33:20.510470+00:00,KXATPMATCH-26JUN29SHIFAR-FAR,Jaime Faria,Sho Shimabukuro,7-6 6-3 0-0,30-30,p2,0.5806451612903226,0.9444444444444444,0.5769230769230769,0.2894736842105263,0.35294117647058826,0.5277777777777778,0.7105263157894737,0.6470588235294118,0.05555555555555555,0.4230769230769231,0.9923,0.91,0.9,
2026-06-30T11:33:42.093775+00:00,KXATPMATCH-26JUN29ROYWEN-ROY,Valentin Royer,Harry Wendelken,4-6 6-3 0-0,15-15,p2,0.6271186440677966,0.7837837837837838,0.5454545454545454,0.3170731707317073,0.4166666666666667,0.6307692307692307,0.6829268292682927,0.5833333333333334,0.21621621621621623,0.45454545454545453,0.7269,0.5700000000000001,0.55,
2026-06-30T11:34:03.735050+00:00,KXATPMATCH-26JUN29ROYWEN-ROY,Valentin Royer,Harry Wendelken,4-6 6-3 0-0,15-30,p2,0.6271186440677966,0.7837837837837838,0.5454545454545454,0.3170731707317073,0.4166666666666667,0.6307692307692307,0.6829268292682927,0.5833333333333334,0.21621621621621623,0.45454545454545453,0.7039,0.56,0.55,
2026-06-30T11:34:04.564188+00:00,KXATPMATCH-26JUN29SHIFAR-FAR,Jaime Faria,Sho Shimabukuro,7-6 6-3 0-1,0-0,p1,0.5806451612903226,0.9444444444444444,0.5769230769230769,0.275,0.4117647058823529,0.5405405405405406,0.725,0.5882352941176471,0.05555555555555555,0.4230769230769231,0.9948,0.9,0.88,
2026-06-30T11:34:26.196287+00:00,KXATPMATCH-26JUN29ROYWEN-ROY,Valentin Royer,Harry Wendelken,4-6 6-3 0-0,15-40,p2,0.6271186440677966,0.7837837837837838,0.5454545454545454,0.30952380952380953,0.4583333333333333,0.6363636363636364,0.6904761904761905,0.5416666666666666,0.21621621621621623,0.45454545454545453,0.7448,0.55,0.54,
2026-06-30T11:34:27.161135+00:00,KXATPMATCH-26JUN29SHIFAR-FAR,Jaime Faria,Sho Shimabukuro,7-6 6-3 0-1,0-0,p1,0.5806451612903226,0.9444444444444444,0.5769230769230769,0.275,0.37142857142857144,0.5333333333333333,0.725,0.6285714285714286,0.05555555555555555,0.4230769230769231,0.9901,0.9,0.88,
2026-06-30T11:34:48.938233+00:00,KXATPMATCH-26JUN29ROYWEN-ROY,Valentin Royer,Harry Wendelken,4-6 6-3 0-1,0-0,p1,0.6271186440677966,0.7837837837837838,0.5454545454545454,0.29545454545454547,0.4583333333333333,0.6470588235294118,0.7045454545454546,0.5416666666666666,0.21621621621621623,0.45454545454545453,0.6976,0.54,0.53,
2026-06-30T11:34:49.872731+00:00,KXATPMATCH-26JUN29SHIFAR-FAR,Jaime Faria,Sho Shimabukuro,7-6 6-3 0-1,0-0,p1,0.5806451612903226,0.9444444444444444,0.5769230769230769,0.275,0.37142857142857144,0.5333333333333333,0.725,0.6285714285714286,0.05555555555555555,0.4230769230769231,0.9895,0.9,0.88,
2026-06-30T11:35:11.558209+00:00,KXATPMATCH-26JUN29ROYWEN-ROY,Valentin Royer,Harry Wendelken,4-6 6-3 0-1,0-0,p1,0.6271186440677966,0.7837837837837838,0.5454545454545454,0.29545454545454547,0.4583333333333333,0.6470588235294118,0.7045454545454546,0.5416666666666666,0.21621621621621623,0.45454545454545453,0.7042,0.54,0.53,
2026-06-30T11:35:12.511739+00:00,KXATPMATCH-26JUN29SHIFAR-FAR,Jaime Faria,Sho Shimabukuro,7-6 6-3 0-1,0-0,p1,0.5806451612903226,0.9444444444444444,0.5769230769230769,0.275,0.37142857142857144,0.5333333333333333,0.725,0.6285714285714286,0.05555555555555555,0.4230769230769231,0.9888,0.9,0.88,
2026-06-30T11:35:34.075650+00:00,KXATPMATCH-26JUN29ROYWEN-ROY,Valentin Royer,Harry Wendelken,4-6 6-3 0-1,0-0,p1,0.6271186440677966,0.7837837837837838,0.5454545454545454,0.29545454545454547,0.4583333333333333,0.6470588235294118,0.7045454545454546,0.5416666666666666,0.21621621621621623,0.45454545454545453,0.6937,0.51,0.5,
2026-06-30T11:35:35.020740+00:00,KXATPMATCH-26JUN29SHIFAR-FAR,Jaime Faria,Sho Shimabukuro,7-6 6-3 0-1,15-0,p1,0.5806451612903226,0.9444444444444444,0.5769230769230769,0.275,0.37142857142857144,0.5333333333333333,0.725,0.6285714285714286,0.05555555555555555,0.4230769230769231,0.9905,0.9,0.89,
2026-06-30T11:35:56.619189+00:00,KXATPMATCH-26JUN29ROYWEN-ROY,Valentin Royer,Harry Wendelken,4-6 6-3 0-1,15-15,p1,0.6333333333333333,0.7631578947368421,0.5454545454545454,0.29545454545454547,0.4166666666666667,0.6470588235294118,0.7045454545454546,0.5833333333333334,0.23684210526315788,0.45454545454545453,0.569,0.54,0.52,
2026-06-30T11:35:57.611262+00:00,KXATPMATCH-26JUN29SHIFAR-FAR,Jaime Faria,Sho Shimabukuro,7-6 6-3 0-1,15-0,p1,0.5873015873015873,0.9459459459459459,0.5384615384615384,0.275,0.34285714285714286,0.5333333333333333,0.725,0.6571428571428571,0.05405405405405406,0.46153846153846156,0.978,0.89,0.88,
2026-06-30T11:36:19.188138+00:00,KXATPMATCH-26JUN29ROYWEN-ROY,Valentin Royer,Harry Wendelken,4-6 6-3 0-1,15-15,p1,0.639344262295082,0.7692307692307693,0.5,0.29545454545454547,0.4166666666666667,0.6470588235294118,0.7045454545454546,0.5833333333333334,0.23076923076923078,0.5,0.5256,0.54,0.52,
2026-06-30T11:36:20.181910+00:00,KXATPMATCH-26JUN29SHIFAR-FAR,Jaime Faria,Sho Shimabukuro,7-6 6-3 0-1,30-15,p1,0.578125,0.9459459459459459,0.5555555555555556,0.275,0.34285714285714286,0.5333333333333333,0.725,0.6571428571428571,0.05405405405405406,0.4444444444444444,0.9814,0.89,0.88,
2026-06-30T11:36:41.788999+00:00,KXATPMATCH-26JUN29ROYWEN-ROY,Valentin Royer,Harry Wendelken,4-6 6-3 0-1,15-30,p1,0.6290322580645161,0.7692307692307693,0.5217391304347826,0.29545454545454547,0.4166666666666667,0.6470588235294118,0.7045454545454546,0.5833333333333334,0.23076923076923078,0.4782608695652174,0.5124,0.5,0.49,
2026-06-30T11:36:42.813799+00:00,KXATPMATCH-26JUN29SHIFAR-FAR,Jaime Faria,Sho Shimabukuro,7-6 6-3 0-1,30-15,p1,0.5846153846153846,0.9473684210526315,0.5185185185185185,0.275,0.34285714285714286,0.5333333333333333,0.725,0.6571428571428571,0.05263157894736842,0.48148148148148145,0.9751,0.9,0.89,
2026-06-30T11:37:04.389316+00:00,KXATPMATCH-26JUN29ROYWEN-ROY,Valentin Royer,Harry Wendelken,4-6 6-3 0-1,15-30,p1,0.6290322580645161,0.7692307692307693,0.5217391304347826,0.29545454545454547,0.4166666666666667,0.6470588235294118,0.7045454545454546,0.5833333333333334,0.23076923076923078,0.4782608695652174,0.522,0.53,0.52,
2026-06-30T11:37:05.384281+00:00,KXATPMATCH-26JUN29SHIFAR-FAR,Jaime Faria,Sho Shimabukuro,7-6 6-3 0-1,40-15,p1,0.5909090909090909,0.9487179487179487,0.5185185185185185,0.275,0.34285714285714286,0.5333333333333333,0.725,0.6571428571428571,0.05128205128205128,0.48148148148148145,0.9759,0.9,0.89,
2026-06-30T11:37:27.080643+00:00,KXATPMATCH-26JUN29ROYWEN-ROY,Valentin Royer,Harry Wendelken,4-6 6-3 0-1,30-30,p1,0.6190476190476191,0.7692307692307693,0.5,0.29545454545454547,0.4166666666666667,0.6470588235294118,0.7045454545454546,0.5833333333333334,0.23076923076923078,0.5,0.4965,0.52,0.5,
2026-06-30T11:37:28.048330+00:00,KXATPMATCH-26JUN29SHIFAR-FAR,Jaime Faria,Sho Shimabukuro,7-6 6-3 1-1,0-0,p2,0.582089552238806,0.9487179487179487,0.5357142857142857,0.275,0.34285714285714286,0.5333333333333333,0.725,0.6571428571428571,0.05128205128205128,0.4642857142857143,0.9786,0.91,0.9,
2026-06-30T11:37:49.815161+00:00,KXATPMATCH-26JUN29ROYWEN-ROY,Valentin Royer,Harry Wendelken,4-6 6-3 0-1,30-30,p1,0.6190476190476191,0.7692307692307693,0.5,0.29545454545454547,0.4166666666666667,0.6470588235294118,0.7045454545454546,0.5833333333333334,0.23076923076923078,0.5,0.4886,0.48,0.47,
2026-06-30T11:37:50.796946+00:00,KXATPMATCH-26JUN29SHIFAR-FAR,Jaime Faria,Sho Shimabukuro,7-6 6-3 1-1,0-0,p2,0.582089552238806,0.9487179487179487,0.5357142857142857,0.275,0.34285714285714286,0.5333333333333333,0.725,0.6571428571428571,0.05128205128205128,0.4642857142857143,0.9797,0.91,0.9,
2026-06-30T11:38:12.369415+00:00,KXATPMATCH-26JUN29ROYWEN-ROY,Valentin Royer,Harry Wendelken,4-6 6-3 0-1,30-40,p1,0.625,0.75,0.5416666666666666,0.29545454545454547,0.4166666666666667,0.6470588235294118,0.7045454545454546,0.5833333333333334,0.25,0.4583333333333333,0.4726,0.5,0.48,
2026-06-30T11:38:13.198753+00:00,KXATPMATCH-26JUN29SHIFAR-FAR,Jaime Faria,Sho Shimabukuro,7-6 6-3 1-1,15-0,p2,0.582089552238806,0.9487179487179487,0.5714285714285714,0.275,0.3611111111111111,0.5263157894736842,0.725,0.6388888888888888,0.05128205128205128,0.42857142857142855,0.9912,0.92,0.9,
2026-06-30T11:38:34.790952+00:00,KXATPMATCH-26JUN29ROYWEN-ROY,Valentin Royer,Harry Wendelken,4-6 6-3 0-1,30-40,p1,0.625,0.75,0.5416666666666666,0.29545454545454547,0.4166666666666667,0.6470588235294118,0.7045454545454546,0.5833333333333334,0.25,0.4583333333333333,0.4563,0.43000000000000005,0.4,
2026-06-30T11:38:35.617994+00:00,KXATPMATCH-26JUN29SHIFAR-FAR,Jaime Faria,Sho Shimabukuro,7-6 6-3 1-1,15-0,p2,0.582089552238806,0.9487179487179487,0.5714285714285714,0.275,0.3611111111111111,0.5263157894736842,0.725,0.6388888888888888,0.05128205128205128,0.42857142857142855,0.9906,0.92,0.91,
2026-06-30T11:38:57.231737+00:00,KXATPMATCH-26JUN29ROYWEN-ROY,Valentin Royer,Harry Wendelken,4-6 6-3 0-1,40-40,p1,0.625,0.75,0.5416666666666666,0.29545454545454547,0.4166666666666667,0.6470588235294118,0.7045454545454546,0.5833333333333334,0.25,0.4583333333333333,0.5084,0.53,0.51,
2026-06-30T11:38:58.074488+00:00,KXATPMATCH-26JUN29SHIFAR-FAR,Jaime Faria,Sho Shimabukuro,7-6 6-3 1-1,15-15,p2,0.582089552238806,0.9487179487179487,0.5714285714285714,0.275,0.3783783783783784,0.5194805194805194,0.725,0.6216216216216216,0.05128205128205128,0.42857142857142855,0.9926,0.91,0.9,
2026-06-30T11:39:19.692926+00:00,KXATPMATCH-26JUN29ROYWEN-ROY,Valentin Royer,Harry Wendelken,4-6 6-3 0-1,40-40,p1,0.6153846153846154,0.75,0.56,0.29545454545454547,0.4166666666666667,0.6470588235294118,0.7045454545454546,0.5833333333333334,0.25,0.44,0.5425,0.56,0.55,
2026-06-30T11:39:20.702234+00:00,KXATPMATCH-26JUN29SHIFAR-FAR,Jaime Faria,Sho Shimabukuro,7-6 6-3 1-1,15-30,p2,0.582089552238806,0.9487179487179487,0.5714285714285714,0.2682926829268293,0.3783783783783784,0.5256410256410257,0.7317073170731707,0.6216216216216216,0.05128205128205128,0.42857142857142855,0.9893,0.91,0.89,
2026-06-30T11:39:42.324160+00:00,KXATPMATCH-26JUN29ROYWEN-ROY,Valentin Royer,Harry Wendelken,4-6 6-3 0-1,Ad-40,p1,0.6212121212121212,0.7560975609756098,0.52,0.29545454545454547,0.4166666666666667,0.6470588235294118,0.7045454545454546,0.5833333333333334,0.24390243902439024,0.48,0.5169,0.56,0.54,
2026-06-30T11:39:43.210012+00:00,KXATPMATCH-26JUN29SHIFAR-FAR,Jaime Faria,Sho Shimabukuro,7-6 6-3 1-1,15-40,p2,0.582089552238806,0.9487179487179487,0.5714285714285714,0.2682926829268293,0.3783783783783784,0.5256410256410257,0.7317073170731707,0.6216216216216216,0.05128205128205128,0.42857142857142855,0.9917,0.9,0.88,
2026-06-30T11:40:06.100051+00:00,KXATPMATCH-26JUN29ROYWEN-ROY,Valentin Royer,Harry Wendelken,4-6 6-3 1-1,0-0,p2,0.6268656716417911,0.7619047619047619,0.52,0.29545454545454547,0.4166666666666667,0.6470588235294118,0.7045454545454546,0.5833333333333334,0.23809523809523808,0.48,0.5502,0.5700000000000001,0.56,
2026-06-30T11:40:06.923431+00:00,KXATPMATCH-26JUN29SHIFAR-FAR,Jaime Faria,Sho Shimabukuro,7-6 6-3 1-2,0-0,p1,0.582089552238806,0.9487179487179487,0.5714285714285714,0.2682926829268293,0.3684210526315789,0.5189873417721519,0.7317073170731707,0.631578947368421,0.05128205128205128,0.42857142857142855,0.988,0.9,0.88,
2026-06-30T11:40:28.442890+00:00,KXATPMATCH-26JUN29ROYWEN-ROY,Valentin Royer,Harry Wendelken,4-6 6-3 1-1,0-0,p2,0.6268656716417911,0.7619047619047619,0.52,0.29545454545454547,0.4166666666666667,0.6470588235294118,0.7045454545454546,0.5833333333333334,0.23809523809523808,0.48,0.5484,0.5800000000000001,0.56,
2026-06-30T11:40:29.249754+00:00,KXATPMATCH-26JUN29SHIFAR-FAR,Jaime Faria,Sho Shimabukuro,7-6 6-3 1-2,0-0,p1,0.582089552238806,0.9487179487179487,0.5714285714285714,0.2619047619047619,0.3684210526315789,0.525,0.7380952380952381,0.631578947368421,0.05128205128205128,0.42857142857142855,0.9892,0.9,0.88,
2026-06-30T11:40:50.833033+00:00,KXATPMATCH-26JUN29ROYWEN-ROY,Valentin Royer,Harry Wendelken,4-6 6-3 1-1,0-15,p2,0.6268656716417911,0.7619047619047619,0.52,0.29545454545454547,0.4166666666666667,0.6470588235294118,0.7045454545454546,0.5833333333333334,0.23809523809523808,0.48,0.5352,0.56,0.55,
2026-06-30T11:40:51.697816+00:00,KXATPMATCH-26JUN29SHIFAR-FAR,Jaime Faria,Sho Shimabukuro,7-6 6-3 1-2,0-0,p1,0.582089552238806,0.9487179487179487,0.5714285714285714,0.2619047619047619,0.3684210526315789,0.525,0.7380952380952381,0.631578947368421,0.05128205128205128,0.42857142857142855,0.9897,0.9,0.88,
2026-06-30T11:41:13.311653+00:00,KXATPMATCH-26JUN29ROYWEN-ROY,Valentin Royer,Harry Wendelken,4-6 6-3 1-1,0-15,p2,0.6268656716417911,0.7619047619047619,0.56,0.28888888888888886,0.4583333333333333,0.6521739130434783,0.7111111111111111,0.5416666666666666,0.23809523809523808,0.44,0.6461,0.55,0.53,
2026-06-30T11:41:14.268103+00:00,KXATPMATCH-26JUN29SHIFAR-FAR,Jaime Faria,Sho Shimabukuro,7-6 6-3 1-2,0-0,p1,0.582089552238806,0.9487179487179487,0.5714285714285714,0.2619047619047619,0.3684210526315789,0.525,0.7380952380952381,0.631578947368421,0.05128205128205128,0.42857142857142855,0.9875,0.89,0.88,
2026-06-30T11:41:35.713544+00:00,KXATPMATCH-26JUN29ROYWEN-ROY,Valentin Royer,Harry Wendelken,4-6 6-3 1-1,0-30,p2,0.6268656716417911,0.7619047619047619,0.56,0.2826086956521739,0.4583333333333333,0.6571428571428571,0.717391304347826,0.5416666666666666,0.23809523809523808,0.44,0.6157,0.55,0.54,
2026-06-30T11:41:36.554620+00:00,KXATPMATCH-26JUN29SHIFAR-FAR,Jaime Faria,Sho Shimabukuro,7-6 6-3 1-2,0-0,p1,0.582089552238806,0.9487179487179487,0.5714285714285714,0.2619047619047619,0.3684210526315789,0.525,0.7380952380952381,0.631578947368421,0.05128205128205128,0.42857142857142855,0.9887,0.89,0.88,
2026-06-30T11:41:58.210444+00:00,KXATPMATCH-26JUN29ROYWEN-ROY,Valentin Royer,Harry Wendelken,4-6 6-3 1-1,0-40,p2,0.6268656716417911,0.7619047619047619,0.56,0.2765957446808511,0.4166666666666667,0.6619718309859155,0.723404255319149,0.5833333333333334,0.23809523809523808,0.44,0.5271,0.53,0.52,
2026-06-30T11:41:59.286896+00:00,KXATPMATCH-26JUN29SHIFAR-FAR,Jaime Faria,Sho Shimabukuro,7-6 6-3 1-2,0-15,p1,0.5735294117647058,0.9487179487179487,0.5517241379310345,0.2619047619047619,0.34210526315789475,0.525,0.7380952380952381,0.6578947368421053,0.05128205128205128,0.4482758620689655,0.9743,0.88,0.87,
2026-06-30T11:42:20.928977+00:00,KXATPMATCH-26JUN29ROYWEN-ROY,Valentin Royer,Harry Wendelken,4-6 6-3 1-1,0-40,p2,0.6268656716417911,0.7619047619047619,0.56,0.2765957446808511,0.4166666666666667,0.6619718309859155,0.723404255319149,0.5833333333333334,0.23809523809523808,0.44,0.531,0.53,0.52,
2026-06-30T11:42:21.935217+00:00,KXATPMATCH-26JUN29SHIFAR-FAR,Jaime Faria,Sho Shimabukuro,7-6 6-3 1-2,15-15,p1,0.5797101449275363,0.95,0.5517241379310345,0.2619047619047619,0.34210526315789475,0.525,0.7380952380952381,0.6578947368421053,0.05,0.4482758620689655,0.9771,0.87,0.86,
2026-06-30T11:42:43.463638+00:00,KXATPMATCH-26JUN29ROYWEN-ROY,Valentin Royer,Harry Wendelken,4-6 6-3 1-1,0-40,p2,0.6268656716417911,0.7619047619047619,0.56,0.2765957446808511,0.4166666666666667,0.6619718309859155,0.723404255319149,0.5833333333333334,0.23809523809523808,0.44,0.5216,0.54,0.53,
2026-06-30T11:42:44.456807+00:00,KXATPMATCH-26JUN29SHIFAR-FAR,Jaime Faria,Sho Shimabukuro,7-6 6-3 1-2,15-30,p1,0.5857142857142857,0.926829268292683,0.5517241379310345,0.2619047619047619,0.34210526315789475,0.525,0.7380952380952381,0.6578947368421053,0.07317073170731707,0.4482758620689655,0.9609,0.87,0.86,
2026-06-30T11:43:06.012705+00:00,KXATPMATCH-26JUN29ROYWEN-ROY,Valentin Royer,Harry Wendelken,4-6 6-3 1-1,15-40,p2,0.6268656716417911,0.7619047619047619,0.56,0.2765957446808511,0.44,0.6527777777777778,0.723404255319149,0.56,0.23809523809523808,0.44,0.5776,0.55,0.54,
2026-06-30T11:43:06.943583+00:00,KXATPMATCH-26JUN29SHIFAR-FAR,Jaime Faria,Sho Shimabukuro,7-6 6-3 1-2,30-30,p1,0.5915492957746479,0.9285714285714286,0.5172413793103449,0.2619047619047619,0.34210526315789475,0.525,0.7380952380952381,0.6578947368421053,0.07142857142857142,0.4827586206896552,0.9586,0.87,0.86,
2026-06-30T11:43:28.441034+00:00,KXATPMATCH-26JUN29ROYWEN-ROY,Valentin Royer,Harry Wendelken,4-6 6-3 1-2,0-0,p1,0.6268656716417911,0.7619047619047619,0.56,0.2708333333333333,0.48,0.6575342465753424,0.7291666666666666,0.52,0.23809523809523808,0.44,0.6059,0.54,0.53,
2026-06-30T11:43:29.344981+00:00,KXATPMATCH-26JUN29SHIFAR-FAR,Jaime Faria,Sho Shimabukuro,7-6 6-3 1-2,40-30,p1,0.5915492957746479,0.9285714285714286,0.5172413793103449,0.2619047619047619,0.34210526315789475,0.525,0.7380952380952381,0.6578947368421053,0.07142857142857142,0.4827586206896552,0.9616,0.9,0.88,
2026-06-30T11:43:50.851368+00:00,KXATPMATCH-26JUN29ROYWEN-ROY,Valentin Royer,Harry Wendelken,4-6 6-3 1-2,0-0,p1,0.6268656716417911,0.7619047619047619,0.56,0.2708333333333333,0.48,0.6575342465753424,0.7291666666666666,0.52,0.23809523809523808,0.44,0.6106,0.54,0.53,
2026-06-30T11:43:51.730401+00:00,KXATPMATCH-26JUN29SHIFAR-FAR,Jaime Faria,Sho Shimabukuro,7-6 6-3 1-2,40-30,p1,0.5833333333333334,0.9285714285714286,0.5333333333333333,0.2619047619047619,0.34210526315789475,0.525,0.7380952380952381,0.6578947368421053,0.07142857142857142,0.4666666666666667,0.9668,0.88,0.87,
2026-06-30T11:44:13.212582+00:00,KXATPMATCH-26JUN29ROYWEN-ROY,Valentin Royer,Harry Wendelken,4-6 6-3 1-2,0-0,p1,0.6268656716417911,0.7619047619047619,0.56,0.2708333333333333,0.48,0.6575342465753424,0.7291666666666666,0.52,0.23809523809523808,0.44,0.6098,0.54,0.53,
2026-06-30T11:44:14.416947+00:00,KXATPMATCH-26JUN29SHIFAR-FAR,Jaime Faria,Sho Shimabukuro,7-6 6-3 1-2,40-40,p1,0.5753424657534246,0.9285714285714286,0.5483870967741935,0.2619047619047619,0.34210526315789475,0.525,0.7380952380952381,0.6578947368421053,0.07142857142857142,0.45161290322580644,0.9678,0.85,0.84,
2026-06-30T11:44:35.990724+00:00,KXATPMATCH-26JUN29ROYWEN-ROY,Valentin Royer,Harry Wendelken,4-6 6-3 1-2,0-0,p1,0.6268656716417911,0.7619047619047619,0.56,0.2708333333333333,0.48,0.6575342465753424,0.7291666666666666,0.52,0.23809523809523808,0.44,0.5995,0.55,0.53,
2026-06-30T11:44:37.024888+00:00,KXATPMATCH-26JUN29SHIFAR-FAR,Jaime Faria,Sho Shimabukuro,7-6 6-3 1-2,40-Ad,p1,0.581081081081081,0.9069767441860465,0.5483870967741935,0.2619047619047619,0.34210526315789475,0.525,0.7380952380952381,0.6578947368421053,0.09302325581395349,0.45161290322580644,0.9423,0.85,0.83,
2026-06-30T11:44:58.565333+00:00,KXATPMATCH-26JUN29ROYWEN-ROY,Valentin Royer,Harry Wendelken,4-6 6-3 1-2,0-0,p1,0.6268656716417911,0.7619047619047619,0.56,0.2708333333333333,0.48,0.6575342465753424,0.7291666666666666,0.52,0.23809523809523808,0.44,0.6022,0.52,0.51,
2026-06-30T11:44:59.595320+00:00,KXATPMATCH-26JUN29SHIFAR-FAR,Jaime Faria,Sho Shimabukuro,7-6 6-3 1-2,40-40,p1,0.581081081081081,0.9069767441860465,0.5483870967741935,0.2619047619047619,0.34210526315789475,0.525,0.7380952380952381,0.6578947368421053,0.09302325581395349,0.45161290322580644,0.9531,0.87,0.86,
2026-06-30T11:45:21.138532+00:00,KXATPMATCH-26JUN29ROYWEN-ROY,Valentin Royer,Harry Wendelken,4-6 6-3 1-2,0-15,p1,0.6176470588235294,0.7619047619047619,0.5384615384615384,0.2708333333333333,0.44,0.6575342465753424,0.7291666666666666,0.56,0.23809523809523808,0.46153846153846156,0.4799,0.51,0.49,
2026-06-30T11:45:22.146393+00:00,KXATPMATCH-26JUN29SHIFAR-FAR,Jaime Faria,Sho Shimabukuro,7-6 6-3 1-2,40-40,p1,0.5866666666666667,0.9090909090909091,0.5161290322580645,0.2619047619047619,0.34210526315789475,0.525,0.7380952380952381,0.6578947368421053,0.09090909090909091,0.4838709677419355,0.945,0.9,0.88,
2026-06-30T11:45:43.795446+00:00,KXATPMATCH-26JUN29ROYWEN-ROY,Valentin Royer,Harry Wendelken,4-6 6-3 1-2,0-30,p1,0.6231884057971014,0.7441860465116279,0.5384615384615384,0.2708333333333333,0.44,0.6575342465753424,0.7291666666666666,0.56,0.2558139534883721,0.46153846153846156,0.3927,0.47,0.46,
2026-06-30T11:45:44.765744+00:00,KXATPMATCH-26JUN29SHIFAR-FAR,Jaime Faria,Sho Shimabukuro,7-6 6-3 2-2,0-0,p2,0.5921052631578947,0.9111111111111111,0.5161290322580645,0.2619047619047619,0.34210526315789475,0.525,0.7380952380952381,0.6578947368421053,0.08888888888888889,0.4838709677419355,0.9561,0.89,0.88,
2026-06-30T11:46:06.232395+00:00,KXATPMATCH-26JUN29ROYWEN-ROY,Valentin Royer,Harry Wendelken,4-6 6-3 1-2,0-30,p1,0.6231884057971014,0.7441860465116279,0.5384615384615384,0.2708333333333333,0.44,0.6575342465753424,0.7291666666666666,0.56,0.2558139534883721,0.46153846153846156,0.3961,0.5,0.48,
2026-06-30T11:46:07.200240+00:00,KXATPMATCH-26JUN29SHIFAR-FAR,Jaime Faria,Sho Shimabukuro,7-6 6-3 2-2,0-0,p2,0.5974025974025974,0.9130434782608695,0.4838709677419355,0.2619047619047619,0.34210526315789475,0.525,0.7380952380952381,0.6578947368421053,0.08695652173913043,0.5161290322580645,0.9473,0.9,0.88,
2026-06-30T11:46:28.752999+00:00,KXATPMATCH-26JUN29ROYWEN-ROY,Valentin Royer,Harry Wendelken,4-6 6-3 1-2,15-30,p1,0.6285714285714286,0.75,0.5,0.2708333333333333,0.44,0.6575342465753424,0.7291666666666666,0.56,0.25,0.5,0.3728,0.48,0.46,
2026-06-30T11:46:29.614892+00:00,KXATPMATCH-26JUN29SHIFAR-FAR,Jaime Faria,Sho Shimabukuro,7-6 6-3 2-2,0-15,p2,0.5974025974025974,0.9130434782608695,0.5483870967741935,0.2558139534883721,0.3684210526315789,0.5308641975308642,0.7441860465116279,0.631578947368421,0.08695652173913043,0.45161290322580644,0.9762,0.89,0.88,
2026-06-30T11:46:51.186828+00:00,KXATPMATCH-26JUN29ROYWEN-ROY,Valentin Royer,Harry Wendelken,4-6 6-3 1-2,30-30,p1,0.6338028169014085,0.7555555555555555,0.5,0.2708333333333333,0.44,0.6575342465753424,0.7291666666666666,0.56,0.24444444444444444,0.5,0.4187,0.53,0.52,
2026-06-30T11:46:52.095954+00:00,KXATPMATCH-26JUN29SHIFAR-FAR,Jaime Faria,Sho Shimabukuro,7-6 6-3 2-2,0-30,p2,0.5974025974025974,0.9130434782608695,0.5483870967741935,0.25,0.3684210526315789,0.5365853658536586,0.75,0.631578947368421,0.08695652173913043,0.45161290322580644,0.9685,0.89,0.88,
2026-06-30T11:47:13.573280+00:00,KXATPMATCH-26JUN29ROYWEN-ROY,Valentin Royer,Harry Wendelken,4-6 6-3 1-2,30-30,p1,0.6338028169014085,0.7555555555555555,0.5,0.2708333333333333,0.44,0.6575342465753424,0.7291666666666666,0.56,0.24444444444444444,0.5,0.4178,0.52,0.48,
2026-06-30T11:47:14.416331+00:00,KXATPMATCH-26JUN29SHIFAR-FAR,Jaime Faria,Sho Shimabukuro,7-6 6-3 2-2,15-30,p2,0.5974025974025974,0.9130434782608695,0.5483870967741935,0.25,0.358974358974359,0.5301204819277109,0.75,0.6410256410256411,0.08695652173913043,0.45161290322580644,0.9664,0.89,0.88,
2026-06-30T11:47:35.918253+00:00,KXATPMATCH-26JUN29ROYWEN-ROY,Valentin Royer,Harry Wendelken,4-6 6-3 1-2,40-30,p1,0.625,0.7555555555555555,0.5185185185185185,0.2708333333333333,0.44,0.6575342465753424,0.7291666666666666,0.56,0.24444444444444444,0.48148148148148145,0.464,0.5700000000000001,0.55,
2026-06-30T11:47:36.816051+00:00,KXATPMATCH-26JUN29SHIFAR-FAR,Jaime Faria,Sho Shimabukuro,7-6 6-3 2-2,15-30,p2,0.5974025974025974,0.9130434782608695,0.5483870967741935,0.25,0.358974358974359,0.5301204819277109,0.75,0.6410256410256411,0.08695652173913043,0.45161290322580644,0.9684,0.9,0.88,
2026-06-30T11:47:58.366671+00:00,KXATPMATCH-26JUN29ROYWEN-ROY,Valentin Royer,Harry Wendelken,4-6 6-3 1-2,40-30,p1,0.625,0.7555555555555555,0.5185185185185185,0.2708333333333333,0.44,0.6575342465753424,0.7291666666666666,0.56,0.24444444444444444,0.48148148148148145,0.4731,0.53,0.52,
2026-06-30T11:47:59.336056+00:00,KXATPMATCH-26JUN29SHIFAR-FAR,Jaime Faria,Sho Shimabukuro,7-6 6-3 2-2,30-30,p2,0.5974025974025974,0.9130434782608695,0.5483870967741935,0.25,0.375,0.5238095238095238,0.75,0.625,0.08695652173913043,0.45161290322580644,0.975,0.9,0.88,
2026-06-30T11:48:21.014104+00:00,KXATPMATCH-26JUN29ROYWEN-ROY,Valentin Royer,Harry Wendelken,4-6 6-3 1-2,40-40,p1,0.6301369863013698,0.7391304347826086,0.5555555555555556,0.2708333333333333,0.44,0.6575342465753424,0.7291666666666666,0.56,0.2608695652173913,0.4444444444444444,0.4724,0.53,0.52,
2026-06-30T11:48:21.778759+00:00,KXATPMATCH-26JUN29SHIFAR-FAR,Jaime Faria,Sho Shimabukuro,7-6 6-3 2-2,40-30,p2,0.5974025974025974,0.9130434782608695,0.5483870967741935,0.26666666666666666,0.375,0.5294117647058824,0.7333333333333333,0.625,0.08695652173913043,0.45161290322580644,0.9888,0.9299999999999999,0.92,
2026-06-30T11:48:43.314886+00:00,KXATPMATCH-26JUN29ROYWEN-ROY,Valentin Royer,Harry Wendelken,4-6 6-3 1-2,40-40,p1,0.6301369863013698,0.7391304347826086,0.5555555555555556,0.2708333333333333,0.44,0.6575342465753424,0.7291666666666666,0.56,0.2608695652173913,0.4444444444444444,0.4726,0.55,0.52,
2026-06-30T11:48:44.134771+00:00,KXATPMATCH-26JUN29SHIFAR-FAR,Jaime Faria,Sho Shimabukuro,7-6 6-3 2-2,40-40,p2,0.5974025974025974,0.9130434782608695,0.5483870967741935,0.2608695652173913,0.4,0.5348837209302325,0.7391304347826086,0.6,0.08695652173913043,0.45161290322580644,0.9859,0.91,0.9,
2026-06-30T11:49:05.700966+00:00,KXATPMATCH-26JUN29ROYWEN-ROY,Valentin Royer,Harry Wendelken,4-6 6-3 1-2,40-40,p1,0.6301369863013698,0.7391304347826086,0.5555555555555556,0.2708333333333333,0.44,0.6575342465753424,0.7291666666666666,0.56,0.2608695652173913,0.4444444444444444,0.4737,0.52,0.5,
2026-06-30T11:49:06.381034+00:00,KXATPMATCH-26JUN29SHIFAR-FAR,Jaime Faria,Sho Shimabukuro,7-6 6-3 2-2,Ad-40,p2,0.5974025974025974,0.9130434782608695,0.5483870967741935,0.2608695652173913,0.4,0.5348837209302325,0.7391304347826086,0.6,0.08695652173913043,0.45161290322580644,0.9908,0.9299999999999999,0.92,
2026-06-30T11:49:30.585097+00:00,KXATPMATCH-26JUN29ROYWEN-ROY,Valentin Royer,Harry Wendelken,4-6 6-3 1-2,Ad-40,p1,0.6301369863013698,0.7391304347826086,0.5555555555555556,0.2708333333333333,0.44,0.6575342465753424,0.7291666666666666,0.56,0.2608695652173913,0.4444444444444444,0.4859,0.55,0.54,
2026-06-30T11:49:33.740531+00:00,KXATPMATCH-26JUN29SHIFAR-FAR,Jaime Faria,Sho Shimabukuro,7-6 6-3 2-2,40-40,p2,0.5974025974025974,0.9130434782608695,0.5483870967741935,0.2553191489361702,0.4146341463414634,0.5340909090909091,0.7446808510638298,0.5853658536585366,0.08695652173913043,0.45161290322580644,0.9856,0.91,0.89,
2026-06-30T11:49:57.855002+00:00,KXATPMATCH-26JUN29ROYWEN-ROY,Valentin Royer,Harry Wendelken,4-6 6-3 1-2,Ad-40,p1,0.6351351351351351,0.7446808510638298,0.5185185185185185,0.2708333333333333,0.44,0.6575342465753424,0.7291666666666666,0.56,0.2553191489361702,0.48148148148148145,0.4434,0.5800000000000001,0.56,
2026-06-30T11:50:00.032663+00:00,KXATPMATCH-26JUN29SHIFAR-FAR,Jaime Faria,Sho Shimabukuro,7-6 6-3 2-2,40-40,p2,0.5974025974025974,0.9130434782608695,0.5483870967741935,0.2553191489361702,0.4146341463414634,0.5340909090909091,0.7446808510638298,0.5853658536585366,0.08695652173913043,0.45161290322580644,0.9871,0.91,0.9,
2026-06-30T11:50:24.469322+00:00,KXATPMATCH-26JUN29ROYWEN-ROY,Valentin Royer,Harry Wendelken,4-6 6-3 2-2,0-0,p2,0.64,0.75,0.5185185185185185,0.2708333333333333,0.44,0.6575342465753424,0.7291666666666666,0.56,0.25,0.48148148148148145,0.4859,0.5800000000000001,0.56,
2026-06-30T11:50:26.749928+00:00,KXATPMATCH-26JUN29SHIFAR-FAR,Jaime Faria,Sho Shimabukuro,7-6 6-3 2-2,40-Ad,p2,0.5974025974025974,0.9130434782608695,0.5483870967741935,0.2553191489361702,0.40476190476190477,0.5280898876404494,0.7446808510638298,0.5952380952380952,0.08695652173913043,0.45161290322580644,0.9845,0.89,0.88,
2026-06-30T11:50:51.223023+00:00,KXATPMATCH-26JUN29ROYWEN-ROY,Valentin Royer,Harry Wendelken,4-6 6-3 2-2,0-15,p2,0.64,0.75,0.5555555555555556,0.2653061224489796,0.48,0.6621621621621622,0.7346938775510204,0.52,0.25,0.4444444444444444,0.5661,0.55,0.54,
2026-06-30T11:50:53.619204+00:00,KXATPMATCH-26JUN29SHIFAR-FAR,Jaime Faria,Sho Shimabukuro,7-6 6-3 2-3,0-0,p1,0.5974025974025974,0.9130434782608695,0.5483870967741935,0.25,0.42857142857142855,0.5333333333333333,0.75,0.5714285714285714,0.08695652173913043,0.45161290322580644,0.9879,0.89,0.88,
2026-06-30T11:51:18.175369+00:00,KXATPMATCH-26JUN29ROYWEN-ROY,Valentin Royer,Harry Wendelken,4-6 6-3 2-2,0-15,p2,0.64,0.75,0.5555555555555556,0.2653061224489796,0.48,0.6621621621621622,0.7346938775510204,0.52,0.25,0.4444444444444444,0.5675,0.54,0.53,
2026-06-30T11:51:20.660041+00:00,KXATPMATCH-26JUN29SHIFAR-FAR,Jaime Faria,Sho Shimabukuro,7-6 6-3 2-3,0-0,p1,0.5974025974025974,0.9130434782608695,0.5483870967741935,0.25,0.42857142857142855,0.5333333333333333,0.75,0.5714285714285714,0.08695652173913043,0.45161290322580644,0.9858,0.89,0.88,
2026-06-30T11:51:45.315178+00:00,KXATPMATCH-26JUN29ROYWEN-ROY,Valentin Royer,Harry Wendelken,4-6 6-3 2-2,0-30,p2,0.64,0.75,0.5555555555555556,0.26,0.48,0.6666666666666666,0.74,0.52,0.25,0.4444444444444444,0.5367,0.54,0.53,
2026-06-30T11:51:47.599591+00:00,KXATPMATCH-26JUN29SHIFAR-FAR,Jaime Faria,Sho Shimabukuro,7-6 6-3 2-3,0-0,p1,0.5974025974025974,0.9130434782608695,0.5483870967741935,0.25,0.42857142857142855,0.5333333333333333,0.75,0.5714285714285714,0.08695652173913043,0.45161290322580644,0.9829,0.89,0.88,
2026-06-30T11:52:12.120202+00:00,KXATPMATCH-26JUN29ROYWEN-ROY,Valentin Royer,Harry Wendelken,4-6 6-3 2-2,15-30,p2,0.64,0.75,0.5555555555555556,0.26,0.48,0.6666666666666666,0.74,0.52,0.25,0.4444444444444444,0.5508,0.56,0.55,
2026-06-30T11:52:14.568147+00:00,KXATPMATCH-26JUN29SHIFAR-FAR,Jaime Faria,Sho Shimabukuro,7-6 6-3 2-3,0-0,p1,0.5974025974025974,0.9130434782608695,0.5483870967741935,0.25,0.42857142857142855,0.5333333333333333,0.75,0.5714285714285714,0.08695652173913043,0.45161290322580644,0.9857,0.89,0.88,
2026-06-30T11:52:39.129392+00:00,KXATPMATCH-26JUN29ROYWEN-ROY,Valentin Royer,Harry Wendelken,4-6 6-3 2-2,15-30,p2,0.64,0.75,0.5555555555555556,0.26,0.46153846153846156,0.6578947368421053,0.74,0.5384615384615384,0.25,0.4444444444444444,0.5286,0.55,0.53,
2026-06-30T11:52:41.699675+00:00,KXATPMATCH-26JUN29SHIFAR-FAR,Jaime Faria,Sho Shimabukuro,7-6 6-3 2-3,0-0,p1,0.5974025974025974,0.9130434782608695,0.5483870967741935,0.25,0.42857142857142855,0.5333333333333333,0.75,0.5714285714285714,0.08695652173913043,0.45161290322580644,0.9874,0.87,0.86,
2026-06-30T11:53:06.143203+00:00,KXATPMATCH-26JUN29ROYWEN-ROY,Valentin Royer,Harry Wendelken,4-6 6-3 2-2,15-40,p2,0.64,0.75,0.5555555555555556,0.2549019607843137,0.5,0.6623376623376623,0.7450980392156863,0.5,0.25,0.4444444444444444,0.5586,0.53,0.52,
2026-06-30T11:53:08.743382+00:00,KXATPMATCH-26JUN29SHIFAR-FAR,Jaime Faria,Sho Shimabukuro,7-6 6-3 2-3,0-15,p1,0.6025641025641025,0.8936170212765957,0.5483870967741935,0.25,0.38095238095238093,0.5333333333333333,0.75,0.6190476190476191,0.10638297872340426,0.45161290322580644,0.9611,0.87,0.86,
2026-06-30T11:53:33.308391+00:00,KXATPMATCH-26JUN29ROYWEN-ROY,Valentin Royer,Harry Wendelken,4-6 6-3 2-3,0-0,p1,0.64,0.75,0.5555555555555556,0.25,0.5384615384615384,0.6666666666666666,0.75,0.46153846153846156,0.25,0.4444444444444444,0.585,0.53,0.52,
2026-06-30T11:53:35.905064+00:00,KXATPMATCH-26JUN29SHIFAR-FAR,Jaime Faria,Sho Shimabukuro,7-6 6-3 2-3,0-15,p1,0.6025641025641025,0.8936170212765957,0.5483870967741935,0.25,0.38095238095238093,0.5333333333333333,0.75,0.6190476190476191,0.10638297872340426,0.45161290322580644,0.9644,0.87,0.86,
2026-06-30T11:54:01.172182+00:00,KXATPMATCH-26JUN29ROYWEN-ROY,Valentin Royer,Harry Wendelken,4-6 6-3 2-3,0-0,p1,0.64,0.75,0.5555555555555556,0.25,0.5384615384615384,0.6666666666666666,0.75,0.46153846153846156,0.25,0.4444444444444444,0.592,0.54,0.52,
2026-06-30T11:54:03.803685+00:00,KXATPMATCH-26JUN29SHIFAR-FAR,Jaime Faria,Sho Shimabukuro,7-6 6-3 2-3,15-15,p1,0.5949367088607594,0.8936170212765957,0.53125,0.25,0.38095238095238093,0.5333333333333333,0.75,0.6190476190476191,0.10638297872340426,0.46875,0.9563,0.89,0.87,
2026-06-30T11:54:28.281665+00:00,KXATPMATCH-26JUN29ROYWEN-ROY,Valentin Royer,Harry Wendelken,4-6 6-3 2-3,0-0,p1,0.64,0.75,0.5555555555555556,0.25,0.5384615384615384,0.6666666666666666,0.75,0.46153846153846156,0.25,0.4444444444444444,0.5922,0.54,0.53,
2026-06-30T11:54:30.715681+00:00,KXATPMATCH-26JUN29SHIFAR-FAR,Jaime Faria,Sho Shimabukuro,7-6 6-3 2-3,30-15,p1,0.6,0.8958333333333334,0.5625,0.25,0.38095238095238093,0.5333333333333333,0.75,0.6190476190476191,0.10416666666666667,0.4375,0.9714,0.88,0.87,
2026-06-30T11:54:55.385519+00:00,KXATPMATCH-26JUN29ROYWEN-ROY,Valentin Royer,Harry Wendelken,4-6 6-3 2-3,15-0,p1,0.6447368421052632,0.7551020408163265,0.5185185185185185,0.25,0.46153846153846156,0.6666666666666666,0.75,0.5384615384615384,0.24489795918367346,0.48148148148148145,0.4488,0.55,0.54,
2026-06-30T11:54:57.897878+00:00,KXATPMATCH-26JUN29SHIFAR-FAR,Jaime Faria,Sho Shimabukuro,7-6 6-3 2-3,30-30,p1,0.5925925925925926,0.8958333333333334,0.5454545454545454,0.25,0.38095238095238093,0.5333333333333333,0.75,0.6190476190476191,0.10416666666666667,0.45454545454545453,0.9632,0.89,0.87,
2026-06-30T11:55:22.393012+00:00,KXATPMATCH-26JUN29ROYWEN-ROY,Valentin Royer,Harry Wendelken,4-6 6-3 2-3,15-0,p1,0.6447368421052632,0.7551020408163265,0.5185185185185185,0.25,0.46153846153846156,0.6666666666666666,0.75,0.5384615384615384,0.24489795918367346,0.48148148148148145,0.4468,0.56,0.55,
2026-06-30T11:55:24.779065+00:00,KXATPMATCH-26JUN29SHIFAR-FAR,Jaime Faria,Sho Shimabukuro,7-6 6-3 3-3,0-0,p2,0.5975609756097561,0.8979591836734694,0.5151515151515151,0.25,0.38095238095238093,0.5333333333333333,0.75,0.6190476190476191,0.10204081632653061,0.48484848484848486,0.9593,0.89,0.88,
2026-06-30T11:55:49.222949+00:00,KXATPMATCH-26JUN29ROYWEN-ROY,Valentin Royer,Harry Wendelken,4-6 6-3 2-3,30-0,p1,0.6363636363636364,0.7551020408163265,0.5357142857142857,0.25,0.46153846153846156,0.6666666666666666,0.75,0.5384615384615384,0.24489795918367346,0.4642857142857143,0.4781,0.5700000000000001,0.56,
2026-06-30T11:56:13.740347+00:00,KXATPMATCH-26JUN29ROYWEN-ROY,Valentin Royer,Harry Wendelken,4-6 6-3 2-3,40-0,p1,0.6410256410256411,0.76,0.5357142857142857,0.25,0.46153846153846156,0.6666666666666666,0.75,0.5384615384615384,0.24,0.4642857142857143,0.5064,0.5700000000000001,0.56,
2026-06-30T11:56:15.881439+00:00,KXATPMATCH-26JUN29SHIFAR-FAR,Jaime Faria,Sho Shimabukuro,7-6 6-3 3-3,15-0,p2,0.6024096385542169,0.9,0.5151515151515151,0.25,0.38095238095238093,0.5333333333333333,0.75,0.6190476190476191,0.1,0.48484848484848486,0.9664,0.92,0.9,
2026-06-30T11:56:40.234402+00:00,KXATPMATCH-26JUN29ROYWEN-ROY,Valentin Royer,Harry Wendelken,4-6 6-3 2-3,40-15,p1,0.6329113924050633,0.76,0.5517241379310345,0.25,0.46153846153846156,0.6666666666666666,0.75,0.5384615384615384,0.24,0.4482758620689655,0.5053,0.56,0.55,
2026-06-30T11:56:42.310655+00:00,KXATPMATCH-26JUN29SHIFAR-FAR,Jaime Faria,Sho Shimabukuro,7-6 6-3 3-3,15-0,p2,0.6024096385542169,0.9,0.5454545454545454,0.25,0.3953488372093023,0.5274725274725275,0.75,0.6046511627906976,0.1,0.45454545454545453,0.9763,0.9,0.89,
2026-06-30T11:57:06.713491+00:00,KXATPMATCH-26JUN29ROYWEN-ROY,Valentin Royer,Harry Wendelken,4-6 6-3 2-3,40-15,p1,0.6329113924050633,0.76,0.5517241379310345,0.25,0.46153846153846156,0.6666666666666666,0.75,0.5384615384615384,0.24,0.4482758620689655,0.5148,0.55,0.54,
2026-06-30T11:57:08.782112+00:00,KXATPMATCH-26JUN29SHIFAR-FAR,Jaime Faria,Sho Shimabukuro,7-6 6-3 3-3,15-15,p2,0.6024096385542169,0.9,0.5454545454545454,0.25,0.4090909090909091,0.5217391304347826,0.75,0.5909090909090909,0.1,0.45454545454545453,0.9794,0.9,0.89,
2026-06-30T11:57:33.071878+00:00,KXATPMATCH-26JUN29ROYWEN-ROY,Valentin Royer,Harry Wendelken,4-6 6-3 2-3,40-30,p1,0.625,0.76,0.5333333333333333,0.25,0.46153846153846156,0.6666666666666666,0.75,0.5384615384615384,0.24,0.4666666666666667,0.4691,0.53,0.51,
2026-06-30T11:57:35.339235+00:00,KXATPMATCH-26JUN29SHIFAR-FAR,Jaime Faria,Sho Shimabukuro,7-6 6-3 3-3,15-30,p2,0.6024096385542169,0.9,0.5454545454545454,0.24489795918367346,0.38636363636363635,0.5268817204301075,0.7551020408163265,0.6136363636363636,0.1,0.45454545454545453,0.9686,0.89,0.88,
2026-06-30T11:57:59.743050+00:00,KXATPMATCH-26JUN29ROYWEN-ROY,Valentin Royer,Harry Wendelken,4-6 6-3 2-3,40-30,p1,0.625,0.76,0.5333333333333333,0.25,0.46153846153846156,0.6666666666666666,0.75,0.5384615384615384,0.24,0.4666666666666667,0.4686,0.51,0.5,
2026-06-30T11:58:01.708226+00:00,KXATPMATCH-26JUN29SHIFAR-FAR,Jaime Faria,Sho Shimabukuro,7-6 6-3 3-3,30-30,p2,0.6024096385542169,0.9,0.5454545454545454,0.26,0.38636363636363635,0.5319148936170213,0.74,0.6136363636363636,0.1,0.45454545454545453,0.979,0.9,0.89,
2026-06-30T11:58:26.062544+00:00,KXATPMATCH-26JUN29ROYWEN-ROY,Valentin Royer,Harry Wendelken,4-6 6-3 2-3,40-40,p1,0.6296296296296297,0.7450980392156863,0.5333333333333333,0.25,0.46153846153846156,0.6666666666666666,0.75,0.5384615384615384,0.2549019607843137,0.4666666666666667,0.4075,0.54,0.53,
2026-06-30T11:58:28.183720+00:00,KXATPMATCH-26JUN29SHIFAR-FAR,Jaime Faria,Sho Shimabukuro,7-6 6-3 3-3,30-40,p2,0.6024096385542169,0.9,0.5454545454545454,0.2549019607843137,0.4090909090909091,0.5368421052631579,0.7450980392156863,0.5909090909090909,0.1,0.45454545454545453,0.9786,0.9,0.89,
2026-06-30T11:58:50.395117+00:00,KXATPMATCH-26JUN29SHIFAR-FAR,Jaime Faria,Sho Shimabukuro,7-6 6-3 3-3,40-40,p2,0.6024096385542169,0.9,0.5454545454545454,0.2692307692307692,0.38636363636363635,0.5416666666666666,0.7307692307692307,0.6136363636363636,0.1,0.45454545454545453,0.9803,0.9299999999999999,0.92,
2026-06-30T11:59:14.537877+00:00,KXATPMATCH-26JUN29ROYWEN-ROY,Valentin Royer,Harry Wendelken,4-6 6-3 3-3,0-0,p2,0.6341463414634146,0.75,0.5,0.25,0.46153846153846156,0.6666666666666666,0.75,0.5384615384615384,0.25,0.5,0.4056,0.55,0.54,
2026-06-30T11:59:16.778216+00:00,KXATPMATCH-26JUN29SHIFAR-FAR,Jaime Faria,Sho Shimabukuro,7-6 6-3 3-3,40-40,p2,0.6024096385542169,0.9,0.5454545454545454,0.2830188679245283,0.38636363636363635,0.5463917525773195,0.7169811320754716,0.6136363636363636,0.1,0.45454545454545453,0.983,0.91,0.9,
2026-06-30T11:59:40.993336+00:00,KXATPMATCH-26JUN29ROYWEN-ROY,Valentin Royer,Harry Wendelken,4-6 6-3 3-3,0-0,p2,0.6385542168674698,0.7547169811320755,0.5,0.25,0.46153846153846156,0.6666666666666666,0.75,0.5384615384615384,0.24528301886792453,0.5,0.4161,0.55,0.54,
2026-06-30T11:59:43.020590+00:00,KXATPMATCH-26JUN29SHIFAR-FAR,Jaime Faria,Sho Shimabukuro,7-6 6-3 3-3,40-Ad,p2,0.6024096385542169,0.9,0.5454545454545454,0.2777777777777778,0.4090909090909091,0.5510204081632653,0.7222222222222222,0.5909090909090909,0.1,0.45454545454545453,0.9842,0.9,0.89,
2026-06-30T12:00:07.203020+00:00,KXATPMATCH-26JUN29ROYWEN-ROY,Valentin Royer,Harry Wendelken,4-6 6-3 3-3,0-0,p2,0.6385542168674698,0.7547169811320755,0.5,0.25,0.46153846153846156,0.6666666666666666,0.75,0.5384615384615384,0.24528301886792453,0.5,0.4198,0.5800000000000001,0.56,
2026-06-30T12:00:09.306113+00:00,KXATPMATCH-26JUN29SHIFAR-FAR,Jaime Faria,Sho Shimabukuro,7-6 6-3 3-4,0-0,p1,0.6024096385542169,0.9,0.5454545454545454,0.2727272727272727,0.4090909090909091,0.5555555555555556,0.7272727272727273,0.5909090909090909,0.1,0.45454545454545453,0.9822,0.9,0.89,
2026-06-30T12:00:33.430270+00:00,KXATPMATCH-26JUN29ROYWEN-ROY,Valentin Royer,Harry Wendelken,4-6 6-3 3-3,15-0,p2,0.6385542168674698,0.7547169811320755,0.5333333333333333,0.25,0.48148148148148145,0.6582278481012658,0.75,0.5185185185185185,0.24528301886792453,0.4666666666666667,0.5401,0.5800000000000001,0.57,
2026-06-30T12:00:57.724489+00:00,KXATPMATCH-26JUN29ROYWEN-ROY,Valentin Royer,Harry Wendelken,4-6 6-3 3-3,15-0,p2,0.6385542168674698,0.7547169811320755,0.5333333333333333,0.25,0.48148148148148145,0.6582278481012658,0.75,0.5185185185185185,0.24528301886792453,0.4666666666666667,0.5403,0.6,0.57,
2026-06-30T12:01:00.065267+00:00,KXATPMATCH-26JUN29SHIFAR-FAR,Jaime Faria,Sho Shimabukuro,7-6 6-3 3-4,0-0,p1,0.6024096385542169,0.9,0.5454545454545454,0.26785714285714285,0.4090909090909091,0.56,0.7321428571428571,0.5909090909090909,0.1,0.45454545454545453,0.9821,0.9,0.89,
2026-06-30T12:01:24.290633+00:00,KXATPMATCH-26JUN29ROYWEN-ROY,Valentin Royer,Harry Wendelken,4-6 6-3 3-3,15-0,p2,0.6385542168674698,0.7547169811320755,0.5333333333333333,0.25,0.48148148148148145,0.6582278481012658,0.75,0.5185185185185185,0.24528301886792453,0.4666666666666667,0.5365,0.5800000000000001,0.57,
2026-06-30T12:01:26.421494+00:00,KXATPMATCH-26JUN29SHIFAR-FAR,Jaime Faria,Sho Shimabukuro,7-6 6-3 3-4,0-0,p1,0.6024096385542169,0.9,0.5454545454545454,0.26785714285714285,0.4090909090909091,0.56,0.7321428571428571,0.5909090909090909,0.1,0.45454545454545453,0.9781,0.9,0.89,
2026-06-30T12:01:50.687732+00:00,KXATPMATCH-26JUN29ROYWEN-ROY,Valentin Royer,Harry Wendelken,4-6 6-3 3-3,15-15,p2,0.6385542168674698,0.7547169811320755,0.5333333333333333,0.24528301886792453,0.5185185185185185,0.6625,0.7547169811320755,0.48148148148148145,0.24528301886792453,0.4666666666666667,0.5662,0.5800000000000001,0.56,
2026-06-30T12:01:52.895401+00:00,KXATPMATCH-26JUN29SHIFAR-FAR,Jaime Faria,Sho Shimabukuro,7-6 6-3 3-4,15-0,p1,0.6071428571428571,0.9019607843137255,0.5151515151515151,0.26785714285714285,0.38636363636363635,0.56,0.7321428571428571,0.6136363636363636,0.09803921568627451,0.48484848484848486,0.9681,0.9,0.89,
2026-06-30T12:02:17.069737+00:00,KXATPMATCH-26JUN29ROYWEN-ROY,Valentin Royer,Harry Wendelken,4-6 6-3 3-3,15-30,p2,0.6385542168674698,0.7547169811320755,0.5333333333333333,0.24528301886792453,0.5,0.654320987654321,0.7547169811320755,0.5,0.24528301886792453,0.4666666666666667,0.515,0.54,0.53,
2026-06-30T12:02:19.302702+00:00,KXATPMATCH-26JUN29SHIFAR-FAR,Jaime Faria,Sho Shimabukuro,7-6 6-3 3-4,30-0,p1,0.6,0.9019607843137255,0.5,0.26785714285714285,0.38636363636363635,0.56,0.7321428571428571,0.6136363636363636,0.09803921568627451,0.5,0.9638,0.9,0.89,
2026-06-30T12:02:43.514059+00:00,KXATPMATCH-26JUN29ROYWEN-ROY,Valentin Royer,Harry Wendelken,4-6 6-3 3-3,15-30,p2,0.6385542168674698,0.7547169811320755,0.5333333333333333,0.24528301886792453,0.5,0.654320987654321,0.7547169811320755,0.5,0.24528301886792453,0.4666666666666667,0.514,0.54,0.53,
2026-06-30T12:02:45.694956+00:00,KXATPMATCH-26JUN29SHIFAR-FAR,Jaime Faria,Sho Shimabukuro,7-6 6-3 3-4,30-15,p1,0.5930232558139535,0.9019607843137255,0.5428571428571428,0.26785714285714285,0.38636363636363635,0.56,0.7321428571428571,0.6136363636363636,0.09803921568627451,0.45714285714285713,0.9757,0.9,0.89,
2026-06-30T12:03:09.878528+00:00,KXATPMATCH-26JUN29ROYWEN-ROY,Valentin Royer,Harry Wendelken,4-6 6-3 3-3,30-30,p2,0.6385542168674698,0.7547169811320755,0.5333333333333333,0.24528301886792453,0.5,0.654320987654321,0.7547169811320755,0.5,0.24528301886792453,0.4666666666666667,0.5554,0.5700000000000001,0.56,
2026-06-30T12:03:12.092760+00:00,KXATPMATCH-26JUN29SHIFAR-FAR,Jaime Faria,Sho Shimabukuro,7-6 6-3 4-4,0-0,p2,0.6022727272727273,0.9056603773584906,0.5142857142857142,0.26785714285714285,0.38636363636363635,0.56,0.7321428571428571,0.6136363636363636,0.09433962264150944,0.4857142857142857,0.9688,0.9,0.89,
2026-06-30T12:03:36.226789+00:00,KXATPMATCH-26JUN29ROYWEN-ROY,Valentin Royer,Harry Wendelken,4-6 6-3 3-3,30-30,p2,0.6385542168674698,0.7547169811320755,0.5333333333333333,0.24528301886792453,0.4827586206896552,0.6463414634146342,0.7547169811320755,0.5172413793103449,0.24528301886792453,0.4666666666666667,0.5252,0.62,0.61,
2026-06-30T12:03:38.329276+00:00,KXATPMATCH-26JUN29SHIFAR-FAR,Jaime Faria,Sho Shimabukuro,7-6 6-3 4-4,0-15,p2,0.6022727272727273,0.9056603773584906,0.5428571428571428,0.2631578947368421,0.4090909090909091,0.5643564356435643,0.7368421052631579,0.5909090909090909,0.09433962264150944,0.45714285714285713,0.9793,0.9,0.89,
2026-06-30T12:04:02.289837+00:00,KXATPMATCH-26JUN29ROYWEN-ROY,Valentin Royer,Harry Wendelken,4-6 6-3 3-3,40-30,p2,0.6385542168674698,0.7547169811320755,0.5333333333333333,0.25925925925925924,0.4827586206896552,0.6506024096385542,0.7407407407407407,0.5172413793103449,0.24528301886792453,0.4666666666666667,0.6199,0.64,0.63,
2026-06-30T12:04:04.239476+00:00,KXATPMATCH-26JUN29SHIFAR-FAR,Jaime Faria,Sho Shimabukuro,7-6 6-3 4-4,0-30,p2,0.6022727272727273,0.9056603773584906,0.5428571428571428,0.2631578947368421,0.4090909090909091,0.5643564356435643,0.7368421052631579,0.5909090909090909,0.09433962264150944,0.45714285714285713,0.9788,0.9,0.89,
2026-06-30T12:04:28.171870+00:00,KXATPMATCH-26JUN29ROYWEN-ROY,Valentin Royer,Harry Wendelken,4-6 6-3 3-3,40-30,p2,0.6385542168674698,0.7547169811320755,0.5333333333333333,0.25925925925925924,0.4827586206896552,0.6506024096385542,0.7407407407407407,0.5172413793103449,0.24528301886792453,0.4666666666666667,0.6292,0.74,0.72,
2026-06-30T12:04:30.287894+00:00,KXATPMATCH-26JUN29SHIFAR-FAR,Jaime Faria,Sho Shimabukuro,7-6 6-3 4-4,0-40,p2,0.6022727272727273,0.9056603773584906,0.5428571428571428,0.25862068965517243,0.4,0.5631067961165048,0.7413793103448276,0.6,0.09433962264150944,0.45714285714285713,0.9753,0.88,0.87,
2026-06-30T12:04:53.974209+00:00,KXATPMATCH-26JUN29ROYWEN-ROY,Valentin Royer,Harry Wendelken,4-6 6-3 4-3,0-0,p1,0.6385542168674698,0.7547169811320755,0.5333333333333333,0.2727272727272727,0.4827586206896552,0.6547619047619048,0.7272727272727273,0.5172413793103449,0.24528301886792453,0.4666666666666667,0.7625,0.74,0.73,
2026-06-30T12:04:56.086356+00:00,KXATPMATCH-26JUN29SHIFAR-FAR,Jaime Faria,Sho Shimabukuro,7-6 6-3 4-4,0-40,p2,0.6022727272727273,0.9056603773584906,0.5428571428571428,0.25862068965517243,0.4,0.5631067961165048,0.7413793103448276,0.6,0.09433962264150944,0.45714285714285713,0.9729,0.88,0.87,
2026-06-30T12:05:20.392777+00:00,KXATPMATCH-26JUN29ROYWEN-ROY,Valentin Royer,Harry Wendelken,4-6 6-3 4-3,0-0,p1,0.6385542168674698,0.7547169811320755,0.5333333333333333,0.2727272727272727,0.4827586206896552,0.6547619047619048,0.7272727272727273,0.5172413793103449,0.24528301886792453,0.4666666666666667,0.756,0.74,0.73,
2026-06-30T12:05:22.653735+00:00,KXATPMATCH-26JUN29SHIFAR-FAR,Jaime Faria,Sho Shimabukuro,7-6 6-3 4-5,0-0,p1,0.6022727272727273,0.9056603773584906,0.5428571428571428,0.25862068965517243,0.391304347826087,0.5576923076923077,0.7413793103448276,0.6086956521739131,0.09433962264150944,0.45714285714285713,0.9724,0.88,0.87,
2026-06-30T12:05:46.939577+00:00,KXATPMATCH-26JUN29ROYWEN-ROY,Valentin Royer,Harry Wendelken,4-6 6-3 4-3,0-0,p1,0.6385542168674698,0.7547169811320755,0.5333333333333333,0.2727272727272727,0.4827586206896552,0.6547619047619048,0.7272727272727273,0.5172413793103449,0.24528301886792453,0.4666666666666667,0.7626,0.74,0.73,
2026-06-30T12:05:49.143862+00:00,KXATPMATCH-26JUN29SHIFAR-FAR,Jaime Faria,Sho Shimabukuro,7-6 6-3 4-5,0-0,p1,0.6022727272727273,0.9056603773584906,0.5428571428571428,0.25862068965517243,0.391304347826087,0.5576923076923077,0.7413793103448276,0.6086956521739131,0.09433962264150944,0.45714285714285713,0.9721,0.88,0.86,
2026-06-30T12:06:12.762629+00:00,KXATPMATCH-26JUN29ROYWEN-ROY,Valentin Royer,Harry Wendelken,4-6 6-3 4-3,0-0,p1,0.6385542168674698,0.7547169811320755,0.5333333333333333,0.2727272727272727,0.4827586206896552,0.6547619047619048,0.7272727272727273,0.5172413793103449,0.24528301886792453,0.4666666666666667,0.7573,0.75,0.74,
2026-06-30T12:06:14.833153+00:00,KXATPMATCH-26JUN29SHIFAR-FAR,Jaime Faria,Sho Shimabukuro,7-6 6-3 4-5,0-0,p1,0.6022727272727273,0.9056603773584906,0.5428571428571428,0.25862068965517243,0.391304347826087,0.5576923076923077,0.7413793103448276,0.6086956521739131,0.09433962264150944,0.45714285714285713,0.968,0.88,0.86,
2026-06-30T12:06:38.599181+00:00,KXATPMATCH-26JUN29ROYWEN-ROY,Valentin Royer,Harry Wendelken,4-6 6-3 4-3,15-0,p1,0.6309523809523809,0.7547169811320755,0.5161290322580645,0.2727272727272727,0.5,0.6470588235294118,0.7272727272727273,0.5,0.24528301886792453,0.4838709677419355,0.7644,0.74,0.72,
2026-06-30T12:06:40.763745+00:00,KXATPMATCH-26JUN29SHIFAR-FAR,Jaime Faria,Sho Shimabukuro,7-6 6-3 4-5,15-0,p1,0.6067415730337079,0.9074074074074074,0.5142857142857142,0.25862068965517243,0.3695652173913043,0.5576923076923077,0.7413793103448276,0.6304347826086957,0.09259259259259259,0.4857142857142857,0.9575,0.89,0.87,
2026-06-30T12:07:04.582616+00:00,KXATPMATCH-26JUN29ROYWEN-ROY,Valentin Royer,Harry Wendelken,4-6 6-3 4-3,15-15,p1,0.6352941176470588,0.7407407407407407,0.5483870967741935,0.2727272727272727,0.5,0.6470588235294118,0.7272727272727273,0.5,0.25925925925925924,0.45161290322580644,0.7681,0.73,0.7,
2026-06-30T12:07:06.726700+00:00,KXATPMATCH-26JUN29SHIFAR-FAR,Jaime Faria,Sho Shimabukuro,7-6 6-3 4-5,15-15,p1,0.6111111111111112,0.8909090909090909,0.5428571428571428,0.25862068965517243,0.3695652173913043,0.5576923076923077,0.7413793103448276,0.6304347826086957,0.10909090909090909,0.45714285714285713,0.9615,0.88,0.87,
2026-06-30T12:07:32.325224+00:00,KXATPMATCH-26JUN29ROYWEN-ROY,Valentin Royer,Harry Wendelken,4-6 6-3 4-3,15-15,p1,0.6352941176470588,0.7407407407407407,0.5483870967741935,0.2727272727272727,0.5,0.6470588235294118,0.7272727272727273,0.5,0.25925925925925924,0.45161290322580644,0.7706,0.76,0.75,
2026-06-30T12:07:34.491111+00:00,KXATPMATCH-26JUN29SHIFAR-FAR,Jaime Faria,Sho Shimabukuro,7-6 6-3 4-5,15-15,p1,0.6111111111111112,0.8909090909090909,0.5428571428571428,0.25862068965517243,0.3695652173913043,0.5576923076923077,0.7413793103448276,0.6304347826086957,0.10909090909090909,0.45714285714285713,0.9592,0.87,0.85,
2026-06-30T12:07:58.127467+00:00,KXATPMATCH-26JUN29ROYWEN-ROY,Valentin Royer,Harry Wendelken,4-6 6-3 4-3,30-15,p1,0.6395348837209303,0.7454545454545455,0.5161290322580645,0.2727272727272727,0.5,0.6470588235294118,0.7272727272727273,0.5,0.2545454545454545,0.4838709677419355,0.7539,0.76,0.75,
2026-06-30T12:08:00.621177+00:00,KXATPMATCH-26JUN29SHIFAR-FAR,Jaime Faria,Sho Shimabukuro,7-6 6-3 4-5,15-30,p1,0.6153846153846154,0.875,0.5428571428571428,0.25862068965517243,0.3695652173913043,0.5576923076923077,0.7413793103448276,0.6304347826086957,0.125,0.45714285714285713,0.9386,0.84,0.83,
2026-06-30T12:08:24.219145+00:00,KXATPMATCH-26JUN29ROYWEN-ROY,Valentin Royer,Harry Wendelken,4-6 6-3 4-3,30-15,p1,0.6395348837209303,0.7454545454545455,0.5161290322580645,0.2727272727272727,0.5,0.6470588235294118,0.7272727272727273,0.5,0.2545454545454545,0.4838709677419355,0.7551,0.77,0.76,
2026-06-30T12:08:26.784887+00:00,KXATPMATCH-26JUN29SHIFAR-FAR,Jaime Faria,Sho Shimabukuro,7-6 6-3 4-5,15-30,p1,0.6153846153846154,0.875,0.5428571428571428,0.25862068965517243,0.3695652173913043,0.5576923076923077,0.7413793103448276,0.6304347826086957,0.125,0.45714285714285713,0.9401,0.8200000000000001,0.81,
2026-06-30T12:08:50.332427+00:00,KXATPMATCH-26JUN29ROYWEN-ROY,Valentin Royer,Harry Wendelken,4-6 6-3 4-3,40-15,p1,0.632183908045977,0.7454545454545455,0.5625,0.2727272727272727,0.5,0.6470588235294118,0.7272727272727273,0.5,0.2545454545454545,0.4375,0.8184,0.76,0.74,
2026-06-30T12:08:53.036318+00:00,KXATPMATCH-26JUN29SHIFAR-FAR,Jaime Faria,Sho Shimabukuro,7-6 6-3 4-5,15-40,p1,0.6086956521739131,0.875,0.5277777777777778,0.25862068965517243,0.3695652173913043,0.5576923076923077,0.7413793103448276,0.6304347826086957,0.125,0.4722222222222222,0.9034,0.79,0.68,
2026-06-30T12:09:16.478916+00:00,KXATPMATCH-26JUN29ROYWEN-ROY,Valentin Royer,Harry Wendelken,4-6 6-3 5-3,0-0,p2,0.6363636363636364,0.75,0.53125,0.2727272727272727,0.5,0.6470588235294118,0.7272727272727273,0.5,0.25,0.46875,0.7922,0.78,0.77,
2026-06-30T12:09:18.913645+00:00,KXATPMATCH-26JUN29SHIFAR-FAR,Jaime Faria,Sho Shimabukuro,7-6 6-3 4-5,30-40,p1,0.6129032258064516,0.8771929824561403,0.5,0.25862068965517243,0.3695652173913043,0.5576923076923077,0.7413793103448276,0.6304347826086957,0.12280701754385964,0.5,0.9067,0.8,0.76,
2026-06-30T12:09:42.831074+00:00,KXATPMATCH-26JUN29ROYWEN-ROY,Valentin Royer,Harry Wendelken,4-6 6-3 5-3,0-0,p2,0.6363636363636364,0.75,0.53125,0.2727272727272727,0.5,0.6470588235294118,0.7272727272727273,0.5,0.25,0.46875,0.7899,0.78,0.77,
2026-06-30T12:09:45.100663+00:00,KXATPMATCH-26JUN29SHIFAR-FAR,Jaime Faria,Sho Shimabukuro,7-6 6-3 4-5,40-40,p1,0.6129032258064516,0.8771929824561403,0.5,0.25862068965517243,0.3695652173913043,0.5576923076923077,0.7413793103448276,0.6304347826086957,0.12280701754385964,0.5,0.9289,0.85,0.83,
2026-06-30T12:10:08.562836+00:00,KXATPMATCH-26JUN29ROYWEN-ROY,Valentin Royer,Harry Wendelken,4-6 6-3 5-3,15-0,p2,0.6363636363636364,0.75,0.53125,0.2727272727272727,0.5,0.6470588235294118,0.7272727272727273,0.5,0.25,0.46875,0.8018,0.79,0.77,
2026-06-30T12:10:11.768190+00:00,KXATPMATCH-26JUN29SHIFAR-FAR,Jaime Faria,Sho Shimabukuro,7-6 6-3 4-5,40-40,p1,0.6063829787234043,0.8771929824561403,0.5135135135135135,0.25862068965517243,0.3695652173913043,0.5576923076923077,0.7413793103448276,0.6304347826086957,0.12280701754385964,0.4864864864864865,0.9317,0.88,0.87,
2026-06-30T12:10:34.967868+00:00,KXATPMATCH-26JUN29ROYWEN-ROY,Valentin Royer,Harry Wendelken,4-6 6-3 5-3,15-15,p2,0.6363636363636364,0.75,0.5625,0.2857142857142857,0.5,0.6511627906976745,0.7142857142857143,0.5,0.25,0.4375,0.8421,0.78,0.77,
2026-06-30T12:10:36.999406+00:00,KXATPMATCH-26JUN29SHIFAR-FAR,Jaime Faria,Sho Shimabukuro,7-6 6-3 4-5,Ad-40,p1,0.6105263157894737,0.8793103448275862,0.5135135135135135,0.25862068965517243,0.3695652173913043,0.5576923076923077,0.7413793103448276,0.6304347826086957,0.1206896551724138,0.4864864864864865,0.9407,0.88,0.87,
2026-06-30T12:11:00.196889+00:00,KXATPMATCH-26JUN29ROYWEN-ROY,Valentin Royer,Harry Wendelken,4-6 6-3 5-3,15-15,p2,0.6363636363636364,0.75,0.5625,0.2807017543859649,0.5333333333333333,0.6551724137931034,0.7192982456140351,0.4666666666666667,0.25,0.4375,0.8625,0.79,0.78,
2026-06-30T12:11:02.434074+00:00,KXATPMATCH-26JUN29SHIFAR-FAR,Jaime Faria,Sho Shimabukuro,7-6 6-3 4-5,40-40,p1,0.6041666666666666,0.8793103448275862,0.5263157894736842,0.25862068965517243,0.3695652173913043,0.5576923076923077,0.7413793103448276,0.6304347826086957,0.1206896551724138,0.47368421052631576,0.938,0.86,0.85,
2026-06-30T12:11:25.692889+00:00,KXATPMATCH-26JUN29ROYWEN-ROY,Valentin Royer,Harry Wendelken,4-6 6-3 5-3,30-15,p2,0.6363636363636364,0.75,0.5625,0.2807017543859649,0.5161290322580645,0.6477272727272727,0.7192982456140351,0.4838709677419355,0.25,0.4375,0.8625,0.79,0.78,
2026-06-30T12:11:27.776116+00:00,KXATPMATCH-26JUN29SHIFAR-FAR,Jaime Faria,Sho Shimabukuro,7-6 6-3 4-5,Ad-40,p1,0.6041666666666666,0.8793103448275862,0.5263157894736842,0.25862068965517243,0.3695652173913043,0.5576923076923077,0.7413793103448276,0.6304347826086957,0.1206896551724138,0.47368421052631576,0.9451,0.88,0.87,
2026-06-30T12:11:50.914286+00:00,KXATPMATCH-26JUN29ROYWEN-ROY,Valentin Royer,Harry Wendelken,4-6 6-3 5-3,30-30,p2,0.6363636363636364,0.75,0.5625,0.2807017543859649,0.53125,0.6404494382022472,0.7192982456140351,0.46875,0.25,0.4375,0.8683,0.79,0.78,
2026-06-30T12:11:53.076155+00:00,KXATPMATCH-26JUN29SHIFAR-FAR,Jaime Faria,Sho Shimabukuro,7-6 6-3 5-5,0-0,p2,0.6122448979591837,0.8833333333333333,0.5,0.25862068965517243,0.3695652173913043,0.5576923076923077,0.7413793103448276,0.6304347826086957,0.11666666666666667,0.5,0.9414,0.88,0.87,
2026-06-30T12:12:16.334982+00:00,KXATPMATCH-26JUN29ROYWEN-ROY,Valentin Royer,Harry Wendelken,4-6 6-3 5-3,40-30,p2,0.6363636363636364,0.75,0.5625,0.29310344827586204,0.5,0.6444444444444445,0.7068965517241379,0.5,0.25,0.4375,0.8681,0.8,0.79,
2026-06-30T12:12:18.510652+00:00,KXATPMATCH-26JUN29SHIFAR-FAR,Jaime Faria,Sho Shimabukuro,7-6 6-3 5-5,0-0,p2,0.6122448979591837,0.8833333333333333,0.5,0.25862068965517243,0.3695652173913043,0.5576923076923077,0.7413793103448276,0.6304347826086957,0.11666666666666667,0.5,0.9404,0.88,0.87,
2026-06-30T12:12:41.653856+00:00,KXATPMATCH-26JUN29ROYWEN-ROY,Valentin Royer,Harry Wendelken,4-6 6-3 5-3,40-30,p2,0.6363636363636364,0.75,0.5625,0.29310344827586204,0.5,0.6444444444444445,0.7068965517241379,0.5,0.25,0.4375,0.8636,0.8,0.78,
2026-06-30T12:12:43.586490+00:00,KXATPMATCH-26JUN29SHIFAR-FAR,Jaime Faria,Sho Shimabukuro,7-6 6-3 5-5,0-15,p2,0.6122448979591837,0.8833333333333333,0.5263157894736842,0.25862068965517243,0.3829787234042553,0.5523809523809524,0.7413793103448276,0.6170212765957447,0.11666666666666667,0.47368421052631576,0.9602,0.88,0.87,
2026-06-30T12:13:06.562061+00:00,KXATPMATCH-26JUN29ROYWEN-ROY,Valentin Royer,Harry Wendelken,4-6 6-3 5-3,40-40,p2,0.6363636363636364,0.75,0.5625,0.29310344827586204,0.5151515151515151,0.6373626373626373,0.7068965517241379,0.48484848484848486,0.25,0.4375,0.879,0.8,0.78,
2026-06-30T12:13:08.505375+00:00,KXATPMATCH-26JUN29SHIFAR-FAR,Jaime Faria,Sho Shimabukuro,7-6 6-3 5-5,0-30,p2,0.6122448979591837,0.8833333333333333,0.5263157894736842,0.2542372881355932,0.3829787234042553,0.5566037735849056,0.7457627118644068,0.6170212765957447,0.11666666666666667,0.47368421052631576,0.9535,0.87,0.86,
2026-06-30T12:13:31.560696+00:00,KXATPMATCH-26JUN29ROYWEN-ROY,Valentin Royer,Harry Wendelken,4-6 6-3 5-3,40-40,p2,0.6363636363636364,0.75,0.5625,0.29310344827586204,0.5151515151515151,0.6373626373626373,0.7068965517241379,0.48484848484848486,0.25,0.4375,0.8813,0.8,0.79,
2026-06-30T12:13:33.544095+00:00,KXATPMATCH-26JUN29SHIFAR-FAR,Jaime Faria,Sho Shimabukuro,7-6 6-3 5-6,0-0,p1,0.6122448979591837,0.8833333333333333,0.5263157894736842,0.25,0.3829787234042553,0.5607476635514018,0.75,0.6170212765957447,0.11666666666666667,0.47368421052631576,0.9471,0.86,0.85,
2026-06-30T12:13:56.553313+00:00,KXATPMATCH-26JUN29ROYWEN-ROY,Valentin Royer,Harry Wendelken,4-6 6-3 5-3,Ad-40,p2,0.6363636363636364,0.75,0.5625,0.3050847457627119,0.48484848484848486,0.6413043478260869,0.6949152542372882,0.5151515151515151,0.25,0.4375,0.8782,0.8,0.79,
2026-06-30T12:13:58.460541+00:00,KXATPMATCH-26JUN29SHIFAR-FAR,Jaime Faria,Sho Shimabukuro,7-6 6-3 5-6,0-0,p1,0.6122448979591837,0.8833333333333333,0.5263157894736842,0.2459016393442623,0.40425531914893614,0.5648148148148148,0.7540983606557377,0.5957446808510638,0.11666666666666667,0.47368421052631576,0.9563,0.86,0.85,
2026-06-30T12:14:21.218615+00:00,KXATPMATCH-26JUN29ROYWEN-ROY,Valentin Royer,Harry Wendelken,4-6 6-3 6-3 0-0,0-0,p1,0.6363636363636364,0.75,0.5625,0.3050847457627119,0.48484848484848486,0.6413043478260869,0.6949152542372882,0.5151515151515151,0.25,0.4375,0.8884,0.83,0.81,
2026-06-30T12:14:23.066725+00:00,KXATPMATCH-26JUN29SHIFAR-FAR,Jaime Faria,Sho Shimabukuro,7-6 6-3 5-6,0-0,p1,0.6122448979591837,0.8833333333333333,0.5263157894736842,0.2459016393442623,0.40425531914893614,0.5648148148148148,0.7540983606557377,0.5957446808510638,0.11666666666666667,0.47368421052631576,0.9505,0.86,0.85,
2026-06-30T12:14:45.689308+00:00,KXATPMATCH-26JUN29ROYWEN-ROY,Valentin Royer,Harry Wendelken,4-6 6-3 6-3 0-0,0-0,p1,0.6363636363636364,0.75,0.5625,0.31666666666666665,0.48484848484848486,0.6451612903225806,0.6833333333333333,0.5151515151515151,0.25,0.4375,0.9016,0.83,0.81,
2026-06-30T12:14:47.566677+00:00,KXATPMATCH-26JUN29SHIFAR-FAR,Jaime Faria,Sho Shimabukuro,7-6 6-3 5-6,0-0,p1,0.6122448979591837,0.8833333333333333,0.5263157894736842,0.2459016393442623,0.40425531914893614,0.5648148148148148,0.7540983606557377,0.5957446808510638,0.11666666666666667,0.47368421052631576,0.9537,0.86,0.85,
2026-06-30T12:15:10.299951+00:00,KXATPMATCH-26JUN29ROYWEN-ROY,Valentin Royer,Harry Wendelken,4-6 6-3 6-3 0-0,0-0,p1,0.6363636363636364,0.75,0.5625,0.31666666666666665,0.48484848484848486,0.6451612903225806,0.6833333333333333,0.5151515151515151,0.25,0.4375,0.9012,0.83,0.82,
2026-06-30T12:15:12.255365+00:00,KXATPMATCH-26JUN29SHIFAR-FAR,Jaime Faria,Sho Shimabukuro,7-6 6-3 5-6,0-15,p1,0.6122448979591837,0.8833333333333333,0.5263157894736842,0.2459016393442623,0.40425531914893614,0.5648148148148148,0.7540983606557377,0.5957446808510638,0.11666666666666667,0.47368421052631576,0.9521,0.84,0.83,
2026-06-30T12:15:34.829436+00:00,KXATPMATCH-26JUN29ROYWEN-ROY,Valentin Royer,Harry Wendelken,4-6 6-3 6-3 0-0,0-0,p1,0.6363636363636364,0.75,0.5625,0.31666666666666665,0.48484848484848486,0.6451612903225806,0.6833333333333333,0.5151515151515151,0.25,0.4375,0.8981,0.83,0.82,
2026-06-30T12:15:36.870377+00:00,KXATPMATCH-26JUN29SHIFAR-FAR,Jaime Faria,Sho Shimabukuro,7-6 6-3 5-6,15-15,p1,0.62,0.8709677419354839,0.5,0.2459016393442623,0.3617021276595745,0.5648148148148148,0.7540983606557377,0.6382978723404256,0.12903225806451613,0.5,0.9164,0.84,0.82,
2026-06-30T12:15:59.711050+00:00,KXATPMATCH-26JUN29ROYWEN-ROY,Valentin Royer,Harry Wendelken,4-6 6-3 6-3 0-0,0-0,p1,0.6363636363636364,0.75,0.5625,0.31666666666666665,0.48484848484848486,0.6451612903225806,0.6833333333333333,0.5151515151515151,0.25,0.4375,0.9052,0.83,0.82,
2026-06-30T12:16:02.074434+00:00,KXATPMATCH-26JUN29SHIFAR-FAR,Jaime Faria,Sho Shimabukuro,7-6 6-3 5-6,15-30,p1,0.6237623762376238,0.8571428571428571,0.5263157894736842,0.2459016393442623,0.3617021276595745,0.5648148148148148,0.7540983606557377,0.6382978723404256,0.14285714285714285,0.47368421052631576,0.9,0.8200000000000001,0.81,
2026-06-30T12:16:24.737524+00:00,KXATPMATCH-26JUN29ROYWEN-ROY,Valentin Royer,Harry Wendelken,4-6 6-3 6-3 0-0,0-0,p1,0.6363636363636364,0.75,0.5625,0.31666666666666665,0.48484848484848486,0.6451612903225806,0.6833333333333333,0.5151515151515151,0.25,0.4375,0.9009,0.83,0.82,
2026-06-30T12:16:27.004251+00:00,KXATPMATCH-26JUN29SHIFAR-FAR,Jaime Faria,Sho Shimabukuro,7-6 6-3 5-6,15-30,p1,0.6237623762376238,0.8571428571428571,0.5263157894736842,0.2459016393442623,0.3617021276595745,0.5648148148148148,0.7540983606557377,0.6382978723404256,0.14285714285714285,0.47368421052631576,0.9025,0.8,0.78,
2026-06-30T12:16:49.852746+00:00,KXATPMATCH-26JUN29ROYWEN-ROY,Valentin Royer,Harry Wendelken,4-6 6-3 6-3 0-0,0-0,p1,0.6363636363636364,0.75,0.5625,0.31666666666666665,0.48484848484848486,0.6451612903225806,0.6833333333333333,0.5151515151515151,0.25,0.4375,0.8965,0.83,0.82,
2026-06-30T12:16:52.403316+00:00,KXATPMATCH-26JUN29SHIFAR-FAR,Jaime Faria,Sho Shimabukuro,7-6 6-3 5-6,15-40,p1,0.6274509803921569,0.84375,0.5263157894736842,0.2459016393442623,0.3617021276595745,0.5648148148148148,0.7540983606557377,0.6382978723404256,0.15625,0.47368421052631576,0.8587,0.77,0.76,
2026-06-30T12:17:14.697286+00:00,KXATPMATCH-26JUN29ROYWEN-ROY,Valentin Royer,Harry Wendelken,4-6 6-3 6-3 0-0,0-0,p1,0.6363636363636364,0.75,0.5625,0.31666666666666665,0.48484848484848486,0.6451612903225806,0.6833333333333333,0.5151515151515151,0.25,0.4375,0.8991,0.83,0.82,
2026-06-30T12:17:17.449755+00:00,KXATPMATCH-26JUN29SHIFAR-FAR,Jaime Faria,Sho Shimabukuro,7-6 6-3 5-6,15-40,p1,0.6274509803921569,0.84375,0.5263157894736842,0.2459016393442623,0.3617021276595745,0.5648148148148148,0.7540983606557377,0.6382978723404256,0.15625,0.47368421052631576,0.8639,0.8,0.78,
2026-06-30T12:17:40.177566+00:00,KXATPMATCH-26JUN29ROYWEN-ROY,Valentin Royer,Harry Wendelken,4-6 6-3 6-3 0-0,0-0,p1,0.6363636363636364,0.75,0.5625,0.31666666666666665,0.48484848484848486,0.6451612903225806,0.6833333333333333,0.5151515151515151,0.25,0.4375,0.9009,0.83,0.82,
2026-06-30T12:17:42.423287+00:00,KXATPMATCH-26JUN29SHIFAR-FAR,Jaime Faria,Sho Shimabukuro,7-6 6-3 5-6,40-40,p1,0.625,0.8461538461538461,0.5128205128205128,0.2459016393442623,0.3617021276595745,0.5648148148148148,0.7540983606557377,0.6382978723404256,0.15384615384615385,0.48717948717948717,0.8957,0.84,0.82,
2026-06-30T12:18:05.075885+00:00,KXATPMATCH-26JUN29ROYWEN-ROY,Valentin Royer,Harry Wendelken,4-6 6-3 6-3 0-0,0-0,p1,0.6363636363636364,0.75,0.5625,0.31666666666666665,0.48484848484848486,0.6451612903225806,0.6833333333333333,0.5151515151515151,0.25,0.4375,0.8936,0.83,0.82,
2026-06-30T12:18:27.741341+00:00,KXATPMATCH-26JUN29ROYWEN-ROY,Valentin Royer,Harry Wendelken,4-6 6-3 6-3 0-0,0-0,p1,0.6363636363636364,0.75,0.5625,0.31666666666666665,0.48484848484848486,0.6451612903225806,0.6833333333333333,0.5151515151515151,0.25,0.4375,0.9006,0.83,0.82,
2026-06-30T12:18:29.858131+00:00,KXATPMATCH-26JUN29SHIFAR-FAR,Jaime Faria,Sho Shimabukuro,7-6 6-3 5-6,40-40,p1,0.6285714285714286,0.8484848484848485,0.5128205128205128,0.2459016393442623,0.3617021276595745,0.5648148148148148,0.7540983606557377,0.6382978723404256,0.15151515151515152,0.48717948717948717,0.9018,0.83,0.82,
2026-06-30T12:18:52.567794+00:00,KXATPMATCH-26JUN29ROYWEN-ROY,Valentin Royer,Harry Wendelken,4-6 6-3 6-3 0-0,0-0,p1,0.6363636363636364,0.75,0.5625,0.31666666666666665,0.48484848484848486,0.6451612903225806,0.6833333333333333,0.5151515151515151,0.25,0.4375,0.8937,0.83,0.82,
2026-06-30T12:18:54.598294+00:00,KXATPMATCH-26JUN29SHIFAR-FAR,Jaime Faria,Sho Shimabukuro,7-6 6-3 5-6,40-40,p1,0.6320754716981132,0.835820895522388,0.5384615384615384,0.2459016393442623,0.3617021276595745,0.5648148148148148,0.7540983606557377,0.6382978723404256,0.16417910447761194,0.46153846153846156,0.9073,0.85,0.84,
2026-06-30T12:19:17.371384+00:00,KXATPMATCH-26JUN29ROYWEN-ROY,Valentin Royer,Harry Wendelken,4-6 6-3 6-3 0-0,0-0,p1,0.6363636363636364,0.75,0.5625,0.31666666666666665,0.48484848484848486,0.6451612903225806,0.6833333333333333,0.5151515151515151,0.25,0.4375,0.9028,0.83,0.82,
2026-06-30T12:19:19.734094+00:00,KXATPMATCH-26JUN29SHIFAR-FAR,Jaime Faria,Sho Shimabukuro,7-6 6-3 5-6,Ad-40,p1,0.6261682242990654,0.835820895522388,0.525,0.2459016393442623,0.3617021276595745,0.5648148148148148,0.7540983606557377,0.6382978723404256,0.16417910447761194,0.475,0.8982,0.85,0.84,
2026-06-30T12:19:42.452092+00:00,KXATPMATCH-26JUN29ROYWEN-ROY,Valentin Royer,Harry Wendelken,4-6 6-3 6-3 0-0,0-0,p1,0.6363636363636364,0.75,0.5625,0.31666666666666665,0.48484848484848486,0.6451612903225806,0.6833333333333333,0.5151515151515151,0.25,0.4375,0.8985,0.83,0.82,
2026-06-30T12:19:44.914108+00:00,KXATPMATCH-26JUN29SHIFAR-FAR,Jaime Faria,Sho Shimabukuro,7-6 6-3 5-6,40-40,p1,0.6296296296296297,0.8235294117647058,0.525,0.2459016393442623,0.3617021276595745,0.5648148148148148,0.7540983606557377,0.6382978723404256,0.17647058823529413,0.475,0.8686,0.84,0.83,
2026-06-30T12:20:07.691836+00:00,KXATPMATCH-26JUN29ROYWEN-ROY,Valentin Royer,Harry Wendelken,4-6 6-3 6-3 0-0,0-0,p1,0.6363636363636364,0.75,0.5625,0.31666666666666665,0.48484848484848486,0.6451612903225806,0.6833333333333333,0.5151515151515151,0.25,0.4375,0.8992,0.83,0.82,
2026-06-30T12:20:09.715063+00:00,KXATPMATCH-26JUN29SHIFAR-FAR,Jaime Faria,Sho Shimabukuro,7-6 6-3 5-6,Ad-40,p1,0.6330275229357798,0.8260869565217391,0.55,0.2459016393442623,0.3617021276595745,0.5648148148148148,0.7540983606557377,0.6382978723404256,0.17391304347826086,0.45,0.9035,0.85,0.84,
2026-06-30T12:20:32.353117+00:00,KXATPMATCH-26JUN29ROYWEN-ROY,Valentin Royer,Harry Wendelken,4-6 6-3 6-3 0-0,0-0,p1,0.6363636363636364,0.75,0.5625,0.31666666666666665,0.48484848484848486,0.6451612903225806,0.6833333333333333,0.5151515151515151,0.25,0.4375,0.9031,0.83,0.81,
2026-06-30T12:20:34.349554+00:00,KXATPMATCH-26JUN29SHIFAR-FAR,Jaime Faria,Sho Shimabukuro,7-6 6-3 6-6,0-0,p2,0.6363636363636364,0.8285714285714286,0.525,0.2459016393442623,0.3617021276595745,0.5648148148148148,0.7540983606557377,0.6382978723404256,0.17142857142857143,0.475,0.9033,0.85,0.84,
2026-06-30T12:20:57.197268+00:00,KXATPMATCH-26JUN29ROYWEN-ROY,Valentin Royer,Harry Wendelken,4-6 6-3 6-3 0-0,0-0,p1,0.6363636363636364,0.75,0.5625,0.31666666666666665,0.48484848484848486,0.6451612903225806,0.6833333333333333,0.5151515151515151,0.25,0.4375,0.9009,0.83,0.81,
2026-06-30T12:20:59.618836+00:00,KXATPMATCH-26JUN29SHIFAR-FAR,Jaime Faria,Sho Shimabukuro,7-6 6-3 6-6,0-1,p1,0.6363636363636364,0.8285714285714286,0.55,0.24193548387096775,0.3829787234042553,0.5688073394495413,0.7580645161290323,0.6170212765957447,0.17142857142857143,0.45,0.8943,0.84,0.83,
2026-06-30T12:21:22.379828+00:00,KXATPMATCH-26JUN29ROYWEN-ROY,Valentin Royer,Harry Wendelken,4-6 6-3 6-3 0-0,0-0,p1,0.6363636363636364,0.75,0.5625,0.31666666666666665,0.48484848484848486,0.6451612903225806,0.6833333333333333,0.5151515151515151,0.25,0.4375,0.9028,0.83,0.81,
2026-06-30T12:21:24.164408+00:00,KXATPMATCH-26JUN29SHIFAR-FAR,Jaime Faria,Sho Shimabukuro,7-6 6-3 6-6,1-1,p1,0.6363636363636364,0.8285714285714286,0.55,0.24193548387096775,0.3829787234042553,0.5688073394495413,0.7580645161290323,0.6170212765957447,0.17142857142857143,0.45,0.9255,0.86,0.85,
2026-06-30T12:21:46.858506+00:00,KXATPMATCH-26JUN29ROYWEN-ROY,Valentin Royer,Harry Wendelken,4-6 6-3 6-3 0-0,0-0,p1,0.6363636363636364,0.75,0.5625,0.31666666666666665,0.48484848484848486,0.6451612903225806,0.6833333333333333,0.5151515151515151,0.25,0.4375,0.9039,0.83,0.81,
2026-06-30T12:21:49.328655+00:00,KXATPMATCH-26JUN29SHIFAR-FAR,Jaime Faria,Sho Shimabukuro,7-6 6-3 6-6,1-2,p2,0.6428571428571429,0.8194444444444444,0.525,0.24193548387096775,0.3617021276595745,0.5688073394495413,0.7580645161290323,0.6382978723404256,0.18055555555555555,0.475,0.8524,0.81,0.8,
2026-06-30T12:22:13.276451+00:00,KXATPMATCH-26JUN29ROYWEN-ROY,Valentin Royer,Harry Wendelken,4-6 6-3 6-3 0-0,0-15,p1,0.6363636363636364,0.75,0.5625,0.31666666666666665,0.48484848484848486,0.6451612903225806,0.6833333333333333,0.5151515151515151,0.25,0.4375,0.8906,0.81,0.8,
2026-06-30T12:22:16.112828+00:00,KXATPMATCH-26JUN29SHIFAR-FAR,Jaime Faria,Sho Shimabukuro,7-6 6-3 6-6,1-3,p2,0.6428571428571429,0.8194444444444444,0.55,0.23809523809523808,0.3829787234042553,0.5727272727272728,0.7619047619047619,0.6170212765957447,0.18055555555555555,0.45,0.8633,0.78,0.77,
2026-06-30T12:22:38.834048+00:00,KXATPMATCH-26JUN29ROYWEN-ROY,Valentin Royer,Harry Wendelken,4-6 6-3 6-3 0-0,15-15,p1,0.6444444444444445,0.7413793103448276,0.53125,0.31666666666666665,0.5,0.6382978723404256,0.6833333333333333,0.5,0.25862068965517243,0.46875,0.884,0.81,0.8,
2026-06-30T12:22:41.917720+00:00,KXATPMATCH-26JUN29SHIFAR-FAR,Jaime Faria,Sho Shimabukuro,7-6 6-3 6-6,1-4,p1,0.6428571428571429,0.8194444444444444,0.55,0.23809523809523808,0.375,0.5675675675675675,0.7619047619047619,0.625,0.18055555555555555,0.45,0.8267,0.76,0.74,
2026-06-30T12:23:04.635935+00:00,KXATPMATCH-26JUN29ROYWEN-ROY,Valentin Royer,Harry Wendelken,4-6 6-3 6-3 0-0,15-30,p1,0.6483516483516484,0.7288135593220338,0.5625,0.31666666666666665,0.5,0.6382978723404256,0.6833333333333333,0.5,0.2711864406779661,0.4375,0.8716,0.81,0.8,
2026-06-30T12:23:07.669343+00:00,KXATPMATCH-26JUN29SHIFAR-FAR,Jaime Faria,Sho Shimabukuro,7-6 6-3 6-6,1-4,p1,0.6428571428571429,0.8194444444444444,0.55,0.23809523809523808,0.375,0.5675675675675675,0.7619047619047619,0.625,0.18055555555555555,0.45,0.8258,0.73,0.72,
2026-06-30T12:23:30.648941+00:00,KXATPMATCH-26JUN29ROYWEN-ROY,Valentin Royer,Harry Wendelken,4-6 6-3 6-3 0-0,30-30,p1,0.6521739130434783,0.7333333333333333,0.53125,0.31666666666666665,0.5,0.6382978723404256,0.6833333333333333,0.5,0.26666666666666666,0.46875,0.875,0.8200000000000001,0.8,
2026-06-30T12:23:33.464119+00:00,KXATPMATCH-26JUN29SHIFAR-FAR,Jaime Faria,Sho Shimabukuro,7-6 6-3 6-6,1-5,p1,0.6371681415929203,0.8194444444444444,0.5365853658536586,0.23809523809523808,0.3541666666666667,0.5675675675675675,0.7619047619047619,0.6458333333333334,0.18055555555555555,0.4634146341463415,0.7793,0.72,0.71,
2026-06-30T12:23:56.286838+00:00,KXATPMATCH-26JUN29ROYWEN-ROY,Valentin Royer,Harry Wendelken,4-6 6-3 6-3 0-0,30-30,p1,0.6521739130434783,0.7333333333333333,0.53125,0.31666666666666665,0.5,0.6382978723404256,0.6833333333333333,0.5,0.26666666666666666,0.46875,0.8663,0.78,0.76,
2026-06-30T12:23:59.504648+00:00,KXATPMATCH-26JUN29SHIFAR-FAR,Jaime Faria,Sho Shimabukuro,7-6 6-3 6-6,1-5,p1,0.6371681415929203,0.8194444444444444,0.5365853658536586,0.23809523809523808,0.3541666666666667,0.5675675675675675,0.7619047619047619,0.6458333333333334,0.18055555555555555,0.4634146341463415,0.7775,0.7,0.69,
2026-06-30T12:24:22.310692+00:00,KXATPMATCH-26JUN29ROYWEN-ROY,Valentin Royer,Harry Wendelken,4-6 6-3 6-3 0-0,30-40,p1,0.6559139784946236,0.7213114754098361,0.5625,0.31666666666666665,0.5,0.6382978723404256,0.6833333333333333,0.5,0.2786885245901639,0.4375,0.8499,0.76,0.75,
2026-06-30T12:24:25.638979+00:00,KXATPMATCH-26JUN29SHIFAR-FAR,Jaime Faria,Sho Shimabukuro,7-6 6-3 6-6,1-6,p2,0.6403508771929824,0.8082191780821918,0.5365853658536586,0.23809523809523808,0.3541666666666667,0.5675675675675675,0.7619047619047619,0.6458333333333334,0.1917808219178082,0.4634146341463415,0.7477,0.7,0.68,
2026-06-30T12:24:48.386867+00:00,KXATPMATCH-26JUN29ROYWEN-ROY,Valentin Royer,Harry Wendelken,4-6 6-3 6-3 0-0,40-40,p1,0.6595744680851063,0.7258064516129032,0.53125,0.31666666666666665,0.5,0.6382978723404256,0.6833333333333333,0.5,0.27419354838709675,0.46875,0.8607,0.81,0.8,
2026-06-30T12:24:51.585686+00:00,KXATPMATCH-26JUN29SHIFAR-FAR,Jaime Faria,Sho Shimabukuro,7-6 6-3 6-6,2-6,p2,0.6403508771929824,0.8082191780821918,0.5365853658536586,0.23809523809523808,0.3541666666666667,0.5675675675675675,0.7619047619047619,0.6458333333333334,0.1917808219178082,0.4634146341463415,0.7524,0.7,0.69,
2026-06-30T12:25:14.134548+00:00,KXATPMATCH-26JUN29ROYWEN-ROY,Valentin Royer,Harry Wendelken,4-6 6-3 6-3 0-0,Ad-40,p1,0.6595744680851063,0.7258064516129032,0.53125,0.31666666666666665,0.5,0.6382978723404256,0.6833333333333333,0.5,0.27419354838709675,0.46875,0.8802,0.83,0.82,
2026-06-30T12:25:17.161547+00:00,KXATPMATCH-26JUN29SHIFAR-FAR,Jaime Faria,Sho Shimabukuro,7-6 6-3 6-6,2-6,p2,0.6403508771929824,0.8082191780821918,0.5365853658536586,0.23809523809523808,0.3673469387755102,0.5625,0.7619047619047619,0.6326530612244898,0.1917808219178082,0.4634146341463415,0.7703,0.71,0.7,
2026-06-30T12:25:39.555064+00:00,KXATPMATCH-26JUN29ROYWEN-ROY,Valentin Royer,Harry Wendelken,4-6 6-3 6-3 1-0,0-0,p2,0.6666666666666666,0.734375,0.53125,0.31666666666666665,0.5,0.6382978723404256,0.6833333333333333,0.5,0.265625,0.46875,0.8946,0.84,0.83,
2026-06-30T12:25:42.590262+00:00,KXATPMATCH-26JUN29SHIFAR-FAR,Jaime Faria,Sho Shimabukuro,7-6 6-3 6-7 0-0,0-0,p1,0.6403508771929824,0.8082191780821918,0.5365853658536586,0.23809523809523808,0.38,0.5575221238938053,0.7619047619047619,0.62,0.1917808219178082,0.4634146341463415,0.784,0.7,0.69,
2026-06-30T12:26:05.018782+00:00,KXATPMATCH-26JUN29ROYWEN-ROY,Valentin Royer,Harry Wendelken,4-6 6-3 6-3 1-0,0-0,p2,0.6666666666666666,0.734375,0.53125,0.31666666666666665,0.5,0.6382978723404256,0.6833333333333333,0.5,0.265625,0.46875,0.8957,0.84,0.83,
2026-06-30T12:26:08.091226+00:00,KXATPMATCH-26JUN29SHIFAR-FAR,Jaime Faria,Sho Shimabukuro,7-6 6-3 6-7 0-0,0-0,p1,0.6403508771929824,0.8082191780821918,0.5365853658536586,0.23809523809523808,0.38,0.5575221238938053,0.7619047619047619,0.62,0.1917808219178082,0.4634146341463415,0.7846,0.7,0.69,
2026-06-30T12:26:30.557582+00:00,KXATPMATCH-26JUN29ROYWEN-ROY,Valentin Royer,Harry Wendelken,4-6 6-3 6-3 1-0,0-0,p2,0.6666666666666666,0.734375,0.53125,0.31666666666666665,0.5,0.6382978723404256,0.6833333333333333,0.5,0.265625,0.46875,0.9003,0.84,0.83,
2026-06-30T12:26:33.519478+00:00,KXATPMATCH-26JUN29SHIFAR-FAR,Jaime Faria,Sho Shimabukuro,7-6 6-3 6-7 0-0,0-0,p1,0.6403508771929824,0.8082191780821918,0.5365853658536586,0.23809523809523808,0.38,0.5575221238938053,0.7619047619047619,0.62,0.1917808219178082,0.4634146341463415,0.7888,0.7,0.69,
2026-06-30T12:26:55.975722+00:00,KXATPMATCH-26JUN29ROYWEN-ROY,Valentin Royer,Harry Wendelken,4-6 6-3 6-3 1-0,0-15,p2,0.6666666666666666,0.734375,0.53125,0.31666666666666665,0.5,0.6382978723404256,0.6833333333333333,0.5,0.265625,0.46875,0.8935,0.83,0.82,
2026-06-30T12:26:58.781960+00:00,KXATPMATCH-26JUN29SHIFAR-FAR,Jaime Faria,Sho Shimabukuro,7-6 6-3 6-7 0-0,0-0,p1,0.6403508771929824,0.8082191780821918,0.5365853658536586,0.23809523809523808,0.38,0.5575221238938053,0.7619047619047619,0.62,0.1917808219178082,0.4634146341463415,0.7823,0.7,0.69,
2026-06-30T12:27:21.090573+00:00,KXATPMATCH-26JUN29ROYWEN-ROY,Valentin Royer,Harry Wendelken,4-6 6-3 6-3 1-0,0-15,p2,0.6666666666666666,0.734375,0.5625,0.31666666666666665,0.5142857142857142,0.631578947368421,0.6833333333333333,0.4857142857142857,0.265625,0.4375,0.9237,0.83,0.81,
2026-06-30T12:27:24.134353+00:00,KXATPMATCH-26JUN29SHIFAR-FAR,Jaime Faria,Sho Shimabukuro,7-6 6-3 6-7 0-0,0-0,p1,0.6403508771929824,0.8082191780821918,0.5365853658536586,0.23809523809523808,0.38,0.5575221238938053,0.7619047619047619,0.62,0.1917808219178082,0.4634146341463415,0.7848,0.7,0.69,
2026-06-30T12:27:46.528385+00:00,KXATPMATCH-26JUN29ROYWEN-ROY,Valentin Royer,Harry Wendelken,4-6 6-3 6-3 1-0,0-30,p2,0.6666666666666666,0.734375,0.5625,0.3114754098360656,0.5142857142857142,0.6354166666666666,0.6885245901639344,0.4857142857142857,0.265625,0.4375,0.9057,0.83,0.81,
2026-06-30T12:27:49.467773+00:00,KXATPMATCH-26JUN29SHIFAR-FAR,Jaime Faria,Sho Shimabukuro,7-6 6-3 6-7 0-0,0-0,p1,0.6403508771929824,0.8082191780821918,0.5365853658536586,0.23809523809523808,0.38,0.5575221238938053,0.7619047619047619,0.62,0.1917808219178082,0.4634146341463415,0.786,0.7,0.69,
2026-06-30T12:28:12.012576+00:00,KXATPMATCH-26JUN29ROYWEN-ROY,Valentin Royer,Harry Wendelken,4-6 6-3 6-3 1-0,0-40,p2,0.6666666666666666,0.734375,0.5625,0.3064516129032258,0.5142857142857142,0.6391752577319587,0.6935483870967742,0.4857142857142857,0.265625,0.4375,0.8977,0.8200000000000001,0.8,
2026-06-30T12:28:15.036784+00:00,KXATPMATCH-26JUN29SHIFAR-FAR,Jaime Faria,Sho Shimabukuro,7-6 6-3 6-7 0-0,15-0,p1,0.6347826086956522,0.8082191780821918,0.5238095238095238,0.23809523809523808,0.36,0.5575221238938053,0.7619047619047619,0.64,0.1917808219178082,0.47619047619047616,0.7438,0.72,0.71,
2026-06-30T12:28:37.487191+00:00,KXATPMATCH-26JUN29ROYWEN-ROY,Valentin Royer,Harry Wendelken,4-6 6-3 6-3 1-0,0-40,p2,0.6666666666666666,0.734375,0.5625,0.3064516129032258,0.5142857142857142,0.6391752577319587,0.6935483870967742,0.4857142857142857,0.265625,0.4375,0.8982,0.8200000000000001,0.81,
2026-06-30T12:28:40.572198+00:00,KXATPMATCH-26JUN29SHIFAR-FAR,Jaime Faria,Sho Shimabukuro,7-6 6-3 6-7 0-0,30-0,p1,0.6379310344827587,0.8108108108108109,0.5238095238095238,0.23809523809523808,0.36,0.5575221238938053,0.7619047619047619,0.64,0.1891891891891892,0.47619047619047616,0.7563,0.72,0.71,
2026-06-30T12:29:03.028640+00:00,KXATPMATCH-26JUN29ROYWEN-ROY,Valentin Royer,Harry Wendelken,4-6 6-3 6-3 1-0,15-40,p2,0.6666666666666666,0.734375,0.5625,0.3064516129032258,0.5,0.6326530612244898,0.6935483870967742,0.5,0.265625,0.4375,0.8942,0.8200000000000001,0.81,
2026-06-30T12:29:06.112930+00:00,KXATPMATCH-26JUN29SHIFAR-FAR,Jaime Faria,Sho Shimabukuro,7-6 6-3 6-7 0-0,30-15,p1,0.6324786324786325,0.8108108108108109,0.5348837209302325,0.23809523809523808,0.36,0.5575221238938053,0.7619047619047619,0.64,0.1891891891891892,0.46511627906976744,0.7539,0.71,0.7,
2026-06-30T12:29:28.616100+00:00,KXATPMATCH-26JUN29ROYWEN-ROY,Valentin Royer,Harry Wendelken,4-6 6-3 6-3 1-1,0-0,p1,0.6666666666666666,0.734375,0.5625,0.3064516129032258,0.4864864864864865,0.6262626262626263,0.6935483870967742,0.5135135135135135,0.265625,0.4375,0.88,0.8200000000000001,0.8,
2026-06-30T12:29:31.715143+00:00,KXATPMATCH-26JUN29SHIFAR-FAR,Jaime Faria,Sho Shimabukuro,7-6 6-3 6-7 0-0,40-15,p1,0.6271186440677966,0.8108108108108109,0.5227272727272727,0.23809523809523808,0.36,0.5575221238938053,0.7619047619047619,0.64,0.1891891891891892,0.4772727272727273,0.754,0.72,0.7,
2026-06-30T12:29:54.100411+00:00,KXATPMATCH-26JUN29ROYWEN-ROY,Valentin Royer,Harry Wendelken,4-6 6-3 6-3 1-1,0-0,p1,0.6666666666666666,0.734375,0.5625,0.3064516129032258,0.4864864864864865,0.6262626262626263,0.6935483870967742,0.5135135135135135,0.265625,0.4375,0.8821,0.81,0.8,
2026-06-30T12:29:57.044232+00:00,KXATPMATCH-26JUN29SHIFAR-FAR,Jaime Faria,Sho Shimabukuro,7-6 6-3 6-7 1-0,0-0,p2,0.6302521008403361,0.8133333333333334,0.5227272727272727,0.23809523809523808,0.36,0.5575221238938053,0.7619047619047619,0.64,0.18666666666666668,0.4772727272727273,0.7587,0.72,0.7,
2026-06-30T12:30:19.402805+00:00,KXATPMATCH-26JUN29ROYWEN-ROY,Valentin Royer,Harry Wendelken,4-6 6-3 6-3 1-1,15-0,p1,0.6701030927835051,0.7384615384615385,0.53125,0.3064516129032258,0.4864864864864865,0.6262626262626263,0.6935483870967742,0.5135135135135135,0.26153846153846155,0.46875,0.8757,0.83,0.82,
2026-06-30T12:30:22.536443+00:00,KXATPMATCH-26JUN29SHIFAR-FAR,Jaime Faria,Sho Shimabukuro,7-6 6-3 6-7 1-0,0-0,p2,0.6302521008403361,0.8133333333333334,0.5227272727272727,0.23809523809523808,0.36,0.5575221238938053,0.7619047619047619,0.64,0.18666666666666668,0.4772727272727273,0.7636,0.72,0.7,
2026-06-30T12:30:45.010087+00:00,KXATPMATCH-26JUN29ROYWEN-ROY,Valentin Royer,Harry Wendelken,4-6 6-3 6-3 1-1,15-0,p1,0.6701030927835051,0.7384615384615385,0.53125,0.3064516129032258,0.4864864864864865,0.6262626262626263,0.6935483870967742,0.5135135135135135,0.26153846153846155,0.46875,0.8751,0.8200000000000001,0.81,
2026-06-30T12:30:48.115000+00:00,KXATPMATCH-26JUN29SHIFAR-FAR,Jaime Faria,Sho Shimabukuro,7-6 6-3 6-7 1-0,0-0,p2,0.6302521008403361,0.8133333333333334,0.5227272727272727,0.23809523809523808,0.36,0.5575221238938053,0.7619047619047619,0.64,0.18666666666666668,0.4772727272727273,0.7565,0.76,0.74,
2026-06-30T12:31:10.742123+00:00,KXATPMATCH-26JUN29ROYWEN-ROY,Valentin Royer,Harry Wendelken,4-6 6-3 6-3 1-1,15-15,p1,0.6632653061224489,0.7384615384615385,0.5454545454545454,0.3064516129032258,0.4864864864864865,0.6262626262626263,0.6935483870967742,0.5135135135135135,0.26153846153846155,0.45454545454545453,0.8751,0.8200000000000001,0.81,
2026-06-30T12:31:13.676394+00:00,KXATPMATCH-26JUN29SHIFAR-FAR,Jaime Faria,Sho Shimabukuro,7-6 6-3 6-7 1-0,15-0,p2,0.6302521008403361,0.8133333333333334,0.5454545454545454,0.23809523809523808,0.37254901960784315,0.5526315789473685,0.7619047619047619,0.6274509803921569,0.18666666666666668,0.45454545454545453,0.8228,0.81,0.79,
2026-06-30T12:31:35.883627+00:00,KXATPMATCH-26JUN29ROYWEN-ROY,Valentin Royer,Harry Wendelken,4-6 6-3 6-3 1-1,30-15,p1,0.6632653061224489,0.7384615384615385,0.5454545454545454,0.3064516129032258,0.4864864864864865,0.6262626262626263,0.6935483870967742,0.5135135135135135,0.26153846153846155,0.45454545454545453,0.8828,0.8200000000000001,0.81,
2026-06-30T12:31:38.229229+00:00,KXATPMATCH-26JUN29SHIFAR-FAR,Jaime Faria,Sho Shimabukuro,7-6 6-3 6-7 1-0,30-0,p2,0.6302521008403361,0.8133333333333334,0.5454545454545454,0.23809523809523808,0.38461538461538464,0.5478260869565217,0.7619047619047619,0.6153846153846154,0.18666666666666668,0.45454545454545453,0.8684,0.84,0.79,
2026-06-30T12:32:00.742995+00:00,KXATPMATCH-26JUN29ROYWEN-ROY,Valentin Royer,Harry Wendelken,4-6 6-3 6-3 1-1,30-15,p1,0.6666666666666666,0.7424242424242424,0.5151515151515151,0.3064516129032258,0.4864864864864865,0.6262626262626263,0.6935483870967742,0.5135135135135135,0.25757575757575757,0.48484848484848486,0.8693,0.8200000000000001,0.81,
2026-06-30T12:32:03.096476+00:00,KXATPMATCH-26JUN29SHIFAR-FAR,Jaime Faria,Sho Shimabukuro,7-6 6-3 6-7 1-0,30-15,p2,0.6302521008403361,0.8133333333333334,0.5454545454545454,0.234375,0.40384615384615385,0.5517241379310345,0.765625,0.5961538461538461,0.18666666666666668,0.45454545454545453,0.8657,0.8,0.77,
2026-06-30T12:32:25.668438+00:00,KXATPMATCH-26JUN29ROYWEN-ROY,Valentin Royer,Harry Wendelken,4-6 6-3 6-3 1-1,30-30,p1,0.67,0.7313432835820896,0.5454545454545454,0.3064516129032258,0.4864864864864865,0.6262626262626263,0.6935483870967742,0.5135135135135135,0.26865671641791045,0.45454545454545453,0.8617,0.8200000000000001,0.81,
2026-06-30T12:32:28.189156+00:00,KXATPMATCH-26JUN29SHIFAR-FAR,Jaime Faria,Sho Shimabukuro,7-6 6-3 6-7 1-0,30-15,p2,0.6302521008403361,0.8133333333333334,0.5454545454545454,0.234375,0.40384615384615385,0.5517241379310345,0.765625,0.5961538461538461,0.18666666666666668,0.45454545454545453,0.8634,0.75,0.74,
2026-06-30T12:32:50.831954+00:00,KXATPMATCH-26JUN29ROYWEN-ROY,Valentin Royer,Harry Wendelken,4-6 6-3 6-3 1-1,30-40,p1,0.67,0.7313432835820896,0.5454545454545454,0.3064516129032258,0.4864864864864865,0.6262626262626263,0.6935483870967742,0.5135135135135135,0.26865671641791045,0.45454545454545453,0.8254,0.76,0.75,
2026-06-30T12:32:53.448829+00:00,KXATPMATCH-26JUN29SHIFAR-FAR,Jaime Faria,Sho Shimabukuro,7-6 6-3 6-7 1-0,30-30,p2,0.6302521008403361,0.8133333333333334,0.5454545454545454,0.23076923076923078,0.40384615384615385,0.5555555555555556,0.7692307692307693,0.5961538461538461,0.18666666666666668,0.45454545454545453,0.8333,0.8,0.79,
2026-06-30T12:33:16.118505+00:00,KXATPMATCH-26JUN29ROYWEN-ROY,Valentin Royer,Harry Wendelken,4-6 6-3 6-3 1-1,30-40,p1,0.6732673267326733,0.7205882352941176,0.5454545454545454,0.3064516129032258,0.4864864864864865,0.6262626262626263,0.6935483870967742,0.5135135135135135,0.27941176470588236,0.45454545454545453,0.8092,0.6699999999999999,0.66,
2026-06-30T12:33:18.450526+00:00,KXATPMATCH-26JUN29SHIFAR-FAR,Jaime Faria,Sho Shimabukuro,7-6 6-3 6-7 1-0,40-30,p2,0.6302521008403361,0.8133333333333334,0.5454545454545454,0.23076923076923078,0.39622641509433965,0.5508474576271186,0.7692307692307693,0.6037735849056604,0.18666666666666668,0.45454545454545453,0.8716,0.77,0.76,
2026-06-30T12:33:41.472417+00:00,KXATPMATCH-26JUN29ROYWEN-ROY,Valentin Royer,Harry Wendelken,4-6 6-3 6-3 1-2,0-0,p2,0.6764705882352942,0.7101449275362319,0.5454545454545454,0.3064516129032258,0.4864864864864865,0.6262626262626263,0.6935483870967742,0.5135135135135135,0.2898550724637681,0.45454545454545453,0.7134,0.6699999999999999,0.66,
2026-06-30T12:33:44.316794+00:00,KXATPMATCH-26JUN29SHIFAR-FAR,Jaime Faria,Sho Shimabukuro,7-6 6-3 6-7 1-0,40-40,p2,0.6302521008403361,0.8133333333333334,0.5454545454545454,0.23076923076923078,0.4074074074074074,0.5462184873949579,0.7692307692307693,0.5925925925925926,0.18666666666666668,0.45454545454545453,0.8448,0.77,0.76,
2026-06-30T12:34:07.245316+00:00,KXATPMATCH-26JUN29ROYWEN-ROY,Valentin Royer,Harry Wendelken,4-6 6-3 6-3 1-2,0-0,p2,0.6764705882352942,0.7101449275362319,0.5454545454545454,0.3064516129032258,0.4864864864864865,0.6262626262626263,0.6935483870967742,0.5135135135135135,0.2898550724637681,0.45454545454545453,0.7206,0.6699999999999999,0.66,
2026-06-30T12:34:09.810186+00:00,KXATPMATCH-26JUN29SHIFAR-FAR,Jaime Faria,Sho Shimabukuro,7-6 6-3 6-7 1-0,40-40,p2,0.6302521008403361,0.8133333333333334,0.5454545454545454,0.23076923076923078,0.4074074074074074,0.5462184873949579,0.7692307692307693,0.5925925925925926,0.18666666666666668,0.45454545454545453,0.84,0.75,0.74,
2026-06-30T12:34:32.478892+00:00,KXATPMATCH-26JUN29ROYWEN-ROY,Valentin Royer,Harry Wendelken,4-6 6-3 6-3 1-2,0-0,p2,0.6764705882352942,0.7101449275362319,0.5454545454545454,0.3064516129032258,0.4864864864864865,0.6262626262626263,0.6935483870967742,0.5135135135135135,0.2898550724637681,0.45454545454545453,0.7186,0.6699999999999999,0.66,
2026-06-30T12:34:35.010743+00:00,KXATPMATCH-26JUN29SHIFAR-FAR,Jaime Faria,Sho Shimabukuro,7-6 6-3 6-7 1-0,40-Ad,p2,0.6302521008403361,0.8133333333333334,0.5454545454545454,0.23076923076923078,0.4,0.5416666666666666,0.7692307692307693,0.6,0.18666666666666668,0.45454545454545453,0.8188,0.75,0.74,
2026-06-30T12:34:58.047081+00:00,KXATPMATCH-26JUN29ROYWEN-ROY,Valentin Royer,Harry Wendelken,4-6 6-3 6-3 1-2,0-0,p2,0.6764705882352942,0.7101449275362319,0.5454545454545454,0.3064516129032258,0.4864864864864865,0.6262626262626263,0.6935483870967742,0.5135135135135135,0.2898550724637681,0.45454545454545453,0.7265,0.6699999999999999,0.66,
2026-06-30T12:35:00.732848+00:00,KXATPMATCH-26JUN29SHIFAR-FAR,Jaime Faria,Sho Shimabukuro,7-6 6-3 6-7 1-0,40-40,p2,0.6302521008403361,0.8133333333333334,0.5454545454545454,0.23076923076923078,0.4,0.5416666666666666,0.7692307692307693,0.6,0.18666666666666668,0.45454545454545453,0.8361,0.75,0.74,
2026-06-30T12:35:23.647721+00:00,KXATPMATCH-26JUN29ROYWEN-ROY,Valentin Royer,Harry Wendelken,4-6 6-3 6-3 1-2,15-0,p2,0.6764705882352942,0.7101449275362319,0.5454545454545454,0.31746031746031744,0.4864864864864865,0.63,0.6825396825396826,0.5135135135135135,0.2898550724637681,0.45454545454545453,0.7664,0.7,0.67,
2026-06-30T12:35:26.430521+00:00,KXATPMATCH-26JUN29SHIFAR-FAR,Jaime Faria,Sho Shimabukuro,7-6 6-3 6-7 1-0,40-Ad,p2,0.6302521008403361,0.8133333333333334,0.5454545454545454,0.23076923076923078,0.39285714285714285,0.5371900826446281,0.7692307692307693,0.6071428571428571,0.18666666666666668,0.45454545454545453,0.8126,0.73,0.72,
2026-06-30T12:35:49.034823+00:00,KXATPMATCH-26JUN29ROYWEN-ROY,Valentin Royer,Harry Wendelken,4-6 6-3 6-3 1-2,30-0,p2,0.6764705882352942,0.7101449275362319,0.5454545454545454,0.328125,0.4864864864864865,0.6336633663366337,0.671875,0.5135135135135135,0.2898550724637681,0.45454545454545453,0.8146,0.74,0.72,
2026-06-30T12:35:51.596099+00:00,KXATPMATCH-26JUN29SHIFAR-FAR,Jaime Faria,Sho Shimabukuro,7-6 6-3 6-7 1-0,40-40,p2,0.6302521008403361,0.8133333333333334,0.5454545454545454,0.23880597014925373,0.39285714285714285,0.5447154471544715,0.7611940298507462,0.6071428571428571,0.18666666666666668,0.45454545454545453,0.8375,0.76,0.75,
2026-06-30T12:36:15.230342+00:00,KXATPMATCH-26JUN29ROYWEN-ROY,Valentin Royer,Harry Wendelken,4-6 6-3 6-3 1-2,30-0,p2,0.6764705882352942,0.7101449275362319,0.5454545454545454,0.328125,0.4864864864864865,0.6336633663366337,0.671875,0.5135135135135135,0.2898550724637681,0.45454545454545453,0.8134,0.79,0.78,
2026-06-30T12:36:18.008440+00:00,KXATPMATCH-26JUN29SHIFAR-FAR,Jaime Faria,Sho Shimabukuro,7-6 6-3 6-7 1-0,40-Ad,p2,0.6302521008403361,0.8133333333333334,0.5454545454545454,0.23529411764705882,0.4107142857142857,0.5483870967741935,0.7647058823529411,0.5892857142857143,0.18666666666666668,0.45454545454545453,0.8391,0.74,0.73,
2026-06-30T12:36:40.323383+00:00,KXATPMATCH-26JUN29ROYWEN-ROY,Valentin Royer,Harry Wendelken,4-6 6-3 6-3 1-2,40-0,p2,0.6764705882352942,0.7101449275362319,0.5454545454545454,0.328125,0.5,0.6274509803921569,0.671875,0.5,0.2898550724637681,0.45454545454545453,0.8583,0.78,0.76,
2026-06-30T12:36:42.819333+00:00,KXATPMATCH-26JUN29SHIFAR-FAR,Jaime Faria,Sho Shimabukuro,7-6 6-3 6-7 1-1,0-0,p1,0.6302521008403361,0.8133333333333334,0.5454545454545454,0.23529411764705882,0.4107142857142857,0.5483870967741935,0.7647058823529411,0.5892857142857143,0.18666666666666668,0.45454545454545453,0.8284,0.73,0.72,
2026-06-30T12:37:05.060392+00:00,KXATPMATCH-26JUN29ROYWEN-ROY,Valentin Royer,Harry Wendelken,4-6 6-3 6-3 1-2,40-15,p2,0.6764705882352942,0.7101449275362319,0.5454545454545454,0.328125,0.5,0.6274509803921569,0.671875,0.5,0.2898550724637681,0.45454545454545453,0.8445,0.76,0.75,
2026-06-30T12:37:07.735338+00:00,KXATPMATCH-26JUN29SHIFAR-FAR,Jaime Faria,Sho Shimabukuro,7-6 6-3 6-7 1-1,15-0,p1,0.6302521008403361,0.8133333333333334,0.5454545454545454,0.2318840579710145,0.42857142857142855,0.552,0.7681159420289855,0.5714285714285714,0.18666666666666668,0.45454545454545453,0.8481,0.74,0.73,
2026-06-30T12:37:30.001677+00:00,KXATPMATCH-26JUN29ROYWEN-ROY,Valentin Royer,Harry Wendelken,4-6 6-3 6-3 1-2,40-15,p2,0.6764705882352942,0.7101449275362319,0.5454545454545454,0.3230769230769231,0.5263157894736842,0.6310679611650486,0.676923076923077,0.47368421052631576,0.2898550724637681,0.45454545454545453,0.8568,0.78,0.76,
2026-06-30T12:37:32.545679+00:00,KXATPMATCH-26JUN29SHIFAR-FAR,Jaime Faria,Sho Shimabukuro,7-6 6-3 6-7 1-1,30-0,p1,0.6363636363636364,0.8181818181818182,0.5227272727272727,0.2318840579710145,0.39285714285714285,0.552,0.7681159420289855,0.6071428571428571,0.18181818181818182,0.4772727272727273,0.8032,0.74,0.73,
2026-06-30T12:37:54.698648+00:00,KXATPMATCH-26JUN29ROYWEN-ROY,Valentin Royer,Harry Wendelken,4-6 6-3 6-3 2-2,0-0,p1,0.6764705882352942,0.7101449275362319,0.5454545454545454,0.3230769230769231,0.5263157894736842,0.6310679611650486,0.676923076923077,0.47368421052631576,0.2898550724637681,0.45454545454545453,0.8863,0.8,0.79,
2026-06-30T12:37:57.313017+00:00,KXATPMATCH-26JUN29SHIFAR-FAR,Jaime Faria,Sho Shimabukuro,7-6 6-3 6-7 1-1,30-0,p1,0.6363636363636364,0.8181818181818182,0.5227272727272727,0.2318840579710145,0.39285714285714285,0.552,0.7681159420289855,0.6071428571428571,0.18181818181818182,0.4772727272727273,0.8059,0.74,0.73,
2026-06-30T12:38:19.477615+00:00,KXATPMATCH-26JUN29ROYWEN-ROY,Valentin Royer,Harry Wendelken,4-6 6-3 6-3 2-2,0-0,p1,0.6764705882352942,0.7101449275362319,0.5454545454545454,0.3230769230769231,0.5128205128205128,0.625,0.676923076923077,0.48717948717948717,0.2898550724637681,0.45454545454545453,0.8769,0.8,0.78,
2026-06-30T12:38:21.877710+00:00,KXATPMATCH-26JUN29SHIFAR-FAR,Jaime Faria,Sho Shimabukuro,7-6 6-3 6-7 2-1,0-0,p2,0.6311475409836066,0.8181818181818182,0.5333333333333333,0.2318840579710145,0.39285714285714285,0.552,0.7681159420289855,0.6071428571428571,0.18181818181818182,0.4666666666666667,0.8221,0.75,0.74,
2026-06-30T12:38:44.219638+00:00,KXATPMATCH-26JUN29ROYWEN-ROY,Valentin Royer,Harry Wendelken,4-6 6-3 6-3 2-2,0-15,p1,0.6796116504854369,0.7,0.5454545454545454,0.3230769230769231,0.5128205128205128,0.625,0.676923076923077,0.48717948717948717,0.3,0.45454545454545453,0.8438,0.78,0.77,
2026-06-30T12:38:46.803706+00:00,KXATPMATCH-26JUN29SHIFAR-FAR,Jaime Faria,Sho Shimabukuro,7-6 6-3 6-7 2-1,0-0,p2,0.6341463414634146,0.8205128205128205,0.5333333333333333,0.2318840579710145,0.39285714285714285,0.552,0.7681159420289855,0.6071428571428571,0.1794871794871795,0.4666666666666667,0.8232,0.76,0.75,
2026-06-30T12:39:08.941394+00:00,KXATPMATCH-26JUN29ROYWEN-ROY,Valentin Royer,Harry Wendelken,4-6 6-3 6-3 2-2,0-15,p1,0.6796116504854369,0.7,0.5454545454545454,0.3230769230769231,0.5128205128205128,0.625,0.676923076923077,0.48717948717948717,0.3,0.45454545454545453,0.8484,0.73,0.72,
2026-06-30T12:39:11.488966+00:00,KXATPMATCH-26JUN29SHIFAR-FAR,Jaime Faria,Sho Shimabukuro,7-6 6-3 6-7 2-1,0-0,p2,0.6341463414634146,0.8205128205128205,0.5333333333333333,0.2318840579710145,0.39285714285714285,0.552,0.7681159420289855,0.6071428571428571,0.1794871794871795,0.4666666666666667,0.8185,0.76,0.75,
2026-06-30T12:39:33.825904+00:00,KXATPMATCH-26JUN29ROYWEN-ROY,Valentin Royer,Harry Wendelken,4-6 6-3 6-3 2-2,0-30,p1,0.6730769230769231,0.7,0.5294117647058824,0.3230769230769231,0.5128205128205128,0.625,0.676923076923077,0.48717948717948717,0.3,0.47058823529411764,0.8024,0.73,0.69,
2026-06-30T12:39:36.294518+00:00,KXATPMATCH-26JUN29SHIFAR-FAR,Jaime Faria,Sho Shimabukuro,7-6 6-3 6-7 2-1,0-0,p2,0.6341463414634146,0.8205128205128205,0.5333333333333333,0.2318840579710145,0.39285714285714285,0.552,0.7681159420289855,0.6071428571428571,0.1794871794871795,0.4666666666666667,0.8225,0.77,0.75,
2026-06-30T12:39:58.771606+00:00,KXATPMATCH-26JUN29ROYWEN-ROY,Valentin Royer,Harry Wendelken,4-6 6-3 6-3 2-2,0-30,p1,0.6730769230769231,0.7,0.5294117647058824,0.3230769230769231,0.5128205128205128,0.625,0.676923076923077,0.48717948717948717,0.3,0.47058823529411764,0.7984,0.73,0.67,
2026-06-30T12:40:01.280598+00:00,KXATPMATCH-26JUN29SHIFAR-FAR,Jaime Faria,Sho Shimabukuro,7-6 6-3 6-7 2-1,0-15,p2,0.6341463414634146,0.8205128205128205,0.5555555555555556,0.22857142857142856,0.4107142857142857,0.5555555555555556,0.7714285714285715,0.5892857142857143,0.1794871794871795,0.4444444444444444,0.8469,0.75,0.74,
2026-06-30T12:40:23.486077+00:00,KXATPMATCH-26JUN29ROYWEN-ROY,Valentin Royer,Harry Wendelken,4-6 6-3 6-3 2-2,15-30,p1,0.6730769230769231,0.7,0.5294117647058824,0.3230769230769231,0.5128205128205128,0.625,0.676923076923077,0.48717948717948717,0.3,0.47058823529411764,0.8238,0.75,0.74,
2026-06-30T12:40:25.849572+00:00,KXATPMATCH-26JUN29SHIFAR-FAR,Jaime Faria,Sho Shimabukuro,7-6 6-3 6-7 2-1,0-30,p2,0.6341463414634146,0.8205128205128205,0.5555555555555556,0.22535211267605634,0.42857142857142855,0.5590551181102362,0.7746478873239436,0.5714285714285714,0.1794871794871795,0.4444444444444444,0.8534,0.75,0.74,
2026-06-30T12:40:48.148747+00:00,KXATPMATCH-26JUN29ROYWEN-ROY,Valentin Royer,Harry Wendelken,4-6 6-3 6-3 2-2,15-30,p1,0.6761904761904762,0.704225352112676,0.5,0.3230769230769231,0.5128205128205128,0.625,0.676923076923077,0.48717948717948717,0.29577464788732394,0.5,0.812,0.76,0.74,
2026-06-30T12:40:50.524919+00:00,KXATPMATCH-26JUN29SHIFAR-FAR,Jaime Faria,Sho Shimabukuro,7-6 6-3 6-7 2-1,15-30,p2,0.6341463414634146,0.8205128205128205,0.5555555555555556,0.22535211267605634,0.40350877192982454,0.5546875,0.7746478873239436,0.5964912280701754,0.1794871794871795,0.4444444444444444,0.8304,0.76,0.75,
2026-06-30T12:41:12.748057+00:00,KXATPMATCH-26JUN29ROYWEN-ROY,Valentin Royer,Harry Wendelken,4-6 6-3 6-3 2-2,30-30,p1,0.6792452830188679,0.7083333333333334,0.5,0.3230769230769231,0.5128205128205128,0.625,0.676923076923077,0.48717948717948717,0.2916666666666667,0.5,0.8489,0.8,0.78,
2026-06-30T12:41:15.134483+00:00,KXATPMATCH-26JUN29SHIFAR-FAR,Jaime Faria,Sho Shimabukuro,7-6 6-3 6-7 2-1,15-40,p2,0.6341463414634146,0.8205128205128205,0.5555555555555556,0.2222222222222222,0.42105263157894735,0.5581395348837209,0.7777777777777778,0.5789473684210527,0.1794871794871795,0.4444444444444444,0.839,0.75,0.74,
2026-06-30T12:41:37.334260+00:00,KXATPMATCH-26JUN29ROYWEN-ROY,Valentin Royer,Harry Wendelken,4-6 6-3 6-3 2-2,30-30,p1,0.6792452830188679,0.7083333333333334,0.5,0.3230769230769231,0.5128205128205128,0.625,0.676923076923077,0.48717948717948717,0.2916666666666667,0.5,0.8417,0.81,0.8,
2026-06-30T12:41:39.753678+00:00,KXATPMATCH-26JUN29SHIFAR-FAR,Jaime Faria,Sho Shimabukuro,7-6 6-3 6-7 2-2,0-0,p1,0.6341463414634146,0.8205128205128205,0.5555555555555556,0.2222222222222222,0.42105263157894735,0.5581395348837209,0.7777777777777778,0.5789473684210527,0.1794871794871795,0.4444444444444444,0.8334,0.74,0.73,
2026-06-30T12:42:01.744283+00:00,KXATPMATCH-26JUN29ROYWEN-ROY,Valentin Royer,Harry Wendelken,4-6 6-3 6-3 2-2,40-30,p1,0.6728971962616822,0.7083333333333334,0.5142857142857142,0.3230769230769231,0.5128205128205128,0.625,0.676923076923077,0.48717948717948717,0.2916666666666667,0.4857142857142857,0.8661,0.8200000000000001,0.81,
2026-06-30T12:42:04.164545+00:00,KXATPMATCH-26JUN29SHIFAR-FAR,Jaime Faria,Sho Shimabukuro,7-6 6-3 6-7 2-2,0-0,p1,0.6341463414634146,0.8205128205128205,0.5555555555555556,0.2222222222222222,0.39655172413793105,0.5538461538461539,0.7777777777777778,0.603448275862069,0.1794871794871795,0.4444444444444444,0.8176,0.75,0.74,
2026-06-30T12:42:28.152907+00:00,KXATPMATCH-26JUN29ROYWEN-ROY,Valentin Royer,Harry Wendelken,4-6 6-3 6-3 3-2,0-0,p2,0.6728971962616822,0.7083333333333334,0.5142857142857142,0.3230769230769231,0.5128205128205128,0.625,0.676923076923077,0.48717948717948717,0.2916666666666667,0.4857142857142857,0.881,0.8200000000000001,0.81,
2026-06-30T12:42:30.576956+00:00,KXATPMATCH-26JUN29SHIFAR-FAR,Jaime Faria,Sho Shimabukuro,7-6 6-3 6-7 2-2,15-0,p1,0.6370967741935484,0.8227848101265823,0.5333333333333333,0.2222222222222222,0.39655172413793105,0.5538461538461539,0.7777777777777778,0.603448275862069,0.17721518987341772,0.4666666666666667,0.8071,0.74,0.73,
2026-06-30T12:42:52.456791+00:00,KXATPMATCH-26JUN29ROYWEN-ROY,Valentin Royer,Harry Wendelken,4-6 6-3 6-3 3-2,0-0,p2,0.6759259259259259,0.7123287671232876,0.5142857142857142,0.3230769230769231,0.5128205128205128,0.625,0.676923076923077,0.48717948717948717,0.2876712328767123,0.4857142857142857,0.8811,0.8200000000000001,0.81,
2026-06-30T12:42:54.735901+00:00,KXATPMATCH-26JUN29SHIFAR-FAR,Jaime Faria,Sho Shimabukuro,7-6 6-3 6-7 2-2,30-0,p1,0.6370967741935484,0.8227848101265823,0.5333333333333333,0.2222222222222222,0.39655172413793105,0.5538461538461539,0.7777777777777778,0.603448275862069,0.17721518987341772,0.4666666666666667,0.813,0.75,0.74,
2026-06-30T12:43:16.731779+00:00,KXATPMATCH-26JUN29ROYWEN-ROY,Valentin Royer,Harry Wendelken,4-6 6-3 6-3 3-2,0-0,p2,0.6759259259259259,0.7123287671232876,0.5142857142857142,0.3230769230769231,0.5128205128205128,0.625,0.676923076923077,0.48717948717948717,0.2876712328767123,0.4857142857142857,0.8826,0.8200000000000001,0.81,
2026-06-30T12:43:19.233949+00:00,KXATPMATCH-26JUN29SHIFAR-FAR,Jaime Faria,Sho Shimabukuro,7-6 6-3 6-7 2-2,30-15,p1,0.6349206349206349,0.825,0.5434782608695652,0.2222222222222222,0.39655172413793105,0.5538461538461539,0.7777777777777778,0.603448275862069,0.175,0.45652173913043476,0.8128,0.75,0.74,
2026-06-30T12:43:41.112825+00:00,KXATPMATCH-26JUN29ROYWEN-ROY,Valentin Royer,Harry Wendelken,4-6 6-3 6-3 3-2,0-0,p2,0.6759259259259259,0.7123287671232876,0.5142857142857142,0.3230769230769231,0.5128205128205128,0.625,0.676923076923077,0.48717948717948717,0.2876712328767123,0.4857142857142857,0.8951,0.8200000000000001,0.81,
2026-06-30T12:43:43.330793+00:00,KXATPMATCH-26JUN29SHIFAR-FAR,Jaime Faria,Sho Shimabukuro,7-6 6-3 6-7 2-2,40-15,p1,0.6349206349206349,0.825,0.5434782608695652,0.2222222222222222,0.39655172413793105,0.5538461538461539,0.7777777777777778,0.603448275862069,0.175,0.45652173913043476,0.8219,0.75,0.74,
2026-06-30T12:44:04.962507+00:00,KXATPMATCH-26JUN29ROYWEN-ROY,Valentin Royer,Harry Wendelken,4-6 6-3 6-3 3-2,0-0,p2,0.6759259259259259,0.7123287671232876,0.5142857142857142,0.3230769230769231,0.5128205128205128,0.625,0.676923076923077,0.48717948717948717,0.2876712328767123,0.4857142857142857,0.8855,0.85,0.84,
2026-06-30T12:44:07.109270+00:00,KXATPMATCH-26JUN29SHIFAR-FAR,Jaime Faria,Sho Shimabukuro,7-6 6-3 6-7 2-2,40-15,p1,0.6377952755905512,0.8271604938271605,0.5217391304347826,0.2222222222222222,0.39655172413793105,0.5538461538461539,0.7777777777777778,0.603448275862069,0.1728395061728395,0.4782608695652174,0.7981,0.75,0.73,
2026-06-30T12:44:28.761179+00:00,KXATPMATCH-26JUN29ROYWEN-ROY,Valentin Royer,Harry Wendelken,4-6 6-3 6-3 3-2,15-0,p2,0.6759259259259259,0.7123287671232876,0.5428571428571428,0.3333333333333333,0.5128205128205128,0.6285714285714286,0.6666666666666666,0.48717948717948717,0.2876712328767123,0.45714285714285713,0.925,0.85,0.84,
2026-06-30T12:44:30.998987+00:00,KXATPMATCH-26JUN29SHIFAR-FAR,Jaime Faria,Sho Shimabukuro,7-6 6-3 6-7 2-2,40-15,p1,0.6377952755905512,0.8271604938271605,0.5217391304347826,0.2222222222222222,0.39655172413793105,0.5538461538461539,0.7777777777777778,0.603448275862069,0.1728395061728395,0.4782608695652174,0.8077,0.74,0.73,
2026-06-30T12:44:52.652515+00:00,KXATPMATCH-26JUN29ROYWEN-ROY,Valentin Royer,Harry Wendelken,4-6 6-3 6-3 3-2,15-15,p2,0.6759259259259259,0.7123287671232876,0.5428571428571428,0.3283582089552239,0.5384615384615384,0.6320754716981132,0.6716417910447762,0.46153846153846156,0.2876712328767123,0.45714285714285713,0.9176,0.83,0.82,
2026-06-30T12:44:54.790123+00:00,KXATPMATCH-26JUN29SHIFAR-FAR,Jaime Faria,Sho Shimabukuro,7-6 6-3 6-7 3-2,0-0,p2,0.6377952755905512,0.8271604938271605,0.5217391304347826,0.2222222222222222,0.39655172413793105,0.5538461538461539,0.7777777777777778,0.603448275862069,0.1728395061728395,0.4782608695652174,0.8116,0.74,0.73,
2026-06-30T12:45:16.780024+00:00,KXATPMATCH-26JUN29ROYWEN-ROY,Valentin Royer,Harry Wendelken,4-6 6-3 6-3 3-2,15-15,p2,0.6759259259259259,0.7123287671232876,0.5428571428571428,0.3235294117647059,0.5384615384615384,0.6355140186915887,0.6764705882352942,0.46153846153846156,0.2876712328767123,0.45714285714285713,0.9151,0.8200000000000001,0.81,
2026-06-30T12:45:18.989199+00:00,KXATPMATCH-26JUN29SHIFAR-FAR,Jaime Faria,Sho Shimabukuro,7-6 6-3 6-7 3-2,0-0,p2,0.6328125,0.8271604938271605,0.5319148936170213,0.2222222222222222,0.39655172413793105,0.5538461538461539,0.7777777777777778,0.603448275862069,0.1728395061728395,0.46808510638297873,0.8158,0.74,0.73,
2026-06-30T12:45:40.863804+00:00,KXATPMATCH-26JUN29ROYWEN-ROY,Valentin Royer,Harry Wendelken,4-6 6-3 6-3 3-2,15-30,p2,0.6759259259259259,0.7123287671232876,0.5428571428571428,0.3235294117647059,0.5384615384615384,0.6355140186915887,0.6764705882352942,0.46153846153846156,0.2876712328767123,0.45714285714285713,0.9038,0.81,0.8,
2026-06-30T12:45:43.264886+00:00,KXATPMATCH-26JUN29SHIFAR-FAR,Jaime Faria,Sho Shimabukuro,7-6 6-3 6-7 3-2,0-0,p2,0.6328125,0.8271604938271605,0.5319148936170213,0.2222222222222222,0.39655172413793105,0.5538461538461539,0.7777777777777778,0.603448275862069,0.1728395061728395,0.46808510638297873,0.8205,0.74,0.73,
2026-06-30T12:46:05.113522+00:00,KXATPMATCH-26JUN29ROYWEN-ROY,Valentin Royer,Harry Wendelken,4-6 6-3 6-3 3-2,15-40,p2,0.6759259259259259,0.7123287671232876,0.5428571428571428,0.3188405797101449,0.5641025641025641,0.6388888888888888,0.6811594202898551,0.4358974358974359,0.2876712328767123,0.45714285714285713,0.9029,0.78,0.77,
2026-06-30T12:46:07.297465+00:00,KXATPMATCH-26JUN29SHIFAR-FAR,Jaime Faria,Sho Shimabukuro,7-6 6-3 6-7 3-2,0-0,p2,0.6328125,0.8271604938271605,0.5319148936170213,0.2222222222222222,0.39655172413793105,0.5538461538461539,0.7777777777777778,0.603448275862069,0.1728395061728395,0.46808510638297873,0.8108,0.74,0.73,
2026-06-30T12:46:29.420697+00:00,KXATPMATCH-26JUN29ROYWEN-ROY,Valentin Royer,Harry Wendelken,4-6 6-3 6-3 3-3,0-0,p1,0.6759259259259259,0.7123287671232876,0.5428571428571428,0.3142857142857143,0.5384615384615384,0.6422018348623854,0.6857142857142857,0.46153846153846156,0.2876712328767123,0.45714285714285713,0.8831,0.78,0.77,
2026-06-30T12:46:31.559400+00:00,KXATPMATCH-26JUN29SHIFAR-FAR,Jaime Faria,Sho Shimabukuro,7-6 6-3 6-7 3-2,0-0,p2,0.6328125,0.8271604938271605,0.5319148936170213,0.2222222222222222,0.39655172413793105,0.5538461538461539,0.7777777777777778,0.603448275862069,0.1728395061728395,0.46808510638297873,0.8168,0.79,0.78,
2026-06-30T12:46:53.537474+00:00,KXATPMATCH-26JUN29ROYWEN-ROY,Valentin Royer,Harry Wendelken,4-6 6-3 6-3 3-3,0-0,p1,0.6759259259259259,0.7123287671232876,0.5428571428571428,0.3142857142857143,0.5384615384615384,0.6422018348623854,0.6857142857142857,0.46153846153846156,0.2876712328767123,0.45714285714285713,0.8772,0.79,0.78,
2026-06-30T12:46:55.625687+00:00,KXATPMATCH-26JUN29SHIFAR-FAR,Jaime Faria,Sho Shimabukuro,7-6 6-3 6-7 3-2,15-0,p2,0.6328125,0.8271604938271605,0.5531914893617021,0.2222222222222222,0.4067796610169492,0.549618320610687,0.7777777777777778,0.5932203389830508,0.1728395061728395,0.44680851063829785,0.8589,0.78,0.77,
2026-06-30T12:47:17.625977+00:00,KXATPMATCH-26JUN29ROYWEN-ROY,Valentin Royer,Harry Wendelken,4-6 6-3 6-3 3-3,15-0,p1,0.6788990825688074,0.7162162162162162,0.5142857142857142,0.3142857142857143,0.5128205128205128,0.6422018348623854,0.6857142857142857,0.48717948717948717,0.28378378378378377,0.4857142857142857,0.8616,0.79,0.78,
2026-06-30T12:47:19.902221+00:00,KXATPMATCH-26JUN29SHIFAR-FAR,Jaime Faria,Sho Shimabukuro,7-6 6-3 6-7 3-2,15-15,p2,0.6328125,0.8271604938271605,0.5531914893617021,0.2191780821917808,0.423728813559322,0.553030303030303,0.7808219178082192,0.576271186440678,0.1728395061728395,0.44680851063829785,0.8616,0.78,0.77,
2026-06-30T12:47:42.009515+00:00,KXATPMATCH-26JUN29ROYWEN-ROY,Valentin Royer,Harry Wendelken,4-6 6-3 6-3 3-3,15-15,p1,0.6818181818181818,0.7066666666666667,0.5428571428571428,0.3142857142857143,0.5128205128205128,0.6422018348623854,0.6857142857142857,0.48717948717948717,0.29333333333333333,0.45714285714285713,0.855,0.78,0.77,
2026-06-30T12:47:44.231507+00:00,KXATPMATCH-26JUN29SHIFAR-FAR,Jaime Faria,Sho Shimabukuro,7-6 6-3 6-7 3-2,15-30,p2,0.6328125,0.8271604938271605,0.5531914893617021,0.2191780821917808,0.4166666666666667,0.5488721804511278,0.7808219178082192,0.5833333333333334,0.1728395061728395,0.44680851063829785,0.845,0.76,0.75,
2026-06-30T12:48:06.276037+00:00,KXATPMATCH-26JUN29ROYWEN-ROY,Valentin Royer,Harry Wendelken,4-6 6-3 6-3 3-3,15-15,p1,0.6818181818181818,0.7066666666666667,0.5428571428571428,0.3142857142857143,0.5128205128205128,0.6422018348623854,0.6857142857142857,0.48717948717948717,0.29333333333333333,0.45714285714285713,0.8526,0.78,0.75,
2026-06-30T12:48:08.474694+00:00,KXATPMATCH-26JUN29SHIFAR-FAR,Jaime Faria,Sho Shimabukuro,7-6 6-3 6-7 3-2,15-40,p2,0.6328125,0.8271604938271605,0.5531914893617021,0.2191780821917808,0.4166666666666667,0.5488721804511278,0.7808219178082192,0.5833333333333334,0.1728395061728395,0.44680851063829785,0.8389,0.75,0.73,
2026-06-30T12:48:30.327449+00:00,KXATPMATCH-26JUN29ROYWEN-ROY,Valentin Royer,Harry Wendelken,4-6 6-3 6-3 3-3,30-15,p1,0.6818181818181818,0.7066666666666667,0.5428571428571428,0.3142857142857143,0.5128205128205128,0.6422018348623854,0.6857142857142857,0.48717948717948717,0.29333333333333333,0.45714285714285713,0.8624,0.8,0.78,
2026-06-30T12:48:32.371410+00:00,KXATPMATCH-26JUN29SHIFAR-FAR,Jaime Faria,Sho Shimabukuro,7-6 6-3 6-7 3-2,15-40,p2,0.6328125,0.8271604938271605,0.5531914893617021,0.2191780821917808,0.4098360655737705,0.5447761194029851,0.7808219178082192,0.5901639344262295,0.1728395061728395,0.44680851063829785,0.8313,0.74,0.72,
2026-06-30T12:48:54.237342+00:00,KXATPMATCH-26JUN29ROYWEN-ROY,Valentin Royer,Harry Wendelken,4-6 6-3 6-3 3-3,30-15,p1,0.6846846846846847,0.7105263157894737,0.5142857142857142,0.3142857142857143,0.5128205128205128,0.6422018348623854,0.6857142857142857,0.48717948717948717,0.2894736842105263,0.4857142857142857,0.8451,0.77,0.76,
2026-06-30T12:48:56.438725+00:00,KXATPMATCH-26JUN29SHIFAR-FAR,Jaime Faria,Sho Shimabukuro,7-6 6-3 6-7 3-3,0-0,p1,0.6328125,0.8271604938271605,0.5531914893617021,0.21621621621621623,0.4098360655737705,0.5481481481481482,0.7837837837837838,0.5901639344262295,0.1728395061728395,0.44680851063829785,0.8244,0.72,0.71,
2026-06-30T12:49:18.416268+00:00,KXATPMATCH-26JUN29ROYWEN-ROY,Valentin Royer,Harry Wendelken,4-6 6-3 6-3 3-3,30-30,p1,0.6875,0.7012987012987013,0.5428571428571428,0.3142857142857143,0.5128205128205128,0.6422018348623854,0.6857142857142857,0.48717948717948717,0.2987012987012987,0.45714285714285713,0.8378,0.77,0.76,
2026-06-30T12:49:20.786772+00:00,KXATPMATCH-26JUN29SHIFAR-FAR,Jaime Faria,Sho Shimabukuro,7-6 6-3 6-7 3-3,0-0,p1,0.6328125,0.8271604938271605,0.5531914893617021,0.21621621621621623,0.4098360655737705,0.5481481481481482,0.7837837837837838,0.5901639344262295,0.1728395061728395,0.44680851063829785,0.8301,0.72,0.71,
2026-06-30T12:49:42.833219+00:00,KXATPMATCH-26JUN29ROYWEN-ROY,Valentin Royer,Harry Wendelken,4-6 6-3 6-3 3-3,30-30,p1,0.6875,0.7012987012987013,0.5428571428571428,0.3142857142857143,0.5128205128205128,0.6422018348623854,0.6857142857142857,0.48717948717948717,0.2987012987012987,0.45714285714285713,0.8318,0.71,0.7,
2026-06-30T12:49:44.981326+00:00,KXATPMATCH-26JUN29SHIFAR-FAR,Jaime Faria,Sho Shimabukuro,7-6 6-3 6-7 3-3,15-0,p1,0.627906976744186,0.8271604938271605,0.5416666666666666,0.21621621621621623,0.39344262295081966,0.5481481481481482,0.7837837837837838,0.6065573770491803,0.1728395061728395,0.4583333333333333,0.8122,0.72,0.71,
2026-06-30T12:50:07.078405+00:00,KXATPMATCH-26JUN29ROYWEN-ROY,Valentin Royer,Harry Wendelken,4-6 6-3 6-3 3-3,30-40,p1,0.6814159292035398,0.7012987012987013,0.5277777777777778,0.3142857142857143,0.5128205128205128,0.6422018348623854,0.6857142857142857,0.48717948717948717,0.2987012987012987,0.4722222222222222,0.7799,0.71,0.69,
2026-06-30T12:50:09.225780+00:00,KXATPMATCH-26JUN29SHIFAR-FAR,Jaime Faria,Sho Shimabukuro,7-6 6-3 6-7 3-3,30-0,p1,0.6307692307692307,0.8292682926829268,0.5416666666666666,0.21621621621621623,0.39344262295081966,0.5481481481481482,0.7837837837837838,0.6065573770491803,0.17073170731707318,0.4583333333333333,0.8069,0.74,0.73,
2026-06-30T12:50:33.112765+00:00,KXATPMATCH-26JUN29ROYWEN-ROY,Valentin Royer,Harry Wendelken,4-6 6-3 6-3 3-3,30-40,p1,0.6814159292035398,0.7012987012987013,0.5277777777777778,0.3142857142857143,0.5128205128205128,0.6422018348623854,0.6857142857142857,0.48717948717948717,0.2987012987012987,0.4722222222222222,0.7822,0.72,0.68,
2026-06-30T12:50:35.203258+00:00,KXATPMATCH-26JUN29SHIFAR-FAR,Jaime Faria,Sho Shimabukuro,7-6 6-3 6-7 4-3,0-0,p2,0.6335877862595419,0.8313253012048193,0.5416666666666666,0.21621621621621623,0.39344262295081966,0.5481481481481482,0.7837837837837838,0.6065573770491803,0.1686746987951807,0.4583333333333333,0.8189,0.76,0.75,
2026-06-30T12:50:57.160013+00:00,KXATPMATCH-26JUN29ROYWEN-ROY,Valentin Royer,Harry Wendelken,4-6 6-3 6-3 3-3,40-40,p1,0.6754385964912281,0.7012987012987013,0.5135135135135135,0.3142857142857143,0.5128205128205128,0.6422018348623854,0.6857142857142857,0.48717948717948717,0.2987012987012987,0.4864864864864865,0.808,0.77,0.76,
2026-06-30T12:50:59.340260+00:00,KXATPMATCH-26JUN29SHIFAR-FAR,Jaime Faria,Sho Shimabukuro,7-6 6-3 6-7 4-3,0-0,p2,0.6363636363636364,0.8333333333333334,0.5208333333333334,0.21621621621621623,0.39344262295081966,0.5481481481481482,0.7837837837837838,0.6065573770491803,0.16666666666666666,0.4791666666666667,0.8159,0.76,0.75,
2026-06-30T12:51:21.637188+00:00,KXATPMATCH-26JUN29ROYWEN-ROY,Valentin Royer,Harry Wendelken,4-6 6-3 6-3 3-3,40-40,p1,0.6754385964912281,0.7012987012987013,0.5405405405405406,0.3142857142857143,0.5128205128205128,0.6422018348623854,0.6857142857142857,0.48717948717948717,0.2987012987012987,0.4594594594594595,0.8279,0.78,0.76,
2026-06-30T12:51:24.863815+00:00,KXATPMATCH-26JUN29SHIFAR-FAR,Jaime Faria,Sho Shimabukuro,7-6 6-3 6-7 4-3,0-0,p2,0.6363636363636364,0.8333333333333334,0.5208333333333334,0.21621621621621623,0.39344262295081966,0.5481481481481482,0.7837837837837838,0.6065573770491803,0.16666666666666666,0.4791666666666667,0.8069,0.76,0.75,
2026-06-30T12:51:46.741966+00:00,KXATPMATCH-26JUN29ROYWEN-ROY,Valentin Royer,Harry Wendelken,4-6 6-3 6-3 3-3,Ad-40,p1,0.6754385964912281,0.7012987012987013,0.5405405405405406,0.3142857142857143,0.5128205128205128,0.6422018348623854,0.6857142857142857,0.48717948717948717,0.2987012987012987,0.4594594594594595,0.8574,0.81,0.8,
2026-06-30T12:51:48.779627+00:00,KXATPMATCH-26JUN29SHIFAR-FAR,Jaime Faria,Sho Shimabukuro,7-6 6-3 6-7 4-3,0-0,p2,0.6363636363636364,0.8333333333333334,0.5208333333333334,0.21621621621621623,0.39344262295081966,0.5481481481481482,0.7837837837837838,0.6065573770491803,0.16666666666666666,0.4791666666666667,0.8037,0.76,0.75,
2026-06-30T12:52:10.545273+00:00,KXATPMATCH-26JUN29ROYWEN-ROY,Valentin Royer,Harry Wendelken,4-6 6-3 6-3 4-3,0-0,p2,0.6695652173913044,0.7012987012987013,0.5263157894736842,0.3142857142857143,0.5128205128205128,0.6422018348623854,0.6857142857142857,0.48717948717948717,0.2987012987012987,0.47368421052631576,0.8607,0.8200000000000001,0.81,
2026-06-30T12:52:12.607809+00:00,KXATPMATCH-26JUN29SHIFAR-FAR,Jaime Faria,Sho Shimabukuro,7-6 6-3 6-7 4-3,0-15,p2,0.6363636363636364,0.8333333333333334,0.5625,0.21621621621621623,0.4032258064516129,0.5441176470588235,0.7837837837837838,0.5967741935483871,0.16666666666666666,0.4375,0.8428,0.75,0.74,
2026-06-30T12:52:34.460419+00:00,KXATPMATCH-26JUN29ROYWEN-ROY,Valentin Royer,Harry Wendelken,4-6 6-3 6-3 4-3,0-0,p2,0.6724137931034483,0.7051282051282052,0.5263157894736842,0.3142857142857143,0.5128205128205128,0.6422018348623854,0.6857142857142857,0.48717948717948717,0.2948717948717949,0.47368421052631576,0.8641,0.8200000000000001,0.81,
2026-06-30T12:52:36.606154+00:00,KXATPMATCH-26JUN29SHIFAR-FAR,Jaime Faria,Sho Shimabukuro,7-6 6-3 6-7 4-3,15-15,p2,0.6363636363636364,0.8333333333333334,0.5625,0.21621621621621623,0.3968253968253968,0.5401459854014599,0.7837837837837838,0.6031746031746031,0.16666666666666666,0.4375,0.8499,0.77,0.76,
2026-06-30T12:52:58.360041+00:00,KXATPMATCH-26JUN29ROYWEN-ROY,Valentin Royer,Harry Wendelken,4-6 6-3 6-3 4-3,0-0,p2,0.6724137931034483,0.7051282051282052,0.5263157894736842,0.3142857142857143,0.5128205128205128,0.6422018348623854,0.6857142857142857,0.48717948717948717,0.2948717948717949,0.47368421052631576,0.8644,0.8200000000000001,0.81,
2026-06-30T12:52:59.978019+00:00,KXATPMATCH-26JUN29SHIFAR-FAR,Jaime Faria,Sho Shimabukuro,7-6 6-3 6-7 4-3,30-15,p2,0.6363636363636364,0.8333333333333334,0.5625,0.22666666666666666,0.3968253968253968,0.5434782608695652,0.7733333333333333,0.6031746031746031,0.16666666666666666,0.4375,0.8861,0.81,0.8,
2026-06-30T12:53:21.786261+00:00,KXATPMATCH-26JUN29ROYWEN-ROY,Valentin Royer,Harry Wendelken,4-6 6-3 6-3 4-3,0-0,p2,0.6724137931034483,0.7051282051282052,0.5263157894736842,0.3142857142857143,0.5128205128205128,0.6422018348623854,0.6857142857142857,0.48717948717948717,0.2948717948717949,0.47368421052631576,0.8673,0.8200000000000001,0.81,
2026-06-30T12:53:23.480259+00:00,KXATPMATCH-26JUN29SHIFAR-FAR,Jaime Faria,Sho Shimabukuro,7-6 6-3 6-7 4-3,30-15,p2,0.6363636363636364,0.8333333333333334,0.5625,0.22666666666666666,0.3968253968253968,0.5434782608695652,0.7733333333333333,0.6031746031746031,0.16666666666666666,0.4375,0.8862,0.88,0.87,
2026-06-30T12:53:45.249249+00:00,KXATPMATCH-26JUN29ROYWEN-ROY,Valentin Royer,Harry Wendelken,4-6 6-3 6-3 4-3,0-0,p2,0.6724137931034483,0.7051282051282052,0.5263157894736842,0.3142857142857143,0.5128205128205128,0.6422018348623854,0.6857142857142857,0.48717948717948717,0.2948717948717949,0.47368421052631576,0.8635,0.8200000000000001,0.81,
2026-06-30T12:53:46.532239+00:00,KXATPMATCH-26JUN29SHIFAR-FAR,Jaime Faria,Sho Shimabukuro,7-6 6-3 6-7 4-3,40-15,p2,0.6363636363636364,0.8333333333333334,0.5625,0.22666666666666666,0.40625,0.539568345323741,0.7733333333333333,0.59375,0.16666666666666666,0.4375,0.9391,0.9,0.88,
2026-06-30T12:54:08.315864+00:00,KXATPMATCH-26JUN29ROYWEN-ROY,Valentin Royer,Harry Wendelken,4-6 6-3 6-3 4-3,0-0,p2,0.6724137931034483,0.7051282051282052,0.5263157894736842,0.3142857142857143,0.5128205128205128,0.6422018348623854,0.6857142857142857,0.48717948717948717,0.2948717948717949,0.47368421052631576,0.8637,0.8,0.79,
2026-06-30T12:54:09.484172+00:00,KXATPMATCH-26JUN29SHIFAR-FAR,Jaime Faria,Sho Shimabukuro,7-6 6-3 6-7 4-3,40-15,p2,0.6363636363636364,0.8333333333333334,0.5625,0.22666666666666666,0.40625,0.539568345323741,0.7733333333333333,0.59375,0.16666666666666666,0.4375,0.9346,0.97,0.96,
2026-06-30T12:54:31.100413+00:00,KXATPMATCH-26JUN29ROYWEN-ROY,Valentin Royer,Harry Wendelken,4-6 6-3 6-3 4-3,0-15,p2,0.6724137931034483,0.7051282051282052,0.5526315789473685,0.3142857142857143,0.525,0.6363636363636364,0.6857142857142857,0.475,0.2948717948717949,0.4473684210526316,0.8777,0.81,0.79,
2026-06-30T12:54:31.703677+00:00,KXATPMATCH-26JUN29SHIFAR-FAR,Jaime Faria,Sho Shimabukuro,7-6 6-3 6-7 5-3,0-0,p1,0.6363636363636364,0.8333333333333334,0.5625,0.23684210526315788,0.40625,0.5428571428571428,0.7631578947368421,0.59375,0.16666666666666666,0.4375,0.9931,0.97,0.96,
2026-06-30T12:54:53.607166+00:00,KXATPMATCH-26JUN29ROYWEN-ROY,Valentin Royer,Harry Wendelken,4-6 6-3 6-3 4-3,0-15,p2,0.6724137931034483,0.7051282051282052,0.5526315789473685,0.3142857142857143,0.525,0.6363636363636364,0.6857142857142857,0.475,0.2948717948717949,0.4473684210526316,0.8809,0.83,0.82,
2026-06-30T12:54:54.741670+00:00,KXATPMATCH-26JUN29SHIFAR-FAR,Jaime Faria,Sho Shimabukuro,7-6 6-3 6-7 5-3,15-0,p1,0.6390977443609023,0.8352941176470589,0.5416666666666666,0.23684210526315788,0.40625,0.5428571428571428,0.7631578947368421,0.59375,0.16470588235294117,0.4583333333333333,0.9948,0.98,0.97,
2026-06-30T12:55:16.420797+00:00,KXATPMATCH-26JUN29ROYWEN-ROY,Valentin Royer,Harry Wendelken,4-6 6-3 6-3 4-3,15-15,p2,0.6724137931034483,0.7051282051282052,0.5526315789473685,0.3142857142857143,0.5121951219512195,0.6306306306306306,0.6857142857142857,0.4878048780487805,0.2948717948717949,0.4473684210526316,0.8865,0.83,0.82,
2026-06-30T12:55:16.784893+00:00,KXATPMATCH-26JUN29SHIFAR-FAR,Jaime Faria,Sho Shimabukuro,7-6 6-3 6-7 5-3,30-0,p1,0.6390977443609023,0.8352941176470589,0.5416666666666666,0.23684210526315788,0.40625,0.5428571428571428,0.7631578947368421,0.59375,0.16470588235294117,0.4583333333333333,0.9985,0.99,0.98,
2026-06-30T12:55:38.452763+00:00,KXATPMATCH-26JUN29ROYWEN-ROY,Valentin Royer,Harry Wendelken,4-6 6-3 6-3 4-3,15-15,p2,0.6724137931034483,0.7051282051282052,0.5526315789473685,0.3142857142857143,0.5121951219512195,0.6306306306306306,0.6857142857142857,0.4878048780487805,0.2948717948717949,0.4473684210526316,0.8877,0.84,0.82,
2026-06-30T12:55:59.731176+00:00,KXATPMATCH-26JUN29ROYWEN-ROY,Valentin Royer,Harry Wendelken,4-6 6-3 6-3 4-3,30-15,p2,0.6724137931034483,0.7051282051282052,0.5526315789473685,0.3142857142857143,0.5121951219512195,0.6306306306306306,0.6857142857142857,0.4878048780487805,0.2948717948717949,0.4473684210526316,0.9112,0.86,0.85,
2026-06-30T12:56:00.027995+00:00,KXATPMATCH-26JUN29SHIFAR-FAR,Jaime Faria,Sho Shimabukuro,7-6 6-3 6-7 5-3,40-0,p1,0.6370370370370371,0.8372093023255814,0.5510204081632653,0.23684210526315788,0.40625,0.5428571428571428,0.7631578947368421,0.59375,0.16279069767441862,0.4489795918367347,0.9998,0.99,0.98,
2026-06-30T12:56:21.506179+00:00,KXATPMATCH-26JUN29ROYWEN-ROY,Valentin Royer,Harry Wendelken,4-6 6-3 6-3 4-3,30-15,p2,0.6724137931034483,0.7051282051282052,0.5526315789473685,0.3142857142857143,0.5238095238095238,0.625,0.6857142857142857,0.47619047619047616,0.2948717948717949,0.4473684210526316,0.9214,0.87,0.86,
2026-06-30T12:56:43.227479+00:00,KXATPMATCH-26JUN29ROYWEN-ROY,Valentin Royer,Harry Wendelken,4-6 6-3 6-3 4-3,30-15,p2,0.6724137931034483,0.7051282051282052,0.5526315789473685,0.3142857142857143,0.5238095238095238,0.625,0.6857142857142857,0.47619047619047616,0.2948717948717949,0.4473684210526316,0.9232,0.87,0.86,
2026-06-30T12:57:04.957718+00:00,KXATPMATCH-26JUN29ROYWEN-ROY,Valentin Royer,Harry Wendelken,4-6 6-3 6-3 4-3,30-15,p2,0.6724137931034483,0.7051282051282052,0.5526315789473685,0.3142857142857143,0.5238095238095238,0.625,0.6857142857142857,0.47619047619047616,0.2948717948717949,0.4473684210526316,0.92,0.91,0.9,
2026-06-30T12:57:59.732039+00:00,KXATPMATCH-26JUN29ROYWEN-ROY,Valentin Royer,Harry Wendelken,4-6 6-3 6-3 5-3,0-0,p1,0.6724137931034483,0.7051282051282052,0.5526315789473685,0.323943661971831,0.5348837209302325,0.6228070175438597,0.676056338028169,0.46511627906976744,0.2948717948717949,0.4473684210526316,0.9876,0.97,0.96,
2026-06-30T12:58:20.312481+00:00,KXATPMATCH-26JUN29ROYWEN-ROY,Valentin Royer,Harry Wendelken,4-6 6-3 6-3 5-3,0-0,p1,0.6724137931034483,0.7051282051282052,0.5526315789473685,0.323943661971831,0.5348837209302325,0.6228070175438597,0.676056338028169,0.46511627906976744,0.2948717948717949,0.4473684210526316,0.9836,0.97,0.96,
2026-06-30T12:58:41.582253+00:00,KXATPMATCH-26JUN29ROYWEN-ROY,Valentin Royer,Harry Wendelken,4-6 6-3 6-3 5-3,15-0,p1,0.6752136752136753,0.7088607594936709,0.5263157894736842,0.323943661971831,0.5348837209302325,0.6228070175438597,0.676056338028169,0.46511627906976744,0.2911392405063291,0.47368421052631576,0.9926,0.99,0.98,
2026-06-30T12:59:02.189533+00:00,KXATPMATCH-26JUN29ROYWEN-ROY,Valentin Royer,Harry Wendelken,4-6 6-3 6-3 5-3,30-0,p1,0.6779661016949152,0.7125,0.5,0.323943661971831,0.5348837209302325,0.6228070175438597,0.676056338028169,0.46511627906976744,0.2875,0.5,0.9959,0.99,0.98,
2026-07-01T01:49:34.061595+00:00,KXATPCHALLENGERMATCH-26JUN30BARFIC-BAR,Ozan Baris,Juan Pablo Ficovich,2-3,40-15,p1,0.5714285714285714,0.75,0.8333333333333334,0.3157894736842105,0.5,0.6129032258064516,0.6842105263157895,0.5,0.25,0.16666666666666666,0.9681,0.6699999999999999,0.65,
2026-07-01T01:49:55.268706+00:00,KXATPCHALLENGERMATCH-26JUN30BARFIC-BAR,Ozan Baris,Juan Pablo Ficovich,2-3,40-15,p1,0.5714285714285714,0.75,0.8333333333333334,0.3157894736842105,0.5,0.6129032258064516,0.6842105263157895,0.5,0.25,0.16666666666666666,0.9704,0.6599999999999999,0.65,
2026-07-01T01:50:16.705678+00:00,KXATPCHALLENGERMATCH-26JUN30BARFIC-BAR,Ozan Baris,Juan Pablo Ficovich,2-3,40-30,p1,0.5333333333333333,0.75,0.7142857142857143,0.3157894736842105,0.5,0.6129032258064516,0.6842105263157895,0.5,0.25,0.2857142857142857,0.9056,0.6699999999999999,0.59,
