player_id,player_slug,full_name,year,surface,Aces,DoubleFaults,FirstServePercentage,FirstServePointsWonPercentage,SecondServePointsWonPercentage,BreakPointsFaced,BreakPointsSavedPercentage,ServiceGamesPlayed,ServiceGamesWonPercentage,ServicePointsWonPercentage,FirstServeReturnPointsWonPercentage,SecondServeReturnPointsWonPercentage,BreakPointsOpportunities,BreakPointsConvertedPercentage,ReturnGamesPlayed,ReturnGamesWonPercentage,ReturnPointsWonPercentage,TotalPointsWonPercentage
s0ag,jannik-sinner,Jannik Sinner,all,all,2598,825,61,76,56,2176,68,5273,87,68,32,54,3456,43,5193,28,41,54
s0ag,jannik-sinner,Jannik Sinner,all,Hard,1880,545,61,77,55,1416,70,3459,88,68,32,55,2244,42,3399,28,40,54
s0ag,jannik-sinner,Jannik Sinner,all,Clay,378,183,60,72,55,576,62,1224,82,65,36,54,861,47,1212,33,43,54
s0ag,jannik-sinner,Jannik Sinner,all,Grass,340,97,61,79,58,184,66,590,89,70,29,53,351,36,582,22,38,53
s0ag,jannik-sinner,Jannik Sinner,all,Carpet,,,,,,,,,,,,,,,,,,
s0ag,jannik-sinner,Jannik Sinner,2026,all,289,41,65,81,60,81,75,355,94,73,34,54,261,41,343,31,41,57
s0ag,jannik-sinner,Jannik Sinner,2026,Hard,232,25,67,81,57,62,77,245,94,74,32,55,172,38,234,28,40,56
s0ag,jannik-sinner,Jannik Sinner,2026,Clay,57,16,61,79,64,19,68,110,95,73,40,53,89,46,109,38,45,58
s0ag,jannik-sinner,Jannik Sinner,2026,Grass,,,,,,,,,,,,,,,,,,
s0ag,jannik-sinner,Jannik Sinner,2026,Carpet,,,,,,,,,,,,,,,,,,
s0ag,jannik-sinner,Jannik Sinner,2025,all,405,91,62,79,59,224,72,775,92,72,34,58,554,45,757,33,43,56
s0ag,jannik-sinner,Jannik Sinner,2025,Hard,276,67,62,81,59,133,74,484,93,73,33,59,350,44,473,33,43,57
s0ag,jannik-sinner,Jannik Sinner,2025,Clay,51,8,61,74,60,60,67,167,88,69,38,56,128,47,163,37,45,56
s0ag,jannik-sinner,Jannik Sinner,2025,Grass,78,16,64,80,60,31,74,124,94,73,29,57,76,42,121,26,40,56
s0ag,jannik-sinner,Jannik Sinner,2025,Carpet,,,,,,,,,,,,,,,,,,
s0ag,jannik-sinner,Jannik Sinner,2024,all,563,141,61,79,58,319,74,977,91,71,32,56,639,42,954,28,41,55
s0ag,jannik-sinner,Jannik Sinner,2024,Hard,384,92,60,79,59,214,76,637,92,71,32,57,444,42,618,30,42,56
s0ag,jannik-sinner,Jannik Sinner,2024,Clay,59,29,62,79,54,68,69,176,88,69,35,54,120,48,175,33,43,55
s0ag,jannik-sinner,Jannik Sinner,2024,Grass,120,20,64,81,57,37,68,164,93,73,28,54,75,37,161,17,36,53
s0ag,jannik-sinner,Jannik Sinner,2024,Carpet,,,,,,,,,,,,,,,,,,
s0ag,jannik-sinner,Jannik Sinner,2023,all,436,129,60,76,57,368,69,901,87,68,33,54,615,42,892,29,41,54
s0ag,jannik-sinner,Jannik Sinner,2023,Hard,305,86,61,77,56,240,70,612,88,68,32,54,392,44,603,29,41,54
s0ag,jannik-sinner,Jannik Sinner,2023,Clay,32,20,58,71,57,77,65,141,81,65,37,57,107,50,141,38,45,55
s0ag,jannik-sinner,Jannik Sinner,2023,Grass,99,23,58,80,59,51,73,148,91,71,31,52,116,30,148,24,39,54
s0ag,jannik-sinner,Jannik Sinner,2023,Carpet,,,,,,,,,,,,,,,,,,
a0e2,carlos-alcaraz,Carlos Alcaraz,all,all,1584,852,65,72,56,1930,64,4511,85,67,34,54,3343,42,4510,31,42,54
a0e2,carlos-alcaraz,Carlos Alcaraz,all,Hard,918,434,65,73,57,950,65,2400,86,68,33,54,1734,41,2405,29,41,54
a0e2,carlos-alcaraz,Carlos Alcaraz,all,Clay,312,269,66,69,55,727,62,1480,81,64,37,55,1203,45,1480,36,44,54
a0e2,carlos-alcaraz,Carlos Alcaraz,all,Grass,354,149,63,76,55,253,70,631,88,68,32,51,406,39,625,25,39,53
a0e2,carlos-alcaraz,Carlos Alcaraz,all,Carpet,,,,,,,,,,,,,,,,,,
a0e2,carlos-alcaraz,Carlos Alcaraz,2026,all,123,56,68,74,57,102,68,309,89,68,35,54,226,43,312,31,42,54
a0e2,carlos-alcaraz,Carlos Alcaraz,2026,Hard,103,37,69,75,58,75,68,252,90,70,34,54,178,40,253,28,41,54
a0e2,carlos-alcaraz,Carlos Alcaraz,2026,Clay,20,19,63,68,55,27,67,57,84,63,40,54,48,52,59,42,46,55
a0e2,carlos-alcaraz,Carlos Alcaraz,2026,Grass,,,,,,,,,,,,,,,,,,
a0e2,carlos-alcaraz,Carlos Alcaraz,2026,Carpet,,,,,,,,,,,,,,,,,,
a0e2,carlos-alcaraz,Carlos Alcaraz,2025,all,463,219,64,74,57,376,66,1019,88,68,35,54,727,44,1010,32,42,55
a0e2,carlos-alcaraz,Carlos Alcaraz,2025,Hard,260,112,64,76,57,162,63,527,89,69,35,55,392,44,526,33,42,55
a0e2,carlos-alcaraz,Carlos Alcaraz,2025,Clay,53,55,66,69,57,142,65,294,83,65,39,56,238,45,289,37,45,55
a0e2,carlos-alcaraz,Carlos Alcaraz,2025,Grass,150,52,62,79,56,72,76,198,91,70,30,50,97,45,195,23,38,54
a0e2,carlos-alcaraz,Carlos Alcaraz,2025,Carpet,,,,,,,,,,,,,,,,,,
a0e2,carlos-alcaraz,Carlos Alcaraz,2024,all,265,119,65,73,57,270,62,709,85,68,34,54,511,43,708,31,42,54
a0e2,carlos-alcaraz,Carlos Alcaraz,2024,Hard,159,53,64,76,59,111,61,367,88,70,34,53,251,40,367,28,41,54
a0e2,carlos-alcaraz,Carlos Alcaraz,2024,Clay,34,35,68,68,55,105,64,194,80,64,36,59,158,46,194,37,45,54
a0e2,carlos-alcaraz,Carlos Alcaraz,2024,Grass,72,31,63,74,56,54,59,148,85,68,34,50,102,44,147,31,40,54
a0e2,carlos-alcaraz,Carlos Alcaraz,2024,Carpet,,,,,,,,,,,,,,,,,,
a0e2,carlos-alcaraz,Carlos Alcaraz,2023,all,302,161,66,72,56,369,65,881,85,67,35,54,691,40,874,32,42,54
a0e2,carlos-alcaraz,Carlos Alcaraz,2023,Hard,134,73,65,73,58,156,63,379,85,67,33,53,296,35,379,27,41,53
a0e2,carlos-alcaraz,Carlos Alcaraz,2023,Clay,95,49,67,70,56,151,63,325,83,65,39,55,264,48,323,40,45,55
a0e2,carlos-alcaraz,Carlos Alcaraz,2023,Grass,73,39,64,76,55,62,73,177,90,69,34,52,131,35,172,27,40,54
a0e2,carlos-alcaraz,Carlos Alcaraz,2023,Carpet,,,,,,,,,,,,,,,,,,
z355,alexander-zverev,Alexander Zverev,all,all,6309,2593,67,75,51,3971,62,9599,84,67,30,51,5742,41,9620,24,38,52
z355,alexander-zverev,Alexander Zverev,all,Hard,4061,1517,68,75,51,2301,64,5682,85,68,29,51,3254,39,5688,23,37,52
z355,alexander-zverev,Alexander Zverev,all,Clay,1488,834,67,72,50,1354,57,2946,80,65,34,52,2022,43,2959,29,41,52
z355,alexander-zverev,Alexander Zverev,all,Grass,760,242,68,78,51,316,65,971,89,70,27,49,466,40,973,19,35,52
z355,alexander-zverev,Alexander Zverev,all,Carpet,,,,,,,,,,,,,,,,,,
z355,alexander-zverev,Alexander Zverev,2026,all,311,51,71,76,57,113,55,433,88,71,30,52,236,43,429,24,38,53
z355,alexander-zverev,Alexander Zverev,2026,Hard,235,25,72,79,57,66,68,272,92,73,29,51,134,41,270,20,36,53
z355,alexander-zverev,Alexander Zverev,2026,Clay,76,26,69,72,56,47,36,161,81,67,32,54,102,45,159,29,40,53
z355,alexander-zverev,Alexander Zverev,2026,Grass,,,,,,,,,,,,,,,,,,
z355,alexander-zverev,Alexander Zverev,2026,Carpet,,,,,,,,,,,,,,,,,,
z355,alexander-zverev,Alexander Zverev,2025,all,577,152,72,74,54,348,63,965,87,68,30,51,540,40,975,22,38,52
z355,alexander-zverev,Alexander Zverev,2025,Hard,353,80,73,74,53,202,64,554,87,68,28,51,304,38,556,21,36,52
z355,alexander-zverev,Alexander Zverev,2025,Clay,127,57,69,72,55,108,56,289,83,67,35,52,189,46,297,29,41,53
z355,alexander-zverev,Alexander Zverev,2025,Grass,97,15,76,78,53,38,76,122,93,72,26,47,47,28,122,11,33,52
z355,alexander-zverev,Alexander Zverev,2025,Carpet,,,,,,,,,,,,,,,,,,
z355,alexander-zverev,Alexander Zverev,2024,all,797,183,71,77,55,370,70,1141,90,70,30,51,684,37,1141,22,38,53
z355,alexander-zverev,Alexander Zverev,2024,Hard,488,113,71,76,56,242,73,701,91,70,29,51,375,39,695,21,37,53
z355,alexander-zverev,Alexander Zverev,2024,Clay,197,57,72,75,51,114,62,319,87,68,32,54,254,34,325,27,40,53
z355,alexander-zverev,Alexander Zverev,2024,Grass,112,13,72,84,58,14,79,121,98,77,25,46,55,35,121,16,33,54
z355,alexander-zverev,Alexander Zverev,2024,Carpet,,,,,,,,,,,,,,,,,,
z355,alexander-zverev,Alexander Zverev,2023,all,613,222,71,74,50,406,64,964,85,67,29,52,618,37,970,23,38,52
z355,alexander-zverev,Alexander Zverev,2023,Hard,377,107,72,73,50,227,61,566,84,67,28,50,356,32,568,20,36,51
z355,alexander-zverev,Alexander Zverev,2023,Clay,156,97,68,74,46,155,65,306,82,65,33,57,226,43,310,32,42,53
z355,alexander-zverev,Alexander Zverev,2023,Grass,80,18,69,80,57,24,83,92,96,73,21,49,36,36,92,14,32,52
z355,alexander-zverev,Alexander Zverev,2023,Carpet,,,,,,,,,,,,,,,,,,
d643,novak-djokovic,Novak Djokovic,all,all,7808,3128,65,74,55,6878,65,17106,86,68,34,55,11899,44,16621,32,42,54
d643,novak-djokovic,Novak Djokovic,all,Hard,5020,2006,64,75,56,3927,66,10298,87,68,33,56,6989,45,9987,31,42,55
d643,novak-djokovic,Novak Djokovic,all,Clay,1375,698,66,71,54,2118,63,4405,82,65,37,55,3350,45,4283,35,44,54
d643,novak-djokovic,Novak Djokovic,all,Grass,1344,403,67,78,56,769,69,2301,90,70,31,53,1495,40,2252,26,40,54
d643,novak-djokovic,Novak Djokovic,all,Carpet,69,21,61,73,50,64,73,102,83,64,28,54,65,35,99,23,37,51
d643,novak-djokovic,Novak Djokovic,2026,all,63,27,67,73,53,73,70,139,84,67,30,55,85,39,134,25,39,53
d643,novak-djokovic,Novak Djokovic,2026,Hard,63,27,67,73,53,73,70,139,84,67,30,55,85,39,134,25,39,53
d643,novak-djokovic,Novak Djokovic,2026,Clay,,,,,,,,,,,,,,,,,,
d643,novak-djokovic,Novak Djokovic,2026,Grass,,,,,,,,,,,,,,,,,,
d643,novak-djokovic,Novak Djokovic,2026,Carpet,,,,,,,,,,,,,,,,,,
d643,novak-djokovic,Novak Djokovic,2025,all,413,102,67,77,56,210,64,671,89,70,32,53,403,42,648,26,39,54
d643,novak-djokovic,Novak Djokovic,2025,Hard,271,68,66,77,57,128,66,413,90,70,31,51,222,45,397,25,38,54
d643,novak-djokovic,Novak Djokovic,2025,Clay,62,21,65,76,56,45,58,162,88,69,31,53,101,39,157,25,40,54
d643,novak-djokovic,Novak Djokovic,2025,Grass,80,13,69,78,50,37,62,96,85,69,36,57,80,40,94,34,43,55
d643,novak-djokovic,Novak Djokovic,2025,Carpet,,,,,,,,,,,,,,,,,,
d643,novak-djokovic,Novak Djokovic,2024,all,275,102,64,75,55,219,65,539,86,68,33,55,367,41,525,29,41,54
d643,novak-djokovic,Novak Djokovic,2024,Hard,164,62,62,77,55,99,67,273,88,69,30,57,183,38,266,26,40,54
d643,novak-djokovic,Novak Djokovic,2024,Clay,49,22,65,71,54,92,63,167,80,65,39,52,124,50,164,38,44,55
d643,novak-djokovic,Novak Djokovic,2024,Grass,62,18,67,79,56,28,64,99,90,71,30,53,60,35,95,22,38,54
d643,novak-djokovic,Novak Djokovic,2024,Carpet,,,,,,,,,,,,,,,,,,
d643,novak-djokovic,Novak Djokovic,2023,all,383,157,64,76,58,261,67,741,88,70,33,54,491,42,721,29,41,55
d643,novak-djokovic,Novak Djokovic,2023,Hard,238,106,62,79,59,119,67,406,90,71,32,56,260,44,392,29,40,55
d643,novak-djokovic,Novak Djokovic,2023,Clay,77,40,67,72,53,104,63,209,81,66,40,52,162,44,206,34,44,55
d643,novak-djokovic,Novak Djokovic,2023,Grass,68,11,65,78,61,38,79,126,94,72,26,51,69,33,123,19,35,54
d643,novak-djokovic,Novak Djokovic,2023,Carpet,,,,,,,,,,,,,,,,,,
ag37,felix-auger-aliassime,Felix Auger Aliassime,all,all,4155,1717,64,76,51,2423,64,5484,84,67,30,48,2902,37,5422,20,36,51
ag37,felix-auger-aliassime,Felix Auger Aliassime,all,Hard,2972,1172,64,77,50,1572,64,3723,85,67,29,48,1978,36,3685,19,36,51
ag37,felix-auger-aliassime,Felix Auger Aliassime,all,Clay,547,352,64,72,49,619,62,1113,79,64,32,49,653,39,1100,23,38,51
ag37,felix-auger-aliassime,Felix Auger Aliassime,all,Grass,636,193,64,80,54,232,69,648,89,70,27,47,271,38,637,16,34,52
ag37,felix-auger-aliassime,Felix Auger Aliassime,all,Carpet,,,,,,,,,,,,,,,,,,
ag37,felix-auger-aliassime,Felix Auger Aliassime,2026,all,227,55,68,78,55,83,65,277,90,70,30,47,133,40,280,19,36,52
ag37,felix-auger-aliassime,Felix Auger Aliassime,2026,Hard,206,48,68,79,55,69,68,229,90,71,30,47,112,40,232,19,36,53
ag37,felix-auger-aliassime,Felix Auger Aliassime,2026,Clay,21,7,67,73,55,14,50,48,85,67,30,45,21,38,48,17,35,51
ag37,felix-auger-aliassime,Felix Auger Aliassime,2026,Grass,,,,,,,,,,,,,,,,,,
ag37,felix-auger-aliassime,Felix Auger Aliassime,2026,Carpet,,,,,,,,,,,,,,,,,,
ag37,felix-auger-aliassime,Felix Auger Aliassime,2025,all,783,234,67,77,52,412,67,954,86,68,29,49,538,33,957,19,36,52
ag37,felix-auger-aliassime,Felix Auger Aliassime,2025,Hard,601,176,68,77,52,304,68,715,86,69,29,49,393,33,718,18,36,52
ag37,felix-auger-aliassime,Felix Auger Aliassime,2025,Clay,45,23,66,72,52,59,66,101,80,65,31,51,76,30,105,22,38,51
ag37,felix-auger-aliassime,Felix Auger Aliassime,2025,Grass,137,35,63,80,53,49,65,138,88,70,28,48,69,36,134,19,36,52
ag37,felix-auger-aliassime,Felix Auger Aliassime,2025,Carpet,,,,,,,,,,,,,,,,,,
ag37,felix-auger-aliassime,Felix Auger Aliassime,2024,all,377,200,62,75,51,258,64,572,84,66,31,47,279,41,564,20,37,51
ag37,felix-auger-aliassime,Felix Auger Aliassime,2024,Hard,230,124,62,73,51,151,62,316,82,65,29,47,151,38,312,19,36,50
ag37,felix-auger-aliassime,Felix Auger Aliassime,2024,Clay,109,68,62,76,51,92,66,220,86,67,34,47,120,44,217,24,39,53
ag37,felix-auger-aliassime,Felix Auger Aliassime,2024,Grass,38,8,67,79,49,15,67,36,86,69,20,42,8,38,35,9,28,50
ag37,felix-auger-aliassime,Felix Auger Aliassime,2024,Carpet,,,,,,,,,,,,,,,,,,
ag37,felix-auger-aliassime,Felix Auger Aliassime,2023,all,380,200,60,78,49,212,60,539,84,67,28,47,279,32,531,17,35,51
ag37,felix-auger-aliassime,Felix Auger Aliassime,2023,Hard,335,160,60,79,50,172,61,460,85,67,28,47,252,31,454,17,35,51
ag37,felix-auger-aliassime,Felix Auger Aliassime,2023,Clay,28,32,60,74,41,35,60,56,75,61,26,52,22,50,54,20,35,49
ag37,felix-auger-aliassime,Felix Auger Aliassime,2023,Grass,17,8,60,80,52,5,40,23,87,69,18,48,5,40,23,9,27,48
ag37,felix-auger-aliassime,Felix Auger Aliassime,2023,Carpet,,,,,,,,,,,,,,,,,,
s0s1,ben-shelton,Ben Shelton,all,all,2095,738,66,76,54,1153,70,2882,88,69,25,46,1157,38,2868,15,33,51
s0s1,ben-shelton,Ben Shelton,all,Hard,1479,466,66,76,55,750,70,1970,89,69,25,46,801,38,1962,16,33,51
s0s1,ben-shelton,Ben Shelton,all,Clay,297,165,63,74,53,258,62,546,82,66,27,45,219,40,541,16,34,50
s0s1,ben-shelton,Ben Shelton,all,Grass,319,107,66,77,53,145,78,366,91,69,24,46,137,33,365,12,32,51
s0s1,ben-shelton,Ben Shelton,all,Carpet,,,,,,,,,,,,,,,,,,
s0s1,ben-shelton,Ben Shelton,2026,all,273,63,67,77,60,103,76,327,92,72,24,46,124,32,323,12,32,52
s0s1,ben-shelton,Ben Shelton,2026,Hard,199,42,68,77,58,77,75,223,91,71,25,47,89,34,220,14,32,52
s0s1,ben-shelton,Ben Shelton,2026,Clay,74,21,65,78,63,26,77,104,94,73,22,45,35,29,103,10,31,52
s0s1,ben-shelton,Ben Shelton,2026,Grass,,,,,,,,,,,,,,,,,,
s0s1,ben-shelton,Ben Shelton,2026,Carpet,,,,,,,,,,,,,,,,,,
s0s1,ben-shelton,Ben Shelton,2025,all,607,198,64,75,55,326,67,832,87,68,26,46,331,41,827,17,33,51
s0s1,ben-shelton,Ben Shelton,2025,Hard,396,112,65,76,55,198,70,529,89,69,26,47,223,40,524,17,34,51
s0s1,ben-shelton,Ben Shelton,2025,Clay,78,44,62,71,54,85,56,163,77,64,30,44,59,49,164,18,35,49
s0s1,ben-shelton,Ben Shelton,2025,Grass,133,42,63,78,55,43,79,140,94,70,23,46,49,39,139,14,31,51
s0s1,ben-shelton,Ben Shelton,2025,Carpet,,,,,,,,,,,,,,,,,,
s0s1,ben-shelton,Ben Shelton,2024,all,619,218,69,76,54,360,73,905,89,69,25,45,387,35,896,15,33,51
s0s1,ben-shelton,Ben Shelton,2024,Hard,434,127,69,76,55,232,73,603,90,70,24,45,248,37,598,15,32,51
s0s1,ben-shelton,Ben Shelton,2024,Clay,74,53,65,75,53,67,66,163,86,67,29,45,84,32,159,17,35,51
s0s1,ben-shelton,Ben Shelton,2024,Grass,111,38,70,76,51,61,79,139,91,68,23,47,55,33,139,13,32,50
s0s1,ben-shelton,Ben Shelton,2024,Carpet,,,,,,,,,,,,,,,,,,
s0s1,ben-shelton,Ben Shelton,2023,all,505,209,64,76,52,298,66,674,85,67,26,44,256,41,675,16,32,50
s0s1,ben-shelton,Ben Shelton,2023,Hard,359,135,65,77,54,177,66,471,87,69,26,43,182,42,473,16,32,51
s0s1,ben-shelton,Ben Shelton,2023,Clay,71,47,60,71,43,80,61,116,73,60,25,47,41,54,115,19,32,47
s0s1,ben-shelton,Ben Shelton,2023,Grass,75,27,65,78,52,41,76,87,89,69,25,47,33,24,87,9,33,50
s0s1,ben-shelton,Ben Shelton,2023,Carpet,,,,,,,,,,,,,,,,,,
fb98,taylor-fritz,Taylor Fritz,all,all,5604,1270,61,77,52,3044,64,7261,85,67,27,50,3743,38,7145,20,36,51
fb98,taylor-fritz,Taylor Fritz,all,Hard,4029,938,61,77,52,2090,65,5049,86,67,27,51,2626,37,4979,20,36,51
fb98,taylor-fritz,Taylor Fritz,all,Clay,679,163,59,74,51,589,58,1170,79,64,30,50,712,37,1142,23,38,51
fb98,taylor-fritz,Taylor Fritz,all,Grass,896,169,62,79,55,365,66,1042,88,70,25,49,405,41,1024,16,33,52
fb98,taylor-fritz,Taylor Fritz,all,Carpet,,,,,,,,,,,,,,,,,,
fb98,taylor-fritz,Taylor Fritz,2026,all,316,31,69,80,51,100,68,284,89,71,25,48,128,26,277,12,33,51
fb98,taylor-fritz,Taylor Fritz,2026,Hard,316,31,69,80,51,100,68,284,89,71,25,48,128,26,277,12,33,51
fb98,taylor-fritz,Taylor Fritz,2026,Clay,,,,,,,,,,,,,,,,,,
fb98,taylor-fritz,Taylor Fritz,2026,Grass,,,,,,,,,,,,,,,,,,
fb98,taylor-fritz,Taylor Fritz,2026,Carpet,,,,,,,,,,,,,,,,,,
fb98,taylor-fritz,Taylor Fritz,2025,all,867,146,64,79,54,316,66,989,89,70,26,51,453,40,969,19,35,53
fb98,taylor-fritz,Taylor Fritz,2025,Hard,585,112,64,79,53,235,69,671,89,70,27,52,329,39,658,19,36,53
fb98,taylor-fritz,Taylor Fritz,2025,Clay,53,6,61,78,47,32,53,83,82,66,22,48,40,30,82,15,33,49
fb98,taylor-fritz,Taylor Fritz,2025,Grass,229,28,65,81,60,49,63,235,92,74,25,51,84,48,229,17,34,54
fb98,taylor-fritz,Taylor Fritz,2025,Carpet,,,,,,,,,,,,,,,,,,
fb98,taylor-fritz,Taylor Fritz,2024,all,725,120,62,78,55,348,69,925,88,70,27,50,468,38,900,20,36,53
fb98,taylor-fritz,Taylor Fritz,2024,Hard,382,78,61,77,55,201,70,503,88,68,27,51,267,39,497,21,36,52
fb98,taylor-fritz,Taylor Fritz,2024,Clay,175,28,62,78,51,107,66,248,85,68,31,48,131,41,236,23,37,53
fb98,taylor-fritz,Taylor Fritz,2024,Grass,168,14,66,84,62,40,73,174,94,77,25,49,70,33,167,14,33,54
fb98,taylor-fritz,Taylor Fritz,2024,Carpet,,,,,,,,,,,,,,,,,,
fb98,taylor-fritz,Taylor Fritz,2023,all,692,165,59,79,55,352,66,935,87,69,28,53,490,42,909,23,38,53
fb98,taylor-fritz,Taylor Fritz,2023,Hard,502,113,60,79,55,211,68,626,89,70,27,54,313,44,611,22,38,53
fb98,taylor-fritz,Taylor Fritz,2023,Clay,126,35,56,77,57,104,62,218,82,68,32,53,149,40,209,28,40,54
fb98,taylor-fritz,Taylor Fritz,2023,Grass,64,17,62,76,56,37,65,91,86,68,26,47,28,43,89,13,33,51
fb98,taylor-fritz,Taylor Fritz,2023,Carpet,,,,,,,,,,,,,,,,,,
dh58,alex-de-minaur,Alex De Minaur,all,all,1850,1211,58,71,54,2947,61,5799,80,64,32,53,3690,43,5840,27,40,52
dh58,alex-de-minaur,Alex De Minaur,all,Hard,1432,848,59,72,54,2011,62,4135,82,65,31,53,2529,44,4159,26,40,52
dh58,alex-de-minaur,Alex De Minaur,all,Clay,175,193,56,67,52,602,59,914,73,60,34,53,660,43,926,31,41,51
dh58,alex-de-minaur,Alex De Minaur,all,Grass,243,170,58,73,56,334,63,750,83,66,31,52,501,37,755,25,39,52
dh58,alex-de-minaur,Alex De Minaur,all,Carpet,,,,,,,,,,,,,,,,,,
dh58,alex-de-minaur,Alex De Minaur,2026,all,97,63,58,72,55,138,67,274,83,65,29,53,162,41,279,24,38,51
dh58,alex-de-minaur,Alex De Minaur,2026,Hard,83,43,61,72,57,91,70,206,87,66,30,52,119,44,210,25,38,52
dh58,alex-de-minaur,Alex De Minaur,2026,Clay,14,20,49,69,52,47,60,68,72,60,26,54,43,33,69,20,38,49
dh58,alex-de-minaur,Alex De Minaur,2026,Grass,,,,,,,,,,,,,,,,,,
dh58,alex-de-minaur,Alex De Minaur,2026,Carpet,,,,,,,,,,,,,,,,,,
dh58,alex-de-minaur,Alex De Minaur,2025,all,309,185,56,73,57,379,63,897,84,66,32,54,597,43,889,29,41,53
dh58,alex-de-minaur,Alex De Minaur,2025,Hard,258,137,56,74,58,270,65,659,86,67,32,54,428,42,649,27,41,53
dh58,alex-de-minaur,Alex De Minaur,2025,Clay,32,35,53,74,55,76,58,164,80,65,34,54,108,53,166,34,42,53
dh58,alex-de-minaur,Alex De Minaur,2025,Grass,19,13,54,72,58,33,61,74,82,66,30,58,61,34,74,28,41,53
dh58,alex-de-minaur,Alex De Minaur,2025,Carpet,,,,,,,,,,,,,,,,,,
dh58,alex-de-minaur,Alex De Minaur,2024,all,295,180,54,73,54,377,60,802,81,65,33,56,570,45,814,32,42,53
dh58,alex-de-minaur,Alex De Minaur,2024,Hard,219,113,54,74,55,236,62,522,83,65,31,55,329,45,528,28,41,52
dh58,alex-de-minaur,Alex De Minaur,2024,Clay,39,43,54,69,56,91,54,177,76,63,38,54,138,50,182,38,44,53
dh58,alex-de-minaur,Alex De Minaur,2024,Grass,37,24,54,78,50,50,58,103,80,65,35,61,103,38,104,38,46,55
dh58,alex-de-minaur,Alex De Minaur,2024,Carpet,,,,,,,,,,,,,,,,,,
dh58,alex-de-minaur,Alex De Minaur,2023,all,229,177,56,72,54,374,59,764,80,64,34,52,518,43,773,29,41,52
dh58,alex-de-minaur,Alex De Minaur,2023,Hard,177,128,56,73,53,280,59,551,79,64,34,53,367,46,556,31,42,52
dh58,alex-de-minaur,Alex De Minaur,2023,Clay,11,23,56,70,52,58,59,98,76,62,32,49,70,40,101,28,39,50
dh58,alex-de-minaur,Alex De Minaur,2023,Grass,41,26,58,74,59,36,58,115,87,68,33,49,81,32,116,22,39,53
dh58,alex-de-minaur,Alex De Minaur,2023,Carpet,,,,,,,,,,,,,,,,,,
mm58,daniil-medvedev,Daniil Medvedev,all,all,4895,2311,62,75,51,3388,63,7520,83,66,32,53,4842,42,7547,27,40,53
mm58,daniil-medvedev,Daniil Medvedev,all,Hard,3803,1705,62,76,51,2432,65,5484,84,67,32,54,3635,43,5497,28,40,53
mm58,daniil-medvedev,Daniil Medvedev,all,Clay,374,315,59,70,49,562,56,1017,75,61,34,50,675,42,1033,27,40,51
mm58,daniil-medvedev,Daniil Medvedev,all,Grass,718,291,63,76,51,394,63,1019,86,67,28,53,532,42,1017,22,37,52
mm58,daniil-medvedev,Daniil Medvedev,all,Carpet,,,,,,,,,,,,,,,,,,
mm58,daniil-medvedev,Daniil Medvedev,2026,all,208,102,67,74,49,141,64,321,84,66,35,54,216,48,320,32,42,54
mm58,daniil-medvedev,Daniil Medvedev,2026,Hard,194,84,67,74,50,120,68,277,86,66,35,55,193,47,274,33,42,54
mm58,daniil-medvedev,Daniil Medvedev,2026,Clay,14,18,62,75,40,21,43,44,73,62,35,46,23,52,46,26,39,50
mm58,daniil-medvedev,Daniil Medvedev,2026,Grass,,,,,,,,,,,,,,,,,,
mm58,daniil-medvedev,Daniil Medvedev,2026,Carpet,,,,,,,,,,,,,,,,,,
mm58,daniil-medvedev,Daniil Medvedev,2025,all,534,277,61,76,49,336,60,784,83,66,33,53,552,37,789,26,40,52
mm58,daniil-medvedev,Daniil Medvedev,2025,Hard,402,201,61,77,50,246,62,559,83,66,33,54,417,36,565,27,41,53
mm58,daniil-medvedev,Daniil Medvedev,2025,Clay,50,39,59,71,46,71,52,125,73,60,38,51,86,47,125,32,42,51
mm58,daniil-medvedev,Daniil Medvedev,2025,Grass,82,37,65,78,51,19,68,100,94,69,25,46,49,29,99,14,32,50
mm58,daniil-medvedev,Daniil Medvedev,2025,Carpet,,,,,,,,,,,,,,,,,,
mm58,daniil-medvedev,Daniil Medvedev,2024,all,426,295,61,73,49,426,61,821,80,64,32,53,521,44,833,27,40,52
mm58,daniil-medvedev,Daniil Medvedev,2024,Hard,280,204,60,73,49,282,62,526,79,64,33,54,376,43,536,30,41,52
mm58,daniil-medvedev,Daniil Medvedev,2024,Clay,55,50,61,71,47,96,57,164,75,62,34,50,92,47,166,26,40,51
mm58,daniil-medvedev,Daniil Medvedev,2024,Grass,91,41,66,75,54,48,65,131,87,68,27,52,53,49,131,20,36,52
mm58,daniil-medvedev,Daniil Medvedev,2024,Carpet,,,,,,,,,,,,,,,,,,
mm58,daniil-medvedev,Daniil Medvedev,2023,all,547,314,64,75,50,419,67,923,85,66,34,54,622,46,922,31,41,54
mm58,daniil-medvedev,Daniil Medvedev,2023,Hard,388,212,64,76,51,281,70,620,86,67,34,55,430,47,616,33,42,54
mm58,daniil-medvedev,Daniil Medvedev,2023,Clay,61,62,61,72,48,79,58,158,79,63,36,52,112,47,159,33,42,53
mm58,daniil-medvedev,Daniil Medvedev,2023,Grass,98,40,67,76,47,59,61,145,84,67,30,51,80,43,147,23,38,52
mm58,daniil-medvedev,Daniil Medvedev,2023,Carpet,,,,,,,,,,,,,,,,,,
m0ej,lorenzo-musetti,Lorenzo Musetti,all,all,1188,641,65,70,53,1932,59,3853,80,64,30,51,2285,40,3859,24,38,51
m0ej,lorenzo-musetti,Lorenzo Musetti,all,Hard,768,369,64,71,53,1022,60,2063,80,64,28,51,1178,37,2066,21,37,50
m0ej,lorenzo-musetti,Lorenzo Musetti,all,Clay,268,180,66,68,52,735,58,1385,77,62,34,53,902,45,1389,30,41,52
m0ej,lorenzo-musetti,Lorenzo Musetti,all,Grass,152,92,65,73,53,175,64,405,84,66,27,49,205,36,404,18,36,51
m0ej,lorenzo-musetti,Lorenzo Musetti,all,Carpet,,,,,,,,,,,,,,,,,,
m0ej,lorenzo-musetti,Lorenzo Musetti,2026,all,78,36,65,70,54,114,67,218,83,64,31,53,144,39,220,25,39,51
m0ej,lorenzo-musetti,Lorenzo Musetti,2026,Hard,58,25,65,70,56,74,66,146,83,65,32,56,108,38,148,28,41,52
m0ej,lorenzo-musetti,Lorenzo Musetti,2026,Clay,20,11,66,69,51,40,68,72,82,63,26,46,36,42,72,21,34,50
m0ej,lorenzo-musetti,Lorenzo Musetti,2026,Grass,,,,,,,,,,,,,,,,,,
m0ej,lorenzo-musetti,Lorenzo Musetti,2026,Carpet,,,,,,,,,,,,,,,,,,
m0ej,lorenzo-musetti,Lorenzo Musetti,2025,all,310,134,66,72,55,365,61,852,83,66,30,53,540,39,852,25,39,52
m0ej,lorenzo-musetti,Lorenzo Musetti,2025,Hard,238,103,64,73,55,228,62,548,84,67,28,53,337,37,551,23,37,52
m0ej,lorenzo-musetti,Lorenzo Musetti,2025,Clay,66,26,68,69,55,126,60,286,82,65,35,53,198,43,282,30,42,53
m0ej,lorenzo-musetti,Lorenzo Musetti,2025,Grass,6,5,59,62,61,11,55,18,72,62,17,41,5,20,19,5,30,45
m0ej,lorenzo-musetti,Lorenzo Musetti,2025,Carpet,,,,,,,,,,,,,,,,,,
m0ej,lorenzo-musetti,Lorenzo Musetti,2024,all,227,107,65,71,53,382,58,795,80,64,28,51,461,37,789,22,37,51
m0ej,lorenzo-musetti,Lorenzo Musetti,2024,Hard,121,64,64,70,53,207,56,398,77,63,26,52,227,33,392,19,36,49
m0ej,lorenzo-musetti,Lorenzo Musetti,2024,Clay,30,17,63,71,51,73,52,167,79,63,34,51,106,45,170,28,40,51
m0ej,lorenzo-musetti,Lorenzo Musetti,2024,Grass,76,26,68,72,56,102,67,230,85,67,29,50,128,37,227,21,37,52
m0ej,lorenzo-musetti,Lorenzo Musetti,2024,Carpet,,,,,,,,,,,,,,,,,,
m0ej,lorenzo-musetti,Lorenzo Musetti,2023,all,224,144,62,71,51,335,58,669,79,63,32,51,412,43,675,26,39,51
m0ej,lorenzo-musetti,Lorenzo Musetti,2023,Hard,94,53,59,71,51,134,56,253,77,63,29,50,133,41,255,22,37,50
m0ej,lorenzo-musetti,Lorenzo Musetti,2023,Clay,69,44,64,68,52,159,57,302,77,62,36,53,217,45,307,32,42,52
m0ej,lorenzo-musetti,Lorenzo Musetti,2023,Grass,61,47,61,77,50,42,69,114,89,67,29,50,62,40,113,22,37,52
m0ej,lorenzo-musetti,Lorenzo Musetti,2023,Carpet,,,,,,,,,,,,,,,,,,
bk92,alexander-bublik,Alexander Bublik,all,all,4367,2302,59,77,45,2331,63,4508,81,64,28,46,2111,39,4483,18,35,50
bk92,alexander-bublik,Alexander Bublik,all,Hard,2770,1472,59,77,45,1504,64,2811,81,64,28,46,1279,38,2797,18,34,49
bk92,alexander-bublik,Alexander Bublik,all,Clay,693,452,59,74,46,547,61,939,77,62,29,47,464,39,934,19,35,49
bk92,alexander-bublik,Alexander Bublik,all,Grass,904,378,60,80,49,280,62,758,86,67,28,48,368,40,752,20,36,51
bk92,alexander-bublik,Alexander Bublik,all,Carpet,,,,,,,,,,,,,,,,,,
bk92,alexander-bublik,Alexander Bublik,2026,all,214,71,65,75,52,117,66,268,85,67,26,47,105,39,270,15,34,50
bk92,alexander-bublik,Alexander Bublik,2026,Hard,195,60,64,77,53,92,72,221,88,68,27,46,87,38,224,15,34,51
bk92,alexander-bublik,Alexander Bublik,2026,Clay,19,11,65,66,46,25,44,47,70,59,25,51,18,44,46,17,34,47
bk92,alexander-bublik,Alexander Bublik,2026,Grass,,,,,,,,,,,,,,,,,,
bk92,alexander-bublik,Alexander Bublik,2026,Carpet,,,,,,,,,,,,,,,,,,
bk92,alexander-bublik,Alexander Bublik,2025,all,674,299,62,79,48,333,70,723,86,67,27,48,333,39,707,18,34,51
bk92,alexander-bublik,Alexander Bublik,2025,Hard,373,159,61,80,46,177,71,375,86,67,25,46,157,37,368,16,33,50
bk92,alexander-bublik,Alexander Bublik,2025,Clay,204,112,62,77,49,126,69,262,85,66,29,51,141,40,254,22,37,52
bk92,alexander-bublik,Alexander Bublik,2025,Grass,97,28,64,79,53,30,70,86,90,70,26,49,35,40,85,16,34,52
bk92,alexander-bublik,Alexander Bublik,2025,Carpet,,,,,,,,,,,,,,,,,,
bk92,alexander-bublik,Alexander Bublik,2024,all,559,315,60,76,44,343,62,596,78,63,29,46,289,40,589,20,36,50
bk92,alexander-bublik,Alexander Bublik,2024,Hard,338,203,59,76,43,208,62,367,78,63,30,46,176,41,360,20,36,50
bk92,alexander-bublik,Alexander Bublik,2024,Clay,76,72,59,69,44,97,64,120,71,59,31,44,53,53,119,24,36,48
bk92,alexander-bublik,Alexander Bublik,2024,Grass,145,40,63,83,46,38,61,109,86,69,25,50,60,25,110,14,34,51
bk92,alexander-bublik,Alexander Bublik,2024,Carpet,,,,,,,,,,,,,,,,,,
bk92,alexander-bublik,Alexander Bublik,2023,all,543,364,59,79,46,278,61,597,82,65,25,47,236,41,598,16,34,50
bk92,alexander-bublik,Alexander Bublik,2023,Hard,275,202,59,79,44,161,60,323,80,64,25,47,113,42,326,15,33,49
bk92,alexander-bublik,Alexander Bublik,2023,Clay,88,77,58,74,46,66,56,121,76,62,24,42,42,38,122,13,31,47
bk92,alexander-bublik,Alexander Bublik,2023,Grass,180,85,61,84,51,51,73,153,91,71,27,54,81,40,150,21,37,54
bk92,alexander-bublik,Alexander Bublik,2023,Carpet,,,,,,,,,,,,,,,,,,
c0e9,flavio-cobolli,Flavio Cobolli,all,all,843,521,56,71,52,1165,63,2004,78,62,29,49,1138,39,2017,22,37,50
c0e9,flavio-cobolli,Flavio Cobolli,all,Hard,501,300,55,71,50,681,62,1073,76,62,27,48,541,39,1087,20,35,49
c0e9,flavio-cobolli,Flavio Cobolli,all,Clay,216,169,57,69,53,390,63,681,79,62,34,52,487,39,681,28,41,51
c0e9,flavio-cobolli,Flavio Cobolli,all,Grass,126,52,57,74,56,94,64,250,86,67,26,47,110,36,249,16,33,50
c0e9,flavio-cobolli,Flavio Cobolli,all,Carpet,,,,,,,,,,,,,,,,,,
c0e9,flavio-cobolli,Flavio Cobolli,2026,all,163,80,55,73,53,168,64,312,80,64,28,48,165,37,308,20,36,50
c0e9,flavio-cobolli,Flavio Cobolli,2026,Hard,125,51,54,73,51,110,62,193,78,63,27,44,89,36,192,17,34,48
c0e9,flavio-cobolli,Flavio Cobolli,2026,Clay,38,29,56,72,57,58,67,119,84,65,31,56,76,38,116,25,40,52
c0e9,flavio-cobolli,Flavio Cobolli,2026,Grass,,,,,,,,,,,,,,,,,,
c0e9,flavio-cobolli,Flavio Cobolli,2026,Carpet,,,,,,,,,,,,,,,,,,
c0e9,flavio-cobolli,Flavio Cobolli,2025,all,259,189,56,69,53,407,60,710,77,62,31,49,437,38,720,23,38,50
c0e9,flavio-cobolli,Flavio Cobolli,2025,Hard,149,107,54,70,52,225,61,359,75,62,26,47,180,36,369,17,34,48
c0e9,flavio-cobolli,Flavio Cobolli,2025,Clay,43,57,55,64,55,126,58,213,75,60,39,53,191,40,214,36,44,52
c0e9,flavio-cobolli,Flavio Cobolli,2025,Grass,67,25,61,73,55,56,64,138,86,66,29,47,66,36,137,18,35,51
c0e9,flavio-cobolli,Flavio Cobolli,2025,Carpet,,,,,,,,,,,,,,,,,,
c0e9,flavio-cobolli,Flavio Cobolli,2024,all,362,207,55,73,51,448,65,783,80,63,27,50,417,40,785,21,36,50
c0e9,flavio-cobolli,Flavio Cobolli,2024,Hard,199,129,54,72,49,295,65,441,77,62,27,50,231,42,446,22,36,49
c0e9,flavio-cobolli,Flavio Cobolli,2024,Clay,104,51,58,74,51,115,65,230,83,64,30,52,142,39,227,24,39,51
c0e9,flavio-cobolli,Flavio Cobolli,2024,Grass,59,27,53,76,58,38,63,112,88,67,22,47,44,36,112,14,31,49
c0e9,flavio-cobolli,Flavio Cobolli,2024,Carpet,,,,,,,,,,,,,,,,,,
c0e9,flavio-cobolli,Flavio Cobolli,2023,all,47,31,56,70,49,92,65,134,76,61,32,47,81,41,138,24,38,49
c0e9,flavio-cobolli,Flavio Cobolli,2023,Hard,25,10,55,74,43,35,60,57,75,60,29,48,30,47,56,25,36,48
c0e9,flavio-cobolli,Flavio Cobolli,2023,Clay,22,21,57,68,53,57,68,77,77,62,34,47,51,37,82,23,39,50
c0e9,flavio-cobolli,Flavio Cobolli,2023,Grass,,,,,,,,,,,,,,,,,,
c0e9,flavio-cobolli,Flavio Cobolli,2023,Carpet,,,,,,,,,,,,,,,,,,
l0bv,jiri-lehecka,Jiri Lehecka,all,all,1423,463,63,73,52,1202,64,2501,83,66,28,47,1242,38,2495,19,35,50
l0bv,jiri-lehecka,Jiri Lehecka,all,Hard,1006,329,63,74,52,827,66,1710,83,66,27,47,831,36,1698,18,35,50
l0bv,jiri-lehecka,Jiri Lehecka,all,Clay,217,84,65,69,51,290,59,521,77,63,31,48,285,43,526,23,38,50
l0bv,jiri-lehecka,Jiri Lehecka,all,Grass,200,50,64,78,55,85,64,270,89,70,26,48,126,37,271,17,34,51
l0bv,jiri-lehecka,Jiri Lehecka,all,Carpet,,,,,,,,,,,,,,,,,,
l0bv,jiri-lehecka,Jiri Lehecka,2026,all,168,18,66,73,53,117,71,260,87,66,30,48,139,35,257,19,36,51
l0bv,jiri-lehecka,Jiri Lehecka,2026,Hard,110,13,65,73,52,90,73,176,86,66,31,47,103,34,172,20,36,51
l0bv,jiri-lehecka,Jiri Lehecka,2026,Clay,58,5,68,73,57,27,63,84,88,68,28,51,36,36,85,15,35,51
l0bv,jiri-lehecka,Jiri Lehecka,2026,Grass,,,,,,,,,,,,,,,,,,
l0bv,jiri-lehecka,Jiri Lehecka,2026,Carpet,,,,,,,,,,,,,,,,,,
l0bv,jiri-lehecka,Jiri Lehecka,2025,all,486,139,62,76,53,286,61,745,85,67,28,49,360,42,740,20,35,51
l0bv,jiri-lehecka,Jiri Lehecka,2025,Hard,323,95,62,77,54,173,62,497,87,68,26,49,230,40,489,19,35,51
l0bv,jiri-lehecka,Jiri Lehecka,2025,Clay,57,21,63,67,49,87,62,123,73,61,36,48,75,51,125,30,40,50
l0bv,jiri-lehecka,Jiri Lehecka,2025,Grass,106,23,62,81,57,26,54,125,90,71,24,48,55,38,126,17,33,51
l0bv,jiri-lehecka,Jiri Lehecka,2025,Carpet,,,,,,,,,,,,,,,,,,
l0bv,jiri-lehecka,Jiri Lehecka,2024,all,356,115,61,76,52,251,69,515,85,67,28,46,268,35,519,18,35,51
l0bv,jiri-lehecka,Jiri Lehecka,2024,Hard,331,110,60,75,52,245,68,474,84,66,28,46,247,35,478,18,35,50
l0bv,jiri-lehecka,Jiri Lehecka,2024,Clay,25,5,68,86,54,6,83,41,98,76,30,48,21,33,41,17,36,55
l0bv,jiri-lehecka,Jiri Lehecka,2024,Grass,,,,,,,,,,,,,,,,,,
l0bv,jiri-lehecka,Jiri Lehecka,2024,Carpet,,,,,,,,,,,,,,,,,,
l0bv,jiri-lehecka,Jiri Lehecka,2023,all,265,113,65,72,51,321,63,619,81,65,28,47,303,38,616,19,35,50
l0bv,jiri-lehecka,Jiri Lehecka,2023,Hard,164,70,64,72,52,195,65,373,82,65,26,46,156,38,370,16,34,50
l0bv,jiri-lehecka,Jiri Lehecka,2023,Clay,32,24,65,67,48,83,52,139,71,61,32,48,90,40,140,26,38,49
l0bv,jiri-lehecka,Jiri Lehecka,2023,Grass,69,19,66,77,56,43,74,107,90,70,27,48,57,33,106,18,35,52
l0bv,jiri-lehecka,Jiri Lehecka,2023,Carpet,,,,,,,,,,,,,,,,,,
re44,andrey-rublev,Andrey Rublev,all,all,4157,1527,61,75,51,3425,63,7324,83,66,30,52,4416,39,7327,24,38,52
re44,andrey-rublev,Andrey Rublev,all,Hard,3089,1122,61,76,51,2292,64,4974,83,66,29,52,2944,39,4985,23,38,52
re44,andrey-rublev,Andrey Rublev,all,Clay,741,316,60,73,51,918,63,1777,81,64,33,52,1163,41,1777,27,40,52
re44,andrey-rublev,Andrey Rublev,all,Grass,327,89,61,76,53,215,60,573,85,67,27,52,309,38,565,21,36,51
re44,andrey-rublev,Andrey Rublev,all,Carpet,,,,,,,,,,,,,,,,,,
re44,andrey-rublev,Andrey Rublev,2026,all,150,57,63,75,51,144,67,281,83,66,32,51,184,39,292,25,38,52
re44,andrey-rublev,Andrey Rublev,2026,Hard,129,37,63,78,52,83,69,202,87,68,30,51,117,38,208,22,37,52
re44,andrey-rublev,Andrey Rublev,2026,Clay,21,20,61,66,48,61,66,79,73,59,36,51,67,40,84,32,41,50
re44,andrey-rublev,Andrey Rublev,2026,Grass,,,,,,,,,,,,,,,,,,
re44,andrey-rublev,Andrey Rublev,2026,Carpet,,,,,,,,,,,,,,,,,,
re44,andrey-rublev,Andrey Rublev,2025,all,478,178,60,77,51,341,63,766,83,67,29,49,419,37,760,20,36,51
re44,andrey-rublev,Andrey Rublev,2025,Hard,323,126,60,77,51,212,63,495,84,67,28,48,262,36,497,19,36,51
re44,andrey-rublev,Andrey Rublev,2025,Clay,86,26,59,74,49,90,59,166,78,63,34,51,114,38,161,27,40,52
re44,andrey-rublev,Andrey Rublev,2025,Grass,69,26,61,81,56,39,72,105,90,71,23,50,43,40,102,17,33,52
re44,andrey-rublev,Andrey Rublev,2025,Carpet,,,,,,,,,,,,,,,,,,
re44,andrey-rublev,Andrey Rublev,2024,all,578,182,62,77,54,385,69,904,87,68,28,52,518,36,901,20,37,52
re44,andrey-rublev,Andrey Rublev,2024,Hard,454,116,62,77,54,267,70,651,88,68,27,52,367,35,648,20,37,52
re44,andrey-rublev,Andrey Rublev,2024,Clay,109,59,60,76,53,107,69,221,85,67,31,51,139,37,221,24,39,52
re44,andrey-rublev,Andrey Rublev,2024,Grass,15,7,60,74,46,11,45,32,81,63,25,46,12,25,32,9,33,48
re44,andrey-rublev,Andrey Rublev,2024,Carpet,,,,,,,,,,,,,,,,,,
re44,andrey-rublev,Andrey Rublev,2023,all,616,156,61,75,51,439,63,1038,84,66,30,52,639,39,1029,24,38,52
re44,andrey-rublev,Andrey Rublev,2023,Hard,364,89,63,76,50,239,62,572,84,66,29,51,317,39,565,22,37,51
re44,andrey-rublev,Andrey Rublev,2023,Clay,139,48,59,74,53,141,66,299,84,65,34,56,232,39,300,30,42,53
re44,andrey-rublev,Andrey Rublev,2023,Grass,113,19,62,78,51,59,63,167,87,68,27,51,90,41,164,23,36,52
re44,andrey-rublev,Andrey Rublev,2023,Carpet,,,,,,,,,,,,,,,,,,
ke29,karen-khachanov,Karen Khachanov,all,all,4176,1349,63,74,52,3355,63,7041,83,66,28,50,3737,40,7049,21,37,51
ke29,karen-khachanov,Karen Khachanov,all,Hard,2944,880,63,75,52,2036,64,4501,84,66,28,51,2359,40,4513,21,37,51
ke29,karen-khachanov,Karen Khachanov,all,Clay,729,321,61,70,52,958,61,1755,79,63,32,50,1014,41,1754,24,38,51
ke29,karen-khachanov,Karen Khachanov,all,Grass,503,148,65,74,53,361,66,785,84,67,25,50,364,40,782,18,34,51
ke29,karen-khachanov,Karen Khachanov,all,Carpet,,,,,,,,,,,,,,,,,,
ke29,karen-khachanov,Karen Khachanov,2026,all,153,33,66,76,54,95,68,243,88,68,25,46,100,39,243,16,33,51
ke29,karen-khachanov,Karen Khachanov,2026,Hard,137,27,65,76,54,78,69,205,88,69,25,47,89,39,203,17,33,51
ke29,karen-khachanov,Karen Khachanov,2026,Clay,16,6,68,72,53,17,65,38,84,66,25,45,11,36,40,10,32,48
ke29,karen-khachanov,Karen Khachanov,2026,Grass,,,,,,,,,,,,,,,,,,
ke29,karen-khachanov,Karen Khachanov,2026,Carpet,,,,,,,,,,,,,,,,,,
ke29,karen-khachanov,Karen Khachanov,2025,all,391,135,63,74,52,366,62,785,82,66,28,53,450,40,785,23,37,51
ke29,karen-khachanov,Karen Khachanov,2025,Hard,228,78,62,76,51,173,64,396,84,67,28,51,222,36,400,20,37,51
ke29,karen-khachanov,Karen Khachanov,2025,Clay,67,33,64,69,51,122,57,213,76,62,31,56,138,44,213,29,41,51
ke29,karen-khachanov,Karen Khachanov,2025,Grass,96,24,63,74,57,71,63,176,85,68,26,51,90,40,172,21,35,52
ke29,karen-khachanov,Karen Khachanov,2025,Carpet,,,,,,,,,,,,,,,,,,
ke29,karen-khachanov,Karen Khachanov,2024,all,418,97,64,74,52,322,62,718,83,66,28,52,392,40,719,22,37,51
ke29,karen-khachanov,Karen Khachanov,2024,Hard,310,63,64,74,53,223,61,492,82,67,27,53,279,39,494,22,37,51
ke29,karen-khachanov,Karen Khachanov,2024,Clay,71,19,64,72,51,72,61,156,82,65,34,49,88,44,155,25,39,52
ke29,karen-khachanov,Karen Khachanov,2024,Grass,37,15,66,79,51,27,74,70,90,70,19,48,25,28,70,10,30,50
ke29,karen-khachanov,Karen Khachanov,2024,Carpet,,,,,,,,,,,,,,,,,,
ke29,karen-khachanov,Karen Khachanov,2023,all,362,99,64,74,53,275,63,643,84,66,30,51,367,41,639,23,38,52
ke29,karen-khachanov,Karen Khachanov,2023,Hard,268,71,64,76,51,193,64,436,84,67,29,52,237,44,436,24,38,52
ke29,karen-khachanov,Karen Khachanov,2023,Clay,94,28,62,70,58,82,59,207,84,66,32,49,130,35,203,22,39,52
ke29,karen-khachanov,Karen Khachanov,2023,Grass,,,,,,,,,,,,,,,,,,
ke29,karen-khachanov,Karen Khachanov,2023,Carpet,,,,,,,,,,,,,,,,,,
va25,valentin-vacherot,Valentin Vacherot,all,all,316,107,65,74,52,235,65,492,83,66,29,48,268,36,490,20,35,51
va25,valentin-vacherot,Valentin Vacherot,all,Hard,269,76,66,77,53,125,70,331,89,69,26,48,156,39,330,18,33,51
va25,valentin-vacherot,Valentin Vacherot,all,Clay,47,31,65,68,48,110,60,161,73,61,33,47,112,31,160,22,38,49
va25,valentin-vacherot,Valentin Vacherot,all,Grass,,,,,,,,,,,,,,,,,,
va25,valentin-vacherot,Valentin Vacherot,all,Carpet,,,,,,,,,,,,,,,,,,
va25,valentin-vacherot,Valentin Vacherot,2026,all,211,59,66,77,51,120,69,270,86,68,28,48,140,36,269,19,35,51
va25,valentin-vacherot,Valentin Vacherot,2026,Hard,182,44,67,79,52,65,68,188,89,70,26,46,75,40,188,16,32,51
va25,valentin-vacherot,Valentin Vacherot,2026,Clay,29,15,62,73,49,55,71,82,80,63,32,51,65,31,81,25,40,52
va25,valentin-vacherot,Valentin Vacherot,2026,Grass,,,,,,,,,,,,,,,,,,
va25,valentin-vacherot,Valentin Vacherot,2026,Carpet,,,,,,,,,,,,,,,,,,
va25,valentin-vacherot,Valentin Vacherot,2025,all,93,37,64,73,53,78,63,171,83,66,29,51,108,37,170,24,36,51
va25,valentin-vacherot,Valentin Vacherot,2025,Hard,87,32,64,75,55,60,72,143,88,68,27,51,81,38,142,22,35,52
va25,valentin-vacherot,Valentin Vacherot,2025,Clay,6,5,67,61,40,18,33,28,57,54,36,53,27,33,28,32,43,48
va25,valentin-vacherot,Valentin Vacherot,2025,Grass,,,,,,,,,,,,,,,,,,
va25,valentin-vacherot,Valentin Vacherot,2025,Carpet,,,,,,,,,,,,,,,,,,
va25,valentin-vacherot,Valentin Vacherot,2024,all,8,10,67,65,52,23,48,39,69,60,32,34,16,25,39,10,32,45
va25,valentin-vacherot,Valentin Vacherot,2024,Hard,,,,,,,,,,,,,,,,,,
va25,valentin-vacherot,Valentin Vacherot,2024,Clay,8,10,67,65,52,23,48,39,69,60,32,34,16,25,39,10,32,45
va25,valentin-vacherot,Valentin Vacherot,2024,Grass,,,,,,,,,,,,,,,,,,
va25,valentin-vacherot,Valentin Vacherot,2024,Carpet,,,,,,,,,,,,,,,,,,
va25,valentin-vacherot,Valentin Vacherot,2023,all,4,1,74,60,45,14,71,12,67,56,34,39,4,50,12,17,36,47
va25,valentin-vacherot,Valentin Vacherot,2023,Hard,,,,,,,,,,,,,,,,,,
va25,valentin-vacherot,Valentin Vacherot,2023,Clay,4,1,74,60,45,14,71,12,67,56,34,39,4,50,12,17,36,47
va25,valentin-vacherot,Valentin Vacherot,2023,Grass,,,,,,,,,,,,,,,,,,
va25,valentin-vacherot,Valentin Vacherot,2023,Carpet,,,,,,,,,,,,,,,,,,
f0f1,arthur-fils,Arthur Fils,all,all,924,489,62,74,51,924,63,1945,82,65,29,49,1015,39,1920,21,36,51
f0f1,arthur-fils,Arthur Fils,all,Hard,651,285,62,76,52,508,64,1162,84,67,26,50,562,38,1143,19,35,51
f0f1,arthur-fils,Arthur Fils,all,Clay,194,151,61,71,51,337,62,623,80,63,34,49,377,42,617,26,40,51
f0f1,arthur-fils,Arthur Fils,all,Grass,79,53,61,75,50,79,63,160,82,65,27,44,76,33,160,16,33,49
f0f1,arthur-fils,Arthur Fils,all,Carpet,,,,,,,,,,,,,,,,,,
f0f1,arthur-fils,Arthur Fils,2026,all,124,58,64,74,58,125,67,310,87,68,28,49,166,39,302,21,35,52
f0f1,arthur-fils,Arthur Fils,2026,Hard,100,37,64,73,59,79,65,195,86,68,26,49,95,40,190,20,34,51
f0f1,arthur-fils,Arthur Fils,2026,Clay,24,21,63,76,56,46,72,115,89,69,31,50,71,37,112,23,37,53
f0f1,arthur-fils,Arthur Fils,2026,Grass,,,,,,,,,,,,,,,,,,
f0f1,arthur-fils,Arthur Fils,2026,Carpet,,,,,,,,,,,,,,,,,,
f0f1,arthur-fils,Arthur Fils,2025,all,154,90,62,72,53,190,59,406,81,65,30,52,228,40,397,23,39,52
f0f1,arthur-fils,Arthur Fils,2025,Hard,112,52,62,73,53,111,58,242,81,65,29,51,119,43,236,22,38,51
f0f1,arthur-fils,Arthur Fils,2025,Clay,42,38,62,70,54,79,62,164,82,64,33,54,109,38,161,25,40,52
f0f1,arthur-fils,Arthur Fils,2025,Grass,,,,,,,,,,,,,,,,,,
f0f1,arthur-fils,Arthur Fils,2025,Carpet,,,,,,,,,,,,,,,,,,
f0f1,arthur-fils,Arthur Fils,2024,all,364,198,61,75,50,348,63,718,82,65,30,48,366,40,714,21,37,51
f0f1,arthur-fils,Arthur Fils,2024,Hard,223,98,61,78,50,147,64,372,86,67,27,50,191,36,367,19,36,51
f0f1,arthur-fils,Arthur Fils,2024,Clay,78,57,61,69,48,132,60,210,75,61,36,46,110,51,212,26,40,51
f0f1,arthur-fils,Arthur Fils,2024,Grass,63,43,61,75,50,69,68,136,84,66,27,46,65,35,135,17,34,50
f0f1,arthur-fils,Arthur Fils,2024,Carpet,,,,,,,,,,,,,,,,,,
f0f1,arthur-fils,Arthur Fils,2023,all,245,126,61,74,50,224,63,461,82,65,28,49,234,38,456,20,35,50
f0f1,arthur-fils,Arthur Fils,2023,Hard,179,81,63,76,50,134,66,303,85,66,24,51,136,38,299,17,34,50
f0f1,arthur-fils,Arthur Fils,2023,Clay,50,35,59,70,50,80,61,134,77,62,36,48,87,40,132,27,40,51
f0f1,arthur-fils,Arthur Fils,2023,Grass,16,10,58,70,45,10,30,24,71,60,27,36,11,18,25,8,30,44
f0f1,arthur-fils,Arthur Fils,2023,Carpet,,,,,,,,,,,,,,,,,,
pl56,tommy-paul,Tommy Paul,all,all,1882,778,61,71,53,2314,62,4535,81,64,31,51,2764,40,4512,25,38,51
pl56,tommy-paul,Tommy Paul,all,Hard,1391,544,61,72,53,1510,61,3113,81,65,31,52,1962,39,3104,25,39,51
pl56,tommy-paul,Tommy Paul,all,Clay,268,152,62,68,52,564,62,914,76,62,31,49,530,43,910,25,38,50
pl56,tommy-paul,Tommy Paul,all,Grass,223,82,62,74,54,240,67,508,84,66,30,49,272,42,498,23,37,52
pl56,tommy-paul,Tommy Paul,all,Carpet,,,,,,,,,,,,,,,,,,
pl56,tommy-paul,Tommy Paul,2026,all,180,37,63,76,56,111,62,326,87,69,30,50,182,40,324,22,37,53
pl56,tommy-paul,Tommy Paul,2026,Hard,153,26,62,78,58,76,62,260,89,71,29,51,144,39,259,22,37,53
pl56,tommy-paul,Tommy Paul,2026,Clay,27,11,65,71,48,35,63,66,80,63,36,45,38,42,65,25,39,51
pl56,tommy-paul,Tommy Paul,2026,Grass,,,,,,,,,,,,,,,,,,
pl56,tommy-paul,Tommy Paul,2026,Carpet,,,,,,,,,,,,,,,,,,
pl56,tommy-paul,Tommy Paul,2025,all,251,104,60,72,53,292,63,594,82,65,32,53,373,45,598,28,40,52
pl56,tommy-paul,Tommy Paul,2025,Hard,167,62,59,74,54,133,61,324,84,66,32,56,223,43,330,29,41,53
pl56,tommy-paul,Tommy Paul,2025,Clay,64,33,62,70,51,139,65,222,78,63,32,51,125,49,219,28,39,51
pl56,tommy-paul,Tommy Paul,2025,Grass,20,9,56,76,54,20,60,48,83,66,27,49,25,44,49,22,37,51
pl56,tommy-paul,Tommy Paul,2025,Carpet,,,,,,,,,,,,,,,,,,
pl56,tommy-paul,Tommy Paul,2024,all,341,106,61,72,55,404,66,753,82,65,34,52,495,43,739,29,41,53
pl56,tommy-paul,Tommy Paul,2024,Hard,221,69,60,72,54,236,66,452,82,65,33,52,305,41,447,28,40,52
pl56,tommy-paul,Tommy Paul,2024,Clay,34,16,61,66,57,86,66,128,77,63,37,56,96,47,125,36,45,54
pl56,tommy-paul,Tommy Paul,2024,Grass,86,21,63,75,56,82,68,173,85,68,33,49,94,45,167,25,39,53
pl56,tommy-paul,Tommy Paul,2024,Carpet,,,,,,,,,,,,,,,,,,
pl56,tommy-paul,Tommy Paul,2023,all,411,143,62,72,53,395,62,816,81,65,30,51,527,37,812,24,38,51
pl56,tommy-paul,Tommy Paul,2023,Hard,313,97,62,73,53,284,62,599,82,65,31,52,398,38,594,25,39,52
pl56,tommy-paul,Tommy Paul,2023,Clay,30,19,64,65,53,59,59,93,74,61,32,46,61,33,94,21,37,49
pl56,tommy-paul,Tommy Paul,2023,Grass,68,27,62,75,54,52,63,124,85,67,27,51,68,40,124,22,36,51
pl56,tommy-paul,Tommy Paul,2023,Carpet,,,,,,,,,,,,,,,,,,
n771,cameron-norrie,Cameron Norrie,all,all,2100,1148,65,70,51,2952,63,5412,80,64,30,51,3080,41,5397,24,38,51
n771,cameron-norrie,Cameron Norrie,all,Hard,1394,712,65,71,51,1745,63,3273,81,64,29,51,1828,41,3257,23,37,51
n771,cameron-norrie,Cameron Norrie,all,Clay,413,284,64,69,50,874,62,1450,77,62,32,51,914,42,1446,26,39,51
n771,cameron-norrie,Cameron Norrie,all,Grass,293,152,66,72,52,333,66,689,83,65,26,49,338,40,694,19,35,50
n771,cameron-norrie,Cameron Norrie,all,Carpet,,,,,,,,,,,,,,,,,,
n771,cameron-norrie,Cameron Norrie,2026,all,127,58,63,70,53,173,67,309,82,64,29,47,153,41,308,20,36,50
n771,cameron-norrie,Cameron Norrie,2026,Hard,97,34,64,71,55,107,68,203,83,65,29,46,96,40,202,19,36,51
n771,cameron-norrie,Cameron Norrie,2026,Clay,30,24,63,68,51,66,65,106,78,62,30,48,57,42,106,23,38,50
n771,cameron-norrie,Cameron Norrie,2026,Grass,,,,,,,,,,,,,,,,,,
n771,cameron-norrie,Cameron Norrie,2026,Carpet,,,,,,,,,,,,,,,,,,
n771,cameron-norrie,Cameron Norrie,2025,all,303,140,66,70,52,447,66,792,81,64,26,52,416,38,790,20,36,50
n771,cameron-norrie,Cameron Norrie,2025,Hard,207,81,66,71,53,258,66,484,82,65,25,52,241,36,481,18,35,50
n771,cameron-norrie,Cameron Norrie,2025,Clay,40,35,65,67,50,131,65,188,76,61,32,52,115,45,191,27,40,50
n771,cameron-norrie,Cameron Norrie,2025,Grass,56,24,69,71,53,58,67,120,84,66,25,53,60,33,118,17,35,50
n771,cameron-norrie,Cameron Norrie,2025,Carpet,,,,,,,,,,,,,,,,,,
n771,cameron-norrie,Cameron Norrie,2024,all,209,90,64,73,52,262,65,518,82,65,29,50,284,40,515,22,36,51
n771,cameron-norrie,Cameron Norrie,2024,Hard,124,38,65,72,55,116,66,262,85,66,29,49,152,36,257,21,36,51
n771,cameron-norrie,Cameron Norrie,2024,Clay,46,38,61,71,46,122,65,181,76,61,32,51,106,44,180,26,39,50
n771,cameron-norrie,Cameron Norrie,2024,Grass,39,14,70,76,55,24,58,75,87,70,23,49,26,42,78,14,31,50
n771,cameron-norrie,Cameron Norrie,2024,Carpet,,,,,,,,,,,,,,,,,,
n771,cameron-norrie,Cameron Norrie,2023,all,272,127,65,70,53,401,64,728,80,64,31,51,454,40,718,25,39,51
n771,cameron-norrie,Cameron Norrie,2023,Hard,156,67,65,71,53,202,64,371,80,64,30,49,209,43,368,24,38,51
n771,cameron-norrie,Cameron Norrie,2023,Clay,84,45,64,69,55,156,62,284,79,64,31,54,206,37,278,27,40,52
n771,cameron-norrie,Cameron Norrie,2023,Grass,32,15,64,74,47,43,72,73,84,64,33,47,39,41,72,22,38,51
n771,cameron-norrie,Cameron Norrie,2023,Carpet,,,,,,,,,,,,,,,,,,
d0fj,luciano-darderi,Luciano Darderi,all,all,775,356,59,72,51,850,60,1572,78,63,29,50,879,38,1561,22,37,50
d0fj,luciano-darderi,Luciano Darderi,all,Hard,329,145,59,71,47,303,55,525,74,61,24,48,220,37,524,15,33,48
d0fj,luciano-darderi,Luciano Darderi,all,Clay,349,166,58,71,53,440,60,855,80,64,32,51,542,42,846,27,40,52
d0fj,luciano-darderi,Luciano Darderi,all,Grass,97,45,62,73,51,107,69,192,83,65,28,45,117,27,191,17,34,50
d0fj,luciano-darderi,Luciano Darderi,all,Carpet,,,,,,,,,,,,,,,,,,
d0fj,luciano-darderi,Luciano Darderi,2026,all,157,61,57,74,50,157,56,304,77,63,31,50,186,41,303,25,38,51
d0fj,luciano-darderi,Luciano Darderi,2026,Hard,89,20,59,73,50,61,52,128,77,64,28,48,64,38,127,19,35,49
d0fj,luciano-darderi,Luciano Darderi,2026,Clay,68,41,55,74,50,96,58,176,77,63,34,52,122,43,176,30,41,52
d0fj,luciano-darderi,Luciano Darderi,2026,Grass,,,,,,,,,,,,,,,,,,
d0fj,luciano-darderi,Luciano Darderi,2026,Carpet,,,,,,,,,,,,,,,,,,
d0fj,luciano-darderi,Luciano Darderi,2025,all,327,164,60,71,52,336,59,649,79,64,29,48,363,37,648,21,36,50
d0fj,luciano-darderi,Luciano Darderi,2025,Hard,147,77,60,71,46,137,54,230,73,61,25,49,93,43,229,17,33,48
d0fj,luciano-darderi,Luciano Darderi,2025,Clay,138,69,59,72,55,149,61,318,82,65,31,50,202,38,320,24,38,51
d0fj,luciano-darderi,Luciano Darderi,2025,Grass,42,18,65,71,55,50,68,101,84,66,31,44,68,25,99,17,36,50
d0fj,luciano-darderi,Luciano Darderi,2025,Carpet,,,,,,,,,,,,,,,,,,
d0fj,luciano-darderi,Luciano Darderi,2024,all,279,122,58,71,51,338,62,590,78,62,28,51,320,39,583,21,37,50
d0fj,luciano-darderi,Luciano Darderi,2024,Hard,86,42,58,69,47,96,57,158,74,60,22,46,62,27,159,11,31,46
d0fj,luciano-darderi,Luciano Darderi,2024,Clay,138,53,59,70,54,185,61,341,79,63,32,54,209,44,332,28,40,52
d0fj,luciano-darderi,Luciano Darderi,2024,Grass,55,27,59,75,48,57,70,91,81,64,25,47,49,31,92,16,32,49
d0fj,luciano-darderi,Luciano Darderi,2024,Carpet,,,,,,,,,,,,,,,,,,
d0fj,luciano-darderi,Luciano Darderi,2023,all,12,9,48,76,46,19,63,29,76,61,25,43,10,30,27,11,31,47
d0fj,luciano-darderi,Luciano Darderi,2023,Hard,7,6,49,74,38,9,67,9,67,56,15,50,1,0,9,0,19,40
d0fj,luciano-darderi,Luciano Darderi,2023,Clay,5,3,48,77,51,10,60,20,80,63,32,42,9,33,18,17,36,50
d0fj,luciano-darderi,Luciano Darderi,2023,Grass,,,,,,,,,,,,,,,,,,
d0fj,luciano-darderi,Luciano Darderi,2023,Carpet,,,,,,,,,,,,,,,,,,
t0ha,learner-tien,Learner Tien,all,all,444,353,62,70,51,683,62,1151,78,63,28,52,627,40,1141,22,37,50
t0ha,learner-tien,Learner Tien,all,Hard,378,286,62,70,52,556,62,955,78,63,29,53,532,42,948,24,38,50
t0ha,learner-tien,Learner Tien,all,Clay,23,34,59,66,52,77,60,115,73,60,24,47,66,24,113,14,33,47
t0ha,learner-tien,Learner Tien,all,Grass,43,33,60,73,50,50,70,81,81,64,23,49,29,38,80,14,32,49
t0ha,learner-tien,Learner Tien,all,Carpet,,,,,,,,,,,,,,,,,,
t0ha,learner-tien,Learner Tien,2026,all,165,92,61,73,51,125,59,263,81,64,30,50,132,39,266,20,37,50
t0ha,learner-tien,Learner Tien,2026,Hard,158,82,61,74,50,107,60,229,81,65,30,50,106,44,234,20,37,51
t0ha,learner-tien,Learner Tien,2026,Clay,7,10,61,66,54,18,56,34,76,62,30,46,26,19,32,16,37,49
t0ha,learner-tien,Learner Tien,2026,Grass,,,,,,,,,,,,,,,,,,
t0ha,learner-tien,Learner Tien,2026,Carpet,,,,,,,,,,,,,,,,,,
t0ha,learner-tien,Learner Tien,2025,all,218,227,61,69,51,415,63,677,77,62,28,53,380,40,668,23,37,50
t0ha,learner-tien,Learner Tien,2025,Hard,159,170,62,68,52,306,62,515,77,62,29,55,311,42,507,26,39,51
t0ha,learner-tien,Learner Tien,2025,Clay,16,24,58,67,51,59,61,81,72,60,22,48,40,28,81,14,32,46
t0ha,learner-tien,Learner Tien,2025,Grass,43,33,60,73,50,50,70,81,81,64,23,49,29,38,80,14,32,49
t0ha,learner-tien,Learner Tien,2025,Carpet,,,,,,,,,,,,,,,,,,
t0ha,learner-tien,Learner Tien,2024,all,14,9,67,61,57,48,63,65,72,60,31,55,47,36,64,27,40,49
t0ha,learner-tien,Learner Tien,2024,Hard,14,9,67,61,57,48,63,65,72,60,31,55,47,36,64,27,40,49
t0ha,learner-tien,Learner Tien,2024,Clay,,,,,,,,,,,,,,,,,,
t0ha,learner-tien,Learner Tien,2024,Grass,,,,,,,,,,,,,,,,,,
t0ha,learner-tien,Learner Tien,2024,Carpet,,,,,,,,,,,,,,,,,,
t0ha,learner-tien,Learner Tien,2023,all,4,6,61,54,38,25,68,14,43,47,21,52,4,50,13,15,34,42
t0ha,learner-tien,Learner Tien,2023,Hard,4,6,61,54,38,25,68,14,43,47,21,52,4,50,13,15,34,42
t0ha,learner-tien,Learner Tien,2023,Clay,,,,,,,,,,,,,,,,,,
t0ha,learner-tien,Learner Tien,2023,Grass,,,,,,,,,,,,,,,,,,
t0ha,learner-tien,Learner Tien,2023,Carpet,,,,,,,,,,,,,,,,,,
td51,frances-tiafoe,Frances Tiafoe,all,all,3479,1136,60,73,52,3015,62,6123,81,65,27,50,3170,38,6159,20,36,50
td51,frances-tiafoe,Frances Tiafoe,all,Hard,2511,815,60,73,52,2119,63,4230,82,65,26,50,2189,38,4252,20,35,50
td51,frances-tiafoe,Frances Tiafoe,all,Clay,556,180,59,71,53,616,58,1228,79,63,29,50,694,37,1235,21,37,50
td51,frances-tiafoe,Frances Tiafoe,all,Grass,412,141,61,75,53,280,64,665,85,67,25,50,287,39,672,17,34,50
td51,frances-tiafoe,Frances Tiafoe,all,Carpet,,,,,,,,,,,,,,,,,,
td51,frances-tiafoe,Frances Tiafoe,2026,all,164,34,61,74,53,143,65,307,84,66,27,51,149,44,315,21,35,51
td51,frances-tiafoe,Frances Tiafoe,2026,Hard,145,29,62,74,53,124,65,262,83,66,27,52,134,43,268,22,36,51
td51,frances-tiafoe,Frances Tiafoe,2026,Clay,19,5,59,74,56,19,68,45,87,66,29,43,15,53,47,17,34,51
td51,frances-tiafoe,Frances Tiafoe,2026,Grass,,,,,,,,,,,,,,,,,,
td51,frances-tiafoe,Frances Tiafoe,2026,Carpet,,,,,,,,,,,,,,,,,,
td51,frances-tiafoe,Frances Tiafoe,2025,all,384,129,56,74,52,326,61,625,80,64,28,50,360,38,626,22,37,51
td51,frances-tiafoe,Frances Tiafoe,2025,Hard,255,87,56,75,50,205,65,358,80,64,27,48,193,38,360,21,35,50
td51,frances-tiafoe,Frances Tiafoe,2025,Clay,94,31,58,73,55,100,55,223,80,65,30,54,143,38,222,24,40,52
td51,frances-tiafoe,Frances Tiafoe,2025,Grass,35,11,52,74,48,21,52,44,77,62,25,48,24,38,44,20,34,48
td51,frances-tiafoe,Frances Tiafoe,2025,Carpet,,,,,,,,,,,,,,,,,,
td51,frances-tiafoe,Frances Tiafoe,2024,all,482,144,58,75,53,348,64,778,84,66,27,49,401,35,780,18,35,51
td51,frances-tiafoe,Frances Tiafoe,2024,Hard,355,100,58,75,53,248,63,532,83,66,27,50,278,37,534,19,36,51
td51,frances-tiafoe,Frances Tiafoe,2024,Clay,69,20,56,74,56,57,65,144,86,66,24,50,80,25,144,14,34,50
td51,frances-tiafoe,Frances Tiafoe,2024,Grass,58,24,61,77,49,43,70,102,87,66,29,45,43,44,102,19,34,51
td51,frances-tiafoe,Frances Tiafoe,2024,Carpet,,,,,,,,,,,,,,,,,,
td51,frances-tiafoe,Frances Tiafoe,2023,all,459,125,60,77,53,275,66,688,86,67,27,51,399,38,699,22,37,52
td51,frances-tiafoe,Frances Tiafoe,2023,Hard,284,73,61,77,54,164,68,413,87,68,27,50,254,37,423,22,36,52
td51,frances-tiafoe,Frances Tiafoe,2023,Clay,87,23,59,75,51,71,63,158,84,65,31,52,102,37,159,24,39,51
td51,frances-tiafoe,Frances Tiafoe,2023,Grass,88,29,59,78,55,40,63,117,87,69,22,54,43,47,117,17,35,51
td51,frances-tiafoe,Frances Tiafoe,2023,Carpet,,,,,,,,,,,,,,,,,,
dh50,alejandro-davidovich-fokina,Alejandro Davidovich Fokina,all,all,1022,769,67,67,51,2368,60,3929,76,62,31,52,2411,42,3942,26,39,50
dh50,alejandro-davidovich-fokina,Alejandro Davidovich Fokina,all,Hard,732,453,66,68,52,1390,60,2384,77,62,29,52,1385,42,2394,24,38,50
dh50,alejandro-davidovich-fokina,Alejandro Davidovich Fokina,all,Clay,179,240,69,65,50,789,59,1202,73,60,35,51,841,42,1204,29,41,50
dh50,alejandro-davidovich-fokina,Alejandro Davidovich Fokina,all,Grass,111,76,66,69,56,189,64,343,80,64,27,52,185,41,344,22,36,51
dh50,alejandro-davidovich-fokina,Alejandro Davidovich Fokina,all,Carpet,,,,,,,,,,,,,,,,,,
dh50,alejandro-davidovich-fokina,Alejandro Davidovich Fokina,2026,all,83,28,70,71,54,89,63,212,84,66,26,52,94,45,216,19,36,51
dh50,alejandro-davidovich-fokina,Alejandro Davidovich Fokina,2026,Hard,81,25,71,72,55,80,66,195,86,67,25,53,86,43,199,19,35,51
dh50,alejandro-davidovich-fokina,Alejandro Davidovich Fokina,2026,Clay,2,3,67,62,47,9,33,17,65,57,36,41,8,63,17,29,37,47
dh50,alejandro-davidovich-fokina,Alejandro Davidovich Fokina,2026,Grass,,,,,,,,,,,,,,,,,,
dh50,alejandro-davidovich-fokina,Alejandro Davidovich Fokina,2026,Carpet,,,,,,,,,,,,,,,,,,
dh50,alejandro-davidovich-fokina,Alejandro Davidovich Fokina,2025,all,246,152,66,68,52,511,66,841,79,63,31,53,519,43,842,27,39,51
dh50,alejandro-davidovich-fokina,Alejandro Davidovich Fokina,2025,Hard,183,107,66,69,52,321,64,560,79,63,29,52,322,45,566,25,38,51
dh50,alejandro-davidovich-fokina,Alejandro Davidovich Fokina,2025,Clay,30,24,68,65,51,140,68,178,75,61,36,54,136,44,175,34,43,52
dh50,alejandro-davidovich-fokina,Alejandro Davidovich Fokina,2025,Grass,33,21,67,71,58,50,68,103,84,67,30,53,61,34,101,21,38,52
dh50,alejandro-davidovich-fokina,Alejandro Davidovich Fokina,2025,Carpet,,,,,,,,,,,,,,,,,,
dh50,alejandro-davidovich-fokina,Alejandro Davidovich Fokina,2024,all,192,95,67,68,52,264,62,473,79,63,29,50,269,39,468,23,37,50
dh50,alejandro-davidovich-fokina,Alejandro Davidovich Fokina,2024,Hard,156,75,66,69,52,197,63,362,80,63,28,50,202,40,358,23,37,50
dh50,alejandro-davidovich-fokina,Alejandro Davidovich Fokina,2024,Clay,22,16,71,63,54,61,57,97,73,60,34,49,63,38,96,25,39,49
dh50,alejandro-davidovich-fokina,Alejandro Davidovich Fokina,2024,Grass,14,4,67,74,44,6,67,14,86,64,16,58,4,25,14,7,28,48
dh50,alejandro-davidovich-fokina,Alejandro Davidovich Fokina,2024,Carpet,,,,,,,,,,,,,,,,,,
dh50,alejandro-davidovich-fokina,Alejandro Davidovich Fokina,2023,all,175,102,66,67,53,411,62,684,77,62,31,53,404,45,684,26,39,51
dh50,alejandro-davidovich-fokina,Alejandro Davidovich Fokina,2023,Hard,119,64,63,67,53,229,59,392,76,62,31,52,225,48,391,27,40,51
dh50,alejandro-davidovich-fokina,Alejandro Davidovich Fokina,2023,Clay,34,28,69,66,50,133,65,213,78,61,32,53,129,42,213,25,40,51
dh50,alejandro-davidovich-fokina,Alejandro Davidovich Fokina,2023,Grass,22,10,68,67,62,49,73,79,84,66,27,53,50,38,80,24,37,52
dh50,alejandro-davidovich-fokina,Alejandro Davidovich Fokina,2023,Carpet,,,,,,,,,,,,,,,,,,
rc91,arthur-rinderknech,Arthur Rinderknech,all,all,2163,582,64,75,49,1302,65,2786,84,66,26,45,1229,35,2809,15,33,49
rc91,arthur-rinderknech,Arthur Rinderknech,all,Hard,1319,305,64,75,49,802,67,1634,84,66,24,45,676,36,1645,15,32,49
rc91,arthur-rinderknech,Arthur Rinderknech,all,Clay,469,159,61,75,49,327,61,717,82,65,28,45,385,33,726,18,35,50
rc91,arthur-rinderknech,Arthur Rinderknech,all,Grass,375,118,65,77,49,173,64,435,86,67,25,42,168,33,438,13,31,49
rc91,arthur-rinderknech,Arthur Rinderknech,all,Carpet,,,,,,,,,,,,,,,,,,
rc91,arthur-rinderknech,Arthur Rinderknech,2026,all,155,34,65,75,51,89,69,202,86,66,25,44,93,27,206,12,32,49
rc91,arthur-rinderknech,Arthur Rinderknech,2026,Hard,117,22,64,75,50,65,68,141,85,66,21,42,39,33,145,9,29,48
rc91,arthur-rinderknech,Arthur Rinderknech,2026,Clay,38,12,67,75,54,24,71,61,89,68,32,50,54,22,61,20,38,53
rc91,arthur-rinderknech,Arthur Rinderknech,2026,Grass,,,,,,,,,,,,,,,,,,
rc91,arthur-rinderknech,Arthur Rinderknech,2026,Carpet,,,,,,,,,,,,,,,,,,
rc91,arthur-rinderknech,Arthur Rinderknech,2025,all,540,179,63,75,50,325,67,697,85,66,25,44,281,33,705,13,32,49
rc91,arthur-rinderknech,Arthur Rinderknech,2025,Hard,323,108,63,74,49,229,72,406,84,65,24,44,149,39,407,14,32,49
rc91,arthur-rinderknech,Arthur Rinderknech,2025,Clay,93,30,62,76,46,46,39,140,80,65,27,42,74,27,144,14,32,48
rc91,arthur-rinderknech,Arthur Rinderknech,2025,Grass,124,41,64,78,54,50,70,151,90,69,25,44,58,28,154,10,31,50
rc91,arthur-rinderknech,Arthur Rinderknech,2025,Carpet,,,,,,,,,,,,,,,,,,
rc91,arthur-rinderknech,Arthur Rinderknech,2024,all,428,107,63,76,49,245,64,515,83,66,26,44,252,32,519,15,33,50
rc91,arthur-rinderknech,Arthur Rinderknech,2024,Hard,246,51,63,75,50,145,65,284,82,66,24,47,143,31,288,16,33,49
rc91,arthur-rinderknech,Arthur Rinderknech,2024,Clay,74,22,60,77,51,53,62,127,84,67,26,44,67,27,129,14,34,50
rc91,arthur-rinderknech,Arthur Rinderknech,2024,Grass,108,34,63,79,46,47,64,104,84,67,31,37,42,40,102,17,33,50
rc91,arthur-rinderknech,Arthur Rinderknech,2024,Carpet,,,,,,,,,,,,,,,,,,
rc91,arthur-rinderknech,Arthur Rinderknech,2023,all,303,104,62,76,48,189,63,408,83,66,26,45,175,38,411,16,33,50
rc91,arthur-rinderknech,Arthur Rinderknech,2023,Hard,144,50,63,75,47,93,60,199,81,64,25,44,78,32,198,13,32,49
rc91,arthur-rinderknech,Arthur Rinderknech,2023,Clay,96,38,59,76,51,63,65,131,83,66,27,47,62,44,133,20,35,51
rc91,arthur-rinderknech,Arthur Rinderknech,2023,Grass,63,16,66,78,47,33,67,78,86,68,27,47,35,40,80,18,33,50
rc91,arthur-rinderknech,Arthur Rinderknech,2023,Carpet,,,,,,,,,,,,,,,,,,
rh16,casper-ruud,Casper Ruud,all,all,2369,993,65,72,54,2481,64,5494,84,66,29,51,3119,40,5383,23,37,52
rh16,casper-ruud,Casper Ruud,all,Hard,1393,467,66,73,53,1204,65,2735,85,66,26,49,1330,39,2694,19,35,51
rh16,casper-ruud,Casper Ruud,all,Clay,872,464,65,71,55,1187,63,2564,83,66,32,52,1686,41,2493,27,40,53
rh16,casper-ruud,Casper Ruud,all,Grass,104,62,64,75,50,90,62,195,83,66,27,48,103,32,196,17,35,50
rh16,casper-ruud,Casper Ruud,all,Carpet,,,,,,,,,,,,,,,,,,
rh16,casper-ruud,Casper Ruud,2026,all,143,38,68,71,57,111,72,257,88,67,26,49,130,35,251,18,35,51
rh16,casper-ruud,Casper Ruud,2026,Hard,123,27,67,72,55,83,75,185,89,66,24,44,84,30,182,14,32,50
rh16,casper-ruud,Casper Ruud,2026,Clay,20,11,69,70,61,28,64,72,86,67,31,58,46,43,69,29,43,55
rh16,casper-ruud,Casper Ruud,2026,Grass,,,,,,,,,,,,,,,,,,
rh16,casper-ruud,Casper Ruud,2026,Carpet,,,,,,,,,,,,,,,,,,
rh16,casper-ruud,Casper Ruud,2025,all,313,112,66,73,53,294,66,636,84,66,30,51,344,40,617,22,38,52
rh16,casper-ruud,Casper Ruud,2025,Hard,233,66,67,74,54,186,68,420,86,68,28,50,198,42,412,20,37,52
rh16,casper-ruud,Casper Ruud,2025,Clay,80,46,64,71,52,108,61,216,81,64,32,53,146,38,205,27,39,52
rh16,casper-ruud,Casper Ruud,2025,Grass,,,,,,,,,,,,,,,,,,
rh16,casper-ruud,Casper Ruud,2025,Carpet,,,,,,,,,,,,,,,,,,
rh16,casper-ruud,Casper Ruud,2024,all,400,141,65,73,54,370,63,851,84,66,30,50,503,40,845,24,38,52
rh16,casper-ruud,Casper Ruud,2024,Hard,257,84,66,74,54,185,65,487,87,67,25,49,242,39,485,19,35,51
rh16,casper-ruud,Casper Ruud,2024,Clay,110,50,65,70,54,167,60,327,80,64,36,52,235,43,322,32,42,53
rh16,casper-ruud,Casper Ruud,2024,Grass,33,7,62,78,55,18,67,37,84,69,31,47,26,19,38,13,38,52
rh16,casper-ruud,Casper Ruud,2024,Carpet,,,,,,,,,,,,,,,,,,
rh16,casper-ruud,Casper Ruud,2023,all,320,167,63,71,54,396,67,783,83,65,30,51,466,39,772,23,38,51
rh16,casper-ruud,Casper Ruud,2023,Hard,189,74,64,72,52,188,66,373,83,65,28,50,198,37,368,20,36,51
rh16,casper-ruud,Casper Ruud,2023,Clay,115,78,63,70,56,187,68,369,84,65,32,52,248,39,363,27,40,52
rh16,casper-ruud,Casper Ruud,2023,Grass,16,15,59,74,48,21,62,41,80,63,31,46,20,45,41,22,37,50
rh16,casper-ruud,Casper Ruud,2023,Carpet,,,,,,,,,,,,,,,,,,
ea24,tomas-martin-etcheverry,Tomas Martin Etcheverry,all,all,1359,379,64,71,51,1420,63,2695,81,64,28,49,1477,37,2712,20,36,50
ea24,tomas-martin-etcheverry,Tomas Martin Etcheverry,all,Hard,717,151,65,72,52,594,62,1202,81,65,26,49,606,34,1214,17,35,50
ea24,tomas-martin-etcheverry,Tomas Martin Etcheverry,all,Clay,534,193,63,71,51,706,63,1282,80,64,31,50,776,39,1284,23,38,51
ea24,tomas-martin-etcheverry,Tomas Martin Etcheverry,all,Grass,108,35,66,72,50,120,68,211,82,65,24,49,95,39,214,17,33,49
ea24,tomas-martin-etcheverry,Tomas Martin Etcheverry,all,Carpet,,,,,,,,,,,,,,,,,,
ea24,tomas-martin-etcheverry,Tomas Martin Etcheverry,2026,all,189,58,64,74,55,148,59,388,84,67,29,48,186,38,391,18,35,51
ea24,tomas-martin-etcheverry,Tomas Martin Etcheverry,2026,Hard,86,14,65,74,61,52,65,142,87,69,27,47,73,29,142,15,34,51
ea24,tomas-martin-etcheverry,Tomas Martin Etcheverry,2026,Clay,103,44,64,74,52,96,55,246,83,66,30,48,113,43,249,20,36,51
ea24,tomas-martin-etcheverry,Tomas Martin Etcheverry,2026,Grass,,,,,,,,,,,,,,,,,,
ea24,tomas-martin-etcheverry,Tomas Martin Etcheverry,2026,Carpet,,,,,,,,,,,,,,,,,,
ea24,tomas-martin-etcheverry,Tomas Martin Etcheverry,2025,all,375,86,63,72,50,383,66,646,80,64,27,49,349,37,653,20,36,50
ea24,tomas-martin-etcheverry,Tomas Martin Etcheverry,2025,Hard,228,42,65,73,50,167,62,338,81,65,28,49,179,39,339,21,36,51
ea24,tomas-martin-etcheverry,Tomas Martin Etcheverry,2025,Clay,102,32,60,71,50,160,71,234,80,63,29,47,128,34,236,18,36,49
ea24,tomas-martin-etcheverry,Tomas Martin Etcheverry,2025,Grass,45,12,63,71,49,56,66,74,74,62,23,54,42,40,78,22,36,49
ea24,tomas-martin-etcheverry,Tomas Martin Etcheverry,2025,Carpet,,,,,,,,,,,,,,,,,,
ea24,tomas-martin-etcheverry,Tomas Martin Etcheverry,2024,all,373,96,65,72,50,360,64,706,82,65,28,51,414,38,713,22,37,51
ea24,tomas-martin-etcheverry,Tomas Martin Etcheverry,2024,Hard,219,47,65,73,48,167,64,337,82,65,24,51,175,34,340,17,34,50
ea24,tomas-martin-etcheverry,Tomas Martin Etcheverry,2024,Clay,116,38,65,70,51,172,65,301,80,63,33,51,214,41,307,28,40,51
ea24,tomas-martin-etcheverry,Tomas Martin Etcheverry,2024,Grass,38,11,69,77,54,21,67,68,90,70,25,48,25,40,66,15,32,52
ea24,tomas-martin-etcheverry,Tomas Martin Etcheverry,2024,Carpet,,,,,,,,,,,,,,,,,,
ea24,tomas-martin-etcheverry,Tomas Martin Etcheverry,2023,all,344,92,64,71,53,354,63,708,81,65,30,50,423,36,705,22,38,51
ea24,tomas-martin-etcheverry,Tomas Martin Etcheverry,2023,Hard,141,32,66,70,53,140,59,288,80,64,26,48,143,31,293,15,35,49
ea24,tomas-martin-etcheverry,Tomas Martin Etcheverry,2023,Clay,186,54,62,72,53,183,64,374,82,65,33,52,262,39,366,28,40,52
ea24,tomas-martin-etcheverry,Tomas Martin Etcheverry,2023,Grass,17,6,65,72,48,31,74,46,83,63,25,45,18,39,46,15,31,49
ea24,tomas-martin-etcheverry,Tomas Martin Etcheverry,2023,Carpet,,,,,,,,,,,,,,,,,,
c0au,francisco-cerundolo,Francisco Cerundolo,all,all,834,802,63,68,51,1986,62,3168,76,61,33,52,2089,42,3180,28,40,51
c0au,francisco-cerundolo,Francisco Cerundolo,all,Hard,413,335,62,69,51,779,61,1316,77,62,29,52,694,45,1322,23,38,50
c0au,francisco-cerundolo,Francisco Cerundolo,all,Clay,363,409,64,67,51,1076,63,1657,76,61,36,52,1280,41,1661,32,42,51
c0au,francisco-cerundolo,Francisco Cerundolo,all,Grass,58,58,62,69,46,131,61,195,74,60,28,48,115,31,197,18,35,48
c0au,francisco-cerundolo,Francisco Cerundolo,all,Carpet,,,,,,,,,,,,,,,,,,
c0au,francisco-cerundolo,Francisco Cerundolo,2026,all,86,58,61,70,54,176,64,296,79,64,34,55,212,45,292,33,41,53
c0au,francisco-cerundolo,Francisco Cerundolo,2026,Hard,41,24,62,71,54,74,57,139,77,64,31,55,75,52,137,28,38,52
c0au,francisco-cerundolo,Francisco Cerundolo,2026,Clay,45,34,60,70,54,102,70,157,80,63,37,55,137,42,155,37,44,54
c0au,francisco-cerundolo,Francisco Cerundolo,2026,Grass,,,,,,,,,,,,,,,,,,
c0au,francisco-cerundolo,Francisco Cerundolo,2026,Carpet,,,,,,,,,,,,,,,,,,
c0au,francisco-cerundolo,Francisco Cerundolo,2025,all,226,172,61,68,52,447,63,714,77,62,33,53,476,43,715,29,41,51
c0au,francisco-cerundolo,Francisco Cerundolo,2025,Hard,110,77,61,68,51,206,63,321,76,61,32,53,192,45,325,26,40,51
c0au,francisco-cerundolo,Francisco Cerundolo,2025,Clay,105,90,62,69,53,220,63,360,78,63,35,53,269,42,356,32,42,52
c0au,francisco-cerundolo,Francisco Cerundolo,2025,Grass,11,5,65,70,46,21,57,33,73,61,24,43,15,40,34,18,30,46
c0au,francisco-cerundolo,Francisco Cerundolo,2025,Carpet,,,,,,,,,,,,,,,,,,
c0au,francisco-cerundolo,Francisco Cerundolo,2024,all,195,177,64,68,51,407,60,707,77,62,31,50,402,42,702,24,38,50
c0au,francisco-cerundolo,Francisco Cerundolo,2024,Hard,112,88,60,70,50,175,62,305,78,62,26,50,138,41,301,19,35,49
c0au,francisco-cerundolo,Francisco Cerundolo,2024,Clay,64,77,68,66,52,204,58,355,76,61,37,51,250,44,353,31,42,52
c0au,francisco-cerundolo,Francisco Cerundolo,2024,Grass,19,12,60,71,51,28,68,47,81,63,20,36,14,29,48,8,26,46
c0au,francisco-cerundolo,Francisco Cerundolo,2024,Carpet,,,,,,,,,,,,,,,,,,
c0au,francisco-cerundolo,Francisco Cerundolo,2023,all,185,218,66,67,49,478,61,764,76,61,33,51,546,40,776,28,40,50
c0au,francisco-cerundolo,Francisco Cerundolo,2023,Hard,92,83,66,67,49,203,60,332,75,61,30,51,181,45,335,24,38,49
c0au,francisco-cerundolo,Francisco Cerundolo,2023,Clay,78,110,66,67,50,236,64,374,77,61,36,51,323,38,382,32,42,51
c0au,francisco-cerundolo,Francisco Cerundolo,2023,Grass,15,25,64,68,43,39,56,58,71,59,33,52,42,29,59,20,39,48
c0au,francisco-cerundolo,Francisco Cerundolo,2023,Carpet,,,,,,,,,,,,,,,,,,
m0ni,jakub-mensik,Jakub Mensik,all,all,1423,468,59,77,48,723,64,1554,83,65,29,49,767,40,1536,20,36,51
m0ni,jakub-mensik,Jakub Mensik,all,Hard,1063,341,60,77,48,512,64,1116,84,65,28,49,569,39,1108,20,36,51
m0ni,jakub-mensik,Jakub Mensik,all,Clay,190,63,59,76,52,106,65,253,85,66,30,48,123,44,245,22,37,52
m0ni,jakub-mensik,Jakub Mensik,all,Grass,170,64,59,75,47,105,65,185,80,63,27,49,75,40,183,16,35,50
m0ni,jakub-mensik,Jakub Mensik,all,Carpet,,,,,,,,,,,,,,,,,,
m0ni,jakub-mensik,Jakub Mensik,2026,all,293,96,61,79,48,132,64,308,84,67,30,48,157,41,303,21,37,52
m0ni,jakub-mensik,Jakub Mensik,2026,Hard,263,89,61,79,47,124,64,272,83,66,32,48,145,41,267,22,38,52
m0ni,jakub-mensik,Jakub Mensik,2026,Clay,30,7,64,83,57,8,63,36,92,73,21,51,12,33,36,11,31,51
m0ni,jakub-mensik,Jakub Mensik,2026,Grass,,,,,,,,,,,,,,,,,,
m0ni,jakub-mensik,Jakub Mensik,2026,Carpet,,,,,,,,,,,,,,,,,,
m0ni,jakub-mensik,Jakub Mensik,2025,all,679,199,59,78,50,286,66,670,86,66,29,48,329,39,659,19,36,51
m0ni,jakub-mensik,Jakub Mensik,2025,Hard,453,139,59,79,48,186,66,428,85,66,28,49,211,38,421,19,36,51
m0ni,jakub-mensik,Jakub Mensik,2025,Clay,116,30,60,78,55,47,66,142,89,69,32,45,75,40,139,22,37,52
m0ni,jakub-mensik,Jakub Mensik,2025,Grass,110,30,61,75,48,53,68,100,83,64,29,48,43,40,99,17,35,50
m0ni,jakub-mensik,Jakub Mensik,2025,Carpet,,,,,,,,,,,,,,,,,,
m0ni,jakub-mensik,Jakub Mensik,2024,all,380,153,59,74,47,277,65,489,80,63,27,51,242,41,484,21,36,50
m0ni,jakub-mensik,Jakub Mensik,2024,Hard,276,93,60,75,47,174,66,329,82,64,27,51,174,39,330,20,36,50
m0ni,jakub-mensik,Jakub Mensik,2024,Clay,44,26,55,69,47,51,65,75,76,59,31,54,36,56,70,29,39,50
m0ni,jakub-mensik,Jakub Mensik,2024,Grass,60,34,57,75,46,52,62,85,76,62,25,52,32,41,84,15,34,49
m0ni,jakub-mensik,Jakub Mensik,2024,Carpet,,,,,,,,,,,,,,,,,,
m0ni,jakub-mensik,Jakub Mensik,2023,all,23,10,51,74,54,16,38,48,79,65,24,49,20,40,51,16,34,49
m0ni,jakub-mensik,Jakub Mensik,2023,Hard,23,10,51,74,54,16,38,48,79,65,24,49,20,40,51,16,34,49
m0ni,jakub-mensik,Jakub Mensik,2023,Clay,,,,,,,,,,,,,,,,,,
m0ni,jakub-mensik,Jakub Mensik,2023,Grass,,,,,,,,,,,,,,,,,,
m0ni,jakub-mensik,Jakub Mensik,2023,Carpet,,,,,,,,,,,,,,,,,,
f0fv,joao-fonseca,Joao Fonseca,all,all,423,146,66,72,54,417,62,930,83,66,29,49,546,37,942,21,37,51
f0fv,joao-fonseca,Joao Fonseca,all,Hard,231,64,66,74,54,167,59,413,84,67,27,49,229,37,419,20,36,51
f0fv,joao-fonseca,Joao Fonseca,all,Clay,132,66,65,69,53,200,60,404,80,64,31,51,253,40,411,24,38,51
f0fv,joao-fonseca,Joao Fonseca,all,Grass,60,16,70,74,54,50,78,113,90,68,31,45,64,27,112,15,36,51
f0fv,joao-fonseca,Joao Fonseca,all,Carpet,,,,,,,,,,,,,,,,,,
f0fv,joao-fonseca,Joao Fonseca,2026,all,91,27,66,72,56,98,65,222,85,67,26,51,110,40,225,20,36,51
f0fv,joao-fonseca,Joao Fonseca,2026,Hard,52,14,68,73,54,34,59,87,84,67,25,50,43,35,88,17,34,50
f0fv,joao-fonseca,Joao Fonseca,2026,Clay,39,13,65,72,58,64,69,135,85,67,27,52,67,43,137,21,37,52
f0fv,joao-fonseca,Joao Fonseca,2026,Grass,,,,,,,,,,,,,,,,,,
f0fv,joao-fonseca,Joao Fonseca,2026,Carpet,,,,,,,,,,,,,,,,,,
f0fv,joao-fonseca,Joao Fonseca,2025,all,256,87,67,73,52,225,62,518,83,66,29,48,300,36,524,20,37,51
f0fv,joao-fonseca,Joao Fonseca,2025,Hard,144,45,65,73,52,119,59,269,82,66,27,49,133,40,273,19,36,51
f0fv,joao-fonseca,Joao Fonseca,2025,Clay,66,28,67,70,48,68,59,146,81,63,32,48,105,35,149,25,38,50
f0fv,joao-fonseca,Joao Fonseca,2025,Grass,46,14,71,74,55,38,76,103,91,69,31,47,62,27,102,17,36,52
f0fv,joao-fonseca,Joao Fonseca,2025,Carpet,,,,,,,,,,,,,,,,,,
f0fv,joao-fonseca,Joao Fonseca,2024,all,39,25,63,66,54,69,57,126,76,62,33,53,80,41,127,26,39,50
f0fv,joao-fonseca,Joao Fonseca,2024,Hard,0,0,0,0,0,0,0,0,0,0,0,0,0,0,0,0,0,0
f0fv,joao-fonseca,Joao Fonseca,2024,Clay,25,23,63,66,55,57,51,116,76,62,33,56,78,42,117,28,40,51
f0fv,joao-fonseca,Joao Fonseca,2024,Grass,14,2,60,69,44,12,83,10,80,59,29,27,2,0,10,0,28,46
f0fv,joao-fonseca,Joao Fonseca,2024,Carpet,,,,,,,,,,,,,,,,,,
f0fv,joao-fonseca,Joao Fonseca,2023,all,2,2,61,50,37,11,55,7,29,45,34,29,3,33,8,13,33,39
f0fv,joao-fonseca,Joao Fonseca,2023,Hard,,,,,,,,,,,,,,,,,,
f0fv,joao-fonseca,Joao Fonseca,2023,Clay,2,2,61,50,37,11,55,7,29,45,34,29,3,33,8,13,33,39
f0fv,joao-fonseca,Joao Fonseca,2023,Grass,,,,,,,,,,,,,,,,,,
f0fv,joao-fonseca,Joao Fonseca,2023,Carpet,,,,,,,,,,,,,,,,,,
mw02,corentin-moutet,Corentin Moutet,all,all,593,636,66,66,50,1846,59,2821,73,60,31,50,1698,39,2862,23,38,49
mw02,corentin-moutet,Corentin Moutet,all,Hard,335,318,65,66,50,929,61,1437,75,61,30,50,764,41,1457,22,37,49
mw02,corentin-moutet,Corentin Moutet,all,Clay,145,216,67,64,49,727,57,1031,69,59,34,51,698,41,1049,27,40,49
mw02,corentin-moutet,Corentin Moutet,all,Grass,113,102,63,71,50,190,63,353,80,63,29,48,236,29,356,19,36,49
mw02,corentin-moutet,Corentin Moutet,all,Carpet,,,,,,,,,,,,,,,,,,
mw02,corentin-moutet,Corentin Moutet,2026,all,44,43,65,65,49,114,59,160,71,59,33,52,82,51,166,25,39,49
mw02,corentin-moutet,Corentin Moutet,2026,Hard,35,29,66,63,48,74,61,93,69,58,29,52,32,63,94,21,36,48
mw02,corentin-moutet,Corentin Moutet,2026,Clay,9,14,64,66,51,40,55,67,73,61,37,52,50,44,72,31,42,50
mw02,corentin-moutet,Corentin Moutet,2026,Grass,,,,,,,,,,,,,,,,,,
mw02,corentin-moutet,Corentin Moutet,2026,Carpet,,,,,,,,,,,,,,,,,,
mw02,corentin-moutet,Corentin Moutet,2025,all,198,152,62,68,52,428,65,696,78,62,32,50,431,39,698,24,39,50
mw02,corentin-moutet,Corentin Moutet,2025,Hard,124,82,62,67,53,257,65,404,78,62,33,51,250,41,402,26,39,51
mw02,corentin-moutet,Corentin Moutet,2025,Clay,27,33,61,65,52,94,61,141,74,60,33,48,86,41,146,24,39,49
mw02,corentin-moutet,Corentin Moutet,2025,Grass,47,37,63,73,51,77,69,151,84,65,31,48,95,34,150,21,37,51
mw02,corentin-moutet,Corentin Moutet,2025,Carpet,,,,,,,,,,,,,,,,,,
mw02,corentin-moutet,Corentin Moutet,2024,all,51,44,67,66,48,238,57,358,71,60,35,48,235,40,362,26,39,49
mw02,corentin-moutet,Corentin Moutet,2024,Hard,20,25,65,65,45,89,55,123,67,58,31,47,73,38,127,22,37,47
mw02,corentin-moutet,Corentin Moutet,2024,Clay,31,19,68,66,50,149,58,235,73,61,36,49,162,41,235,29,40,51
mw02,corentin-moutet,Corentin Moutet,2024,Grass,,,,,,,,,,,,,,,,,,
mw02,corentin-moutet,Corentin Moutet,2024,Carpet,,,,,,,,,,,,,,,,,,
mw02,corentin-moutet,Corentin Moutet,2023,all,76,74,64,65,49,220,62,303,72,59,28,51,180,32,305,19,36,48
mw02,corentin-moutet,Corentin Moutet,2023,Hard,16,20,66,61,45,105,61,125,67,56,27,51,59,44,126,21,36,47
mw02,corentin-moutet,Corentin Moutet,2023,Clay,9,17,63,63,52,50,58,67,69,59,26,55,43,26,67,16,38,48
mw02,corentin-moutet,Corentin Moutet,2023,Grass,51,37,62,70,51,65,66,111,80,63,30,47,78,27,112,19,36,49
mw02,corentin-moutet,Corentin Moutet,2023,Carpet,,,,,,,,,,,,,,,,,,
gj37,tallon-griekspoor,Tallon Griekspoor,all,all,1910,763,64,74,51,1429,65,3044,83,66,25,46,1268,36,3034,15,33,50
gj37,tallon-griekspoor,Tallon Griekspoor,all,Hard,1267,458,64,75,51,821,66,1824,85,66,23,47,695,35,1825,13,32,49
gj37,tallon-griekspoor,Tallon Griekspoor,all,Clay,356,209,63,72,50,417,60,789,79,64,29,47,400,38,781,20,36,50
gj37,tallon-griekspoor,Tallon Griekspoor,all,Grass,287,96,64,75,53,191,69,431,86,67,24,44,173,32,428,13,31,50
gj37,tallon-griekspoor,Tallon Griekspoor,all,Carpet,,,,,,,,,,,,,,,,,,
gj37,tallon-griekspoor,Tallon Griekspoor,2026,all,137,52,64,73,52,95,61,200,82,65,22,47,72,40,202,14,31,49
gj37,tallon-griekspoor,Tallon Griekspoor,2026,Hard,115,29,66,74,57,51,63,139,86,68,19,48,35,43,140,11,29,49
gj37,tallon-griekspoor,Tallon Griekspoor,2026,Clay,22,23,59,71,42,44,59,61,70,59,30,46,37,38,62,23,36,48
gj37,tallon-griekspoor,Tallon Griekspoor,2026,Grass,,,,,,,,,,,,,,,,,,
gj37,tallon-griekspoor,Tallon Griekspoor,2026,Carpet,,,,,,,,,,,,,,,,,,
gj37,tallon-griekspoor,Tallon Griekspoor,2025,all,456,167,65,75,51,345,69,712,85,66,25,45,304,34,700,15,32,50
gj37,tallon-griekspoor,Tallon Griekspoor,2025,Hard,288,99,65,75,50,212,71,411,85,66,22,45,157,31,407,12,30,49
gj37,tallon-griekspoor,Tallon Griekspoor,2025,Clay,139,51,65,74,52,103,62,244,84,67,29,47,119,37,235,19,36,51
gj37,tallon-griekspoor,Tallon Griekspoor,2025,Grass,29,17,63,75,50,30,80,57,89,66,26,45,28,32,58,16,33,50
gj37,tallon-griekspoor,Tallon Griekspoor,2025,Carpet,,,,,,,,,,,,,,,,,,
gj37,tallon-griekspoor,Tallon Griekspoor,2024,all,479,196,63,74,53,313,63,709,84,66,26,46,291,37,704,15,33,50
gj37,tallon-griekspoor,Tallon Griekspoor,2024,Hard,303,108,65,76,51,169,64,400,85,67,24,46,163,38,403,15,32,50
gj37,tallon-griekspoor,Tallon Griekspoor,2024,Clay,93,52,62,71,54,107,62,202,80,65,29,48,88,41,196,18,36,50
gj37,tallon-griekspoor,Tallon Griekspoor,2024,Grass,83,36,61,76,56,37,65,107,88,68,24,39,40,25,105,10,29,49
gj37,tallon-griekspoor,Tallon Griekspoor,2024,Carpet,,,,,,,,,,,,,,,,,,
gj37,tallon-griekspoor,Tallon Griekspoor,2023,all,466,181,63,76,51,277,65,696,86,67,27,46,303,38,699,16,34,51
gj37,tallon-griekspoor,Tallon Griekspoor,2023,Hard,341,120,63,78,53,159,67,460,88,68,27,46,190,36,462,15,34,51
gj37,tallon-griekspoor,Tallon Griekspoor,2023,Clay,42,43,61,74,46,66,58,119,76,63,28,46,63,40,123,20,36,49
gj37,tallon-griekspoor,Tallon Griekspoor,2023,Grass,83,18,66,75,52,52,71,117,87,67,28,44,50,42,114,18,34,51
gj37,tallon-griekspoor,Tallon Griekspoor,2023,Carpet,,,,,,,,,,,,,,,,,,
n0ae,brandon-nakashima,Brandon Nakashima,all,all,2022,363,65,75,53,1284,63,3166,85,67,27,48,1498,36,3125,17,35,51
n0ae,brandon-nakashima,Brandon Nakashima,all,Hard,1476,243,65,76,54,836,64,2159,86,68,26,48,985,36,2130,17,34,51
n0ae,brandon-nakashima,Brandon Nakashima,all,Clay,253,67,63,71,51,260,57,507,78,63,29,51,277,37,499,21,37,50
n0ae,brandon-nakashima,Brandon Nakashima,all,Grass,293,53,67,76,56,188,71,500,89,69,26,47,236,34,496,16,34,51
n0ae,brandon-nakashima,Brandon Nakashima,all,Carpet,,,,,,,,,,,,,,,,,,
n0ae,brandon-nakashima,Brandon Nakashima,2026,all,209,15,68,77,52,73,56,263,88,69,25,51,125,34,256,17,34,51
n0ae,brandon-nakashima,Brandon Nakashima,2026,Hard,184,11,70,79,53,52,65,205,91,71,24,51,95,32,200,15,33,52
n0ae,brandon-nakashima,Brandon Nakashima,2026,Clay,25,4,63,72,50,21,33,58,76,64,28,50,30,43,56,23,37,51
n0ae,brandon-nakashima,Brandon Nakashima,2026,Grass,,,,,,,,,,,,,,,,,,
n0ae,brandon-nakashima,Brandon Nakashima,2026,Carpet,,,,,,,,,,,,,,,,,,
n0ae,brandon-nakashima,Brandon Nakashima,2025,all,530,67,66,74,52,332,63,778,84,67,28,48,362,36,766,17,35,51
n0ae,brandon-nakashima,Brandon Nakashima,2025,Hard,357,43,65,75,52,207,66,485,85,67,27,46,220,35,477,16,34,51
n0ae,brandon-nakashima,Brandon Nakashima,2025,Clay,69,13,64,67,46,79,49,142,72,60,29,55,67,48,138,23,38,49
n0ae,brandon-nakashima,Brandon Nakashima,2025,Grass,104,11,70,76,60,46,74,151,92,71,26,46,75,28,151,14,34,52
n0ae,brandon-nakashima,Brandon Nakashima,2025,Carpet,,,,,,,,,,,,,,,,,,
n0ae,brandon-nakashima,Brandon Nakashima,2024,all,403,53,66,74,56,246,71,579,88,68,26,46,272,34,572,16,33,51
n0ae,brandon-nakashima,Brandon Nakashima,2024,Hard,235,28,66,74,55,135,67,328,87,68,24,46,133,38,328,16,32,50
n0ae,brandon-nakashima,Brandon Nakashima,2024,Clay,81,12,64,75,58,54,78,126,90,69,29,43,75,24,122,15,34,51
n0ae,brandon-nakashima,Brandon Nakashima,2024,Grass,87,13,68,74,54,57,74,125,88,68,27,50,64,38,122,20,35,51
n0ae,brandon-nakashima,Brandon Nakashima,2024,Carpet,,,,,,,,,,,,,,,,,,
n0ae,brandon-nakashima,Brandon Nakashima,2023,all,199,61,65,75,51,157,59,387,83,66,26,46,187,28,382,14,34,50
n0ae,brandon-nakashima,Brandon Nakashima,2023,Hard,136,38,66,76,50,81,56,235,85,67,26,45,113,23,229,11,33,50
n0ae,brandon-nakashima,Brandon Nakashima,2023,Clay,31,15,63,72,53,46,61,88,80,65,28,49,47,34,87,18,37,51
n0ae,brandon-nakashima,Brandon Nakashima,2023,Grass,32,8,63,74,51,30,67,64,84,66,27,44,27,41,66,17,34,50
n0ae,brandon-nakashima,Brandon Nakashima,2023,Carpet,,,,,,,,,,,,,,,,,,
hh26,ugo-humbert,Ugo Humbert,all,all,2284,850,62,74,53,1986,64,4183,83,66,28,48,2157,36,4114,19,35,51
hh26,ugo-humbert,Ugo Humbert,all,Hard,1634,539,62,75,54,1211,65,2767,85,67,26,49,1352,37,2715,18,35,51
hh26,ugo-humbert,Ugo Humbert,all,Clay,216,140,61,68,50,424,60,654,74,61,31,47,401,34,638,21,37,49
hh26,ugo-humbert,Ugo Humbert,all,Grass,434,171,63,75,52,351,65,762,84,66,29,48,404,35,761,19,36,51
hh26,ugo-humbert,Ugo Humbert,all,Carpet,,,,,,,,,,,,,,,,,,
hh26,ugo-humbert,Ugo Humbert,2026,all,163,55,61,76,54,130,68,274,85,67,27,47,118,36,266,16,34,51
hh26,ugo-humbert,Ugo Humbert,2026,Hard,151,46,63,77,55,102,70,243,87,69,26,48,102,35,237,15,34,51
hh26,ugo-humbert,Ugo Humbert,2026,Clay,12,9,50,65,49,28,64,31,68,57,31,42,16,44,29,24,35,47
hh26,ugo-humbert,Ugo Humbert,2026,Grass,,,,,,,,,,,,,,,,,,
hh26,ugo-humbert,Ugo Humbert,2026,Carpet,,,,,,,,,,,,,,,,,,
hh26,ugo-humbert,Ugo Humbert,2025,all,307,107,61,74,54,239,62,535,83,66,27,48,276,37,526,19,35,51
hh26,ugo-humbert,Ugo Humbert,2025,Hard,232,63,62,77,54,133,64,338,86,68,24,48,155,39,335,18,33,51
hh26,ugo-humbert,Ugo Humbert,2025,Clay,32,19,60,66,54,60,63,89,75,61,31,48,61,26,84,19,38,50
hh26,ugo-humbert,Ugo Humbert,2025,Grass,43,25,62,73,55,46,57,108,81,66,31,47,60,40,107,22,37,52
hh26,ugo-humbert,Ugo Humbert,2025,Carpet,,,,,,,,,,,,,,,,,,
hh26,ugo-humbert,Ugo Humbert,2024,all,386,108,64,73,55,302,66,727,86,67,29,50,414,38,717,22,37,52
hh26,ugo-humbert,Ugo Humbert,2024,Hard,262,73,64,73,56,175,67,458,88,67,27,51,259,39,451,22,37,52
hh26,ugo-humbert,Ugo Humbert,2024,Clay,35,21,64,69,51,61,57,126,79,63,32,47,69,38,124,21,37,50
hh26,ugo-humbert,Ugo Humbert,2024,Grass,89,14,63,75,55,66,68,143,85,68,30,49,86,34,142,20,37,52
hh26,ugo-humbert,Ugo Humbert,2024,Carpet,,,,,,,,,,,,,,,,,,
hh26,ugo-humbert,Ugo Humbert,2023,all,341,140,60,74,51,315,62,649,81,65,29,50,392,36,633,22,37,51
hh26,ugo-humbert,Ugo Humbert,2023,Hard,255,86,62,75,52,228,63,480,83,66,29,51,290,37,469,23,37,51
hh26,ugo-humbert,Ugo Humbert,2023,Clay,26,25,57,73,48,33,48,84,80,62,28,47,49,33,80,20,35,49
hh26,ugo-humbert,Ugo Humbert,2023,Grass,60,29,57,72,48,54,63,85,76,62,30,49,53,32,84,20,37,50
hh26,ugo-humbert,Ugo Humbert,2023,Carpet,,,,,,,,,,,,,,,,,,
j0dz,rafael-jodar,Rafael Jodar,all,all,110,31,63,69,55,159,58,304,78,64,33,52,197,44,295,29,40,52
j0dz,rafael-jodar,Rafael Jodar,all,Hard,57,15,64,66,54,94,51,162,72,62,28,50,88,43,158,24,36,49
j0dz,rafael-jodar,Rafael Jodar,all,Clay,53,16,62,73,56,65,69,142,86,66,38,53,109,45,137,36,44,55
j0dz,rafael-jodar,Rafael Jodar,all,Grass,,,,,,,,,,,,,,,,,,
j0dz,rafael-jodar,Rafael Jodar,all,Carpet,,,,,,,,,,,,,,,,,,
j0dz,rafael-jodar,Rafael Jodar,2026,all,96,28,62,70,55,132,61,269,81,64,33,51,176,43,263,29,40,52
j0dz,rafael-jodar,Rafael Jodar,2026,Hard,43,12,63,67,55,67,54,127,76,62,28,50,67,40,126,21,35,49
j0dz,rafael-jodar,Rafael Jodar,2026,Clay,53,16,62,73,56,65,69,142,86,66,38,53,109,45,137,36,44,55
j0dz,rafael-jodar,Rafael Jodar,2026,Grass,,,,,,,,,,,,,,,,,,
j0dz,rafael-jodar,Rafael Jodar,2026,Carpet,,,,,,,,,,,,,,,,,,
j0dz,rafael-jodar,Rafael Jodar,2025,all,,,,,,,,,,,,,,,,,,
j0dz,rafael-jodar,Rafael Jodar,2025,Hard,,,,,,,,,,,,,,,,,,
j0dz,rafael-jodar,Rafael Jodar,2025,Clay,,,,,,,,,,,,,,,,,,
j0dz,rafael-jodar,Rafael Jodar,2025,Grass,,,,,,,,,,,,,,,,,,
j0dz,rafael-jodar,Rafael Jodar,2025,Carpet,,,,,,,,,,,,,,,,,,
j0dz,rafael-jodar,Rafael Jodar,2024,all,,,,,,,,,,,,,,,,,,
j0dz,rafael-jodar,Rafael Jodar,2024,Hard,,,,,,,,,,,,,,,,,,
j0dz,rafael-jodar,Rafael Jodar,2024,Clay,,,,,,,,,,,,,,,,,,
j0dz,rafael-jodar,Rafael Jodar,2024,Grass,,,,,,,,,,,,,,,,,,
j0dz,rafael-jodar,Rafael Jodar,2024,Carpet,,,,,,,,,,,,,,,,,,
j0dz,rafael-jodar,Rafael Jodar,2023,all,,,,,,,,,,,,,,,,,,
j0dz,rafael-jodar,Rafael Jodar,2023,Hard,,,,,,,,,,,,,,,,,,
j0dz,rafael-jodar,Rafael Jodar,2023,Clay,,,,,,,,,,,,,,,,,,
j0dz,rafael-jodar,Rafael Jodar,2023,Grass,,,,,,,,,,,,,,,,,,
j0dz,rafael-jodar,Rafael Jodar,2023,Carpet,,,,,,,,,,,,,,,,,,
te30,alejandro-tabilo,Alejandro Tabilo,all,all,999,382,64,72,50,976,62,1915,81,64,28,49,951,40,1876,20,36,50
te30,alejandro-tabilo,Alejandro Tabilo,all,Hard,571,187,65,72,50,440,61,914,81,65,26,50,413,38,898,18,35,50
te30,alejandro-tabilo,Alejandro Tabilo,all,Clay,310,144,63,70,50,434,60,803,78,63,32,50,471,41,778,25,38,51
te30,alejandro-tabilo,Alejandro Tabilo,all,Grass,118,51,64,77,48,102,74,198,86,67,23,45,67,40,200,14,32,50
te30,alejandro-tabilo,Alejandro Tabilo,all,Carpet,,,,,,,,,,,,,,,,,,
te30,alejandro-tabilo,Alejandro Tabilo,2026,all,148,34,65,75,55,101,60,302,87,68,28,49,143,41,296,20,36,52
te30,alejandro-tabilo,Alejandro Tabilo,2026,Hard,64,14,66,75,52,37,62,103,86,67,23,51,44,39,102,17,33,50
te30,alejandro-tabilo,Alejandro Tabilo,2026,Clay,84,20,65,76,56,64,59,199,87,69,31,48,99,42,194,22,37,52
te30,alejandro-tabilo,Alejandro Tabilo,2026,Grass,,,,,,,,,,,,,,,,,,
te30,alejandro-tabilo,Alejandro Tabilo,2026,Carpet,,,,,,,,,,,,,,,,,,
te30,alejandro-tabilo,Alejandro Tabilo,2025,all,188,69,65,70,50,215,66,392,81,63,26,46,173,35,383,16,33,49
te30,alejandro-tabilo,Alejandro Tabilo,2025,Hard,159,39,67,72,50,114,66,260,85,65,25,45,102,32,254,13,32,49
te30,alejandro-tabilo,Alejandro Tabilo,2025,Clay,29,30,59,65,49,101,65,132,73,59,28,48,71,39,129,22,36,48
te30,alejandro-tabilo,Alejandro Tabilo,2025,Grass,,,,,,,,,,,,,,,,,,
te30,alejandro-tabilo,Alejandro Tabilo,2025,Carpet,,,,,,,,,,,,,,,,,,
te30,alejandro-tabilo,Alejandro Tabilo,2024,all,380,128,64,75,49,310,65,648,83,66,27,51,316,39,638,19,36,51
te30,alejandro-tabilo,Alejandro Tabilo,2024,Hard,197,65,63,75,49,137,62,285,82,65,26,51,135,39,282,18,35,50
te30,alejandro-tabilo,Alejandro Tabilo,2024,Clay,105,38,64,73,49,114,61,239,82,64,30,53,135,40,233,23,37,51
te30,alejandro-tabilo,Alejandro Tabilo,2024,Grass,78,25,65,79,51,59,81,124,91,69,22,48,46,39,123,15,33,51
te30,alejandro-tabilo,Alejandro Tabilo,2024,Carpet,,,,,,,,,,,,,,,,,,
te30,alejandro-tabilo,Alejandro Tabilo,2023,all,50,20,63,70,51,49,59,82,76,63,30,48,41,34,82,17,37,50
te30,alejandro-tabilo,Alejandro Tabilo,2023,Hard,34,11,65,74,50,30,67,51,80,65,28,52,28,32,51,18,38,51
te30,alejandro-tabilo,Alejandro Tabilo,2023,Clay,16,9,59,64,52,19,47,31,68,59,32,38,13,38,31,16,34,47
te30,alejandro-tabilo,Alejandro Tabilo,2023,Grass,,,,,,,,,,,,,,,,,,
te30,alejandro-tabilo,Alejandro Tabilo,2023,Carpet,,,,,,,,,,,,,,,,,,
b0pg,alexander-blockx,Alexander Blockx,all,all,167,44,64,75,54,145,72,309,87,68,28,45,160,30,308,16,34,51
b0pg,alexander-blockx,Alexander Blockx,all,Hard,105,25,65,74,52,83,67,166,84,67,31,42,98,27,167,16,35,50
b0pg,alexander-blockx,Alexander Blockx,all,Clay,59,18,62,77,56,54,80,129,91,69,25,46,46,41,127,15,33,52
b0pg,alexander-blockx,Alexander Blockx,all,Grass,3,1,66,68,58,8,75,14,86,64,25,62,16,19,14,21,41,51
b0pg,alexander-blockx,Alexander Blockx,all,Carpet,,,,,,,,,,,,,,,,,,
b0pg,alexander-blockx,Alexander Blockx,2026,all,67,20,62,77,56,62,76,147,90,69,25,45,51,41,146,14,33,51
b0pg,alexander-blockx,Alexander Blockx,2026,Hard,8,2,56,77,55,8,50,18,78,67,28,40,5,40,19,11,33,49
b0pg,alexander-blockx,Alexander Blockx,2026,Clay,59,18,62,77,56,54,80,129,91,69,25,46,46,41,127,15,33,52
b0pg,alexander-blockx,Alexander Blockx,2026,Grass,,,,,,,,,,,,,,,,,,
b0pg,alexander-blockx,Alexander Blockx,2026,Carpet,,,,,,,,,,,,,,,,,,
b0pg,alexander-blockx,Alexander Blockx,2025,all,51,15,65,73,52,42,67,94,85,66,30,44,63,22,95,15,36,50
b0pg,alexander-blockx,Alexander Blockx,2025,Hard,48,14,65,74,51,34,65,80,85,66,31,40,47,23,81,14,35,50
b0pg,alexander-blockx,Alexander Blockx,2025,Clay,,,,,,,,,,,,,,,,,,
b0pg,alexander-blockx,Alexander Blockx,2025,Grass,3,1,66,68,58,8,75,14,86,64,25,62,16,19,14,21,41,51
b0pg,alexander-blockx,Alexander Blockx,2025,Carpet,,,,,,,,,,,,,,,,,,
b0pg,alexander-blockx,Alexander Blockx,2024,all,3,4,66,52,29,8,38,8,38,44,30,67,9,11,8,13,40,42
b0pg,alexander-blockx,Alexander Blockx,2024,Hard,3,4,66,52,29,8,38,8,38,44,30,67,9,11,8,13,40,42
b0pg,alexander-blockx,Alexander Blockx,2024,Clay,,,,,,,,,,,,,,,,,,
b0pg,alexander-blockx,Alexander Blockx,2024,Grass,,,,,,,,,,,,,,,,,,
b0pg,alexander-blockx,Alexander Blockx,2024,Carpet,,,,,,,,,,,,,,,,,,
b0pg,alexander-blockx,Alexander Blockx,2023,all,8,1,70,77,48,6,83,11,91,68,26,33,3,0,11,0,28,48
b0pg,alexander-blockx,Alexander Blockx,2023,Hard,8,1,70,77,48,6,83,11,91,68,26,33,3,0,11,0,28,48
b0pg,alexander-blockx,Alexander Blockx,2023,Clay,,,,,,,,,,,,,,,,,,
b0pg,alexander-blockx,Alexander Blockx,2023,Grass,,,,,,,,,,,,,,,,,,
b0pg,alexander-blockx,Alexander Blockx,2023,Carpet,,,,,,,,,,,,,,,,,,
su55,denis-shapovalov,Denis Shapovalov,all,all,3438,2388,59,76,51,2595,64,5455,83,66,29,48,2854,39,5441,20,36,51
su55,denis-shapovalov,Denis Shapovalov,all,Hard,2564,1636,59,76,50,1739,64,3786,83,66,29,49,2014,39,3768,21,36,51
su55,denis-shapovalov,Denis Shapovalov,all,Clay,431,449,58,71,52,560,64,996,80,63,30,46,528,38,1001,20,36,50
su55,denis-shapovalov,Denis Shapovalov,all,Grass,443,303,58,77,53,296,66,673,85,67,25,49,312,35,672,16,34,50
su55,denis-shapovalov,Denis Shapovalov,all,Carpet,,,,,,,,,,,,,,,,,,
su55,denis-shapovalov,Denis Shapovalov,2026,all,120,72,58,72,52,100,57,197,78,63,29,49,106,33,197,18,36,49
su55,denis-shapovalov,Denis Shapovalov,2026,Hard,106,42,60,72,51,72,58,142,79,64,29,52,82,32,141,18,37,50
su55,denis-shapovalov,Denis Shapovalov,2026,Clay,14,30,53,69,53,28,54,55,76,62,29,39,24,38,56,16,33,47
su55,denis-shapovalov,Denis Shapovalov,2026,Grass,,,,,,,,,,,,,,,,,,
su55,denis-shapovalov,Denis Shapovalov,2026,Carpet,,,,,,,,,,,,,,,,,,
su55,denis-shapovalov,Denis Shapovalov,2025,all,377,302,59,72,49,319,60,599,79,63,31,51,333,46,589,26,38,51
su55,denis-shapovalov,Denis Shapovalov,2025,Hard,312,233,58,73,49,246,61,452,79,63,32,52,256,47,441,27,39,51
su55,denis-shapovalov,Denis Shapovalov,2025,Clay,39,37,60,71,51,34,56,84,82,63,32,46,49,39,85,22,37,50
su55,denis-shapovalov,Denis Shapovalov,2025,Grass,26,32,57,66,49,39,56,63,73,58,27,46,28,46,63,21,35,47
su55,denis-shapovalov,Denis Shapovalov,2025,Carpet,,,,,,,,,,,,,,,,,,
su55,denis-shapovalov,Denis Shapovalov,2024,all,346,276,59,77,50,243,66,559,85,66,29,47,290,37,559,19,36,51
su55,denis-shapovalov,Denis Shapovalov,2024,Hard,234,152,61,78,50,115,63,323,87,67,31,48,199,35,324,21,37,52
su55,denis-shapovalov,Denis Shapovalov,2024,Clay,75,78,57,75,47,92,70,150,81,63,28,44,63,44,150,19,34,49
su55,denis-shapovalov,Denis Shapovalov,2024,Grass,37,46,60,79,54,36,67,86,86,69,22,43,28,39,85,13,30,50
su55,denis-shapovalov,Denis Shapovalov,2024,Carpet,,,,,,,,,,,,,,,,,,
su55,denis-shapovalov,Denis Shapovalov,2023,all,226,209,56,75,50,186,60,373,80,64,29,48,194,41,374,21,36,50
su55,denis-shapovalov,Denis Shapovalov,2023,Hard,121,105,55,75,49,86,56,176,78,63,30,52,109,40,178,25,37,50
su55,denis-shapovalov,Denis Shapovalov,2023,Clay,40,50,57,72,52,47,64,90,81,63,30,39,39,36,90,16,33,48
su55,denis-shapovalov,Denis Shapovalov,2023,Grass,65,54,58,78,50,53,64,107,82,66,29,49,46,46,106,20,36,51
su55,denis-shapovalov,Denis Shapovalov,2023,Carpet,,,,,,,,,,,,,,,,,,
mu94,jaume-munar,Jaume Munar,all,all,1087,884,64,69,48,2179,58,3571,75,61,32,50,2265,38,3553,24,39,50
mu94,jaume-munar,Jaume Munar,all,Hard,582,354,63,70,49,842,59,1494,77,62,30,50,837,37,1472,21,37,50
mu94,jaume-munar,Jaume Munar,all,Clay,394,431,65,67,47,1177,58,1780,72,60,35,50,1280,39,1788,28,41,50
mu94,jaume-munar,Jaume Munar,all,Grass,111,99,62,71,49,160,56,297,76,63,27,48,148,32,293,16,35,49
mu94,jaume-munar,Jaume Munar,all,Carpet,,,,,,,,,,,,,,,,,,
mu94,jaume-munar,Jaume Munar,2026,all,81,31,62,74,52,71,58,163,82,66,28,45,84,33,162,17,35,50
mu94,jaume-munar,Jaume Munar,2026,Hard,81,26,61,77,54,51,59,141,85,68,29,45,78,32,139,18,35,51
mu94,jaume-munar,Jaume Munar,2026,Clay,0,5,70,59,38,20,55,22,59,53,24,43,6,50,23,13,33,44
mu94,jaume-munar,Jaume Munar,2026,Grass,,,,,,,,,,,,,,,,,,
mu94,jaume-munar,Jaume Munar,2026,Carpet,,,,,,,,,,,,,,,,,,
mu94,jaume-munar,Jaume Munar,2025,all,229,166,64,72,51,319,58,688,81,64,31,52,419,41,685,25,39,51
mu94,jaume-munar,Jaume Munar,2025,Hard,150,85,64,72,53,193,58,433,81,65,30,53,250,42,422,25,38,52
mu94,jaume-munar,Jaume Munar,2025,Clay,45,50,63,72,46,91,63,165,79,62,34,50,125,41,172,30,40,51
mu94,jaume-munar,Jaume Munar,2025,Grass,34,31,63,73,50,35,49,90,80,65,29,51,44,36,91,18,37,51
mu94,jaume-munar,Jaume Munar,2025,Carpet,,,,,,,,,,,,,,,,,,
mu94,jaume-munar,Jaume Munar,2024,all,125,133,64,68,47,301,59,442,72,60,34,52,318,38,440,27,41,50
mu94,jaume-munar,Jaume Munar,2024,Hard,46,43,64,69,44,99,60,149,73,60,31,53,87,40,146,24,39,49
mu94,jaume-munar,Jaume Munar,2024,Clay,56,71,66,66,49,175,60,244,71,60,38,51,198,38,246,31,43,51
mu94,jaume-munar,Jaume Munar,2024,Grass,23,19,60,76,44,27,56,49,76,63,27,51,33,27,48,19,37,50
mu94,jaume-munar,Jaume Munar,2024,Carpet,,,,,,,,,,,,,,,,,,
mu94,jaume-munar,Jaume Munar,2023,all,83,101,68,65,45,263,54,393,69,59,33,49,241,42,393,26,39,49
mu94,jaume-munar,Jaume Munar,2023,Hard,35,23,66,69,44,53,49,94,71,60,25,44,41,34,95,15,33,46
mu94,jaume-munar,Jaume Munar,2023,Clay,43,65,69,64,45,184,53,266,67,58,36,50,186,44,266,31,42,50
mu94,jaume-munar,Jaume Munar,2023,Grass,5,13,65,64,48,26,69,33,76,58,25,55,14,36,32,16,37,48
mu94,jaume-munar,Jaume Munar,2023,Carpet,,,,,,,,,,,,,,,,,,
bu13,zizou-bergs,Zizou Bergs,all,all,785,457,60,72,51,799,61,1464,79,64,28,49,754,37,1477,19,36,50
bu13,zizou-bergs,Zizou Bergs,all,Hard,544,274,59,72,52,506,61,963,79,64,27,50,484,38,975,19,36,50
bu13,zizou-bergs,Zizou Bergs,all,Clay,159,109,63,69,50,192,60,330,77,62,31,48,186,40,330,23,38,50
bu13,zizou-bergs,Zizou Bergs,all,Grass,82,74,58,73,50,101,67,171,81,64,28,46,84,27,172,13,35,49
bu13,zizou-bergs,Zizou Bergs,all,Carpet,,,,,,,,,,,,,,,,,,
bu13,zizou-bergs,Zizou Bergs,2026,all,134,77,56,72,55,107,64,218,83,64,26,48,104,37,214,18,35,50
bu13,zizou-bergs,Zizou Bergs,2026,Hard,105,49,57,73,56,74,69,158,85,66,24,49,74,30,155,14,33,50
bu13,zizou-bergs,Zizou Bergs,2026,Clay,29,28,55,69,51,33,55,60,75,61,34,45,30,53,59,27,38,50
bu13,zizou-bergs,Zizou Bergs,2026,Grass,,,,,,,,,,,,,,,,,,
bu13,zizou-bergs,Zizou Bergs,2026,Carpet,,,,,,,,,,,,,,,,,,
bu13,zizou-bergs,Zizou Bergs,2025,all,343,222,58,72,51,336,60,614,78,63,29,50,341,38,620,21,37,50
bu13,zizou-bergs,Zizou Bergs,2025,Hard,258,132,58,73,51,229,58,435,78,64,29,52,239,42,440,23,37,50
bu13,zizou-bergs,Zizou Bergs,2025,Clay,24,25,61,69,51,33,48,70,76,62,31,43,38,37,72,19,35,48
bu13,zizou-bergs,Zizou Bergs,2025,Grass,61,65,54,72,50,74,69,109,79,62,30,46,64,27,108,16,36,49
bu13,zizou-bergs,Zizou Bergs,2025,Carpet,,,,,,,,,,,,,,,,,,
bu13,zizou-bergs,Zizou Bergs,2024,all,193,99,62,72,52,226,63,396,79,64,28,50,205,36,407,18,36,50
bu13,zizou-bergs,Zizou Bergs,2024,Hard,111,64,60,71,52,127,61,231,78,63,27,49,116,35,238,17,36,49
bu13,zizou-bergs,Zizou Bergs,2024,Clay,68,28,66,70,52,77,65,119,77,63,30,54,73,37,121,22,39,51
bu13,zizou-bergs,Zizou Bergs,2024,Grass,14,7,66,78,52,22,68,46,85,69,22,48,16,31,48,10,33,50
bu13,zizou-bergs,Zizou Bergs,2024,Carpet,,,,,,,,,,,,,,,,,,
bu13,zizou-bergs,Zizou Bergs,2023,all,73,38,65,71,49,70,56,140,78,63,29,41,66,30,139,14,34,49
bu13,zizou-bergs,Zizou Bergs,2023,Hard,42,21,62,70,50,42,50,82,74,63,28,40,33,27,83,11,32,47
bu13,zizou-bergs,Zizou Bergs,2023,Clay,31,17,68,72,49,28,64,58,83,64,32,42,33,33,56,20,36,50
bu13,zizou-bergs,Zizou Bergs,2023,Grass,,,,,,,,,,,,,,,,,,
bu13,zizou-bergs,Zizou Bergs,2023,Carpet,,,,,,,,,,,,,,,,,,
r0dg,holger-rune,Holger Rune,all,all,1442,889,62,72,53,1602,63,3371,83,65,29,50,1801,40,3376,21,37,51
r0dg,holger-rune,Holger Rune,all,Hard,993,521,62,73,54,845,62,1950,83,66,28,51,997,40,1949,21,36,51
r0dg,holger-rune,Holger Rune,all,Clay,266,277,62,70,52,618,64,1100,80,63,32,50,674,41,1106,25,39,51
r0dg,holger-rune,Holger Rune,all,Grass,183,91,63,77,53,139,73,321,88,68,26,44,130,35,321,14,32,50
r0dg,holger-rune,Holger Rune,all,Carpet,,,,,,,,,,,,,,,,,,
r0dg,holger-rune,Holger Rune,2026,all,,,,,,,,,,,,,,,,,,
r0dg,holger-rune,Holger Rune,2026,Hard,,,,,,,,,,,,,,,,,,
r0dg,holger-rune,Holger Rune,2026,Clay,,,,,,,,,,,,,,,,,,
r0dg,holger-rune,Holger Rune,2026,Grass,,,,,,,,,,,,,,,,,,
r0dg,holger-rune,Holger Rune,2026,Carpet,,,,,,,,,,,,,,,,,,
r0dg,holger-rune,Holger Rune,2025,all,282,152,62,72,53,324,63,692,83,65,30,50,367,42,690,22,37,51
r0dg,holger-rune,Holger Rune,2025,Hard,212,104,62,73,53,188,57,449,82,66,30,50,246,41,448,22,38,51
r0dg,holger-rune,Holger Rune,2025,Clay,36,26,64,68,54,105,70,181,83,63,31,52,101,45,180,25,39,51
r0dg,holger-rune,Holger Rune,2025,Grass,34,22,59,79,50,31,74,62,87,67,24,44,20,50,62,16,30,50
r0dg,holger-rune,Holger Rune,2025,Carpet,,,,,,,,,,,,,,,,,,
r0dg,holger-rune,Holger Rune,2024,all,456,194,60,74,55,383,66,859,85,66,27,49,428,38,856,19,35,51
r0dg,holger-rune,Holger Rune,2024,Hard,319,128,60,75,56,226,65,543,85,67,26,50,276,38,540,19,35,51
r0dg,holger-rune,Holger Rune,2024,Clay,77,49,60,71,53,127,65,233,81,64,30,46,114,39,232,19,36,50
r0dg,holger-rune,Holger Rune,2024,Grass,60,17,62,79,59,30,73,83,90,71,25,44,38,34,84,15,32,51
r0dg,holger-rune,Holger Rune,2024,Carpet,,,,,,,,,,,,,,,,,,
r0dg,holger-rune,Holger Rune,2023,all,359,259,62,72,53,395,64,833,83,65,29,49,453,39,830,21,37,51
r0dg,holger-rune,Holger Rune,2023,Hard,225,129,63,72,53,198,61,425,82,65,27,49,209,40,424,20,35,50
r0dg,holger-rune,Holger Rune,2023,Clay,63,88,60,71,53,143,65,271,82,64,33,51,183,40,273,27,40,52
r0dg,holger-rune,Holger Rune,2023,Grass,71,42,64,77,53,54,72,137,89,68,26,48,61,33,133,15,34,51
r0dg,holger-rune,Holger Rune,2023,Carpet,,,,,,,,,,,,,,,,,,
m0fh,tomas-machac,Tomas Machac,all,all,772,389,62,70,52,930,61,1745,79,63,28,51,929,42,1756,22,37,50
m0fh,tomas-machac,Tomas Machac,all,Hard,584,272,62,72,52,610,64,1204,82,64,27,50,620,41,1214,21,36,50
m0fh,tomas-machac,Tomas Machac,all,Clay,117,92,62,66,50,242,57,392,73,60,32,53,224,46,394,26,40,50
m0fh,tomas-machac,Tomas Machac,all,Grass,71,25,65,66,54,78,53,149,75,61,26,53,85,40,148,23,37,49
m0fh,tomas-machac,Tomas Machac,all,Carpet,,,,,,,,,,,,,,,,,,
m0fh,tomas-machac,Tomas Machac,2026,all,110,55,63,69,52,143,59,276,79,62,29,49,141,41,281,21,37,50
m0fh,tomas-machac,Tomas Machac,2026,Hard,83,28,64,71,52,83,66,171,84,64,27,49,82,43,176,20,35,50
m0fh,tomas-machac,Tomas Machac,2026,Clay,27,27,61,66,50,60,50,105,71,60,32,50,59,39,105,22,39,49
m0fh,tomas-machac,Tomas Machac,2026,Grass,,,,,,,,,,,,,,,,,,
m0fh,tomas-machac,Tomas Machac,2026,Carpet,,,,,,,,,,,,,,,,,,
m0fh,tomas-machac,Tomas Machac,2025,all,267,137,61,73,53,229,59,504,81,65,27,50,242,46,507,22,36,51
m0fh,tomas-machac,Tomas Machac,2025,Hard,190,98,61,73,54,160,63,343,83,66,27,50,165,45,347,22,36,51
m0fh,tomas-machac,Tomas Machac,2025,Clay,31,23,58,68,47,47,47,83,70,59,29,50,42,48,83,24,38,49
m0fh,tomas-machac,Tomas Machac,2025,Grass,46,16,64,74,58,22,55,78,87,68,26,50,35,46,77,21,36,52
m0fh,tomas-machac,Tomas Machac,2025,Carpet,,,,,,,,,,,,,,,,,,
m0fh,tomas-machac,Tomas Machac,2024,all,256,140,62,71,51,327,60,634,79,63,29,51,364,42,633,24,38,51
m0fh,tomas-machac,Tomas Machac,2024,Hard,195,100,61,74,52,205,64,427,83,65,28,49,228,40,425,22,36,51
m0fh,tomas-machac,Tomas Machac,2024,Clay,49,36,63,67,50,87,55,154,75,61,34,56,94,50,155,30,42,51
m0fh,tomas-machac,Tomas Machac,2024,Grass,12,4,66,59,50,35,43,53,62,56,27,56,42,36,53,28,38,47
m0fh,tomas-machac,Tomas Machac,2024,Carpet,,,,,,,,,,,,,,,,,,
m0fh,tomas-machac,Tomas Machac,2023,all,69,28,62,68,48,105,69,146,77,61,29,50,83,37,148,21,37,49
m0fh,tomas-machac,Tomas Machac,2023,Hard,48,21,61,71,48,63,65,102,78,62,30,48,60,38,103,22,37,49
m0fh,tomas-machac,Tomas Machac,2023,Clay,8,2,62,66,54,21,81,26,85,62,28,53,15,33,27,19,36,50
m0fh,tomas-machac,Tomas Machac,2023,Grass,13,5,64,57,44,21,67,18,61,53,23,59,8,38,18,17,36,45
m0fh,tomas-machac,Tomas Machac,2023,Carpet,,,,,,,,,,,,,,,,,,
m0qi,alex-michelsen,Alex Michelsen,all,all,758,373,67,70,51,962,61,1839,80,64,28,50,986,38,1824,20,36,50
m0qi,alex-michelsen,Alex Michelsen,all,Hard,576,265,67,71,50,661,62,1285,80,64,28,50,710,38,1267,21,37,50
m0qi,alex-michelsen,Alex Michelsen,all,Clay,59,57,68,63,47,175,56,236,67,58,31,45,124,37,239,19,36,47
m0qi,alex-michelsen,Alex Michelsen,all,Grass,123,51,68,73,56,126,63,318,86,67,24,52,152,36,318,17,35,51
m0qi,alex-michelsen,Alex Michelsen,all,Carpet,,,,,,,,,,,,,,,,,,
m0qi,alex-michelsen,Alex Michelsen,2026,all,151,50,67,73,53,144,69,288,84,67,26,50,143,32,283,16,35,51
m0qi,alex-michelsen,Alex Michelsen,2026,Hard,140,34,68,74,54,115,71,242,86,68,26,51,115,32,237,16,35,51
m0qi,alex-michelsen,Alex Michelsen,2026,Clay,11,16,63,68,48,29,59,46,74,61,30,49,28,32,46,20,37,49
m0qi,alex-michelsen,Alex Michelsen,2026,Grass,,,,,,,,,,,,,,,,,,
m0qi,alex-michelsen,Alex Michelsen,2026,Carpet,,,,,,,,,,,,,,,,,,
m0qi,alex-michelsen,Alex Michelsen,2025,all,251,148,66,70,49,323,57,610,77,63,28,50,344,35,611,20,37,49
m0qi,alex-michelsen,Alex Michelsen,2025,Hard,171,102,66,70,49,215,56,414,77,63,29,51,247,35,413,21,38,50
m0qi,alex-michelsen,Alex Michelsen,2025,Clay,23,19,67,66,44,60,60,79,70,59,30,46,48,35,82,21,36,47
m0qi,alex-michelsen,Alex Michelsen,2025,Grass,57,27,65,72,53,48,58,117,83,66,25,50,49,39,116,16,34,50
m0qi,alex-michelsen,Alex Michelsen,2025,Carpet,,,,,,,,,,,,,,,,,,
m0qi,alex-michelsen,Alex Michelsen,2024,all,262,144,68,69,51,392,61,734,79,63,29,51,402,41,723,23,37,51
m0qi,alex-michelsen,Alex Michelsen,2024,Hard,201,110,66,70,51,255,63,496,81,64,30,51,290,43,486,26,38,51
m0qi,alex-michelsen,Alex Michelsen,2024,Clay,25,22,72,60,50,86,52,111,63,57,31,43,48,42,111,18,36,47
m0qi,alex-michelsen,Alex Michelsen,2024,Grass,36,12,72,72,55,51,67,127,87,68,22,55,64,33,126,17,34,51
m0qi,alex-michelsen,Alex Michelsen,2024,Carpet,,,,,,,,,,,,,,,,,,
m0qi,alex-michelsen,Alex Michelsen,2023,all,68,26,68,70,54,83,63,166,81,65,25,49,81,36,168,17,34,49
m0qi,alex-michelsen,Alex Michelsen,2023,Hard,38,14,70,67,50,56,61,92,76,62,25,47,42,36,92,16,33,47
m0qi,alex-michelsen,Alex Michelsen,2023,Clay,,,,,,,,,,,,,,,,,,
m0qi,alex-michelsen,Alex Michelsen,2023,Grass,30,12,65,73,59,27,67,74,88,68,26,52,39,36,76,18,36,52
m0qi,alex-michelsen,Alex Michelsen,2023,Carpet,,,,,,,,,,,,,,,,,,
k0ah,sebastian-korda,Sebastian Korda,all,all,1882,584,63,73,52,1546,63,3186,82,65,30,51,1805,40,3158,23,38,51
k0ah,sebastian-korda,Sebastian Korda,all,Hard,1423,399,63,74,52,1032,64,2201,83,66,29,51,1193,41,2182,22,37,51
k0ah,sebastian-korda,Sebastian Korda,all,Clay,249,121,62,69,51,370,61,633,77,62,32,50,399,41,627,26,39,50
k0ah,sebastian-korda,Sebastian Korda,all,Grass,210,64,63,75,53,144,61,352,84,67,28,51,213,33,349,20,37,51
k0ah,sebastian-korda,Sebastian Korda,all,Carpet,,,,,,,,,,,,,,,,,,
k0ah,sebastian-korda,Sebastian Korda,2026,all,174,34,63,80,54,61,59,221,89,70,32,50,124,39,216,22,38,53
k0ah,sebastian-korda,Sebastian Korda,2026,Hard,174,34,63,80,54,61,59,221,89,70,32,50,124,39,216,22,38,53
k0ah,sebastian-korda,Sebastian Korda,2026,Clay,,,,,,,,,,,,,,,,,,
k0ah,sebastian-korda,Sebastian Korda,2026,Grass,,,,,,,,,,,,,,,,,,
k0ah,sebastian-korda,Sebastian Korda,2026,Carpet,,,,,,,,,,,,,,,,,,
k0ah,sebastian-korda,Sebastian Korda,2025,all,360,99,60,74,53,230,64,506,84,66,28,49,245,39,499,19,36,51
k0ah,sebastian-korda,Sebastian Korda,2025,Hard,306,80,60,75,52,170,64,384,84,66,27,49,189,37,379,18,35,50
k0ah,sebastian-korda,Sebastian Korda,2025,Clay,54,19,61,70,58,60,65,122,83,65,30,46,56,45,120,21,36,51
k0ah,sebastian-korda,Sebastian Korda,2025,Grass,,,,,,,,,,,,,,,,,,
k0ah,sebastian-korda,Sebastian Korda,2025,Carpet,,,,,,,,,,,,,,,,,,
k0ah,sebastian-korda,Sebastian Korda,2024,all,358,82,60,74,52,259,61,564,82,66,28,52,326,38,563,22,37,51
k0ah,sebastian-korda,Sebastian Korda,2024,Hard,222,52,60,75,52,149,62,308,82,66,28,54,175,42,305,24,38,51
k0ah,sebastian-korda,Sebastian Korda,2024,Clay,58,13,59,68,53,66,58,124,77,62,33,45,75,37,125,22,37,49
k0ah,sebastian-korda,Sebastian Korda,2024,Grass,78,17,62,80,55,44,64,132,88,70,24,54,76,32,133,18,36,52
k0ah,sebastian-korda,Sebastian Korda,2024,Carpet,,,,,,,,,,,,,,,,,,
k0ah,sebastian-korda,Sebastian Korda,2023,all,355,93,62,74,54,225,64,517,84,67,26,51,253,41,520,20,36,51
k0ah,sebastian-korda,Sebastian Korda,2023,Hard,273,66,63,75,55,170,66,402,86,68,26,51,183,44,405,20,36,52
k0ah,sebastian-korda,Sebastian Korda,2023,Clay,19,11,62,63,48,37,54,54,69,57,26,59,42,36,53,28,40,48
k0ah,sebastian-korda,Sebastian Korda,2023,Grass,63,16,61,80,52,18,56,61,87,69,26,47,28,29,62,13,34,51
k0ah,sebastian-korda,Sebastian Korda,2023,Carpet,,,,,,,,,,,,,,,,,,
n0bs,mariano-navone,Mariano Navone,all,all,232,248,66,64,49,840,57,1205,70,59,34,52,810,43,1206,29,41,50
n0bs,mariano-navone,Mariano Navone,all,Hard,136,112,61,67,49,280,58,425,72,60,28,48,227,36,427,19,36,48
n0bs,mariano-navone,Mariano Navone,all,Clay,76,122,69,62,49,517,57,710,69,58,38,55,558,46,710,36,44,51
n0bs,mariano-navone,Mariano Navone,all,Grass,20,14,61,68,47,43,56,70,73,60,26,45,25,44,69,16,33,47
n0bs,mariano-navone,Mariano Navone,all,Carpet,,,,,,,,,,,,,,,,,,
n0bs,mariano-navone,Mariano Navone,2026,all,29,53,70,64,46,157,55,227,69,58,34,52,154,44,227,30,41,50
n0bs,mariano-navone,Mariano Navone,2026,Hard,24,18,68,66,47,62,63,80,71,60,25,46,33,33,78,14,34,47
n0bs,mariano-navone,Mariano Navone,2026,Clay,5,35,72,62,45,95,49,147,67,58,39,55,121,47,149,38,45,51
n0bs,mariano-navone,Mariano Navone,2026,Grass,,,,,,,,,,,,,,,,,,
n0bs,mariano-navone,Mariano Navone,2026,Carpet,,,,,,,,,,,,,,,,,,
n0bs,mariano-navone,Mariano Navone,2025,all,102,105,64,65,52,328,59,509,73,61,34,51,343,42,506,28,41,50
n0bs,mariano-navone,Mariano Navone,2025,Hard,58,57,61,67,50,107,51,193,73,60,31,49,125,37,195,24,39,49
n0bs,mariano-navone,Mariano Navone,2025,Clay,38,40,67,64,54,204,63,280,73,60,36,54,198,45,275,32,42,51
n0bs,mariano-navone,Mariano Navone,2025,Grass,6,8,61,71,52,17,53,36,78,64,32,53,20,45,36,25,40,51
n0bs,mariano-navone,Mariano Navone,2025,Carpet,,,,,,,,,,,,,,,,,,
n0bs,mariano-navone,Mariano Navone,2024,all,101,90,65,63,47,355,57,469,67,58,33,52,313,43,473,29,40,49
n0bs,mariano-navone,Mariano Navone,2024,Hard,54,37,57,68,49,111,61,152,72,60,26,48,69,35,154,16,34,47
n0bs,mariano-navone,Mariano Navone,2024,Clay,33,47,70,61,47,218,55,283,65,57,38,55,239,46,286,38,45,51
n0bs,mariano-navone,Mariano Navone,2024,Grass,14,6,61,65,42,26,58,34,68,56,19,31,5,40,33,6,22,41
n0bs,mariano-navone,Mariano Navone,2024,Carpet,,,,,,,,,,,,,,,,,,
n0bs,mariano-navone,Mariano Navone,2023,all,,,,,,,,,,,,,,,,,,
n0bs,mariano-navone,Mariano Navone,2023,Hard,,,,,,,,,,,,,,,,,,
n0bs,mariano-navone,Mariano Navone,2023,Clay,,,,,,,,,,,,,,,,,,
n0bs,mariano-navone,Mariano Navone,2023,Grass,,,,,,,,,,,,,,,,,,
n0bs,mariano-navone,Mariano Navone,2023,Carpet,,,,,,,,,,,,,,,,,,
me82,adrian-mannarino,Adrian Mannarino,all,all,3225,1692,60,70,51,4792,60,8246,76,62,28,50,4349,41,8320,22,37,49
me82,adrian-mannarino,Adrian Mannarino,all,Hard,2354,1164,60,71,51,3192,60,5693,78,63,28,50,3032,41,5737,22,37,50
me82,adrian-mannarino,Adrian Mannarino,all,Clay,221,189,60,62,47,761,54,980,64,56,29,47,495,40,986,20,36,46
me82,adrian-mannarino,Adrian Mannarino,all,Grass,650,339,62,71,53,839,63,1573,80,64,27,51,822,42,1597,22,36,50
me82,adrian-mannarino,Adrian Mannarino,all,Carpet,,,,,,,,,,,,,,,,,,
me82,adrian-mannarino,Adrian Mannarino,2026,all,96,33,63,70,48,112,56,209,77,62,24,49,82,39,212,15,33,47
me82,adrian-mannarino,Adrian Mannarino,2026,Hard,90,26,62,73,49,81,58,169,80,64,23,48,61,44,170,16,32,48
me82,adrian-mannarino,Adrian Mannarino,2026,Clay,6,7,67,59,43,31,52,40,63,54,27,50,21,24,42,12,35,44
me82,adrian-mannarino,Adrian Mannarino,2026,Grass,,,,,,,,,,,,,,,,,,
me82,adrian-mannarino,Adrian Mannarino,2026,Carpet,,,,,,,,,,,,,,,,,,
me82,adrian-mannarino,Adrian Mannarino,2025,all,151,54,59,72,53,203,66,353,80,64,28,50,189,40,360,21,36,50
me82,adrian-mannarino,Adrian Mannarino,2025,Hard,114,45,57,73,52,144,65,259,80,64,26,50,124,44,265,20,36,50
me82,adrian-mannarino,Adrian Mannarino,2025,Clay,3,3,66,61,48,30,70,26,65,56,37,48,12,58,25,28,41,49
me82,adrian-mannarino,Adrian Mannarino,2025,Grass,34,6,61,75,56,29,69,68,87,68,29,49,53,26,70,20,37,52
me82,adrian-mannarino,Adrian Mannarino,2025,Carpet,,,,,,,,,,,,,,,,,,
me82,adrian-mannarino,Adrian Mannarino,2024,all,205,107,59,68,51,350,58,572,74,61,25,48,268,38,582,17,34,47
me82,adrian-mannarino,Adrian Mannarino,2024,Hard,172,87,60,69,51,266,59,455,76,62,26,49,235,36,459,19,35,48
me82,adrian-mannarino,Adrian Mannarino,2024,Clay,11,4,52,60,46,36,47,42,55,53,26,38,14,36,44,11,30,42
me82,adrian-mannarino,Adrian Mannarino,2024,Grass,22,16,60,65,53,48,60,75,75,60,22,50,19,58,79,14,31,46
me82,adrian-mannarino,Adrian Mannarino,2024,Carpet,,,,,,,,,,,,,,,,,,
me82,adrian-mannarino,Adrian Mannarino,2023,all,317,144,61,71,53,393,61,771,80,64,29,52,421,47,777,26,38,51
me82,adrian-mannarino,Adrian Mannarino,2023,Hard,244,81,61,72,54,237,60,528,82,65,29,52,285,46,529,25,38,51
me82,adrian-mannarino,Adrian Mannarino,2023,Clay,11,11,56,65,40,57,60,52,56,54,26,53,25,44,52,21,36,46
me82,adrian-mannarino,Adrian Mannarino,2023,Grass,62,52,61,70,55,99,63,191,81,64,31,52,111,51,196,29,39,52
me82,adrian-mannarino,Adrian Mannarino,2023,Carpet,,,,,,,,,,,,,,,,,,
d0f6,gabriel-diallo,Gabriel Diallo,all,all,711,235,67,72,48,513,60,1073,81,64,27,46,494,38,1060,18,34,50
d0f6,gabriel-diallo,Gabriel Diallo,all,Hard,476,163,68,73,46,330,59,689,80,64,26,46,311,37,685,17,34,49
d0f6,gabriel-diallo,Gabriel Diallo,all,Clay,88,35,67,69,51,108,55,209,77,63,32,48,119,38,203,22,38,50
d0f6,gabriel-diallo,Gabriel Diallo,all,Grass,147,37,65,76,52,75,72,175,88,68,26,43,64,44,172,16,33,51
d0f6,gabriel-diallo,Gabriel Diallo,all,Carpet,,,,,,,,,,,,,,,,,,
d0f6,gabriel-diallo,Gabriel Diallo,2026,all,105,39,68,70,44,93,53,178,75,62,25,46,73,33,177,14,33,48
d0f6,gabriel-diallo,Gabriel Diallo,2026,Hard,91,31,69,74,46,54,54,136,82,65,23,45,43,35,138,11,31,48
d0f6,gabriel-diallo,Gabriel Diallo,2026,Clay,14,8,66,59,40,39,51,42,55,53,31,50,30,30,39,23,39,46
d0f6,gabriel-diallo,Gabriel Diallo,2026,Grass,,,,,,,,,,,,,,,,,,
d0f6,gabriel-diallo,Gabriel Diallo,2026,Carpet,,,,,,,,,,,,,,,,,,
d0f6,gabriel-diallo,Gabriel Diallo,2025,all,440,132,67,74,50,278,63,641,84,66,27,46,288,39,631,18,34,50
d0f6,gabriel-diallo,Gabriel Diallo,2025,Hard,245,84,67,74,46,170,61,346,81,65,26,46,158,37,341,17,34,49
d0f6,gabriel-diallo,Gabriel Diallo,2025,Clay,59,22,67,72,56,51,53,141,83,67,30,47,75,37,138,20,36,51
d0f6,gabriel-diallo,Gabriel Diallo,2025,Grass,136,26,68,77,55,57,75,154,91,70,26,43,55,47,152,17,33,52
d0f6,gabriel-diallo,Gabriel Diallo,2025,Carpet,,,,,,,,,,,,,,,,,,
d0f6,gabriel-diallo,Gabriel Diallo,2024,all,125,39,67,70,45,103,62,192,80,62,32,45,111,37,191,21,37,50
d0f6,gabriel-diallo,Gabriel Diallo,2024,Hard,103,28,68,71,44,77,60,154,80,62,31,45,89,36,153,21,36,50
d0f6,gabriel-diallo,Gabriel Diallo,2024,Clay,15,5,68,70,42,18,67,26,77,61,42,47,14,57,26,31,44,52
d0f6,gabriel-diallo,Gabriel Diallo,2024,Grass,7,6,53,69,50,8,75,12,83,60,30,39,8,13,12,8,34,48
d0f6,gabriel-diallo,Gabriel Diallo,2024,Carpet,,,,,,,,,,,,,,,,,,
d0f6,gabriel-diallo,Gabriel Diallo,2023,all,41,25,62,69,46,39,51,62,69,61,22,51,22,45,61,16,33,47
d0f6,gabriel-diallo,Gabriel Diallo,2023,Hard,37,20,65,69,51,29,52,53,74,63,24,52,21,43,53,17,34,48
d0f6,gabriel-diallo,Gabriel Diallo,2023,Clay,,,,,,,,,,,,,,,,,,
d0f6,gabriel-diallo,Gabriel Diallo,2023,Grass,4,5,52,68,31,10,50,9,44,51,8,47,1,100,8,13,23,41
d0f6,gabriel-diallo,Gabriel Diallo,2023,Carpet,,,,,,,,,,,,,,,,,,
c977,marin-cilic,Marin Cilic,all,all,8521,2761,57,77,52,5279,64,11682,84,66,30,50,6682,38,11537,22,38,52
c977,marin-cilic,Marin Cilic,all,Hard,5489,1786,56,77,52,3202,64,7301,84,66,29,50,4214,38,7210,22,37,52
c977,marin-cilic,Marin Cilic,all,Clay,1438,572,56,74,52,1387,64,2576,81,64,33,50,1557,42,2552,26,39,52
c977,marin-cilic,Marin Cilic,all,Grass,1542,382,60,80,53,634,68,1716,88,69,28,49,875,35,1688,18,36,52
c977,marin-cilic,Marin Cilic,all,Carpet,52,21,54,73,51,56,66,89,79,63,27,45,36,39,87,16,33,49
c977,marin-cilic,Marin Cilic,2026,all,201,55,58,81,49,82,67,214,87,67,24,54,93,43,211,19,35,51
c977,marin-cilic,Marin Cilic,2026,Hard,181,47,58,83,49,63,71,173,90,69,23,56,73,41,169,18,35,52
c977,marin-cilic,Marin Cilic,2026,Clay,20,8,56,72,50,19,53,41,78,63,30,45,20,50,42,24,35,50
c977,marin-cilic,Marin Cilic,2026,Grass,,,,,,,,,,,,,,,,,,
c977,marin-cilic,Marin Cilic,2026,Carpet,,,,,,,,,,,,,,,,,,
c977,marin-cilic,Marin Cilic,2025,all,165,53,58,76,50,108,62,249,84,65,22,47,91,32,246,12,31,49
c977,marin-cilic,Marin Cilic,2025,Hard,93,38,58,77,49,67,64,157,85,65,19,47,45,33,153,10,29,48
c977,marin-cilic,Marin Cilic,2025,Clay,7,7,45,62,45,14,36,20,55,53,30,29,8,0,21,0,29,41
c977,marin-cilic,Marin Cilic,2025,Grass,65,8,61,75,55,27,70,72,89,67,25,52,38,37,72,19,35,51
c977,marin-cilic,Marin Cilic,2025,Carpet,,,,,,,,,,,,,,,,,,
c977,marin-cilic,Marin Cilic,2024,all,170,56,56,77,50,91,64,178,81,65,24,49,65,49,174,18,33,50
c977,marin-cilic,Marin Cilic,2024,Hard,167,52,56,79,50,82,66,165,83,66,24,50,60,52,162,19,34,50
c977,marin-cilic,Marin Cilic,2024,Clay,3,4,57,63,47,9,44,13,62,56,23,27,5,20,12,8,25,42
c977,marin-cilic,Marin Cilic,2024,Grass,,,,,,,,,,,,,,,,,,
c977,marin-cilic,Marin Cilic,2024,Carpet,,,,,,,,,,,,,,,,,,
c977,marin-cilic,Marin Cilic,2023,all,19,6,66,73,43,11,64,23,83,63,31,40,10,30,21,14,35,50
c977,marin-cilic,Marin Cilic,2023,Hard,16,3,71,83,41,3,67,13,92,71,35,47,7,43,12,25,41,56
c977,marin-cilic,Marin Cilic,2023,Clay,3,3,60,60,45,8,63,10,70,54,26,29,3,0,9,0,27,43
c977,marin-cilic,Marin Cilic,2023,Grass,,,,,,,,,,,,,,,,,,
c977,marin-cilic,Marin Cilic,2023,Carpet,,,,,,,,,,,,,,,,,,
q02l,ethan-quinn,Ethan Quinn,all,all,349,157,62,71,49,356,63,622,79,63,27,46,266,39,627,17,34,49
q02l,ethan-quinn,Ethan Quinn,all,Hard,227,95,61,73,48,196,62,364,80,64,27,43,137,36,363,14,33,48
q02l,ethan-quinn,Ethan Quinn,all,Clay,72,39,62,69,49,99,63,161,77,62,26,50,75,36,166,16,34,48
q02l,ethan-quinn,Ethan Quinn,all,Grass,50,23,64,69,51,61,64,97,77,62,33,49,54,50,98,28,39,51
q02l,ethan-quinn,Ethan Quinn,all,Carpet,,,,,,,,,,,,,,,,,,
q02l,ethan-quinn,Ethan Quinn,2026,all,112,42,63,76,48,77,65,173,84,66,24,45,76,34,174,15,32,49
q02l,ethan-quinn,Ethan Quinn,2026,Hard,83,33,62,75,50,63,67,127,83,66,26,46,59,39,126,18,34,50
q02l,ethan-quinn,Ethan Quinn,2026,Clay,29,9,65,77,45,14,57,46,87,65,20,43,17,18,48,6,29,48
q02l,ethan-quinn,Ethan Quinn,2026,Grass,,,,,,,,,,,,,,,,,,
q02l,ethan-quinn,Ethan Quinn,2026,Carpet,,,,,,,,,,,,,,,,,,
q02l,ethan-quinn,Ethan Quinn,2025,all,197,95,62,70,51,221,62,359,77,62,28,46,138,43,362,17,35,49
q02l,ethan-quinn,Ethan Quinn,2025,Hard,120,51,61,72,50,103,61,192,79,63,27,43,60,40,193,12,33,48
q02l,ethan-quinn,Ethan Quinn,2025,Clay,43,30,61,66,51,85,64,115,73,60,28,53,58,41,118,20,37,49
q02l,ethan-quinn,Ethan Quinn,2025,Grass,34,14,65,69,54,33,61,52,75,64,34,43,20,60,51,24,37,51
q02l,ethan-quinn,Ethan Quinn,2025,Carpet,,,,,,,,,,,,,,,,,,
q02l,ethan-quinn,Ethan Quinn,2024,all,18,11,62,70,44,29,69,47,81,60,30,47,34,29,50,20,36,48
q02l,ethan-quinn,Ethan Quinn,2024,Hard,10,6,61,71,36,15,67,19,74,57,26,36,9,11,20,5,29,44
q02l,ethan-quinn,Ethan Quinn,2024,Clay,,,,,,,,,,,,,,,,,,
q02l,ethan-quinn,Ethan Quinn,2024,Grass,8,5,63,70,50,14,71,28,86,62,32,54,25,36,30,30,40,51
q02l,ethan-quinn,Ethan Quinn,2024,Carpet,,,,,,,,,,,,,,,,,,
q02l,ethan-quinn,Ethan Quinn,2023,all,22,9,61,69,43,29,55,43,70,59,30,47,18,44,41,20,37,48
q02l,ethan-quinn,Ethan Quinn,2023,Hard,14,5,60,69,44,15,47,26,69,59,30,38,9,22,24,8,33,46
q02l,ethan-quinn,Ethan Quinn,2023,Clay,,,,,,,,,,,,,,,,,,
q02l,ethan-quinn,Ethan Quinn,2023,Grass,8,4,63,69,43,14,64,17,71,59,31,57,9,67,17,35,44,52
q02l,ethan-quinn,Ethan Quinn,2023,Carpet,,,,,,,,,,,,,,,,,,
m0ci,fabian-marozsan,Fabian Marozsan,all,all,649,317,65,70,51,881,59,1736,79,64,28,51,927,37,1706,20,36,50
m0ci,fabian-marozsan,Fabian Marozsan,all,Hard,473,214,65,71,50,566,60,1122,80,64,28,52,624,38,1102,22,37,50
m0ci,fabian-marozsan,Fabian Marozsan,all,Clay,103,72,64,69,54,227,57,463,79,64,30,49,253,36,453,20,37,50
m0ci,fabian-marozsan,Fabian Marozsan,all,Grass,73,31,65,69,51,88,58,151,75,62,23,47,50,34,151,11,31,47
m0ci,fabian-marozsan,Fabian Marozsan,all,Carpet,,,,,,,,,,,,,,,,,,
m0ci,fabian-marozsan,Fabian Marozsan,2026,all,87,44,67,69,53,137,57,289,80,64,29,47,151,33,286,17,36,50
m0ci,fabian-marozsan,Fabian Marozsan,2026,Hard,65,27,66,70,51,87,55,184,79,63,29,48,92,39,182,20,36,50
m0ci,fabian-marozsan,Fabian Marozsan,2026,Clay,22,17,67,69,58,50,60,105,81,65,30,46,59,24,104,13,35,50
m0ci,fabian-marozsan,Fabian Marozsan,2026,Grass,,,,,,,,,,,,,,,,,,
m0ci,fabian-marozsan,Fabian Marozsan,2026,Carpet,,,,,,,,,,,,,,,,,,
m0ci,fabian-marozsan,Fabian Marozsan,2025,all,250,117,64,71,53,296,65,610,83,65,27,50,322,35,598,19,36,50
m0ci,fabian-marozsan,Fabian Marozsan,2025,Hard,192,75,64,73,53,183,67,398,85,66,26,51,211,34,391,18,35,50
m0ci,fabian-marozsan,Fabian Marozsan,2025,Clay,39,29,62,70,52,81,63,150,80,63,31,48,84,38,147,22,37,50
m0ci,fabian-marozsan,Fabian Marozsan,2025,Grass,19,13,68,68,52,32,59,62,79,62,28,48,27,33,60,15,35,48
m0ci,fabian-marozsan,Fabian Marozsan,2025,Carpet,,,,,,,,,,,,,,,,,,
m0ci,fabian-marozsan,Fabian Marozsan,2024,all,228,121,65,69,49,337,56,597,75,62,28,51,307,41,589,21,37,50
m0ci,fabian-marozsan,Fabian Marozsan,2024,Hard,149,88,66,69,48,220,57,389,76,62,28,52,218,42,381,24,38,50
m0ci,fabian-marozsan,Fabian Marozsan,2024,Clay,31,23,63,68,50,74,50,136,73,61,29,50,68,41,134,21,37,49
m0ci,fabian-marozsan,Fabian Marozsan,2024,Grass,48,10,62,71,52,43,60,72,76,64,20,49,21,33,74,9,31,47
m0ci,fabian-marozsan,Fabian Marozsan,2024,Carpet,,,,,,,,,,,,,,,,,,
m0ci,fabian-marozsan,Fabian Marozsan,2023,all,84,35,65,71,50,111,55,240,79,64,28,55,147,39,233,25,38,51
m0ci,fabian-marozsan,Fabian Marozsan,2023,Hard,67,24,67,71,46,76,58,151,79,63,30,57,103,39,148,27,39,51
m0ci,fabian-marozsan,Fabian Marozsan,2023,Clay,11,3,63,72,60,22,50,72,85,68,27,58,42,40,68,25,38,53
m0ci,fabian-marozsan,Fabian Marozsan,2023,Grass,6,8,63,64,42,13,46,17,59,56,15,27,2,50,17,6,20,39
m0ci,fabian-marozsan,Fabian Marozsan,2023,Carpet,,,,,,,,,,,,,,,,,,
d0co,jack-draper,Jack Draper,all,all,1387,497,60,77,51,923,65,2077,84,67,30,51,1226,42,2092,24,38,52
d0co,jack-draper,Jack Draper,all,Hard,891,310,59,77,52,592,67,1276,85,66,30,52,755,44,1283,26,38,52
d0co,jack-draper,Jack Draper,all,Clay,187,99,61,74,51,192,58,429,81,65,30,53,288,39,433,26,39,51
d0co,jack-draper,Jack Draper,all,Grass,309,88,62,80,51,139,65,372,87,69,27,49,183,36,376,18,35,51
d0co,jack-draper,Jack Draper,all,Carpet,,,,,,,,,,,,,,,,,,
d0co,jack-draper,Jack Draper,2026,all,63,23,62,78,52,37,57,99,84,68,26,46,41,39,99,16,32,50
d0co,jack-draper,Jack Draper,2026,Hard,60,17,63,80,54,31,65,87,87,70,26,48,37,35,88,15,32,51
d0co,jack-draper,Jack Draper,2026,Clay,3,6,52,67,36,6,17,12,58,52,28,37,4,75,11,27,32,43
d0co,jack-draper,Jack Draper,2026,Grass,,,,,,,,,,,,,,,,,,
d0co,jack-draper,Jack Draper,2026,Carpet,,,,,,,,,,,,,,,,,,
d0co,jack-draper,Jack Draper,2025,all,325,100,63,76,55,200,65,510,86,68,31,52,337,39,516,26,39,53
d0co,jack-draper,Jack Draper,2025,Hard,167,41,63,75,55,97,64,240,85,67,31,52,135,44,241,24,38,52
d0co,jack-draper,Jack Draper,2025,Clay,84,45,63,75,56,76,62,189,85,68,33,55,158,36,192,30,42,54
d0co,jack-draper,Jack Draper,2025,Grass,74,14,64,81,51,27,74,81,91,71,28,48,44,36,83,19,35,52
d0co,jack-draper,Jack Draper,2025,Carpet,,,,,,,,,,,,,,,,,,
d0co,jack-draper,Jack Draper,2024,all,486,190,59,78,50,295,61,732,84,67,30,51,418,44,737,25,38,52
d0co,jack-draper,Jack Draper,2024,Hard,299,127,58,77,50,211,66,454,84,66,32,51,270,47,455,28,40,53
d0co,jack-draper,Jack Draper,2024,Clay,61,29,59,76,50,49,41,137,79,65,25,50,74,42,139,22,35,50
d0co,jack-draper,Jack Draper,2024,Grass,126,34,62,84,51,35,57,141,89,72,27,50,74,32,143,17,36,52
d0co,jack-draper,Jack Draper,2024,Carpet,,,,,,,,,,,,,,,,,,
d0co,jack-draper,Jack Draper,2023,all,194,64,60,76,51,141,70,291,85,66,31,53,189,44,294,29,40,53
d0co,jack-draper,Jack Draper,2023,Hard,165,48,59,77,54,96,68,225,86,68,32,53,155,45,227,30,40,54
d0co,jack-draper,Jack Draper,2023,Clay,29,16,63,72,43,45,73,66,82,61,29,53,34,44,67,22,38,50
d0co,jack-draper,Jack Draper,2023,Grass,,,,,,,,,,,,,,,,,,
d0co,jack-draper,Jack Draper,2023,Carpet,,,,,,,,,,,,,,,,,,
a0gc,terence-atmane,Terence Atmane,all,all,380,166,60,74,48,332,60,602,78,63,26,48,275,39,588,18,34,49
a0gc,terence-atmane,Terence Atmane,all,Hard,296,114,59,73,49,245,62,428,78,63,25,48,199,38,420,18,34,49
a0gc,terence-atmane,Terence Atmane,all,Clay,84,52,60,74,45,87,56,174,78,63,26,46,76,42,168,19,34,49
a0gc,terence-atmane,Terence Atmane,all,Grass,,,,,,,,,,,,,,,,,,
a0gc,terence-atmane,Terence Atmane,all,Carpet,,,,,,,,,,,,,,,,,,
a0gc,terence-atmane,Terence Atmane,2026,all,144,43,61,75,52,113,63,237,82,66,23,47,88,43,230,17,32,50
a0gc,terence-atmane,Terence Atmane,2026,Hard,105,33,60,74,51,88,65,165,81,65,23,48,57,46,160,16,32,49
a0gc,terence-atmane,Terence Atmane,2026,Clay,39,10,65,76,53,25,56,72,85,68,24,46,31,39,70,17,32,50
a0gc,terence-atmane,Terence Atmane,2026,Grass,,,,,,,,,,,,,,,,,,
a0gc,terence-atmane,Terence Atmane,2026,Carpet,,,,,,,,,,,,,,,,,,
a0gc,terence-atmane,Terence Atmane,2025,all,128,65,59,74,45,111,58,186,75,62,27,49,109,34,180,21,36,49
a0gc,terence-atmane,Terence Atmane,2025,Hard,100,41,59,76,48,73,60,137,79,64,27,50,87,31,134,20,36,50
a0gc,terence-atmane,Terence Atmane,2025,Clay,28,24,56,70,38,38,53,49,63,56,30,45,22,45,46,22,36,47
a0gc,terence-atmane,Terence Atmane,2025,Grass,,,,,,,,,,,,,,,,,,
a0gc,terence-atmane,Terence Atmane,2025,Carpet,,,,,,,,,,,,,,,,,,
a0gc,terence-atmane,Terence Atmane,2024,all,80,46,58,73,44,90,63,134,75,60,27,48,65,38,133,19,35,48
a0gc,terence-atmane,Terence Atmane,2024,Hard,63,28,58,70,43,66,64,81,70,59,27,48,42,36,81,19,35,48
a0gc,terence-atmane,Terence Atmane,2024,Clay,17,18,58,76,45,24,63,53,83,63,27,48,23,43,52,19,35,49
a0gc,terence-atmane,Terence Atmane,2024,Grass,,,,,,,,,,,,,,,,,,
a0gc,terence-atmane,Terence Atmane,2024,Carpet,,,,,,,,,,,,,,,,,,
a0gc,terence-atmane,Terence Atmane,2023,all,28,12,61,70,54,18,44,45,78,64,27,38,13,62,45,18,30,48
a0gc,terence-atmane,Terence Atmane,2023,Hard,28,12,61,70,54,18,44,45,78,64,27,38,13,62,45,18,30,48
a0gc,terence-atmane,Terence Atmane,2023,Clay,,,,,,,,,,,,,,,,,,
a0gc,terence-atmane,Terence Atmane,2023,Grass,,,,,,,,,,,,,,,,,,
a0gc,terence-atmane,Terence Atmane,2023,Carpet,,,,,,,,,,,,,,,,,,
bt72,nuno-borges,Nuno Borges,all,all,890,404,65,71,51,1095,61,2064,79,64,28,49,1040,37,2074,18,36,50
bt72,nuno-borges,Nuno Borges,all,Hard,560,257,65,71,51,637,60,1262,80,64,26,49,599,36,1269,17,35,49
bt72,nuno-borges,Nuno Borges,all,Clay,211,114,64,70,50,347,60,607,77,62,31,49,351,38,608,22,38,50
bt72,nuno-borges,Nuno Borges,all,Grass,119,33,68,73,50,111,69,195,83,66,27,47,90,32,197,15,34,50
bt72,nuno-borges,Nuno Borges,all,Carpet,,,,,,,,,,,,,,,,,,
bt72,nuno-borges,Nuno Borges,2026,all,109,38,66,73,49,117,62,234,81,65,28,43,98,41,234,17,33,49
bt72,nuno-borges,Nuno Borges,2026,Hard,79,25,69,74,51,74,62,171,84,67,25,43,64,41,172,15,31,50
bt72,nuno-borges,Nuno Borges,2026,Clay,30,13,61,71,43,43,60,63,73,60,35,43,34,41,62,23,38,49
bt72,nuno-borges,Nuno Borges,2026,Grass,,,,,,,,,,,,,,,,,,
bt72,nuno-borges,Nuno Borges,2026,Carpet,,,,,,,,,,,,,,,,,,
bt72,nuno-borges,Nuno Borges,2025,all,356,134,67,71,51,393,62,783,81,64,28,49,417,35,780,19,36,50
bt72,nuno-borges,Nuno Borges,2025,Hard,201,88,66,71,51,234,62,474,81,64,27,49,236,35,468,18,35,50
bt72,nuno-borges,Nuno Borges,2025,Clay,83,34,66,71,48,97,61,189,80,63,31,49,124,34,192,22,38,50
bt72,nuno-borges,Nuno Borges,2025,Grass,72,12,69,74,53,62,68,120,83,67,29,48,57,40,120,19,36,51
bt72,nuno-borges,Nuno Borges,2025,Carpet,,,,,,,,,,,,,,,,,,
bt72,nuno-borges,Nuno Borges,2024,all,278,141,62,71,50,335,59,586,76,63,29,53,327,39,592,21,38,50
bt72,nuno-borges,Nuno Borges,2024,Hard,188,92,61,72,49,194,57,354,77,63,27,54,198,37,360,20,37,50
bt72,nuno-borges,Nuno Borges,2024,Clay,52,39,64,68,51,119,60,193,75,62,33,52,112,44,191,26,40,51
bt72,nuno-borges,Nuno Borges,2024,Grass,38,10,68,77,45,22,68,39,82,67,25,43,17,24,41,10,31,48
bt72,nuno-borges,Nuno Borges,2024,Carpet,,,,,,,,,,,,,,,,,,
bt72,nuno-borges,Nuno Borges,2023,all,89,62,64,68,51,166,58,280,75,62,25,46,124,34,287,15,33,47
bt72,nuno-borges,Nuno Borges,2023,Hard,58,34,66,67,52,92,58,164,76,62,24,44,66,33,169,13,32,47
bt72,nuno-borges,Nuno Borges,2023,Clay,26,19,61,69,52,52,52,96,74,62,26,46,50,36,98,18,35,48
bt72,nuno-borges,Nuno Borges,2023,Grass,5,9,63,66,41,22,77,20,75,57,21,53,8,25,20,10,33,47
bt72,nuno-borges,Nuno Borges,2023,Carpet,,,,,,,,,,,,,,,,,,
hb71,hubert-hurkacz,Hubert Hurkacz,all,all,4404,789,63,77,52,2030,66,5092,86,68,27,47,2390,36,5005,17,35,51
hb71,hubert-hurkacz,Hubert Hurkacz,all,Hard,3131,546,64,77,52,1370,67,3409,87,68,27,48,1612,36,3349,17,35,51
hb71,hubert-hurkacz,Hubert Hurkacz,all,Clay,740,153,61,75,53,488,63,1089,83,66,30,47,537,38,1070,19,36,51
hb71,hubert-hurkacz,Hubert Hurkacz,all,Grass,533,90,65,79,54,172,70,594,91,70,24,47,241,33,586,13,33,51
hb71,hubert-hurkacz,Hubert Hurkacz,all,Carpet,,,,,,,,,,,,,,,,,,
hb71,hubert-hurkacz,Hubert Hurkacz,2026,all,236,28,64,79,51,74,69,217,89,69,27,44,100,25,216,12,33,51
hb71,hubert-hurkacz,Hubert Hurkacz,2026,Hard,186,22,66,80,49,48,71,158,91,69,22,42,52,21,156,7,30,50
hb71,hubert-hurkacz,Hubert Hurkacz,2026,Clay,50,6,59,77,57,26,65,59,85,69,38,47,48,29,60,23,41,54
hb71,hubert-hurkacz,Hubert Hurkacz,2026,Grass,,,,,,,,,,,,,,,,,,
hb71,hubert-hurkacz,Hubert Hurkacz,2026,Carpet,,,,,,,,,,,,,,,,,,
hb71,hubert-hurkacz,Hubert Hurkacz,2025,all,287,35,65,77,53,122,68,317,88,69,25,47,124,36,310,15,33,51
hb71,hubert-hurkacz,Hubert Hurkacz,2025,Hard,169,18,65,78,55,65,69,175,89,70,25,46,65,32,173,12,33,51
hb71,hubert-hurkacz,Hubert Hurkacz,2025,Clay,102,15,64,76,51,55,65,131,85,67,24,50,54,43,126,18,34,51
hb71,hubert-hurkacz,Hubert Hurkacz,2025,Grass,16,2,68,89,57,2,100,11,100,79,26,46,5,20,11,9,33,54
hb71,hubert-hurkacz,Hubert Hurkacz,2025,Carpet,,,,,,,,,,,,,,,,,,
hb71,hubert-hurkacz,Hubert Hurkacz,2024,all,736,94,63,78,55,308,71,797,89,69,27,47,353,36,775,16,35,52
hb71,hubert-hurkacz,Hubert Hurkacz,2024,Hard,422,65,62,79,55,174,71,454,89,70,25,48,184,34,440,14,33,51
hb71,hubert-hurkacz,Hubert Hurkacz,2024,Clay,201,19,63,75,53,107,70,244,87,67,33,46,125,40,237,21,38,52
hb71,hubert-hurkacz,Hubert Hurkacz,2024,Grass,113,10,68,80,55,27,74,99,93,72,21,48,44,32,98,14,32,52
hb71,hubert-hurkacz,Hubert Hurkacz,2024,Carpet,,,,,,,,,,,,,,,,,,
hb71,hubert-hurkacz,Hubert Hurkacz,2023,all,1031,133,64,80,51,334,64,999,88,69,27,46,460,35,985,16,34,51
hb71,hubert-hurkacz,Hubert Hurkacz,2023,Hard,723,76,65,79,51,237,65,681,88,69,28,46,318,37,673,17,35,52
hb71,hubert-hurkacz,Hubert Hurkacz,2023,Clay,134,38,57,79,47,67,52,178,82,66,27,47,93,30,175,16,35,50
hb71,hubert-hurkacz,Hubert Hurkacz,2023,Grass,174,19,68,81,55,30,80,140,96,73,25,44,49,33,137,12,31,52
hb71,hubert-hurkacz,Hubert Hurkacz,2023,Carpet,,,,,,,,,,,,,,,,,,
v812,botic-van-de-zandschulp,Botic Van De Zandschulp,all,all,1311,894,62,72,47,1599,61,2727,77,62,31,50,1596,39,2752,22,38,50
v812,botic-van-de-zandschulp,Botic Van De Zandschulp,all,Hard,923,575,63,73,47,966,62,1726,79,63,29,50,943,39,1751,21,37,50
v812,botic-van-de-zandschulp,Botic Van De Zandschulp,all,Clay,205,201,63,68,47,461,59,696,73,60,34,50,476,40,695,27,40,50
v812,botic-van-de-zandschulp,Botic Van De Zandschulp,all,Grass,183,118,61,74,48,172,62,305,79,64,28,49,177,35,306,20,36,50
v812,botic-van-de-zandschulp,Botic Van De Zandschulp,all,Carpet,,,,,,,,,,,,,,,,,,
v812,botic-van-de-zandschulp,Botic Van De Zandschulp,2026,all,117,82,63,73,47,111,61,222,81,64,31,51,125,41,227,22,38,51
v812,botic-van-de-zandschulp,Botic Van De Zandschulp,2026,Hard,105,62,63,77,46,66,62,159,84,65,27,50,72,36,164,16,35,50
v812,botic-van-de-zandschulp,Botic Van De Zandschulp,2026,Clay,12,20,64,64,50,45,60,63,71,59,41,54,53,47,63,40,46,52
v812,botic-van-de-zandschulp,Botic Van De Zandschulp,2026,Grass,,,,,,,,,,,,,,,,,,
v812,botic-van-de-zandschulp,Botic Van De Zandschulp,2026,Carpet,,,,,,,,,,,,,,,,,,
v812,botic-van-de-zandschulp,Botic Van De Zandschulp,2025,all,210,173,61,73,48,221,57,448,79,63,30,49,236,38,452,20,37,50
v812,botic-van-de-zandschulp,Botic Van De Zandschulp,2025,Hard,145,114,60,74,49,126,55,274,79,64,30,50,136,41,279,20,37,50
v812,botic-van-de-zandschulp,Botic Van De Zandschulp,2025,Clay,52,49,62,72,46,74,57,138,77,62,31,50,82,35,137,21,38,50
v812,botic-van-de-zandschulp,Botic Van De Zandschulp,2025,Grass,13,10,64,72,48,21,67,36,81,63,28,44,18,28,36,14,34,49
v812,botic-van-de-zandschulp,Botic Van De Zandschulp,2025,Carpet,,,,,,,,,,,,,,,,,,
v812,botic-van-de-zandschulp,Botic Van De Zandschulp,2024,all,169,139,61,70,44,288,60,421,72,60,29,51,241,37,425,21,38,49
v812,botic-van-de-zandschulp,Botic Van De Zandschulp,2024,Hard,105,74,63,70,45,155,59,250,75,61,26,51,124,38,254,19,36,48
v812,botic-van-de-zandschulp,Botic Van De Zandschulp,2024,Clay,37,40,60,67,45,95,59,125,69,58,33,51,86,36,126,25,41,49
v812,botic-van-de-zandschulp,Botic Van De Zandschulp,2024,Grass,27,25,56,77,38,38,63,46,70,60,31,49,31,39,45,27,38,49
v812,botic-van-de-zandschulp,Botic Van De Zandschulp,2024,Carpet,,,,,,,,,,,,,,,,,,
v812,botic-van-de-zandschulp,Botic Van De Zandschulp,2023,all,239,151,63,69,47,354,62,529,75,61,31,50,335,36,530,23,38,50
v812,botic-van-de-zandschulp,Botic Van De Zandschulp,2023,Hard,180,94,64,70,47,237,65,357,77,62,31,50,211,39,360,23,37,50
v812,botic-van-de-zandschulp,Botic Van De Zandschulp,2023,Clay,30,38,60,67,46,86,56,122,69,58,36,50,98,33,119,27,42,50
v812,botic-van-de-zandschulp,Botic Van De Zandschulp,2023,Grass,29,19,63,71,46,31,58,50,74,62,26,53,26,23,51,12,35,48
v812,botic-van-de-zandschulp,Botic Van De Zandschulp,2023,Carpet,,,,,,,,,,,,,,,,,,
ki82,vit-kopriva,Vit Kopriva,all,all,224,221,61,68,47,474,61,672,72,60,30,51,404,42,686,25,38,49
ki82,vit-kopriva,Vit Kopriva,all,Hard,76,86,59,69,43,151,60,200,70,58,27,51,97,44,203,21,36,47
ki82,vit-kopriva,Vit Kopriva,all,Clay,129,120,62,67,49,292,61,438,74,60,32,52,291,43,447,28,40,50
ki82,vit-kopriva,Vit Kopriva,all,Grass,19,15,53,68,47,31,71,34,74,58,22,39,16,13,36,6,28,44
ki82,vit-kopriva,Vit Kopriva,all,Carpet,,,,,,,,,,,,,,,,,,
ki82,vit-kopriva,Vit Kopriva,2026,all,87,77,63,69,49,158,66,246,78,62,32,49,147,45,248,27,39,50
ki82,vit-kopriva,Vit Kopriva,2026,Hard,33,23,61,67,48,46,67,62,76,59,30,52,29,52,62,24,37,49
ki82,vit-kopriva,Vit Kopriva,2026,Clay,54,54,64,70,49,112,66,184,79,62,33,49,118,43,186,27,39,51
ki82,vit-kopriva,Vit Kopriva,2026,Grass,,,,,,,,,,,,,,,,,,
ki82,vit-kopriva,Vit Kopriva,2026,Carpet,,,,,,,,,,,,,,,,,,
ki82,vit-kopriva,Vit Kopriva,2025,all,89,89,60,67,48,202,65,262,73,59,28,51,161,36,269,22,37,48
ki82,vit-kopriva,Vit Kopriva,2025,Hard,20,40,59,69,42,65,63,78,69,58,22,51,41,29,80,15,34,46
ki82,vit-kopriva,Vit Kopriva,2025,Clay,54,39,62,65,50,121,64,161,73,60,31,52,104,42,165,27,39,50
ki82,vit-kopriva,Vit Kopriva,2025,Grass,15,10,51,78,52,16,81,23,87,65,27,42,16,13,24,8,32,48
ki82,vit-kopriva,Vit Kopriva,2025,Carpet,,,,,,,,,,,,,,,,,,
ki82,vit-kopriva,Vit Kopriva,2024,all,30,31,60,65,37,67,48,85,59,54,23,50,31,55,90,19,32,44
ki82,vit-kopriva,Vit Kopriva,2024,Hard,20,16,60,69,35,31,48,42,62,55,26,48,17,59,43,23,34,45
ki82,vit-kopriva,Vit Kopriva,2024,Clay,6,10,62,65,39,21,38,32,59,55,24,56,14,50,35,20,35,45
ki82,vit-kopriva,Vit Kopriva,2024,Grass,4,5,55,55,40,15,60,11,45,48,10,32,0,0,12,0,17,36
ki82,vit-kopriva,Vit Kopriva,2024,Carpet,,,,,,,,,,,,,,,,,,
ki82,vit-kopriva,Vit Kopriva,2023,all,,,,,,,,,,,,,,,,,,
ki82,vit-kopriva,Vit Kopriva,2023,Hard,,,,,,,,,,,,,,,,,,
ki82,vit-kopriva,Vit Kopriva,2023,Clay,,,,,,,,,,,,,,,,,,
ki82,vit-kopriva,Vit Kopriva,2023,Grass,,,,,,,,,,,,,,,,,,
ki82,vit-kopriva,Vit Kopriva,2023,Carpet,,,,,,,,,,,,,,,,,,
b0fv,roman-andres-burruchaga,Roman Andres Burruchaga,all,all,40,50,66,66,49,181,61,247,72,60,36,51,157,48,245,31,42,51
b0fv,roman-andres-burruchaga,Roman Andres Burruchaga,all,Hard,,,,,,,,,,,,,,,,,,
b0fv,roman-andres-burruchaga,Roman Andres Burruchaga,all,Clay,40,50,66,66,49,181,61,247,72,60,36,51,157,48,245,31,42,51
b0fv,roman-andres-burruchaga,Roman Andres Burruchaga,all,Grass,,,,,,,,,,,,,,,,,,
b0fv,roman-andres-burruchaga,Roman Andres Burruchaga,all,Carpet,,,,,,,,,,,,,,,,,,
b0fv,roman-andres-burruchaga,Roman Andres Burruchaga,2026,all,28,23,67,69,53,69,62,113,77,64,38,51,80,45,111,32,43,53
b0fv,roman-andres-burruchaga,Roman Andres Burruchaga,2026,Hard,,,,,,,,,,,,,,,,,,
b0fv,roman-andres-burruchaga,Roman Andres Burruchaga,2026,Clay,28,23,67,69,53,69,62,113,77,64,38,51,80,45,111,32,43,53
b0fv,roman-andres-burruchaga,Roman Andres Burruchaga,2026,Grass,,,,,,,,,,,,,,,,,,
b0fv,roman-andres-burruchaga,Roman Andres Burruchaga,2026,Carpet,,,,,,,,,,,,,,,,,,
b0fv,roman-andres-burruchaga,Roman Andres Burruchaga,2025,all,6,12,65,64,51,59,59,85,72,60,35,51,52,52,86,31,41,51
b0fv,roman-andres-burruchaga,Roman Andres Burruchaga,2025,Hard,,,,,,,,,,,,,,,,,,
b0fv,roman-andres-burruchaga,Roman Andres Burruchaga,2025,Clay,6,12,65,64,51,59,59,85,72,60,35,51,52,52,86,31,41,51
b0fv,roman-andres-burruchaga,Roman Andres Burruchaga,2025,Grass,,,,,,,,,,,,,,,,,,
b0fv,roman-andres-burruchaga,Roman Andres Burruchaga,2025,Carpet,,,,,,,,,,,,,,,,,,
b0fv,roman-andres-burruchaga,Roman Andres Burruchaga,2024,all,6,15,64,63,36,53,62,49,59,54,32,52,25,48,48,25,40,47
b0fv,roman-andres-burruchaga,Roman Andres Burruchaga,2024,Hard,,,,,,,,,,,,,,,,,,
b0fv,roman-andres-burruchaga,Roman Andres Burruchaga,2024,Clay,6,15,64,63,36,53,62,49,59,54,32,52,25,48,48,25,40,47
b0fv,roman-andres-burruchaga,Roman Andres Burruchaga,2024,Grass,,,,,,,,,,,,,,,,,,
b0fv,roman-andres-burruchaga,Roman Andres Burruchaga,2024,Carpet,,,,,,,,,,,,,,,,,,
b0fv,roman-andres-burruchaga,Roman Andres Burruchaga,2023,all,,,,,,,,,,,,,,,,,,
b0fv,roman-andres-burruchaga,Roman Andres Burruchaga,2023,Hard,,,,,,,,,,,,,,,,,,
b0fv,roman-andres-burruchaga,Roman Andres Burruchaga,2023,Clay,,,,,,,,,,,,,,,,,,
b0fv,roman-andres-burruchaga,Roman Andres Burruchaga,2023,Grass,,,,,,,,,,,,,,,,,,
b0fv,roman-andres-burruchaga,Roman Andres Burruchaga,2023,Carpet,,,,,,,,,,,,,,,,,,
f724,marton-fucsovics,Marton Fucsovics,all,all,1420,1114,59,70,51,2390,60,4159,77,62,31,51,2527,40,4188,24,39,50
f724,marton-fucsovics,Marton Fucsovics,all,Hard,869,631,59,70,51,1407,60,2479,77,62,30,51,1462,40,2492,24,38,50
f724,marton-fucsovics,Marton Fucsovics,all,Clay,265,279,59,68,50,718,61,1094,74,61,34,51,771,41,1109,28,40,50
f724,marton-fucsovics,Marton Fucsovics,all,Grass,286,204,58,75,50,265,57,586,81,64,27,50,294,35,587,18,36,50
f724,marton-fucsovics,Marton Fucsovics,all,Carpet,0,0,0,0,0,0,0,0,0,0,0,0,0,0,0,0,0,0
f724,marton-fucsovics,Marton Fucsovics,2026,all,73,45,61,72,50,85,58,170,79,64,28,49,89,37,169,20,36,50
f724,marton-fucsovics,Marton Fucsovics,2026,Hard,62,39,62,72,50,75,59,146,79,64,29,51,84,37,144,22,37,50
f724,marton-fucsovics,Marton Fucsovics,2026,Clay,11,6,58,74,51,10,50,24,79,64,24,35,5,40,25,8,28,46
f724,marton-fucsovics,Marton Fucsovics,2026,Grass,,,,,,,,,,,,,,,,,,
f724,marton-fucsovics,Marton Fucsovics,2026,Carpet,,,,,,,,,,,,,,,,,,
f724,marton-fucsovics,Marton Fucsovics,2025,all,106,76,61,73,49,171,56,343,78,63,31,55,236,40,351,27,40,51
f724,marton-fucsovics,Marton Fucsovics,2025,Hard,38,36,58,71,48,69,51,133,74,62,34,54,107,38,137,30,42,51
f724,marton-fucsovics,Marton Fucsovics,2025,Clay,20,17,63,71,49,63,57,115,77,63,33,59,95,40,119,32,42,52
f724,marton-fucsovics,Marton Fucsovics,2025,Grass,48,23,61,77,49,39,62,95,84,66,26,51,34,44,95,16,35,51
f724,marton-fucsovics,Marton Fucsovics,2025,Carpet,,,,,,,,,,,,,,,,,,
f724,marton-fucsovics,Marton Fucsovics,2024,all,142,60,63,70,54,195,65,342,80,64,29,49,163,44,344,21,37,50
f724,marton-fucsovics,Marton Fucsovics,2024,Hard,87,31,62,70,55,110,66,197,81,64,27,49,82,43,196,18,36,50
f724,marton-fucsovics,Marton Fucsovics,2024,Clay,42,25,64,69,52,72,61,127,78,63,33,51,71,49,130,27,39,51
f724,marton-fucsovics,Marton Fucsovics,2024,Grass,13,4,62,65,54,13,69,18,78,61,19,42,10,10,18,6,27,45
f724,marton-fucsovics,Marton Fucsovics,2024,Carpet,,,,,,,,,,,,,,,,,,
f724,marton-fucsovics,Marton Fucsovics,2023,all,170,148,59,71,51,287,60,541,79,63,30,50,283,42,542,22,38,50
f724,marton-fucsovics,Marton Fucsovics,2023,Hard,91,72,60,70,52,168,59,312,78,63,29,51,155,43,311,22,38,50
f724,marton-fucsovics,Marton Fucsovics,2023,Clay,25,42,58,68,48,90,62,125,73,60,34,48,73,45,126,26,40,50
f724,marton-fucsovics,Marton Fucsovics,2023,Grass,54,34,59,77,52,29,55,104,88,67,28,51,55,35,105,18,37,51
f724,marton-fucsovics,Marton Fucsovics,2023,Carpet,,,,,,,,,,,,,,,,,,
m0gz,giovanni-mpetshi-perricard,Giovanni Mpetshi Perricard,all,all,1445,397,67,78,52,452,68,1233,88,70,22,37,308,35,1227,9,27,49
m0gz,giovanni-mpetshi-perricard,Giovanni Mpetshi Perricard,all,Hard,1034,271,67,79,53,261,66,827,89,71,21,35,195,32,828,8,26,49
m0gz,giovanni-mpetshi-perricard,Giovanni Mpetshi Perricard,all,Clay,136,58,65,72,52,108,64,210,81,65,27,42,75,39,205,14,32,49
m0gz,giovanni-mpetshi-perricard,Giovanni Mpetshi Perricard,all,Grass,275,68,68,81,50,83,78,196,91,71,21,35,38,39,194,8,25,49
m0gz,giovanni-mpetshi-perricard,Giovanni Mpetshi Perricard,all,Carpet,,,,,,,,,,,,,,,,,,
m0gz,giovanni-mpetshi-perricard,Giovanni Mpetshi Perricard,2026,all,249,41,72,77,49,71,62,194,86,69,23,35,53,30,197,8,27,48
m0gz,giovanni-mpetshi-perricard,Giovanni Mpetshi Perricard,2026,Hard,249,41,72,77,49,71,62,194,86,69,23,35,53,30,197,8,27,48
m0gz,giovanni-mpetshi-perricard,Giovanni Mpetshi Perricard,2026,Clay,,,,,,,,,,,,,,,,,,
m0gz,giovanni-mpetshi-perricard,Giovanni Mpetshi Perricard,2026,Grass,,,,,,,,,,,,,,,,,,
m0gz,giovanni-mpetshi-perricard,Giovanni Mpetshi Perricard,2026,Carpet,,,,,,,,,,,,,,,,,,
m0gz,giovanni-mpetshi-perricard,Giovanni Mpetshi Perricard,2025,all,596,176,67,78,53,207,70,571,89,70,21,36,134,33,575,8,26,49
m0gz,giovanni-mpetshi-perricard,Giovanni Mpetshi Perricard,2025,Hard,435,120,68,80,54,117,70,392,91,71,21,36,94,31,396,7,26,49
m0gz,giovanni-mpetshi-perricard,Giovanni Mpetshi Perricard,2025,Clay,67,30,65,72,52,52,63,108,82,65,24,37,29,38,107,10,29,48
m0gz,giovanni-mpetshi-perricard,Giovanni Mpetshi Perricard,2025,Grass,94,26,67,81,48,38,76,71,87,70,17,29,11,36,72,6,21,47
m0gz,giovanni-mpetshi-perricard,Giovanni Mpetshi Perricard,2025,Carpet,,,,,,,,,,,,,,,,,,
m0gz,giovanni-mpetshi-perricard,Giovanni Mpetshi Perricard,2024,all,532,153,65,80,53,141,69,393,89,70,23,37,96,41,381,10,28,50
m0gz,giovanni-mpetshi-perricard,Giovanni Mpetshi Perricard,2024,Hard,308,100,61,82,54,57,65,202,90,71,20,33,37,35,198,7,25,49
m0gz,giovanni-mpetshi-perricard,Giovanni Mpetshi Perricard,2024,Clay,57,15,67,72,51,43,63,77,79,65,29,48,34,44,72,21,36,51
m0gz,giovanni-mpetshi-perricard,Giovanni Mpetshi Perricard,2024,Grass,167,38,69,81,52,41,80,114,93,72,23,39,25,44,111,10,28,51
m0gz,giovanni-mpetshi-perricard,Giovanni Mpetshi Perricard,2024,Carpet,,,,,,,,,,,,,,,,,,
m0gz,giovanni-mpetshi-perricard,Giovanni Mpetshi Perricard,2023,all,68,27,63,76,50,33,64,75,84,67,23,44,25,32,74,11,30,49
m0gz,giovanni-mpetshi-perricard,Giovanni Mpetshi Perricard,2023,Hard,42,10,69,75,54,16,56,39,82,68,19,44,11,45,37,14,28,49
m0gz,giovanni-mpetshi-perricard,Giovanni Mpetshi Perricard,2023,Clay,12,13,55,75,50,13,69,25,84,64,29,46,12,25,26,12,33,48
m0gz,giovanni-mpetshi-perricard,Giovanni Mpetshi Perricard,2023,Grass,14,4,62,82,43,4,75,11,91,67,19,38,2,0,11,0,26,48
m0gz,giovanni-mpetshi-perricard,Giovanni Mpetshi Perricard,2023,Carpet,,,,,,,,,,,,,,,,,,
h997,yannick-hanfmann,Yannick Hanfmann,all,all,946,342,65,69,52,1185,60,2232,79,63,29,48,1228,36,2255,20,36,50
h997,yannick-hanfmann,Yannick Hanfmann,all,Hard,357,99,65,70,51,392,63,668,78,63,27,47,303,35,679,16,34,49
h997,yannick-hanfmann,Yannick Hanfmann,all,Clay,469,204,65,69,52,709,59,1341,79,63,31,49,811,37,1344,22,38,50
h997,yannick-hanfmann,Yannick Hanfmann,all,Grass,120,39,68,71,53,84,54,223,83,65,24,49,114,32,232,16,34,49
h997,yannick-hanfmann,Yannick Hanfmann,all,Carpet,,,,,,,,,,,,,,,,,,
h997,yannick-hanfmann,Yannick Hanfmann,2026,all,110,33,62,74,54,85,60,190,82,66,31,49,108,37,191,21,37,51
h997,yannick-hanfmann,Yannick Hanfmann,2026,Hard,30,10,59,73,52,28,57,49,76,64,30,45,21,38,51,16,35,49
h997,yannick-hanfmann,Yannick Hanfmann,2026,Clay,80,23,63,74,55,57,61,141,84,67,31,51,87,37,140,23,38,52
h997,yannick-hanfmann,Yannick Hanfmann,2026,Grass,,,,,,,,,,,,,,,,,,
h997,yannick-hanfmann,Yannick Hanfmann,2026,Carpet,,,,,,,,,,,,,,,,,,
h997,yannick-hanfmann,Yannick Hanfmann,2025,all,153,36,67,70,53,137,58,290,80,64,27,48,148,37,295,19,35,50
h997,yannick-hanfmann,Yannick Hanfmann,2025,Hard,112,19,68,72,53,67,60,156,83,66,27,48,73,42,157,20,35,51
h997,yannick-hanfmann,Yannick Hanfmann,2025,Clay,34,15,66,68,52,58,55,113,77,62,30,49,71,32,116,20,37,49
h997,yannick-hanfmann,Yannick Hanfmann,2025,Grass,7,2,66,66,57,12,58,21,76,63,17,51,4,25,22,5,29,46
h997,yannick-hanfmann,Yannick Hanfmann,2025,Carpet,,,,,,,,,,,,,,,,,,
h997,yannick-hanfmann,Yannick Hanfmann,2024,all,188,74,67,68,52,239,58,457,78,63,28,48,244,33,460,17,36,49
h997,yannick-hanfmann,Yannick Hanfmann,2024,Hard,91,26,65,70,55,81,64,161,82,65,27,46,60,43,164,16,34,49
h997,yannick-hanfmann,Yannick Hanfmann,2024,Clay,65,39,67,66,50,140,55,247,74,61,30,48,153,31,246,20,37,49
h997,yannick-hanfmann,Yannick Hanfmann,2024,Grass,32,9,75,70,45,18,50,49,82,64,21,52,31,19,50,12,34,48
h997,yannick-hanfmann,Yannick Hanfmann,2024,Carpet,,,,,,,,,,,,,,,,,,
h997,yannick-hanfmann,Yannick Hanfmann,2023,all,216,70,67,68,54,291,61,534,79,63,31,50,322,36,542,22,38,50
h997,yannick-hanfmann,Yannick Hanfmann,2023,Hard,67,19,67,67,48,99,65,142,75,61,26,46,64,28,143,13,33,47
h997,yannick-hanfmann,Yannick Hanfmann,2023,Clay,104,38,68,67,54,166,60,304,78,63,34,51,205,38,307,25,40,51
h997,yannick-hanfmann,Yannick Hanfmann,2023,Grass,45,13,67,71,62,26,54,88,86,68,30,50,53,40,92,23,37,52
h997,yannick-hanfmann,Yannick Hanfmann,2023,Carpet,,,,,,,,,,,,,,,,,,
p09z,alexei-popyrin,Alexei Popyrin,all,all,2411,861,62,75,50,1690,65,3328,82,65,26,46,1570,32,3357,15,33,49
p09z,alexei-popyrin,Alexei Popyrin,all,Hard,1693,598,61,75,50,1073,66,2180,83,66,25,46,997,33,2204,15,33,49
p09z,alexei-popyrin,Alexei Popyrin,all,Clay,439,178,61,73,50,413,64,776,81,64,28,46,430,31,780,17,35,49
p09z,alexei-popyrin,Alexei Popyrin,all,Grass,279,85,64,74,49,204,67,372,82,65,23,45,143,35,373,13,32,49
p09z,alexei-popyrin,Alexei Popyrin,all,Carpet,,,,,,,,,,,,,,,,,,
p09z,alexei-popyrin,Alexei Popyrin,2026,all,169,19,63,77,54,61,57,182,86,69,24,45,61,38,186,12,31,49
p09z,alexei-popyrin,Alexei Popyrin,2026,Hard,112,6,67,74,55,39,51,119,84,68,22,47,36,39,125,11,30,49
p09z,alexei-popyrin,Alexei Popyrin,2026,Clay,57,13,57,82,53,22,68,63,89,70,27,42,25,36,61,15,33,51
p09z,alexei-popyrin,Alexei Popyrin,2026,Grass,,,,,,,,,,,,,,,,,,
p09z,alexei-popyrin,Alexei Popyrin,2026,Carpet,,,,,,,,,,,,,,,,,,
p09z,alexei-popyrin,Alexei Popyrin,2025,all,370,133,62,74,48,301,65,531,80,64,27,46,288,27,538,15,35,49
p09z,alexei-popyrin,Alexei Popyrin,2025,Hard,222,78,61,75,48,156,63,292,80,65,25,45,139,24,294,12,33,49
p09z,alexei-popyrin,Alexei Popyrin,2025,Clay,95,37,64,73,49,97,67,173,82,64,30,47,120,29,180,19,36,50
p09z,alexei-popyrin,Alexei Popyrin,2025,Grass,53,18,60,71,48,48,69,66,77,62,28,46,29,34,64,16,36,49
p09z,alexei-popyrin,Alexei Popyrin,2025,Carpet,,,,,,,,,,,,,,,,,,
p09z,alexei-popyrin,Alexei Popyrin,2024,all,447,139,64,75,50,281,67,589,84,66,27,47,303,35,598,18,34,50
p09z,alexei-popyrin,Alexei Popyrin,2024,Hard,304,95,62,77,51,177,70,374,86,67,28,50,227,34,380,20,36,51
p09z,alexei-popyrin,Alexei Popyrin,2024,Clay,58,25,63,68,50,63,56,112,75,61,25,42,47,34,113,14,32,47
p09z,alexei-popyrin,Alexei Popyrin,2024,Grass,85,19,73,77,49,41,73,103,89,69,24,42,29,48,105,13,30,50
p09z,alexei-popyrin,Alexei Popyrin,2024,Carpet,,,,,,,,,,,,,,,,,,
p09z,alexei-popyrin,Alexei Popyrin,2023,all,466,134,62,76,50,284,66,615,84,66,26,46,291,32,617,15,33,50
p09z,alexei-popyrin,Alexei Popyrin,2023,Hard,298,83,63,77,48,161,68,340,85,66,25,46,140,33,342,13,33,50
p09z,alexei-popyrin,Alexei Popyrin,2023,Clay,127,44,60,76,53,93,66,222,86,67,30,45,128,32,222,18,36,51
p09z,alexei-popyrin,Alexei Popyrin,2023,Grass,41,7,59,76,47,30,57,53,75,64,19,46,23,30,53,13,29,47
p09z,alexei-popyrin,Alexei Popyrin,2023,Carpet,,,,,,,,,,,,,,,,,,
u182,camilo-ugo-carabelli,Camilo Ugo Carabelli,all,all,236,207,61,66,47,622,59,876,71,59,29,48,422,41,881,20,36,48
u182,camilo-ugo-carabelli,Camilo Ugo Carabelli,all,Hard,91,78,57,67,46,218,58,283,67,58,26,47,109,44,287,17,33,46
u182,camilo-ugo-carabelli,Camilo Ugo Carabelli,all,Clay,132,118,64,66,46,382,60,558,73,59,32,49,299,41,557,22,38,49
u182,camilo-ugo-carabelli,Camilo Ugo Carabelli,all,Grass,13,11,53,62,54,22,59,35,74,58,22,40,14,29,37,11,29,44
u182,camilo-ugo-carabelli,Camilo Ugo Carabelli,all,Carpet,,,,,,,,,,,,,,,,,,
u182,camilo-ugo-carabelli,Camilo Ugo Carabelli,2026,all,64,47,61,69,48,139,63,216,76,61,27,45,85,39,218,15,33,47
u182,camilo-ugo-carabelli,Camilo Ugo Carabelli,2026,Hard,25,17,59,70,47,49,57,74,72,61,18,44,16,44,76,9,27,45
u182,camilo-ugo-carabelli,Camilo Ugo Carabelli,2026,Clay,39,30,62,69,48,90,66,142,78,61,31,45,69,38,142,18,36,49
u182,camilo-ugo-carabelli,Camilo Ugo Carabelli,2026,Grass,,,,,,,,,,,,,,,,,,
u182,camilo-ugo-carabelli,Camilo Ugo Carabelli,2026,Carpet,,,,,,,,,,,,,,,,,,
u182,camilo-ugo-carabelli,Camilo Ugo Carabelli,2025,all,147,124,61,67,48,337,58,507,72,59,30,49,268,39,509,21,37,48
u182,camilo-ugo-carabelli,Camilo Ugo Carabelli,2025,Hard,62,52,58,66,48,142,60,186,69,58,28,49,83,42,187,19,35,47
u182,camilo-ugo-carabelli,Camilo Ugo Carabelli,2025,Clay,72,61,65,68,47,173,57,286,74,60,32,51,171,39,285,23,39,49
u182,camilo-ugo-carabelli,Camilo Ugo Carabelli,2025,Grass,13,11,53,62,54,22,59,35,74,58,22,40,14,29,37,11,29,44
u182,camilo-ugo-carabelli,Camilo Ugo Carabelli,2025,Carpet,,,,,,,,,,,,,,,,,,
u182,camilo-ugo-carabelli,Camilo Ugo Carabelli,2024,all,18,28,59,64,38,104,64,89,58,53,29,52,40,60,90,27,39,47
u182,camilo-ugo-carabelli,Camilo Ugo Carabelli,2024,Hard,4,9,47,59,36,27,48,23,39,47,30,45,10,60,24,25,36,42
u182,camilo-ugo-carabelli,Camilo Ugo Carabelli,2024,Clay,14,19,62,65,39,77,70,66,65,55,29,54,30,60,66,27,39,48
u182,camilo-ugo-carabelli,Camilo Ugo Carabelli,2024,Grass,,,,,,,,,,,,,,,,,,
u182,camilo-ugo-carabelli,Camilo Ugo Carabelli,2024,Carpet,,,,,,,,,,,,,,,,,,
u182,camilo-ugo-carabelli,Camilo Ugo Carabelli,2023,all,0,2,69,59,42,20,40,27,56,54,31,49,10,50,26,19,38,46
u182,camilo-ugo-carabelli,Camilo Ugo Carabelli,2023,Hard,,,,,,,,,,,,,,,,,,
u182,camilo-ugo-carabelli,Camilo Ugo Carabelli,2023,Clay,0,2,69,59,42,20,40,27,56,54,31,49,10,50,26,19,38,46
u182,camilo-ugo-carabelli,Camilo Ugo Carabelli,2023,Grass,,,,,,,,,,,,,,,,,,
u182,camilo-ugo-carabelli,Camilo Ugo Carabelli,2023,Carpet,,,,,,,,,,,,,,,,,,
b0id,ignacio-buse,Ignacio Buse,all,all,87,60,61,71,50,156,65,269,80,63,28,46,120,36,266,16,34,49
b0id,ignacio-buse,Ignacio Buse,all,Hard,9,10,60,72,45,21,67,28,75,61,22,42,8,13,30,3,30,45
b0id,ignacio-buse,Ignacio Buse,all,Clay,78,50,62,71,50,135,64,241,80,63,29,47,112,38,236,18,35,50
b0id,ignacio-buse,Ignacio Buse,all,Grass,,,,,,,,,,,,,,,,,,
b0id,ignacio-buse,Ignacio Buse,all,Carpet,,,,,,,,,,,,,,,,,,
b0id,ignacio-buse,Ignacio Buse,2026,all,65,36,64,71,50,104,66,181,81,63,28,45,79,42,180,18,34,49
b0id,ignacio-buse,Ignacio Buse,2026,Hard,7,4,66,71,50,8,63,15,80,64,23,42,3,33,16,6,30,46
b0id,ignacio-buse,Ignacio Buse,2026,Clay,58,32,64,71,50,96,67,166,81,63,29,45,76,42,164,20,35,50
b0id,ignacio-buse,Ignacio Buse,2026,Grass,,,,,,,,,,,,,,,,,,
b0id,ignacio-buse,Ignacio Buse,2026,Carpet,,,,,,,,,,,,,,,,,,
b0id,ignacio-buse,Ignacio Buse,2025,all,22,24,56,72,49,52,62,88,77,62,27,48,41,24,86,12,35,49
b0id,ignacio-buse,Ignacio Buse,2025,Hard,2,6,53,73,42,13,69,13,69,58,22,42,5,0,14,0,30,44
b0id,ignacio-buse,Ignacio Buse,2025,Clay,20,18,57,72,50,39,59,75,79,63,28,49,36,28,72,14,36,50
b0id,ignacio-buse,Ignacio Buse,2025,Grass,,,,,,,,,,,,,,,,,,
b0id,ignacio-buse,Ignacio Buse,2025,Carpet,,,,,,,,,,,,,,,,,,
b0id,ignacio-buse,Ignacio Buse,2024,all,0,0,0,0,0,0,0,0,0,0,0,0,0,0,0,0,0,0
b0id,ignacio-buse,Ignacio Buse,2024,Hard,0,0,0,0,0,0,0,0,0,0,0,0,0,0,0,0,0,0
b0id,ignacio-buse,Ignacio Buse,2024,Clay,,,,,,,,,,,,,,,,,,
b0id,ignacio-buse,Ignacio Buse,2024,Grass,,,,,,,,,,,,,,,,,,
b0id,ignacio-buse,Ignacio Buse,2024,Carpet,,,,,,,,,,,,,,,,,,
b0id,ignacio-buse,Ignacio Buse,2023,all,0,0,0,0,0,0,0,0,0,0,0,0,0,0,0,0,0,0
b0id,ignacio-buse,Ignacio Buse,2023,Hard,,,,,,,,,,,,,,,,,,
b0id,ignacio-buse,Ignacio Buse,2023,Clay,0,0,0,0,0,0,0,0,0,0,0,0,0,0,0,0,0,0
b0id,ignacio-buse,Ignacio Buse,2023,Grass,,,,,,,,,,,,,,,,,,
b0id,ignacio-buse,Ignacio Buse,2023,Carpet,,,,,,,,,,,,,,,,,,
b0cd,jenson-brooksby,Jenson Brooksby,all,all,365,217,64,68,52,876,59,1508,76,62,31,51,908,41,1509,25,39,50
b0cd,jenson-brooksby,Jenson Brooksby,all,Hard,283,166,64,68,51,626,59,1081,76,62,30,51,637,43,1082,25,38,50
b0cd,jenson-brooksby,Jenson Brooksby,all,Clay,26,29,64,63,54,127,57,183,70,59,31,49,102,40,187,22,38,49
b0cd,jenson-brooksby,Jenson Brooksby,all,Grass,56,22,66,68,54,123,59,244,79,64,31,53,169,36,240,25,40,52
b0cd,jenson-brooksby,Jenson Brooksby,all,Carpet,,,,,,,,,,,,,,,,,,
b0cd,jenson-brooksby,Jenson Brooksby,2026,all,28,27,66,65,50,71,49,136,74,60,26,48,62,27,133,13,33,47
b0cd,jenson-brooksby,Jenson Brooksby,2026,Hard,27,24,66,66,50,61,52,116,75,61,26,49,54,30,114,14,33,47
b0cd,jenson-brooksby,Jenson Brooksby,2026,Clay,1,3,70,59,49,10,30,20,65,56,27,45,8,13,19,5,33,45
b0cd,jenson-brooksby,Jenson Brooksby,2026,Grass,,,,,,,,,,,,,,,,,,
b0cd,jenson-brooksby,Jenson Brooksby,2026,Carpet,,,,,,,,,,,,,,,,,,
b0cd,jenson-brooksby,Jenson Brooksby,2025,all,117,81,62,68,51,281,60,455,76,62,30,52,280,41,464,25,39,50
b0cd,jenson-brooksby,Jenson Brooksby,2025,Hard,76,52,62,69,49,166,60,265,75,62,28,52,149,42,270,23,38,49
b0cd,jenson-brooksby,Jenson Brooksby,2025,Clay,15,14,64,66,56,58,62,93,76,62,32,50,59,46,96,28,40,51
b0cd,jenson-brooksby,Jenson Brooksby,2025,Grass,26,15,63,68,54,57,61,97,77,63,31,55,72,35,98,26,40,51
b0cd,jenson-brooksby,Jenson Brooksby,2025,Carpet,,,,,,,,,,,,,,,,,,
b0cd,jenson-brooksby,Jenson Brooksby,2024,all,,,,,,,,,,,,,,,,,,
b0cd,jenson-brooksby,Jenson Brooksby,2024,Hard,,,,,,,,,,,,,,,,,,
b0cd,jenson-brooksby,Jenson Brooksby,2024,Clay,,,,,,,,,,,,,,,,,,
b0cd,jenson-brooksby,Jenson Brooksby,2024,Grass,,,,,,,,,,,,,,,,,,
b0cd,jenson-brooksby,Jenson Brooksby,2024,Carpet,,,,,,,,,,,,,,,,,,
b0cd,jenson-brooksby,Jenson Brooksby,2023,all,25,13,60,68,54,53,68,89,81,62,30,51,53,47,90,28,39,51
b0cd,jenson-brooksby,Jenson Brooksby,2023,Hard,25,13,60,68,54,53,68,89,81,62,30,51,53,47,90,28,39,51
b0cd,jenson-brooksby,Jenson Brooksby,2023,Clay,,,,,,,,,,,,,,,,,,
b0cd,jenson-brooksby,Jenson Brooksby,2023,Grass,,,,,,,,,,,,,,,,,,
b0cd,jenson-brooksby,Jenson Brooksby,2023,Carpet,,,,,,,,,,,,,,,,,,
ae14,daniel-altmaier,Daniel Altmaier,all,all,1201,470,62,70,48,1388,61,2308,77,62,27,47,1091,37,2320,18,34,48
ae14,daniel-altmaier,Daniel Altmaier,all,Hard,643,208,62,71,47,616,60,1054,77,62,23,46,460,35,1062,15,32,47
ae14,daniel-altmaier,Daniel Altmaier,all,Clay,411,199,62,69,48,641,63,1007,76,61,30,49,549,40,1010,21,37,49
ae14,daniel-altmaier,Daniel Altmaier,all,Grass,147,63,60,74,48,131,59,247,78,64,24,40,82,38,248,13,30,47
ae14,daniel-altmaier,Daniel Altmaier,all,Carpet,,,,,,,,,,,,,,,,,,
ae14,daniel-altmaier,Daniel Altmaier,2026,all,74,35,64,68,45,90,51,151,71,60,25,45,45,38,148,11,32,46
ae14,daniel-altmaier,Daniel Altmaier,2026,Hard,34,17,62,63,37,47,47,54,54,53,17,44,8,38,52,6,26,41
ae14,daniel-altmaier,Daniel Altmaier,2026,Clay,40,18,65,71,50,43,56,97,80,64,29,46,37,38,96,15,34,49
ae14,daniel-altmaier,Daniel Altmaier,2026,Grass,,,,,,,,,,,,,,,,,,
ae14,daniel-altmaier,Daniel Altmaier,2026,Carpet,,,,,,,,,,,,,,,,,,
ae14,daniel-altmaier,Daniel Altmaier,2025,all,385,120,60,73,47,354,61,635,78,62,25,48,302,37,644,18,34,48
ae14,daniel-altmaier,Daniel Altmaier,2025,Hard,281,76,61,74,48,207,61,421,81,64,23,48,206,33,427,16,33,48
ae14,daniel-altmaier,Daniel Altmaier,2025,Clay,79,31,58,71,45,115,62,167,74,60,29,50,80,49,170,23,37,49
ae14,daniel-altmaier,Daniel Altmaier,2025,Grass,25,13,60,69,47,32,63,47,74,60,25,40,16,31,47,11,31,46
ae14,daniel-altmaier,Daniel Altmaier,2025,Carpet,,,,,,,,,,,,,,,,,,
ae14,daniel-altmaier,Daniel Altmaier,2024,all,201,89,62,71,48,237,58,432,77,62,28,45,194,38,431,17,35,49
ae14,daniel-altmaier,Daniel Altmaier,2024,Hard,115,41,63,73,47,103,63,187,80,63,25,43,72,35,186,13,32,48
ae14,daniel-altmaier,Daniel Altmaier,2024,Clay,68,37,64,67,50,111,55,198,75,61,30,46,93,40,197,19,36,49
ae14,daniel-altmaier,Daniel Altmaier,2024,Grass,18,11,56,80,46,23,52,47,77,65,32,47,29,41,48,25,38,51
ae14,daniel-altmaier,Daniel Altmaier,2024,Carpet,,,,,,,,,,,,,,,,,,
ae14,daniel-altmaier,Daniel Altmaier,2023,all,208,81,66,68,51,259,63,456,79,63,27,49,234,36,456,19,35,49
ae14,daniel-altmaier,Daniel Altmaier,2023,Hard,106,37,64,68,51,125,65,192,77,62,24,49,85,35,194,15,33,48
ae14,daniel-altmaier,Daniel Altmaier,2023,Clay,90,40,67,69,51,120,63,234,81,63,31,50,144,36,234,22,38,50
ae14,daniel-altmaier,Daniel Altmaier,2023,Grass,12,4,63,64,51,14,36,30,70,59,18,43,5,60,28,11,27,44
ae14,daniel-altmaier,Daniel Altmaier,2023,Carpet,,,,,,,,,,,,,,,,,,
b0bi,sebastian-baez,Sebastian Baez,all,all,425,420,72,64,52,1742,59,2638,73,60,32,51,1739,41,2673,27,39,50
b0bi,sebastian-baez,Sebastian Baez,all,Hard,165,138,73,63,48,661,59,944,71,59,28,50,520,38,965,21,36,48
b0bi,sebastian-baez,Sebastian Baez,all,Clay,240,249,71,64,53,1013,60,1581,74,61,35,53,1172,43,1594,31,42,51
b0bi,sebastian-baez,Sebastian Baez,all,Grass,20,33,72,64,51,68,57,113,74,60,24,45,47,30,114,12,32,47
b0bi,sebastian-baez,Sebastian Baez,all,Carpet,,,,,,,,,,,,,,,,,,
b0bi,sebastian-baez,Sebastian Baez,2026,all,51,49,73,64,52,203,65,296,76,61,31,54,171,47,303,27,39,50
b0bi,sebastian-baez,Sebastian Baez,2026,Hard,34,22,76,65,55,107,70,164,80,63,31,55,102,47,169,28,40,51
b0bi,sebastian-baez,Sebastian Baez,2026,Clay,17,27,69,64,49,96,58,132,70,59,30,52,69,48,134,25,39,49
b0bi,sebastian-baez,Sebastian Baez,2026,Grass,,,,,,,,,,,,,,,,,,
b0bi,sebastian-baez,Sebastian Baez,2026,Carpet,,,,,,,,,,,,,,,,,,
b0bi,sebastian-baez,Sebastian Baez,2025,all,70,78,72,63,47,356,56,487,68,58,34,51,326,43,494,29,40,49
b0bi,sebastian-baez,Sebastian Baez,2025,Hard,23,31,72,63,44,136,57,171,65,58,28,50,91,44,175,23,36,47
b0bi,sebastian-baez,Sebastian Baez,2025,Clay,46,44,72,62,49,215,56,306,69,59,37,52,235,43,310,33,43,51
b0bi,sebastian-baez,Sebastian Baez,2025,Grass,1,3,67,60,43,5,0,10,50,54,7,21,0,0,9,0,12,38
b0bi,sebastian-baez,Sebastian Baez,2025,Carpet,,,,,,,,,,,,,,,,,,
b0bi,sebastian-baez,Sebastian Baez,2024,all,116,104,72,64,52,432,61,638,74,60,33,51,433,41,647,27,40,50
b0bi,sebastian-baez,Sebastian Baez,2024,Hard,36,36,71,62,49,151,58,202,68,58,27,50,112,36,207,19,36,48
b0bi,sebastian-baez,Sebastian Baez,2024,Clay,77,62,72,65,53,253,63,405,77,62,37,53,307,44,407,33,43,52
b0bi,sebastian-baez,Sebastian Baez,2024,Grass,3,6,72,55,55,28,61,31,65,55,26,42,14,14,33,6,31,43
b0bi,sebastian-baez,Sebastian Baez,2024,Carpet,,,,,,,,,,,,,,,,,,
b0bi,sebastian-baez,Sebastian Baez,2023,all,97,80,72,65,54,332,58,548,75,62,31,53,360,41,553,27,39,50
b0bi,sebastian-baez,Sebastian Baez,2023,Hard,39,22,75,63,48,114,57,193,75,59,26,49,94,38,194,19,35,47
b0bi,sebastian-baez,Sebastian Baez,2023,Clay,55,51,70,65,57,208,58,334,74,63,34,55,258,42,338,32,42,52
b0bi,sebastian-baez,Sebastian Baez,2023,Grass,3,7,74,68,50,10,80,21,90,64,28,38,8,25,21,10,31,48
b0bi,sebastian-baez,Sebastian Baez,2023,Carpet,,,,,,,,,,,,,,,,,,
su87,lorenzo-sonego,Lorenzo Sonego,all,all,2125,705,66,73,51,2152,64,4435,82,65,28,46,2049,38,4421,17,35,50
su87,lorenzo-sonego,Lorenzo Sonego,all,Hard,1291,382,66,73,51,1095,64,2343,83,66,27,45,1008,37,2315,16,34,50
su87,lorenzo-sonego,Lorenzo Sonego,all,Clay,460,230,65,71,50,797,62,1437,79,63,30,47,762,38,1459,20,36,50
su87,lorenzo-sonego,Lorenzo Sonego,all,Grass,374,93,70,74,53,260,66,655,86,68,27,47,279,40,647,17,34,51
su87,lorenzo-sonego,Lorenzo Sonego,all,Carpet,,,,,,,,,,,,,,,,,,
su87,lorenzo-sonego,Lorenzo Sonego,2026,all,37,14,65,68,50,56,63,77,73,62,35,45,47,40,79,24,38,50
su87,lorenzo-sonego,Lorenzo Sonego,2026,Hard,27,10,67,71,49,29,66,45,78,64,34,48,29,41,47,26,40,51
su87,lorenzo-sonego,Lorenzo Sonego,2026,Clay,10,4,62,64,50,27,59,32,66,59,35,39,18,39,32,22,37,48
su87,lorenzo-sonego,Lorenzo Sonego,2026,Grass,,,,,,,,,,,,,,,,,,
su87,lorenzo-sonego,Lorenzo Sonego,2026,Carpet,,,,,,,,,,,,,,,,,,
su87,lorenzo-sonego,Lorenzo Sonego,2025,all,346,128,66,73,51,368,67,747,84,66,26,47,320,39,738,17,34,50
su87,lorenzo-sonego,Lorenzo Sonego,2025,Hard,267,90,65,74,51,268,70,524,85,66,25,47,230,39,518,17,34,50
su87,lorenzo-sonego,Lorenzo Sonego,2025,Clay,16,23,63,67,43,55,56,79,70,58,31,45,38,34,78,17,35,47
su87,lorenzo-sonego,Lorenzo Sonego,2025,Grass,63,15,72,74,58,45,67,144,90,70,26,47,52,42,142,15,33,51
su87,lorenzo-sonego,Lorenzo Sonego,2025,Carpet,,,,,,,,,,,,,,,,,,
su87,lorenzo-sonego,Lorenzo Sonego,2024,all,317,95,67,74,52,265,63,609,84,66,26,43,259,32,618,14,32,49
su87,lorenzo-sonego,Lorenzo Sonego,2024,Hard,212,50,67,74,50,155,63,356,84,66,27,42,143,32,358,13,32,49
su87,lorenzo-sonego,Lorenzo Sonego,2024,Clay,59,31,66,72,54,79,62,177,83,66,26,45,81,35,184,15,33,49
su87,lorenzo-sonego,Lorenzo Sonego,2024,Grass,46,14,71,75,52,31,68,76,87,69,25,47,35,29,76,13,33,50
su87,lorenzo-sonego,Lorenzo Sonego,2024,Carpet,,,,,,,,,,,,,,,,,,
su87,lorenzo-sonego,Lorenzo Sonego,2023,all,297,109,66,73,52,326,65,665,83,66,27,47,294,39,665,17,35,50
su87,lorenzo-sonego,Lorenzo Sonego,2023,Hard,189,65,65,73,53,185,63,393,82,66,27,46,170,37,383,16,34,50
su87,lorenzo-sonego,Lorenzo Sonego,2023,Clay,63,35,66,71,51,107,64,206,81,65,27,49,94,47,213,21,36,50
su87,lorenzo-sonego,Lorenzo Sonego,2023,Grass,45,9,71,77,53,34,79,66,89,70,23,49,30,30,69,13,33,51
su87,lorenzo-sonego,Lorenzo Sonego,2023,Carpet,,,,,,,,,,,,,,,,,,
m0jf,hamad-medjedovic,Hamad Medjedovic,all,all,716,268,65,73,51,511,65,1000,82,65,27,47,467,36,997,17,35,50
m0jf,hamad-medjedovic,Hamad Medjedovic,all,Hard,443,126,66,75,52,236,69,526,86,67,26,47,233,36,529,16,34,51
m0jf,hamad-medjedovic,Hamad Medjedovic,all,Clay,188,108,62,70,48,234,61,385,76,62,29,48,205,36,378,19,36,49
m0jf,hamad-medjedovic,Hamad Medjedovic,all,Grass,85,34,66,75,52,41,71,89,87,67,24,45,29,41,90,13,32,49
m0jf,hamad-medjedovic,Hamad Medjedovic,all,Carpet,,,,,,,,,,,,,,,,,,
m0jf,hamad-medjedovic,Hamad Medjedovic,2026,all,113,46,64,71,50,100,66,156,78,63,28,45,82,34,157,18,35,49
m0jf,hamad-medjedovic,Hamad Medjedovic,2026,Hard,78,33,62,71,51,61,67,96,79,63,27,46,49,29,99,14,34,49
m0jf,hamad-medjedovic,Hamad Medjedovic,2026,Clay,35,13,67,71,48,39,64,60,77,64,32,43,33,42,58,24,36,50
m0jf,hamad-medjedovic,Hamad Medjedovic,2026,Grass,,,,,,,,,,,,,,,,,,
m0jf,hamad-medjedovic,Hamad Medjedovic,2026,Carpet,,,,,,,,,,,,,,,,,,
m0jf,hamad-medjedovic,Hamad Medjedovic,2025,all,256,93,64,73,51,179,64,366,83,65,28,48,187,36,367,19,35,50
m0jf,hamad-medjedovic,Hamad Medjedovic,2025,Hard,181,56,65,75,51,100,64,224,84,67,25,49,97,42,223,18,34,51
m0jf,hamad-medjedovic,Hamad Medjedovic,2025,Clay,40,22,61,69,48,61,62,98,77,61,33,48,75,28,99,21,39,50
m0jf,hamad-medjedovic,Hamad Medjedovic,2025,Grass,35,15,64,73,56,18,72,44,89,67,25,39,15,40,45,13,30,49
m0jf,hamad-medjedovic,Hamad Medjedovic,2025,Carpet,,,,,,,,,,,,,,,,,,
m0jf,hamad-medjedovic,Hamad Medjedovic,2024,all,169,54,67,74,53,110,69,228,85,67,27,47,105,32,228,15,35,51
m0jf,hamad-medjedovic,Hamad Medjedovic,2024,Hard,60,18,70,76,56,34,71,79,87,70,28,47,35,34,81,15,34,51
m0jf,hamad-medjedovic,Hamad Medjedovic,2024,Clay,70,25,64,72,53,63,65,125,82,65,29,46,63,30,123,15,36,50
m0jf,hamad-medjedovic,Hamad Medjedovic,2024,Grass,39,11,71,79,43,13,85,24,92,69,20,50,7,43,24,13,31,50
m0jf,hamad-medjedovic,Hamad Medjedovic,2024,Carpet,,,,,,,,,,,,,,,,,,
m0jf,hamad-medjedovic,Hamad Medjedovic,2023,all,169,68,64,75,49,104,66,219,84,66,25,50,88,41,214,17,34,50
m0jf,hamad-medjedovic,Hamad Medjedovic,2023,Hard,120,18,69,80,55,36,89,117,97,72,25,48,49,33,115,14,33,53
m0jf,hamad-medjedovic,Hamad Medjedovic,2023,Clay,38,42,56,68,43,58,55,81,68,57,25,53,32,53,78,22,35,46
m0jf,hamad-medjedovic,Hamad Medjedovic,2023,Grass,11,8,63,70,49,10,50,21,76,62,26,52,7,43,21,14,35,47
m0jf,hamad-medjedovic,Hamad Medjedovic,2023,Carpet,,,,,,,,,,,,,,,,,,
c0jp,raphael-collignon,Raphael Collignon,all,all,180,152,64,74,43,161,60,311,79,63,27,49,171,30,310,17,35,49
c0jp,raphael-collignon,Raphael Collignon,all,Hard,141,118,64,75,43,110,60,242,82,64,26,47,125,29,241,15,34,49
c0jp,raphael-collignon,Raphael Collignon,all,Clay,27,25,63,68,43,38,58,55,71,58,31,55,42,36,55,27,40,49
c0jp,raphael-collignon,Raphael Collignon,all,Grass,12,9,67,68,39,13,62,14,64,59,16,42,4,25,14,7,27,44
c0jp,raphael-collignon,Raphael Collignon,all,Carpet,,,,,,,,,,,,,,,,,,
c0jp,raphael-collignon,Raphael Collignon,2026,all,55,26,64,77,48,38,55,102,83,66,29,46,67,25,100,17,35,50
c0jp,raphael-collignon,Raphael Collignon,2026,Hard,55,26,64,77,48,38,55,102,83,66,29,46,67,25,100,17,35,50
c0jp,raphael-collignon,Raphael Collignon,2026,Clay,0,0,0,0,0,0,0,0,0,0,0,0,0,0,0,0,0,0
c0jp,raphael-collignon,Raphael Collignon,2026,Grass,,,,,,,,,,,,,,,,,,
c0jp,raphael-collignon,Raphael Collignon,2026,Carpet,,,,,,,,,,,,,,,,,,
c0jp,raphael-collignon,Raphael Collignon,2025,all,124,114,65,73,42,117,63,202,79,62,26,49,102,34,203,17,35,48
c0jp,raphael-collignon,Raphael Collignon,2025,Hard,85,80,66,75,41,66,67,133,83,64,25,47,56,34,134,14,33,49
c0jp,raphael-collignon,Raphael Collignon,2025,Clay,27,25,63,68,43,38,58,55,71,58,31,55,42,36,55,27,40,49
c0jp,raphael-collignon,Raphael Collignon,2025,Grass,12,9,67,68,39,13,62,14,64,59,16,42,4,25,14,7,27,44
c0jp,raphael-collignon,Raphael Collignon,2025,Carpet,,,,,,,,,,,,,,,,,,
c0jp,raphael-collignon,Raphael Collignon,2024,all,1,12,44,59,18,6,17,7,29,36,15,67,2,0,7,0,28,32
c0jp,raphael-collignon,Raphael Collignon,2024,Hard,1,12,44,59,18,6,17,7,29,36,15,67,2,0,7,0,28,32
c0jp,raphael-collignon,Raphael Collignon,2024,Clay,,,,,,,,,,,,,,,,,,
c0jp,raphael-collignon,Raphael Collignon,2024,Grass,,,,,,,,,,,,,,,,,,
c0jp,raphael-collignon,Raphael Collignon,2024,Carpet,,,,,,,,,,,,,,,,,,
c0jp,raphael-collignon,Raphael Collignon,2023,all,,,,,,,,,,,,,,,,,,
c0jp,raphael-collignon,Raphael Collignon,2023,Hard,,,,,,,,,,,,,,,,,,
c0jp,raphael-collignon,Raphael Collignon,2023,Clay,,,,,,,,,,,,,,,,,,
c0jp,raphael-collignon,Raphael Collignon,2023,Grass,,,,,,,,,,,,,,,,,,
c0jp,raphael-collignon,Raphael Collignon,2023,Carpet,,,,,,,,,,,,,,,,,,
t0a1,thiago-agustin-tirante,Thiago Agustin Tirante,all,all,246,83,64,71,52,228,57,484,80,64,29,47,247,38,483,20,36,50
t0a1,thiago-agustin-tirante,Thiago Agustin Tirante,all,Hard,91,21,62,72,49,63,54,122,76,63,28,47,65,35,122,19,36,49
t0a1,thiago-agustin-tirante,Thiago Agustin Tirante,all,Clay,155,62,64,71,53,165,59,362,81,65,29,47,182,40,361,20,36,50
t0a1,thiago-agustin-tirante,Thiago Agustin Tirante,all,Grass,,,,,,,,,,,,,,,,,,
t0a1,thiago-agustin-tirante,Thiago Agustin Tirante,all,Carpet,,,,,,,,,,,,,,,,,,
t0a1,thiago-agustin-tirante,Thiago Agustin Tirante,2026,all,136,33,61,75,54,77,58,186,83,67,30,46,92,43,185,22,36,51
t0a1,thiago-agustin-tirante,Thiago Agustin Tirante,2026,Hard,52,9,62,75,50,23,52,54,80,65,30,46,29,34,55,18,36,50
t0a1,thiago-agustin-tirante,Thiago Agustin Tirante,2026,Clay,84,24,60,75,55,54,61,132,84,67,31,46,63,48,130,23,36,52
t0a1,thiago-agustin-tirante,Thiago Agustin Tirante,2026,Grass,,,,,,,,,,,,,,,,,,
t0a1,thiago-agustin-tirante,Thiago Agustin Tirante,2026,Carpet,,,,,,,,,,,,,,,,,,
t0a1,thiago-agustin-tirante,Thiago Agustin Tirante,2025,all,40,17,60,71,50,40,57,77,78,63,28,51,44,39,78,22,37,50
t0a1,thiago-agustin-tirante,Thiago Agustin Tirante,2025,Hard,24,10,59,73,50,21,52,40,75,63,28,49,21,48,40,25,38,50
t0a1,thiago-agustin-tirante,Thiago Agustin Tirante,2025,Clay,16,7,61,70,50,19,63,37,81,62,28,55,23,30,38,18,37,49
t0a1,thiago-agustin-tirante,Thiago Agustin Tirante,2025,Grass,,,,,,,,,,,,,,,,,,
t0a1,thiago-agustin-tirante,Thiago Agustin Tirante,2025,Carpet,,,,,,,,,,,,,,,,,,
t0a1,thiago-agustin-tirante,Thiago Agustin Tirante,2024,all,54,28,67,71,49,70,54,156,79,64,29,44,73,33,155,15,34,49
t0a1,thiago-agustin-tirante,Thiago Agustin Tirante,2024,Hard,10,1,59,71,42,9,78,10,80,59,24,37,3,0,10,0,28,44
t0a1,thiago-agustin-tirante,Thiago Agustin Tirante,2024,Clay,44,27,68,71,50,61,51,146,79,64,29,44,70,34,145,17,34,49
t0a1,thiago-agustin-tirante,Thiago Agustin Tirante,2024,Grass,,,,,,,,,,,,,,,,,,
t0a1,thiago-agustin-tirante,Thiago Agustin Tirante,2024,Carpet,,,,,,,,,,,,,,,,,,
t0a1,thiago-agustin-tirante,Thiago Agustin Tirante,2023,all,12,3,68,62,55,36,61,52,73,60,30,52,32,38,51,24,39,50
t0a1,thiago-agustin-tirante,Thiago Agustin Tirante,2023,Hard,5,1,68,65,53,10,40,18,67,61,27,48,12,25,17,18,36,48
t0a1,thiago-agustin-tirante,Thiago Agustin Tirante,2023,Clay,7,2,68,61,56,26,69,34,76,59,31,54,20,45,34,26,41,50
t0a1,thiago-agustin-tirante,Thiago Agustin Tirante,2023,Grass,,,,,,,,,,,,,,,,,,
t0a1,thiago-agustin-tirante,Thiago Agustin Tirante,2023,Carpet,,,,,,,,,,,,,,,,,,
ki95,miomir-kecmanovic,Miomir Kecmanovic,all,all,1522,742,61,71,53,2367,61,4334,79,64,28,52,2387,39,4375,21,37,50
ki95,miomir-kecmanovic,Miomir Kecmanovic,all,Hard,1079,509,61,72,53,1504,63,2799,80,64,27,52,1427,41,2825,20,36,50
ki95,miomir-kecmanovic,Miomir Kecmanovic,all,Clay,255,145,61,67,53,626,57,1051,75,61,32,52,728,39,1060,27,40,50
ki95,miomir-kecmanovic,Miomir Kecmanovic,all,Grass,188,88,65,73,52,237,62,484,82,65,24,50,232,31,490,15,34,50
ki95,miomir-kecmanovic,Miomir Kecmanovic,all,Carpet,,,,,,,,,,,,,,,,,,
ki95,miomir-kecmanovic,Miomir Kecmanovic,2026,all,117,40,62,74,53,120,62,257,82,66,24,52,111,42,255,18,34,50
ki95,miomir-kecmanovic,Miomir Kecmanovic,2026,Hard,114,33,63,75,54,94,62,216,83,67,24,53,94,43,214,19,34,51
ki95,miomir-kecmanovic,Miomir Kecmanovic,2026,Clay,3,7,58,70,48,26,62,41,76,61,24,46,17,41,41,17,33,47
ki95,miomir-kecmanovic,Miomir Kecmanovic,2026,Grass,,,,,,,,,,,,,,,,,,
ki95,miomir-kecmanovic,Miomir Kecmanovic,2026,Carpet,,,,,,,,,,,,,,,,,,
ki95,miomir-kecmanovic,Miomir Kecmanovic,2025,all,262,128,62,72,50,340,61,667,80,64,27,52,368,38,681,20,37,50
ki95,miomir-kecmanovic,Miomir Kecmanovic,2025,Hard,203,95,61,74,49,235,61,460,80,64,27,54,253,41,469,22,37,50
ki95,miomir-kecmanovic,Miomir Kecmanovic,2025,Clay,31,17,60,69,53,68,65,125,81,62,29,48,82,28,127,18,36,49
ki95,miomir-kecmanovic,Miomir Kecmanovic,2025,Grass,28,16,67,71,52,37,57,82,80,65,24,50,33,36,85,14,34,49
ki95,miomir-kecmanovic,Miomir Kecmanovic,2025,Carpet,,,,,,,,,,,,,,,,,,
ki95,miomir-kecmanovic,Miomir Kecmanovic,2024,all,243,112,62,71,53,323,55,681,79,64,27,51,365,37,686,20,36,50
ki95,miomir-kecmanovic,Miomir Kecmanovic,2024,Hard,147,79,61,70,53,204,54,434,78,64,26,52,230,37,437,19,36,49
ki95,miomir-kecmanovic,Miomir Kecmanovic,2024,Clay,50,17,64,70,49,76,57,135,76,62,30,51,82,39,136,24,38,50
ki95,miomir-kecmanovic,Miomir Kecmanovic,2024,Grass,46,16,63,76,55,43,60,112,85,68,26,48,53,36,113,17,34,51
ki95,miomir-kecmanovic,Miomir Kecmanovic,2024,Carpet,,,,,,,,,,,,,,,,,,
ki95,miomir-kecmanovic,Miomir Kecmanovic,2023,all,202,94,60,69,53,361,63,616,78,63,28,51,339,40,626,22,37,50
ki95,miomir-kecmanovic,Miomir Kecmanovic,2023,Hard,143,65,60,70,54,223,65,375,79,64,26,49,159,43,381,18,35,49
ki95,miomir-kecmanovic,Miomir Kecmanovic,2023,Clay,50,24,61,68,55,103,57,209,79,63,32,54,159,39,211,29,41,51
ki95,miomir-kecmanovic,Miomir Kecmanovic,2023,Grass,9,5,65,62,40,35,63,32,59,54,23,57,21,24,34,15,35,45
ki95,miomir-kecmanovic,Miomir Kecmanovic,2023,Carpet,,,,,,,,,,,,,,,,,,
r0eb,valentin-royer,Valentin Royer,all,all,237,74,64,71,52,244,66,427,81,64,25,49,171,40,423,16,33,49
r0eb,valentin-royer,Valentin Royer,all,Hard,199,59,64,71,51,211,67,360,81,64,24,50,144,40,357,16,33,49
r0eb,valentin-royer,Valentin Royer,all,Clay,18,10,58,69,50,19,47,36,72,61,31,45,19,32,36,17,36,48
r0eb,valentin-royer,Valentin Royer,all,Grass,20,5,65,71,59,14,86,31,94,67,20,45,8,50,30,13,31,49
r0eb,valentin-royer,Valentin Royer,all,Carpet,,,,,,,,,,,,,,,,,,
r0eb,valentin-royer,Valentin Royer,2026,all,77,28,64,68,48,108,68,138,75,60,23,48,40,43,135,13,31,47
r0eb,valentin-royer,Valentin Royer,2026,Hard,73,24,64,68,48,101,68,129,75,61,24,48,40,43,126,13,32,47
r0eb,valentin-royer,Valentin Royer,2026,Clay,4,4,62,62,42,7,57,9,67,54,13,39,0,0,9,0,22,41
r0eb,valentin-royer,Valentin Royer,2026,Grass,,,,,,,,,,,,,,,,,,
r0eb,valentin-royer,Valentin Royer,2026,Carpet,,,,,,,,,,,,,,,,,,
r0eb,valentin-royer,Valentin Royer,2025,all,160,46,64,73,54,136,65,289,84,66,26,49,131,39,288,18,34,50
r0eb,valentin-royer,Valentin Royer,2025,Hard,126,35,64,73,53,110,65,231,84,66,25,51,104,39,231,18,34,50
r0eb,valentin-royer,Valentin Royer,2025,Clay,14,6,56,72,53,12,42,27,74,64,35,46,19,32,27,22,39,50
r0eb,valentin-royer,Valentin Royer,2025,Grass,20,5,65,71,59,14,86,31,94,67,20,45,8,50,30,13,31,49
r0eb,valentin-royer,Valentin Royer,2025,Carpet,,,,,,,,,,,,,,,,,,
r0eb,valentin-royer,Valentin Royer,2024,all,,,,,,,,,,,,,,,,,,
r0eb,valentin-royer,Valentin Royer,2024,Hard,,,,,,,,,,,,,,,,,,
r0eb,valentin-royer,Valentin Royer,2024,Clay,,,,,,,,,,,,,,,,,,
r0eb,valentin-royer,Valentin Royer,2024,Grass,,,,,,,,,,,,,,,,,,
r0eb,valentin-royer,Valentin Royer,2024,Carpet,,,,,,,,,,,,,,,,,,
r0eb,valentin-royer,Valentin Royer,2023,all,,,,,,,,,,,,,,,,,,
r0eb,valentin-royer,Valentin Royer,2023,Hard,,,,,,,,,,,,,,,,,,
r0eb,valentin-royer,Valentin Royer,2023,Clay,,,,,,,,,,,,,,,,,,
r0eb,valentin-royer,Valentin Royer,2023,Grass,,,,,,,,,,,,,,,,,,
r0eb,valentin-royer,Valentin Royer,2023,Carpet,,,,,,,,,,,,,,,,,,
c0c8,juan-manuel-cerundolo,Juan Manuel Cerundolo,all,all,219,200,63,65,49,576,59,821,71,59,30,49,467,39,838,22,37,48
c0c8,juan-manuel-cerundolo,Juan Manuel Cerundolo,all,Hard,60,51,62,66,47,153,58,218,70,59,26,48,102,34,224,16,33,46
c0c8,juan-manuel-cerundolo,Juan Manuel Cerundolo,all,Clay,154,146,64,65,50,410,60,591,72,60,32,50,363,40,602,24,39,49
c0c8,juan-manuel-cerundolo,Juan Manuel Cerundolo,all,Grass,5,3,62,56,42,13,54,12,50,51,18,11,2,0,12,0,16,37
c0c8,juan-manuel-cerundolo,Juan Manuel Cerundolo,all,Carpet,,,,,,,,,,,,,,,,,,
c0c8,juan-manuel-cerundolo,Juan Manuel Cerundolo,2026,all,60,39,61,66,51,96,56,163,74,60,28,51,80,43,165,21,37,49
c0c8,juan-manuel-cerundolo,Juan Manuel Cerundolo,2026,Hard,17,7,58,68,51,17,47,36,75,61,26,39,10,40,35,11,31,47
c0c8,juan-manuel-cerundolo,Juan Manuel Cerundolo,2026,Clay,43,32,62,66,51,79,58,127,74,60,28,54,70,43,130,23,38,49
c0c8,juan-manuel-cerundolo,Juan Manuel Cerundolo,2026,Grass,,,,,,,,,,,,,,,,,,
c0c8,juan-manuel-cerundolo,Juan Manuel Cerundolo,2026,Carpet,,,,,,,,,,,,,,,,,,
c0c8,juan-manuel-cerundolo,Juan Manuel Cerundolo,2025,all,78,57,61,68,51,154,66,223,76,61,29,52,141,35,228,21,38,49
c0c8,juan-manuel-cerundolo,Juan Manuel Cerundolo,2025,Hard,12,7,57,74,51,13,54,27,78,64,22,56,18,6,29,3,33,47
c0c8,juan-manuel-cerundolo,Juan Manuel Cerundolo,2025,Clay,66,50,61,67,51,141,67,196,76,61,30,51,123,39,199,24,39,50
c0c8,juan-manuel-cerundolo,Juan Manuel Cerundolo,2025,Grass,,,,,,,,,,,,,,,,,,
c0c8,juan-manuel-cerundolo,Juan Manuel Cerundolo,2025,Carpet,,,,,,,,,,,,,,,,,,
c0c8,juan-manuel-cerundolo,Juan Manuel Cerundolo,2024,all,8,10,61,61,55,21,48,37,70,59,31,45,18,44,38,21,37,48
c0c8,juan-manuel-cerundolo,Juan Manuel Cerundolo,2024,Hard,,,,,,,,,,,,,,,,,,
c0c8,juan-manuel-cerundolo,Juan Manuel Cerundolo,2024,Clay,8,10,61,61,55,21,48,37,70,59,31,45,18,44,38,21,37,48
c0c8,juan-manuel-cerundolo,Juan Manuel Cerundolo,2024,Grass,,,,,,,,,,,,,,,,,,
c0c8,juan-manuel-cerundolo,Juan Manuel Cerundolo,2024,Carpet,,,,,,,,,,,,,,,,,,
c0c8,juan-manuel-cerundolo,Juan Manuel Cerundolo,2023,all,53,57,61,65,44,142,59,183,68,57,30,46,95,37,185,19,36,47
c0c8,juan-manuel-cerundolo,Juan Manuel Cerundolo,2023,Hard,19,18,56,70,41,30,50,52,71,57,29,53,33,36,51,24,38,48
c0c8,juan-manuel-cerundolo,Juan Manuel Cerundolo,2023,Clay,29,36,64,64,46,99,63,119,69,58,32,45,60,38,122,19,36,47
c0c8,juan-manuel-cerundolo,Juan Manuel Cerundolo,2023,Grass,5,3,62,56,42,13,54,12,50,51,18,11,2,0,12,0,16,37
c0c8,juan-manuel-cerundolo,Juan Manuel Cerundolo,2023,Carpet,,,,,,,,,,,,,,,,,,
c0h0,arthur-cazaux,Arthur Cazaux,all,all,594,161,59,75,49,422,65,855,83,64,27,45,386,35,852,16,34,49
c0h0,arthur-cazaux,Arthur Cazaux,all,Hard,387,85,59,76,49,255,63,532,82,65,28,47,254,38,530,18,35,50
c0h0,arthur-cazaux,Arthur Cazaux,all,Clay,136,36,59,72,52,125,66,228,82,64,26,43,99,31,228,14,33,49
c0h0,arthur-cazaux,Arthur Cazaux,all,Grass,71,40,58,79,43,42,71,95,87,64,23,41,33,27,94,10,29,48
c0h0,arthur-cazaux,Arthur Cazaux,all,Carpet,,,,,,,,,,,,,,,,,,
c0h0,arthur-cazaux,Arthur Cazaux,2026,all,21,3,62,75,50,9,56,20,80,65,27,38,10,40,21,19,30,48
c0h0,arthur-cazaux,Arthur Cazaux,2026,Hard,21,3,62,75,50,9,56,20,80,65,27,38,10,40,21,19,30,48
c0h0,arthur-cazaux,Arthur Cazaux,2026,Clay,,,,,,,,,,,,,,,,,,
c0h0,arthur-cazaux,Arthur Cazaux,2026,Grass,,,,,,,,,,,,,,,,,,
c0h0,arthur-cazaux,Arthur Cazaux,2026,Carpet,,,,,,,,,,,,,,,,,,
c0h0,arthur-cazaux,Arthur Cazaux,2025,all,301,82,60,75,50,219,67,440,84,65,28,44,197,33,441,15,34,49
c0h0,arthur-cazaux,Arthur Cazaux,2025,Hard,166,45,60,75,49,133,66,254,82,64,28,47,122,34,253,16,34,50
c0h0,arthur-cazaux,Arthur Cazaux,2025,Clay,100,25,59,75,55,59,68,144,87,67,26,42,54,33,146,12,33,50
c0h0,arthur-cazaux,Arthur Cazaux,2025,Grass,35,12,64,77,38,27,70,42,81,63,32,38,21,29,42,14,34,49
c0h0,arthur-cazaux,Arthur Cazaux,2025,Carpet,,,,,,,,,,,,,,,,,,
c0h0,arthur-cazaux,Arthur Cazaux,2024,all,230,67,57,77,49,134,60,308,83,65,26,48,147,40,304,19,34,50
c0h0,arthur-cazaux,Arthur Cazaux,2024,Hard,182,35,57,78,51,96,58,233,83,66,28,48,116,44,230,22,36,51
c0h0,arthur-cazaux,Arthur Cazaux,2024,Clay,12,4,63,60,40,23,61,22,59,53,24,54,19,26,22,23,37,45
c0h0,arthur-cazaux,Arthur Cazaux,2024,Grass,36,28,54,80,47,15,73,53,92,65,15,43,12,25,52,6,25,47
c0h0,arthur-cazaux,Arthur Cazaux,2024,Carpet,,,,,,,,,,,,,,,,,,
c0h0,arthur-cazaux,Arthur Cazaux,2023,all,20,7,59,72,42,33,70,43,77,60,21,44,11,18,44,5,29,46
c0h0,arthur-cazaux,Arthur Cazaux,2023,Hard,18,2,61,72,43,17,71,25,80,61,20,48,6,17,26,4,30,46
c0h0,arthur-cazaux,Arthur Cazaux,2023,Clay,2,5,56,72,41,16,69,18,72,58,22,38,5,20,18,6,28,45
c0h0,arthur-cazaux,Arthur Cazaux,2023,Grass,,,,,,,,,,,,,,,,,,
c0h0,arthur-cazaux,Arthur Cazaux,2023,Carpet,,,,,,,,,,,,,,,,,,
o522,reilly-opelka,Reilly Opelka,all,all,4346,783,64,79,54,1106,69,3269,90,70,21,42,998,31,3226,10,28,50
o522,reilly-opelka,Reilly Opelka,all,Hard,3441,577,65,80,55,736,71,2432,91,71,20,42,706,31,2391,9,28,50
o522,reilly-opelka,Reilly Opelka,all,Clay,497,121,62,74,52,226,66,488,84,66,24,43,185,32,484,12,31,49
o522,reilly-opelka,Reilly Opelka,all,Grass,408,85,63,77,53,144,66,349,86,68,20,44,107,30,351,9,29,49
o522,reilly-opelka,Reilly Opelka,all,Carpet,,,,,,,,,,,,,,,,,,
o522,reilly-opelka,Reilly Opelka,2026,all,278,52,71,81,58,48,79,172,94,74,19,44,34,35,172,7,27,51
o522,reilly-opelka,Reilly Opelka,2026,Hard,264,44,73,81,58,39,79,156,95,75,19,42,34,35,156,8,27,51
o522,reilly-opelka,Reilly Opelka,2026,Clay,14,8,59,78,54,9,78,16,88,68,14,59,0,0,16,0,26,47
o522,reilly-opelka,Reilly Opelka,2026,Grass,,,,,,,,,,,,,,,,,,
o522,reilly-opelka,Reilly Opelka,2026,Carpet,,,,,,,,,,,,,,,,,,
o522,reilly-opelka,Reilly Opelka,2025,all,790,198,63,79,51,257,72,635,89,69,21,43,174,30,628,8,29,49
o522,reilly-opelka,Reilly Opelka,2025,Hard,565,136,64,81,52,159,74,426,90,70,20,42,101,32,415,8,28,50
o522,reilly-opelka,Reilly Opelka,2025,Clay,63,28,60,72,47,41,63,76,80,62,24,42,43,21,78,12,31,47
o522,reilly-opelka,Reilly Opelka,2025,Grass,162,34,62,78,53,57,72,133,88,69,20,46,30,37,135,8,29,49
o522,reilly-opelka,Reilly Opelka,2025,Carpet,,,,,,,,,,,,,,,,,,
o522,reilly-opelka,Reilly Opelka,2024,all,222,48,61,79,50,77,66,172,85,68,22,41,58,28,166,10,29,49
o522,reilly-opelka,Reilly Opelka,2024,Hard,152,32,62,78,51,59,73,121,87,68,21,39,38,26,118,8,27,48
o522,reilly-opelka,Reilly Opelka,2024,Clay,,,,,,,,,,,,,,,,,,
o522,reilly-opelka,Reilly Opelka,2024,Grass,70,16,60,82,47,18,44,51,80,68,24,45,20,30,48,13,32,50
o522,reilly-opelka,Reilly Opelka,2024,Carpet,,,,,,,,,,,,,,,,,,
o522,reilly-opelka,Reilly Opelka,2023,all,,,,,,,,,,,,,,,,,,
o522,reilly-opelka,Reilly Opelka,2023,Hard,,,,,,,,,,,,,,,,,,
o522,reilly-opelka,Reilly Opelka,2023,Clay,,,,,,,,,,,,,,,,,,
o522,reilly-opelka,Reilly Opelka,2023,Grass,,,,,,,,,,,,,,,,,,
o522,reilly-opelka,Reilly Opelka,2023,Carpet,,,,,,,,,,,,,,,,,,
te51,stefanos-tsitsipas,Stefanos Tsitsipas,all,all,3962,1321,62,76,55,2794,65,7142,86,68,28,49,3684,39,7002,21,36,52
te51,stefanos-tsitsipas,Stefanos Tsitsipas,all,Hard,2723,776,62,77,55,1697,66,4457,87,69,27,48,2140,38,4365,19,35,52
te51,stefanos-tsitsipas,Stefanos Tsitsipas,all,Clay,799,399,62,74,55,863,64,2038,85,67,32,52,1268,43,1988,27,39,53
te51,stefanos-tsitsipas,Stefanos Tsitsipas,all,Grass,440,146,63,78,55,234,66,647,88,69,25,45,276,31,649,13,32,51
te51,stefanos-tsitsipas,Stefanos Tsitsipas,all,Carpet,,,,,,,,,,,,,,,,,,
te51,stefanos-tsitsipas,Stefanos Tsitsipas,2026,all,157,53,63,78,52,106,71,273,89,68,27,45,130,31,264,15,33,51
te51,stefanos-tsitsipas,Stefanos Tsitsipas,2026,Hard,115,40,63,79,53,59,63,194,89,69,27,46,100,27,183,15,34,51
te51,stefanos-tsitsipas,Stefanos Tsitsipas,2026,Clay,42,13,61,76,50,47,81,79,89,66,25,45,30,43,81,16,32,50
te51,stefanos-tsitsipas,Stefanos Tsitsipas,2026,Grass,,,,,,,,,,,,,,,,,,
te51,stefanos-tsitsipas,Stefanos Tsitsipas,2026,Carpet,,,,,,,,,,,,,,,,,,
te51,stefanos-tsitsipas,Stefanos Tsitsipas,2025,all,257,127,59,76,53,200,63,477,84,67,28,50,268,34,478,19,36,51
te51,stefanos-tsitsipas,Stefanos Tsitsipas,2025,Hard,183,72,60,78,53,127,63,303,84,68,27,50,161,35,303,18,36,51
te51,stefanos-tsitsipas,Stefanos Tsitsipas,2025,Clay,49,41,57,74,53,59,63,139,84,65,32,51,99,34,138,25,39,52
te51,stefanos-tsitsipas,Stefanos Tsitsipas,2025,Grass,25,14,56,73,56,14,57,35,83,65,20,35,8,25,37,5,25,46
te51,stefanos-tsitsipas,Stefanos Tsitsipas,2025,Carpet,,,,,,,,,,,,,,,,,,
te51,stefanos-tsitsipas,Stefanos Tsitsipas,2024,all,421,186,61,75,54,332,68,767,86,67,28,48,398,41,754,21,35,51
te51,stefanos-tsitsipas,Stefanos Tsitsipas,2024,Hard,265,101,58,75,53,196,69,413,85,66,27,46,195,39,405,19,34,51
te51,stefanos-tsitsipas,Stefanos Tsitsipas,2024,Clay,109,73,63,73,57,120,67,294,86,67,31,52,189,42,289,28,38,52
te51,stefanos-tsitsipas,Stefanos Tsitsipas,2024,Grass,47,12,66,79,60,16,69,60,92,73,22,42,14,36,60,8,29,51
te51,stefanos-tsitsipas,Stefanos Tsitsipas,2024,Carpet,,,,,,,,,,,,,,,,,,
te51,stefanos-tsitsipas,Stefanos Tsitsipas,2023,all,547,153,64,78,55,312,66,942,89,70,27,49,469,39,926,20,35,52
te51,stefanos-tsitsipas,Stefanos Tsitsipas,2023,Hard,365,84,63,78,56,187,71,532,90,70,25,50,237,40,519,18,34,52
te51,stefanos-tsitsipas,Stefanos Tsitsipas,2023,Clay,84,48,64,77,52,82,52,257,85,68,33,53,175,40,252,28,40,53
te51,stefanos-tsitsipas,Stefanos Tsitsipas,2023,Grass,98,21,66,79,58,43,70,153,92,72,23,40,57,30,155,11,29,51
te51,stefanos-tsitsipas,Stefanos Tsitsipas,2023,Carpet,,,,,,,,,,,,,,,,,,
mq75,kamil-majchrzak,Kamil Majchrzak,all,all,574,220,61,72,50,685,61,1253,79,63,26,52,626,37,1239,19,36,50
mq75,kamil-majchrzak,Kamil Majchrzak,all,Hard,409,156,62,72,49,436,62,800,79,63,26,52,408,37,794,19,36,50
mq75,kamil-majchrzak,Kamil Majchrzak,all,Clay,110,44,60,70,49,179,60,291,76,62,26,52,144,38,287,19,36,49
mq75,kamil-majchrzak,Kamil Majchrzak,all,Grass,55,20,61,73,56,70,59,162,82,66,26,48,74,36,158,17,34,50
mq75,kamil-majchrzak,Kamil Majchrzak,all,Carpet,,,,,,,,,,,,,,,,,,
mq75,kamil-majchrzak,Kamil Majchrzak,2026,all,90,25,64,72,48,101,61,195,80,63,27,51,89,37,200,17,35,49
mq75,kamil-majchrzak,Kamil Majchrzak,2026,Hard,74,21,65,71,48,87,57,170,78,63,28,52,81,40,174,18,36,49
mq75,kamil-majchrzak,Kamil Majchrzak,2026,Clay,16,4,59,81,46,14,86,25,92,67,17,48,8,13,26,4,31,49
mq75,kamil-majchrzak,Kamil Majchrzak,2026,Grass,,,,,,,,,,,,,,,,,,
mq75,kamil-majchrzak,Kamil Majchrzak,2026,Carpet,,,,,,,,,,,,,,,,,,
mq75,kamil-majchrzak,Kamil Majchrzak,2025,all,176,50,62,72,51,183,63,359,81,64,27,54,195,38,351,21,37,51
mq75,kamil-majchrzak,Kamil Majchrzak,2025,Hard,111,28,63,73,49,98,68,181,83,64,26,54,102,35,177,20,37,51
mq75,kamil-majchrzak,Kamil Majchrzak,2025,Clay,40,18,61,72,51,57,56,109,77,64,29,52,56,43,108,22,37,50
mq75,kamil-majchrzak,Kamil Majchrzak,2025,Grass,25,4,63,70,59,28,57,69,83,66,26,56,37,41,66,23,36,52
mq75,kamil-majchrzak,Kamil Majchrzak,2025,Carpet,,,,,,,,,,,,,,,,,,
mq75,kamil-majchrzak,Kamil Majchrzak,2024,all,0,0,0,0,0,0,0,0,0,0,0,0,0,0,0,0,0,0
mq75,kamil-majchrzak,Kamil Majchrzak,2024,Hard,0,0,0,0,0,0,0,0,0,0,0,0,0,0,0,0,0,0
mq75,kamil-majchrzak,Kamil Majchrzak,2024,Clay,,,,,,,,,,,,,,,,,,
mq75,kamil-majchrzak,Kamil Majchrzak,2024,Grass,,,,,,,,,,,,,,,,,,
mq75,kamil-majchrzak,Kamil Majchrzak,2024,Carpet,,,,,,,,,,,,,,,,,,
mq75,kamil-majchrzak,Kamil Majchrzak,2023,all,,,,,,,,,,,,,,,,,,
mq75,kamil-majchrzak,Kamil Majchrzak,2023,Hard,,,,,,,,,,,,,,,,,,
mq75,kamil-majchrzak,Kamil Majchrzak,2023,Clay,,,,,,,,,,,,,,,,,,
mq75,kamil-majchrzak,Kamil Majchrzak,2023,Grass,,,,,,,,,,,,,,,,,,
mq75,kamil-majchrzak,Kamil Majchrzak,2023,Carpet,,,,,,,,,,,,,,,,,,
gc88,marcos-giron,Marcos Giron,all,all,1494,486,61,71,51,1923,61,3608,79,63,28,49,1848,38,3654,19,36,49
gc88,marcos-giron,Marcos Giron,all,Hard,1026,333,61,72,51,1247,61,2408,80,64,28,49,1254,38,2444,19,36,50
gc88,marcos-giron,Marcos Giron,all,Clay,240,82,60,69,48,444,61,678,75,61,29,48,355,40,686,21,36,49
gc88,marcos-giron,Marcos Giron,all,Grass,228,71,61,74,52,232,60,522,82,66,25,49,239,34,524,16,34,50
gc88,marcos-giron,Marcos Giron,all,Carpet,,,,,,,,,,,,,,,,,,
gc88,marcos-giron,Marcos Giron,2026,all,76,30,65,71,52,115,70,200,83,64,28,53,110,41,203,22,36,51
gc88,marcos-giron,Marcos Giron,2026,Hard,72,28,65,71,51,104,68,183,82,64,28,54,109,41,186,24,37,51
gc88,marcos-giron,Marcos Giron,2026,Clay,4,2,71,73,67,11,82,17,88,71,18,31,1,0,17,0,22,49
gc88,marcos-giron,Marcos Giron,2026,Grass,,,,,,,,,,,,,,,,,,
gc88,marcos-giron,Marcos Giron,2026,Carpet,,,,,,,,,,,,,,,,,,
gc88,marcos-giron,Marcos Giron,2025,all,274,86,60,71,52,353,62,644,79,63,27,50,314,39,650,19,36,50
gc88,marcos-giron,Marcos Giron,2025,Hard,197,55,60,72,52,229,62,435,80,64,28,51,239,36,440,20,36,50
gc88,marcos-giron,Marcos Giron,2025,Clay,50,20,57,69,50,87,64,128,76,61,25,45,33,55,130,14,33,47
gc88,marcos-giron,Marcos Giron,2025,Grass,27,11,64,69,53,37,54,81,79,63,28,56,42,43,80,23,38,51
gc88,marcos-giron,Marcos Giron,2025,Carpet,,,,,,,,,,,,,,,,,,
gc88,marcos-giron,Marcos Giron,2024,all,263,71,60,73,51,299,60,634,81,64,28,49,344,37,639,20,36,50
gc88,marcos-giron,Marcos Giron,2024,Hard,134,44,61,73,51,158,58,342,81,65,29,50,183,39,349,21,37,50
gc88,marcos-giron,Marcos Giron,2024,Clay,48,12,58,68,50,75,61,119,76,60,31,47,77,35,118,23,38,49
gc88,marcos-giron,Marcos Giron,2024,Grass,81,15,60,77,53,66,64,173,86,67,26,49,84,33,172,16,34,50
gc88,marcos-giron,Marcos Giron,2024,Carpet,,,,,,,,,,,,,,,,,,
gc88,marcos-giron,Marcos Giron,2023,all,283,75,62,73,52,302,60,644,81,65,29,49,371,36,659,20,36,50
gc88,marcos-giron,Marcos Giron,2023,Hard,187,44,63,72,54,185,58,417,82,66,28,47,229,34,426,18,35,50
gc88,marcos-giron,Marcos Giron,2023,Clay,57,18,60,74,47,73,59,153,80,63,31,52,102,44,157,29,39,51
gc88,marcos-giron,Marcos Giron,2023,Grass,39,13,61,76,46,44,66,74,80,65,26,51,40,30,76,16,35,49
gc88,marcos-giron,Marcos Giron,2023,Carpet,,,,,,,,,,,,,,,,,,
ta29,marco-trungelliti,Marco Trungelliti,all,all,178,180,59,67,48,430,60,629,73,60,30,47,325,40,631,21,37,48
ta29,marco-trungelliti,Marco Trungelliti,all,Hard,64,46,62,70,46,83,52,154,74,61,25,46,63,33,156,13,33,47
ta29,marco-trungelliti,Marco Trungelliti,all,Clay,102,129,58,66,49,340,63,454,72,59,32,48,253,42,453,23,38,49
ta29,marco-trungelliti,Marco Trungelliti,all,Grass,12,5,60,78,43,7,29,21,76,64,27,43,9,44,22,18,33,48
ta29,marco-trungelliti,Marco Trungelliti,all,Carpet,,,,,,,,,,,,,,,,,,
ta29,marco-trungelliti,Marco Trungelliti,2026,all,22,23,62,70,48,45,62,82,79,62,31,48,43,40,78,22,37,50
ta29,marco-trungelliti,Marco Trungelliti,2026,Hard,0,0,0,0,0,0,0,0,0,0,0,0,0,0,0,0,0,0
ta29,marco-trungelliti,Marco Trungelliti,2026,Clay,22,23,62,70,48,45,62,82,79,62,31,48,43,40,78,22,37,50
ta29,marco-trungelliti,Marco Trungelliti,2026,Grass,,,,,,,,,,,,,,,,,,
ta29,marco-trungelliti,Marco Trungelliti,2026,Carpet,,,,,,,,,,,,,,,,,,
ta29,marco-trungelliti,Marco Trungelliti,2025,all,2,2,68,72,44,4,50,9,78,63,15,42,1,0,10,0,21,43
ta29,marco-trungelliti,Marco Trungelliti,2025,Hard,,,,,,,,,,,,,,,,,,
ta29,marco-trungelliti,Marco Trungelliti,2025,Clay,2,2,68,72,44,4,50,9,78,63,15,42,1,0,10,0,21,43
ta29,marco-trungelliti,Marco Trungelliti,2025,Grass,,,,,,,,,,,,,,,,,,
ta29,marco-trungelliti,Marco Trungelliti,2025,Carpet,,,,,,,,,,,,,,,,,,
ta29,marco-trungelliti,Marco Trungelliti,2024,all,15,21,58,67,48,62,68,75,73,59,30,38,32,44,74,19,33,48
ta29,marco-trungelliti,Marco Trungelliti,2024,Hard,2,3,56,60,25,6,17,7,29,44,6,0,0,0,7,0,3,28
ta29,marco-trungelliti,Marco Trungelliti,2024,Clay,13,18,59,67,51,56,73,68,78,60,32,41,32,44,67,21,36,49
ta29,marco-trungelliti,Marco Trungelliti,2024,Grass,,,,,,,,,,,,,,,,,,
ta29,marco-trungelliti,Marco Trungelliti,2024,Carpet,,,,,,,,,,,,,,,,,,
ta29,marco-trungelliti,Marco Trungelliti,2023,all,3,3,53,67,50,8,63,10,70,59,22,42,2,50,11,9,32,46
ta29,marco-trungelliti,Marco Trungelliti,2023,Hard,,,,,,,,,,,,,,,,,,
ta29,marco-trungelliti,Marco Trungelliti,2023,Clay,3,3,53,67,50,8,63,10,70,59,22,42,2,50,11,9,32,46
ta29,marco-trungelliti,Marco Trungelliti,2023,Grass,,,,,,,,,,,,,,,,,,
ta29,marco-trungelliti,Marco Trungelliti,2023,Carpet,,,,,,,,,,,,,,,,,,
p0hw,dino-prizmic,Dino Prizmic,all,all,114,99,60,70,51,201,57,363,76,63,29,52,195,41,357,22,37,50
p0hw,dino-prizmic,Dino Prizmic,all,Hard,63,49,61,70,50,100,55,178,75,62,27,47,92,35,178,18,35,48
p0hw,dino-prizmic,Dino Prizmic,all,Clay,51,50,58,71,52,101,59,185,78,63,30,56,103,47,179,27,40,51
p0hw,dino-prizmic,Dino Prizmic,all,Grass,,,,,,,,,,,,,,,,,,
p0hw,dino-prizmic,Dino Prizmic,all,Carpet,,,,,,,,,,,,,,,,,,
p0hw,dino-prizmic,Dino Prizmic,2026,all,52,44,58,73,56,79,67,155,83,66,27,52,79,37,152,19,36,51
p0hw,dino-prizmic,Dino Prizmic,2026,Hard,16,21,56,74,55,27,70,47,83,66,25,45,28,25,48,15,33,49
p0hw,dino-prizmic,Dino Prizmic,2026,Clay,36,23,59,72,57,52,65,108,83,66,27,56,51,43,104,21,37,51
p0hw,dino-prizmic,Dino Prizmic,2026,Grass,,,,,,,,,,,,,,,,,,
p0hw,dino-prizmic,Dino Prizmic,2026,Carpet,,,,,,,,,,,,,,,,,,
p0hw,dino-prizmic,Dino Prizmic,2025,all,22,18,59,72,49,33,48,73,77,62,28,51,39,46,72,25,38,50
p0hw,dino-prizmic,Dino Prizmic,2025,Hard,12,7,61,71,53,11,36,39,82,64,22,42,14,36,39,13,30,47
p0hw,dino-prizmic,Dino Prizmic,2025,Clay,10,11,56,73,45,22,55,34,71,60,35,59,25,52,33,39,45,53
p0hw,dino-prizmic,Dino Prizmic,2025,Grass,,,,,,,,,,,,,,,,,,
p0hw,dino-prizmic,Dino Prizmic,2025,Carpet,,,,,,,,,,,,,,,,,,
p0hw,dino-prizmic,Dino Prizmic,2024,all,9,8,66,62,42,29,48,33,55,55,33,48,18,44,35,23,39,47
p0hw,dino-prizmic,Dino Prizmic,2024,Hard,9,8,66,62,42,29,48,33,55,55,33,48,18,44,35,23,39,47
p0hw,dino-prizmic,Dino Prizmic,2024,Clay,,,,,,,,,,,,,,,,,,
p0hw,dino-prizmic,Dino Prizmic,2024,Grass,,,,,,,,,,,,,,,,,,
p0hw,dino-prizmic,Dino Prizmic,2024,Carpet,,,,,,,,,,,,,,,,,,
p0hw,dino-prizmic,Dino Prizmic,2023,all,9,17,60,71,48,29,48,61,75,62,32,52,34,50,58,29,40,51
p0hw,dino-prizmic,Dino Prizmic,2023,Hard,4,3,63,71,41,10,30,24,71,60,33,51,12,58,23,30,40,50
p0hw,dino-prizmic,Dino Prizmic,2023,Clay,5,14,58,71,52,19,58,37,78,63,32,52,22,45,35,29,41,52
p0hw,dino-prizmic,Dino Prizmic,2023,Grass,,,,,,,,,,,,,,,,,,
p0hw,dino-prizmic,Dino Prizmic,2023,Carpet,,,,,,,,,,,,,,,,,,
b0gg,mattia-bellucci,Mattia Bellucci,all,all,400,177,61,72,50,394,64,648,78,63,27,46,318,33,657,16,34,49
b0gg,mattia-bellucci,Mattia Bellucci,all,Hard,274,104,63,70,49,273,65,415,77,62,26,48,206,34,422,17,34,49
b0gg,mattia-bellucci,Mattia Bellucci,all,Clay,64,40,59,72,48,76,59,126,75,62,29,41,62,29,127,14,33,48
b0gg,mattia-bellucci,Mattia Bellucci,all,Grass,62,33,55,78,56,45,64,107,85,68,29,45,50,32,108,15,34,51
b0gg,mattia-bellucci,Mattia Bellucci,all,Carpet,,,,,,,,,,,,,,,,,,
b0gg,mattia-bellucci,Mattia Bellucci,2026,all,59,29,63,68,47,73,55,108,69,60,26,47,51,29,112,13,33,46
b0gg,mattia-bellucci,Mattia Bellucci,2026,Hard,48,19,64,68,46,52,54,76,68,60,24,51,33,33,80,14,33,46
b0gg,mattia-bellucci,Mattia Bellucci,2026,Clay,11,10,60,70,49,21,57,32,72,62,29,36,18,22,32,13,32,47
b0gg,mattia-bellucci,Mattia Bellucci,2026,Grass,,,,,,,,,,,,,,,,,,
b0gg,mattia-bellucci,Mattia Bellucci,2026,Carpet,,,,,,,,,,,,,,,,,,
b0gg,mattia-bellucci,Mattia Bellucci,2025,all,185,94,59,71,50,201,65,333,79,63,28,47,170,35,335,18,35,49
b0gg,mattia-bellucci,Mattia Bellucci,2025,Hard,98,48,61,69,48,126,68,180,78,61,26,49,93,37,181,19,36,49
b0gg,mattia-bellucci,Mattia Bellucci,2025,Clay,36,19,58,69,50,42,57,69,74,61,31,44,41,29,70,17,35,48
b0gg,mattia-bellucci,Mattia Bellucci,2025,Grass,51,27,56,78,56,33,61,84,85,68,30,45,36,39,84,17,35,51
b0gg,mattia-bellucci,Mattia Bellucci,2025,Carpet,,,,,,,,,,,,,,,,,,
b0gg,mattia-bellucci,Mattia Bellucci,2024,all,147,47,63,74,51,113,69,187,81,65,26,44,82,32,189,14,33,49
b0gg,mattia-bellucci,Mattia Bellucci,2024,Hard,119,30,65,72,53,88,68,139,80,65,27,45,65,34,140,16,33,49
b0gg,mattia-bellucci,Mattia Bellucci,2024,Clay,17,11,59,84,40,13,69,25,84,66,23,41,3,67,25,8,31,49
b0gg,mattia-bellucci,Mattia Bellucci,2024,Grass,11,6,52,79,56,12,75,23,87,68,26,46,14,14,24,8,32,50
b0gg,mattia-bellucci,Mattia Bellucci,2024,Carpet,,,,,,,,,,,,,,,,,,
b0gg,mattia-bellucci,Mattia Bellucci,2023,all,9,7,59,81,48,7,43,20,80,67,26,44,15,20,21,14,34,49
b0gg,mattia-bellucci,Mattia Bellucci,2023,Hard,9,7,59,81,48,7,43,20,80,67,26,44,15,20,21,14,34,49
b0gg,mattia-bellucci,Mattia Bellucci,2023,Clay,,,,,,,,,,,,,,,,,,
b0gg,mattia-bellucci,Mattia Bellucci,2023,Grass,,,,,,,,,,,,,,,,,,
b0gg,mattia-bellucci,Mattia Bellucci,2023,Carpet,,,,,,,,,,,,,,,,,,
d994,james-duckworth,James Duckworth,all,all,1672,604,57,72,51,1548,64,2710,79,63,24,48,1122,35,2690,15,33,48
d994,james-duckworth,James Duckworth,all,Hard,1274,446,57,73,51,1102,63,1966,79,63,24,47,821,35,1954,15,33,49
d994,james-duckworth,James Duckworth,all,Clay,116,56,55,71,48,182,66,239,74,61,23,43,94,31,237,12,31,46
d994,james-duckworth,James Duckworth,all,Grass,282,102,59,72,52,264,64,505,81,64,23,51,207,36,499,15,33,49
d994,james-duckworth,James Duckworth,all,Carpet,,,,,,,,,,,,,,,,,,
d994,james-duckworth,James Duckworth,2026,all,77,29,58,69,49,76,63,101,72,60,21,48,47,15,101,7,31,46
d994,james-duckworth,James Duckworth,2026,Hard,77,29,58,69,49,76,63,101,72,60,21,48,47,15,101,7,31,46
d994,james-duckworth,James Duckworth,2026,Clay,0,0,0,0,0,0,0,0,0,0,0,0,0,0,0,0,0,0
d994,james-duckworth,James Duckworth,2026,Grass,,,,,,,,,,,,,,,,,,
d994,james-duckworth,James Duckworth,2026,Carpet,,,,,,,,,,,,,,,,,,
d994,james-duckworth,James Duckworth,2025,all,145,64,58,73,53,134,63,265,82,64,23,49,113,31,260,13,34,49
d994,james-duckworth,James Duckworth,2025,Hard,99,41,56,75,54,82,62,172,82,65,23,51,78,35,169,16,34,50
d994,james-duckworth,James Duckworth,2025,Clay,5,8,60,63,42,19,58,22,64,55,18,43,5,0,22,0,28,42
d994,james-duckworth,James Duckworth,2025,Grass,41,15,60,71,56,33,70,71,86,65,24,48,30,27,69,12,34,50
d994,james-duckworth,James Duckworth,2025,Carpet,,,,,,,,,,,,,,,,,,
d994,james-duckworth,James Duckworth,2024,all,183,58,60,74,53,150,67,299,84,65,21,47,100,32,297,11,31,48
d994,james-duckworth,James Duckworth,2024,Hard,120,40,61,74,52,97,61,197,81,65,22,45,63,33,196,11,31,48
d994,james-duckworth,James Duckworth,2024,Clay,19,5,60,75,49,17,76,25,84,64,24,47,11,36,25,16,33,50
d994,james-duckworth,James Duckworth,2024,Grass,44,13,59,73,54,36,81,77,91,65,17,52,26,27,76,9,30,49
d994,james-duckworth,James Duckworth,2024,Carpet,,,,,,,,,,,,,,,,,,
d994,james-duckworth,James Duckworth,2023,all,48,19,58,68,53,58,60,89,74,62,26,51,43,33,89,16,34,48
d994,james-duckworth,James Duckworth,2023,Hard,31,8,58,68,60,35,66,59,80,65,21,50,23,26,60,10,31,48
d994,james-duckworth,James Duckworth,2023,Clay,,,,,,,,,,,,,,,,,,
d994,james-duckworth,James Duckworth,2023,Grass,17,11,56,69,41,23,52,30,63,57,36,51,20,40,29,28,42,49
d994,james-duckworth,James Duckworth,2023,Carpet,,,,,,,,,,,,,,,,,,
o513,sebastian-ofner,Sebastian Ofner,all,all,860,345,56,74,50,848,62,1475,78,63,26,48,677,39,1483,18,35,49
o513,sebastian-ofner,Sebastian Ofner,all,Hard,318,108,57,76,49,240,62,461,80,64,24,48,186,35,468,14,34,49
o513,sebastian-ofner,Sebastian Ofner,all,Clay,340,156,55,71,49,467,59,742,74,61,29,49,389,42,743,22,36,49
o513,sebastian-ofner,Sebastian Ofner,all,Grass,202,81,56,77,52,141,70,272,85,66,23,45,102,37,272,14,32,49
o513,sebastian-ofner,Sebastian Ofner,all,Carpet,,,,,,,,,,,,,,,,,,
o513,sebastian-ofner,Sebastian Ofner,2026,all,22,5,55,76,55,12,67,33,88,67,15,47,7,14,33,3,30,49
o513,sebastian-ofner,Sebastian Ofner,2026,Hard,0,0,0,0,0,0,0,0,0,0,0,0,0,0,0,0,0,0
o513,sebastian-ofner,Sebastian Ofner,2026,Clay,22,5,55,76,55,12,67,33,88,67,15,47,7,14,33,3,30,49
o513,sebastian-ofner,Sebastian Ofner,2026,Grass,,,,,,,,,,,,,,,,,,
o513,sebastian-ofner,Sebastian Ofner,2026,Carpet,,,,,,,,,,,,,,,,,,
o513,sebastian-ofner,Sebastian Ofner,2025,all,183,70,53,77,52,138,63,286,82,65,23,47,117,33,289,13,32,49
o513,sebastian-ofner,Sebastian Ofner,2025,Hard,59,27,51,81,49,41,61,76,79,65,19,43,29,14,78,5,29,47
o513,sebastian-ofner,Sebastian Ofner,2025,Clay,91,28,55,75,52,72,64,157,83,65,25,51,76,38,157,18,34,50
o513,sebastian-ofner,Sebastian Ofner,2025,Grass,33,15,51,76,55,25,64,53,83,65,22,43,12,50,54,11,30,48
o513,sebastian-ofner,Sebastian Ofner,2025,Carpet,,,,,,,,,,,,,,,,,,
o513,sebastian-ofner,Sebastian Ofner,2024,all,344,105,56,74,50,300,61,529,78,63,28,47,230,42,531,18,35,49
o513,sebastian-ofner,Sebastian Ofner,2024,Hard,135,35,58,77,49,78,63,177,84,65,25,46,59,42,178,14,33,49
o513,sebastian-ofner,Sebastian Ofner,2024,Clay,94,34,56,69,49,165,57,235,70,60,32,47,125,44,236,23,37,49
o513,sebastian-ofner,Sebastian Ofner,2024,Grass,115,36,55,79,53,57,72,117,86,67,24,48,46,37,117,15,33,50
o513,sebastian-ofner,Sebastian Ofner,2024,Carpet,,,,,,,,,,,,,,,,,,
o513,sebastian-ofner,Sebastian Ofner,2023,all,160,86,57,71,47,218,58,340,73,61,29,51,188,40,342,22,37,49
o513,sebastian-ofner,Sebastian Ofner,2023,Hard,103,33,60,73,49,98,57,178,76,63,26,52,82,39,179,18,35,49
o513,sebastian-ofner,Sebastian Ofner,2023,Clay,50,46,54,70,46,110,57,147,68,59,33,52,104,42,148,30,40,50
o513,sebastian-ofner,Sebastian Ofner,2023,Grass,7,7,63,72,49,10,70,15,80,63,29,21,2,0,15,0,27,46
o513,sebastian-ofner,Sebastian Ofner,2023,Carpet,,,,,,,,,,,,,,,,,,
sl28,jan-lennard-struff,Jan Lennard Struff,all,all,4393,1799,57,76,50,3046,62,6100,81,65,27,49,3153,36,6124,18,36,50
sl28,jan-lennard-struff,Jan Lennard Struff,all,Hard,2451,972,57,76,49,1635,61,3268,80,64,26,49,1673,35,3291,18,35,50
sl28,jan-lennard-struff,Jan Lennard Struff,all,Clay,1119,541,55,74,50,1040,60,1937,79,63,30,50,1120,38,1931,22,38,50
sl28,jan-lennard-struff,Jan Lennard Struff,all,Grass,823,286,57,80,52,371,69,895,87,68,24,46,360,33,902,13,32,50
sl28,jan-lennard-struff,Jan Lennard Struff,all,Carpet,,,,,,,,,,,,,,,,,,
sl28,jan-lennard-struff,Jan Lennard Struff,2026,all,67,29,62,71,48,71,61,103,73,62,24,54,65,32,107,20,36,49
sl28,jan-lennard-struff,Jan Lennard Struff,2026,Hard,56,25,64,72,47,54,59,87,75,63,24,52,54,30,90,18,36,49
sl28,jan-lennard-struff,Jan Lennard Struff,2026,Clay,11,4,50,62,51,17,65,16,63,57,25,68,11,45,17,29,40,49
sl28,jan-lennard-struff,Jan Lennard Struff,2026,Grass,,,,,,,,,,,,,,,,,,
sl28,jan-lennard-struff,Jan Lennard Struff,2026,Carpet,,,,,,,,,,,,,,,,,,
sl28,jan-lennard-struff,Jan Lennard Struff,2025,all,329,122,58,75,49,227,58,454,79,64,26,50,244,30,462,16,35,49
sl28,jan-lennard-struff,Jan Lennard Struff,2025,Hard,211,70,59,75,48,126,56,258,79,64,25,51,139,29,259,16,35,49
sl28,jan-lennard-struff,Jan Lennard Struff,2025,Clay,57,21,58,73,49,59,54,112,76,63,25,51,65,28,115,16,35,49
sl28,jan-lennard-struff,Jan Lennard Struff,2025,Grass,61,31,56,76,51,42,67,84,83,65,29,45,40,35,88,16,35,50
sl28,jan-lennard-struff,Jan Lennard Struff,2025,Carpet,,,,,,,,,,,,,,,,,,
sl28,jan-lennard-struff,Jan Lennard Struff,2024,all,461,203,58,77,51,301,66,639,84,66,28,50,351,34,636,19,37,51
sl28,jan-lennard-struff,Jan Lennard Struff,2024,Hard,208,88,59,76,46,163,68,283,82,64,26,49,133,33,284,15,35,50
sl28,jan-lennard-struff,Jan Lennard Struff,2024,Clay,127,71,56,77,53,94,61,228,84,66,35,51,168,35,227,26,41,53
sl28,jan-lennard-struff,Jan Lennard Struff,2024,Grass,126,44,59,81,58,44,73,128,91,72,21,51,50,32,125,13,33,52
sl28,jan-lennard-struff,Jan Lennard Struff,2024,Carpet,,,,,,,,,,,,,,,,,,
sl28,jan-lennard-struff,Jan Lennard Struff,2023,all,360,132,59,75,50,239,66,472,83,65,26,49,233,38,478,19,35,50
sl28,jan-lennard-struff,Jan Lennard Struff,2023,Hard,140,51,59,72,48,115,62,199,78,62,25,49,102,30,202,15,33,48
sl28,jan-lennard-struff,Jan Lennard Struff,2023,Clay,114,50,58,75,52,99,71,188,85,65,28,50,94,44,188,22,36,51
sl28,jan-lennard-struff,Jan Lennard Struff,2023,Grass,106,31,60,81,52,25,68,85,91,70,25,48,37,46,88,19,34,52
sl28,jan-lennard-struff,Jan Lennard Struff,2023,Carpet,,,,,,,,,,,,,,,,,,
v0dp,adolfo-daniel-vallejo,Adolfo Daniel Vallejo,all,all,21,7,66,67,51,39,59,67,76,62,32,51,47,45,71,30,40,50
v0dp,adolfo-daniel-vallejo,Adolfo Daniel Vallejo,all,Hard,0,0,0,0,0,0,0,0,0,0,0,0,0,0,0,0,0,0
v0dp,adolfo-daniel-vallejo,Adolfo Daniel Vallejo,all,Clay,21,7,66,67,51,39,59,67,76,62,32,51,47,45,71,30,40,50
v0dp,adolfo-daniel-vallejo,Adolfo Daniel Vallejo,all,Grass,,,,,,,,,,,,,,,,,,
v0dp,adolfo-daniel-vallejo,Adolfo Daniel Vallejo,all,Carpet,,,,,,,,,,,,,,,,,,
v0dp,adolfo-daniel-vallejo,Adolfo Daniel Vallejo,2026,all,21,7,66,67,51,39,59,67,76,62,32,51,47,45,71,30,40,50
v0dp,adolfo-daniel-vallejo,Adolfo Daniel Vallejo,2026,Hard,,,,,,,,,,,,,,,,,,
v0dp,adolfo-daniel-vallejo,Adolfo Daniel Vallejo,2026,Clay,21,7,66,67,51,39,59,67,76,62,32,51,47,45,71,30,40,50
v0dp,adolfo-daniel-vallejo,Adolfo Daniel Vallejo,2026,Grass,,,,,,,,,,,,,,,,,,
v0dp,adolfo-daniel-vallejo,Adolfo Daniel Vallejo,2026,Carpet,,,,,,,,,,,,,,,,,,
v0dp,adolfo-daniel-vallejo,Adolfo Daniel Vallejo,2025,all,0,0,0,0,0,0,0,0,0,0,0,0,0,0,0,0,0,0
v0dp,adolfo-daniel-vallejo,Adolfo Daniel Vallejo,2025,Hard,,,,,,,,,,,,,,,,,,
v0dp,adolfo-daniel-vallejo,Adolfo Daniel Vallejo,2025,Clay,0,0,0,0,0,0,0,0,0,0,0,0,0,0,0,0,0,0
v0dp,adolfo-daniel-vallejo,Adolfo Daniel Vallejo,2025,Grass,,,,,,,,,,,,,,,,,,
v0dp,adolfo-daniel-vallejo,Adolfo Daniel Vallejo,2025,Carpet,,,,,,,,,,,,,,,,,,
v0dp,adolfo-daniel-vallejo,Adolfo Daniel Vallejo,2024,all,0,0,0,0,0,0,0,0,0,0,0,0,0,0,0,0,0,0
v0dp,adolfo-daniel-vallejo,Adolfo Daniel Vallejo,2024,Hard,,,,,,,,,,,,,,,,,,
v0dp,adolfo-daniel-vallejo,Adolfo Daniel Vallejo,2024,Clay,0,0,0,0,0,0,0,0,0,0,0,0,0,0,0,0,0,0
v0dp,adolfo-daniel-vallejo,Adolfo Daniel Vallejo,2024,Grass,,,,,,,,,,,,,,,,,,
v0dp,adolfo-daniel-vallejo,Adolfo Daniel Vallejo,2024,Carpet,,,,,,,,,,,,,,,,,,
v0dp,adolfo-daniel-vallejo,Adolfo Daniel Vallejo,2023,all,0,0,0,0,0,0,0,0,0,0,0,0,0,0,0,0,0,0
v0dp,adolfo-daniel-vallejo,Adolfo Daniel Vallejo,2023,Hard,,,,,,,,,,,,,,,,,,
v0dp,adolfo-daniel-vallejo,Adolfo Daniel Vallejo,2023,Clay,0,0,0,0,0,0,0,0,0,0,0,0,0,0,0,0,0,0
v0dp,adolfo-daniel-vallejo,Adolfo Daniel Vallejo,2023,Grass,,,,,,,,,,,,,,,,,,
v0dp,adolfo-daniel-vallejo,Adolfo Daniel Vallejo,2023,Carpet,,,,,,,,,,,,,,,,,,
s0h2,aleksandr-shevchenko,Aleksandr Shevchenko,all,all,651,331,60,68,49,950,57,1543,74,61,28,49,777,39,1550,19,36,48
s0h2,aleksandr-shevchenko,Aleksandr Shevchenko,all,Hard,452,200,61,70,50,550,59,956,76,62,26,48,438,37,963,17,34,48
s0h2,aleksandr-shevchenko,Aleksandr Shevchenko,all,Clay,163,113,59,64,48,352,55,514,69,58,31,51,307,42,512,25,39,49
s0h2,aleksandr-shevchenko,Aleksandr Shevchenko,all,Grass,36,18,62,70,43,48,54,73,70,60,23,45,32,28,75,12,31,46
s0h2,aleksandr-shevchenko,Aleksandr Shevchenko,all,Carpet,,,,,,,,,,,,,,,,,,
s0h2,aleksandr-shevchenko,Aleksandr Shevchenko,2026,all,90,29,62,68,52,100,55,185,76,62,26,48,90,33,186,16,34,48
s0h2,aleksandr-shevchenko,Aleksandr Shevchenko,2026,Hard,82,26,63,70,53,77,61,150,80,64,25,45,70,33,151,15,33,48
s0h2,aleksandr-shevchenko,Aleksandr Shevchenko,2026,Clay,8,3,58,58,47,23,35,35,57,53,29,60,20,35,35,20,41,47
s0h2,aleksandr-shevchenko,Aleksandr Shevchenko,2026,Grass,,,,,,,,,,,,,,,,,,
s0h2,aleksandr-shevchenko,Aleksandr Shevchenko,2026,Carpet,,,,,,,,,,,,,,,,,,
s0h2,aleksandr-shevchenko,Aleksandr Shevchenko,2025,all,155,88,62,68,46,229,56,355,72,60,28,47,184,36,361,18,35,48
s0h2,aleksandr-shevchenko,Aleksandr Shevchenko,2025,Hard,82,36,64,69,48,106,53,174,71,61,28,43,68,34,179,13,33,47
s0h2,aleksandr-shevchenko,Aleksandr Shevchenko,2025,Clay,62,46,61,66,45,116,59,165,72,58,29,51,109,38,165,25,38,48
s0h2,aleksandr-shevchenko,Aleksandr Shevchenko,2025,Grass,11,6,61,82,33,7,43,16,75,63,23,40,7,29,17,12,30,46
s0h2,aleksandr-shevchenko,Aleksandr Shevchenko,2025,Carpet,,,,,,,,,,,,,,,,,,
s0h2,aleksandr-shevchenko,Aleksandr Shevchenko,2024,all,258,123,60,69,49,345,57,576,74,61,28,51,286,40,577,20,37,49
s0h2,aleksandr-shevchenko,Aleksandr Shevchenko,2024,Hard,180,87,60,70,49,211,58,363,76,62,28,50,179,39,363,19,36,49
s0h2,aleksandr-shevchenko,Aleksandr Shevchenko,2024,Clay,55,27,59,65,50,106,53,169,70,59,31,51,86,47,169,24,39,49
s0h2,aleksandr-shevchenko,Aleksandr Shevchenko,2024,Grass,23,9,61,69,47,28,57,44,73,60,23,47,21,29,45,13,31,46
s0h2,aleksandr-shevchenko,Aleksandr Shevchenko,2024,Carpet,,,,,,,,,,,,,,,,,,
s0h2,aleksandr-shevchenko,Aleksandr Shevchenko,2023,all,140,84,59,69,50,246,60,399,75,61,27,49,206,41,398,21,36,49
s0h2,aleksandr-shevchenko,Aleksandr Shevchenko,2023,Hard,100,47,60,73,51,139,64,250,80,64,24,49,111,41,251,18,34,49
s0h2,aleksandr-shevchenko,Aleksandr Shevchenko,2023,Clay,38,34,56,64,49,94,54,136,68,58,34,50,91,43,134,29,41,49
s0h2,aleksandr-shevchenko,Aleksandr Shevchenko,2023,Grass,2,3,69,58,42,13,54,13,54,53,24,45,4,25,13,8,31,42
s0h2,aleksandr-shevchenko,Aleksandr Shevchenko,2023,Carpet,,,,,,,,,,,,,,,,,,
m0n7,daniel-merida,Daniel Merida,all,all,24,18,72,64,46,85,62,115,72,59,34,51,80,41,116,28,40,50
m0n7,daniel-merida,Daniel Merida,all,Hard,4,3,73,56,60,4,25,9,67,57,22,36,1,100,10,10,25,41
m0n7,daniel-merida,Daniel Merida,all,Clay,20,15,72,65,45,81,64,106,73,59,35,52,79,41,106,30,41,50
m0n7,daniel-merida,Daniel Merida,all,Grass,,,,,,,,,,,,,,,,,,
m0n7,daniel-merida,Daniel Merida,all,Carpet,,,,,,,,,,,,,,,,,,
m0n7,daniel-merida,Daniel Merida,2026,all,24,18,72,64,46,85,62,115,72,59,34,51,80,41,116,28,40,50
m0n7,daniel-merida,Daniel Merida,2026,Hard,4,3,73,56,60,4,25,9,67,57,22,36,1,100,10,10,25,41
m0n7,daniel-merida,Daniel Merida,2026,Clay,20,15,72,65,45,81,64,106,73,59,35,52,79,41,106,30,41,50
m0n7,daniel-merida,Daniel Merida,2026,Grass,,,,,,,,,,,,,,,,,,
m0n7,daniel-merida,Daniel Merida,2026,Carpet,,,,,,,,,,,,,,,,,,
m0n7,daniel-merida,Daniel Merida,2025,all,,,,,,,,,,,,,,,,,,
m0n7,daniel-merida,Daniel Merida,2025,Hard,,,,,,,,,,,,,,,,,,
m0n7,daniel-merida,Daniel Merida,2025,Clay,,,,,,,,,,,,,,,,,,
m0n7,daniel-merida,Daniel Merida,2025,Grass,,,,,,,,,,,,,,,,,,
m0n7,daniel-merida,Daniel Merida,2025,Carpet,,,,,,,,,,,,,,,,,,
m0n7,daniel-merida,Daniel Merida,2024,all,,,,,,,,,,,,,,,,,,
m0n7,daniel-merida,Daniel Merida,2024,Hard,,,,,,,,,,,,,,,,,,
m0n7,daniel-merida,Daniel Merida,2024,Clay,,,,,,,,,,,,,,,,,,
m0n7,daniel-merida,Daniel Merida,2024,Grass,,,,,,,,,,,,,,,,,,
m0n7,daniel-merida,Daniel Merida,2024,Carpet,,,,,,,,,,,,,,,,,,
m0n7,daniel-merida,Daniel Merida,2023,all,,,,,,,,,,,,,,,,,,
m0n7,daniel-merida,Daniel Merida,2023,Hard,,,,,,,,,,,,,,,,,,
m0n7,daniel-merida,Daniel Merida,2023,Clay,,,,,,,,,,,,,,,,,,
m0n7,daniel-merida,Daniel Merida,2023,Grass,,,,,,,,,,,,,,,,,,
m0n7,daniel-merida,Daniel Merida,2023,Carpet,,,,,,,,,,,,,,,,,,
d923,damir-dzumhur,Damir Dzumhur,all,all,670,801,65,65,50,2413,56,3572,71,59,32,50,2162,43,3630,25,39,49
d923,damir-dzumhur,Damir Dzumhur,all,Hard,451,567,63,65,49,1520,56,2185,70,59,30,50,1269,42,2210,24,38,49
d923,damir-dzumhur,Damir Dzumhur,all,Clay,137,153,69,63,51,735,56,1097,71,59,36,49,744,43,1121,29,41,50
d923,damir-dzumhur,Damir Dzumhur,all,Grass,82,81,64,68,52,158,59,290,78,62,26,51,149,44,299,22,36,49
d923,damir-dzumhur,Damir Dzumhur,all,Carpet,0,0,0,0,0,0,0,0,0,0,0,0,0,0,0,0,0,0
d923,damir-dzumhur,Damir Dzumhur,2026,all,21,31,66,63,47,139,53,190,66,57,30,49,98,46,192,23,37,47
d923,damir-dzumhur,Damir Dzumhur,2026,Hard,16,19,62,65,45,70,54,97,67,58,27,52,46,48,95,23,36,48
d923,damir-dzumhur,Damir Dzumhur,2026,Clay,5,12,70,61,48,69,52,93,65,57,33,47,52,44,97,24,38,47
d923,damir-dzumhur,Damir Dzumhur,2026,Grass,,,,,,,,,,,,,,,,,,
d923,damir-dzumhur,Damir Dzumhur,2026,Carpet,,,,,,,,,,,,,,,,,,
d923,damir-dzumhur,Damir Dzumhur,2025,all,61,114,67,63,54,377,60,541,72,60,33,48,305,42,549,23,38,49
d923,damir-dzumhur,Damir Dzumhur,2025,Hard,31,39,67,63,55,136,57,211,72,61,28,46,87,44,212,18,35,48
d923,damir-dzumhur,Damir Dzumhur,2025,Clay,19,63,68,62,53,222,64,295,73,59,37,50,207,43,300,29,42,50
d923,damir-dzumhur,Damir Dzumhur,2025,Grass,11,12,56,66,54,19,47,35,71,61,18,43,11,27,37,8,29,45
d923,damir-dzumhur,Damir Dzumhur,2025,Carpet,,,,,,,,,,,,,,,,,,
d923,damir-dzumhur,Damir Dzumhur,2024,all,2,8,62,65,42,20,40,35,66,57,30,45,18,39,34,21,36,46
d923,damir-dzumhur,Damir Dzumhur,2024,Hard,2,8,62,65,42,20,40,35,66,57,30,45,18,39,34,21,36,46
d923,damir-dzumhur,Damir Dzumhur,2024,Clay,,,,,,,,,,,,,,,,,,
d923,damir-dzumhur,Damir Dzumhur,2024,Grass,,,,,,,,,,,,,,,,,,
d923,damir-dzumhur,Damir Dzumhur,2024,Carpet,,,,,,,,,,,,,,,,,,
d923,damir-dzumhur,Damir Dzumhur,2023,all,2,4,74,61,50,21,43,43,72,58,40,45,28,39,43,26,42,50
d923,damir-dzumhur,Damir Dzumhur,2023,Hard,1,3,68,63,42,3,0,10,70,57,30,41,4,50,11,18,34,44
d923,damir-dzumhur,Damir Dzumhur,2023,Clay,1,1,76,60,53,18,50,33,73,58,44,46,24,38,32,28,45,51
d923,damir-dzumhur,Damir Dzumhur,2023,Grass,,,,,,,,,,,,,,,,,,
d923,damir-dzumhur,Damir Dzumhur,2023,Carpet,,,,,,,,,,,,,,,,,,
wb32,yibing-wu,Yibing Wu,all,all,264,126,62,68,51,449,62,758,77,62,28,47,350,39,750,18,35,49
wb32,yibing-wu,Yibing Wu,all,Hard,213,95,62,70,52,326,64,594,80,63,28,47,273,38,590,18,35,49
wb32,yibing-wu,Yibing Wu,all,Clay,33,22,60,60,49,91,56,108,63,55,27,46,55,38,104,20,35,46
wb32,yibing-wu,Yibing Wu,all,Grass,18,9,64,68,48,32,53,56,73,61,26,51,22,50,56,20,36,48
wb32,yibing-wu,Yibing Wu,all,Carpet,,,,,,,,,,,,,,,,,,
wb32,yibing-wu,Yibing Wu,2026,all,47,15,62,72,51,61,62,117,80,64,26,48,68,26,118,15,34,49
wb32,yibing-wu,Yibing Wu,2026,Hard,42,12,62,73,51,55,64,107,81,64,27,49,60,28,108,16,35,50
wb32,yibing-wu,Yibing Wu,2026,Clay,5,3,63,69,52,6,50,10,70,63,21,40,8,13,10,10,29,44
wb32,yibing-wu,Yibing Wu,2026,Grass,,,,,,,,,,,,,,,,,,
wb32,yibing-wu,Yibing Wu,2026,Carpet,,,,,,,,,,,,,,,,,,
wb32,yibing-wu,Yibing Wu,2025,all,36,19,65,67,53,80,70,125,81,62,23,46,42,50,124,17,32,48
wb32,yibing-wu,Yibing Wu,2025,Hard,36,19,65,67,53,80,70,125,81,62,23,46,42,50,124,17,32,48
wb32,yibing-wu,Yibing Wu,2025,Clay,,,,,,,,,,,,,,,,,,
wb32,yibing-wu,Yibing Wu,2025,Grass,,,,,,,,,,,,,,,,,,
wb32,yibing-wu,Yibing Wu,2025,Carpet,,,,,,,,,,,,,,,,,,
wb32,yibing-wu,Yibing Wu,2024,all,19,9,62,75,50,20,70,42,86,66,29,55,21,38,41,20,38,52
wb32,yibing-wu,Yibing Wu,2024,Hard,16,6,63,78,47,12,67,32,88,66,31,56,15,53,31,26,39,53
wb32,yibing-wu,Yibing Wu,2024,Clay,3,3,59,66,58,8,75,10,80,63,24,52,6,0,10,0,34,47
wb32,yibing-wu,Yibing Wu,2024,Grass,,,,,,,,,,,,,,,,,,
wb32,yibing-wu,Yibing Wu,2024,Carpet,,,,,,,,,,,,,,,,,,
wb32,yibing-wu,Yibing Wu,2023,all,109,56,62,67,52,206,58,342,75,61,28,48,152,43,335,20,35,49
wb32,yibing-wu,Yibing Wu,2023,Hard,66,31,63,70,54,97,63,198,82,64,28,47,89,39,195,18,35,50
wb32,yibing-wu,Yibing Wu,2023,Clay,25,16,60,58,48,77,55,88,60,54,28,46,41,49,84,24,36,46
wb32,yibing-wu,Yibing Wu,2023,Grass,18,9,64,68,48,32,53,56,73,61,26,51,22,50,56,20,36,48
wb32,yibing-wu,Yibing Wu,2023,Carpet,,,,,,,,,,,,,,,,,,
k0a3,patrick-kypson,Patrick Kypson,all,all,122,36,63,72,50,110,62,223,81,64,20,46,70,39,226,12,30,47
k0a3,patrick-kypson,Patrick Kypson,all,Hard,104,32,64,74,49,73,60,165,82,65,20,45,50,40,167,12,30,48
k0a3,patrick-kypson,Patrick Kypson,all,Clay,18,4,62,66,54,37,65,58,78,62,21,49,20,35,59,12,31,47
k0a3,patrick-kypson,Patrick Kypson,all,Grass,,,,,,,,,,,,,,,,,,
k0a3,patrick-kypson,Patrick Kypson,all,Carpet,,,,,,,,,,,,,,,,,,
k0a3,patrick-kypson,Patrick Kypson,2026,all,46,15,65,75,53,36,67,98,88,67,17,44,19,42,99,8,28,48
k0a3,patrick-kypson,Patrick Kypson,2026,Hard,35,15,65,75,48,26,62,67,85,66,18,42,12,50,68,9,28,48
k0a3,patrick-kypson,Patrick Kypson,2026,Clay,11,0,64,75,64,10,80,31,94,71,15,50,7,29,31,6,28,50
k0a3,patrick-kypson,Patrick Kypson,2026,Grass,,,,,,,,,,,,,,,,,,
k0a3,patrick-kypson,Patrick Kypson,2026,Carpet,,,,,,,,,,,,,,,,,,
k0a3,patrick-kypson,Patrick Kypson,2025,all,10,5,62,70,41,9,56,13,69,59,17,49,6,33,13,15,30,45
k0a3,patrick-kypson,Patrick Kypson,2025,Hard,10,5,62,70,41,9,56,13,69,59,17,49,6,33,13,15,30,45
k0a3,patrick-kypson,Patrick Kypson,2025,Clay,,,,,,,,,,,,,,,,,,
k0a3,patrick-kypson,Patrick Kypson,2025,Grass,,,,,,,,,,,,,,,,,,
k0a3,patrick-kypson,Patrick Kypson,2025,Carpet,,,,,,,,,,,,,,,,,,
k0a3,patrick-kypson,Patrick Kypson,2024,all,60,12,62,78,51,28,64,81,88,68,21,44,28,32,82,11,30,49
k0a3,patrick-kypson,Patrick Kypson,2024,Hard,55,9,64,78,51,27,67,71,87,69,21,46,24,38,71,13,30,50
k0a3,patrick-kypson,Patrick Kypson,2024,Clay,5,3,50,78,50,1,0,10,90,64,21,33,4,0,11,0,25,44
k0a3,patrick-kypson,Patrick Kypson,2024,Grass,,,,,,,,,,,,,,,,,,
k0a3,patrick-kypson,Patrick Kypson,2024,Carpet,,,,,,,,,,,,,,,,,,
k0a3,patrick-kypson,Patrick Kypson,2023,all,2,1,65,50,41,26,62,17,41,47,31,59,9,56,17,29,40,44
k0a3,patrick-kypson,Patrick Kypson,2023,Hard,,,,,,,,,,,,,,,,,,
k0a3,patrick-kypson,Patrick Kypson,2023,Clay,2,1,65,50,41,26,62,17,41,47,31,59,9,56,17,29,40,44
k0a3,patrick-kypson,Patrick Kypson,2023,Grass,,,,,,,,,,,,,,,,,,
k0a3,patrick-kypson,Patrick Kypson,2023,Carpet,,,,,,,,,,,,,,,,,,
s0k7,zachary-svajda,Zachary Svajda,all,all,210,83,64,69,49,293,56,477,73,62,25,50,238,37,475,18,34,48
s0k7,zachary-svajda,Zachary Svajda,all,Hard,208,76,64,69,49,279,57,454,74,62,25,49,224,36,451,18,34,48
s0k7,zachary-svajda,Zachary Svajda,all,Clay,1,0,48,60,55,6,33,8,50,57,21,33,1,100,9,11,24,40
s0k7,zachary-svajda,Zachary Svajda,all,Grass,1,7,68,69,39,8,38,15,67,59,24,62,13,38,15,33,40,50
s0k7,zachary-svajda,Zachary Svajda,all,Carpet,,,,,,,,,,,,,,,,,,
s0k7,zachary-svajda,Zachary Svajda,2026,all,77,21,63,74,47,52,60,105,80,64,21,46,46,30,104,13,30,48
s0k7,zachary-svajda,Zachary Svajda,2026,Hard,76,21,64,75,47,46,63,97,82,65,21,47,45,29,95,14,31,49
s0k7,zachary-svajda,Zachary Svajda,2026,Clay,1,0,48,60,55,6,33,8,50,57,21,33,1,100,9,11,24,40
s0k7,zachary-svajda,Zachary Svajda,2026,Grass,,,,,,,,,,,,,,,,,,
s0k7,zachary-svajda,Zachary Svajda,2026,Carpet,,,,,,,,,,,,,,,,,,
s0k7,zachary-svajda,Zachary Svajda,2025,all,48,12,61,69,48,47,53,71,69,61,27,47,34,53,72,25,35,49
s0k7,zachary-svajda,Zachary Svajda,2025,Hard,48,12,61,69,48,47,53,71,69,61,27,47,34,53,72,25,35,49
s0k7,zachary-svajda,Zachary Svajda,2025,Clay,,,,,,,,,,,,,,,,,,
s0k7,zachary-svajda,Zachary Svajda,2025,Grass,,,,,,,,,,,,,,,,,,
s0k7,zachary-svajda,Zachary Svajda,2025,Carpet,,,,,,,,,,,,,,,,,,
s0k7,zachary-svajda,Zachary Svajda,2024,all,43,33,65,67,50,105,57,156,71,61,24,53,83,39,155,21,37,49
s0k7,zachary-svajda,Zachary Svajda,2024,Hard,42,26,65,67,51,97,59,141,72,61,24,52,70,39,140,19,36,49
s0k7,zachary-svajda,Zachary Svajda,2024,Clay,,,,,,,,,,,,,,,,,,
s0k7,zachary-svajda,Zachary Svajda,2024,Grass,1,7,68,69,39,8,38,15,67,59,24,62,13,38,15,33,40,50
s0k7,zachary-svajda,Zachary Svajda,2024,Carpet,,,,,,,,,,,,,,,,,,
s0k7,zachary-svajda,Zachary Svajda,2023,all,22,5,60,68,48,39,59,56,71,60,27,46,32,22,55,13,34,47
s0k7,zachary-svajda,Zachary Svajda,2023,Hard,22,5,60,68,48,39,59,56,71,60,27,46,32,22,55,13,34,47
s0k7,zachary-svajda,Zachary Svajda,2023,Clay,,,,,,,,,,,,,,,,,,
s0k7,zachary-svajda,Zachary Svajda,2023,Grass,,,,,,,,,,,,,,,,,,
s0k7,zachary-svajda,Zachary Svajda,2023,Carpet,,,,,,,,,,,,,,,,,,
cd85,pablo-carreno-busta,Pablo Carreno Busta,all,all,2052,943,65,69,52,3416,61,6280,79,63,29,52,3676,41,6283,24,38,51
cd85,pablo-carreno-busta,Pablo Carreno Busta,all,Hard,1308,558,65,70,53,1804,62,3536,81,64,27,52,1970,41,3541,23,37,51
cd85,pablo-carreno-busta,Pablo Carreno Busta,all,Clay,665,341,65,68,51,1451,59,2487,76,62,31,52,1591,42,2486,27,40,51
cd85,pablo-carreno-busta,Pablo Carreno Busta,all,Grass,79,44,68,68,49,161,62,257,76,62,24,45,115,25,256,11,31,47
cd85,pablo-carreno-busta,Pablo Carreno Busta,all,Carpet,,,,,,,,,,,,,,,,,,
cd85,pablo-carreno-busta,Pablo Carreno Busta,2026,all,28,13,67,67,53,54,48,119,76,63,21,53,60,37,119,18,34,48
cd85,pablo-carreno-busta,Pablo Carreno Busta,2026,Hard,24,13,67,67,50,44,50,95,77,62,20,53,52,35,95,19,34,48
cd85,pablo-carreno-busta,Pablo Carreno Busta,2026,Clay,4,0,68,69,65,10,40,24,75,68,24,50,8,50,24,17,34,50
cd85,pablo-carreno-busta,Pablo Carreno Busta,2026,Grass,,,,,,,,,,,,,,,,,,
cd85,pablo-carreno-busta,Pablo Carreno Busta,2026,Carpet,,,,,,,,,,,,,,,,,,
cd85,pablo-carreno-busta,Pablo Carreno Busta,2025,all,52,37,64,71,53,116,59,240,80,64,27,49,115,38,244,18,35,49
cd85,pablo-carreno-busta,Pablo Carreno Busta,2025,Hard,34,21,65,70,53,66,52,150,79,64,26,50,83,35,152,19,35,49
cd85,pablo-carreno-busta,Pablo Carreno Busta,2025,Clay,18,16,62,71,54,50,68,90,82,65,28,47,32,47,92,16,35,50
cd85,pablo-carreno-busta,Pablo Carreno Busta,2025,Grass,,,,,,,,,,,,,,,,,,
cd85,pablo-carreno-busta,Pablo Carreno Busta,2025,Carpet,,,,,,,,,,,,,,,,,,
cd85,pablo-carreno-busta,Pablo Carreno Busta,2024,all,53,44,63,68,49,105,56,170,73,61,31,49,96,49,170,28,38,50
cd85,pablo-carreno-busta,Pablo Carreno Busta,2024,Hard,51,38,62,69,51,76,57,136,76,62,31,50,75,52,136,29,39,51
cd85,pablo-carreno-busta,Pablo Carreno Busta,2024,Clay,0,5,62,53,33,22,50,17,35,45,35,50,14,36,17,29,40,43
cd85,pablo-carreno-busta,Pablo Carreno Busta,2024,Grass,2,1,75,73,48,7,71,17,88,67,26,38,7,43,17,18,31,50
cd85,pablo-carreno-busta,Pablo Carreno Busta,2024,Carpet,,,,,,,,,,,,,,,,,,
cd85,pablo-carreno-busta,Pablo Carreno Busta,2023,all,47,16,63,74,54,36,72,71,86,66,23,48,39,26,68,15,32,50
cd85,pablo-carreno-busta,Pablo Carreno Busta,2023,Hard,47,16,63,74,54,36,72,71,86,66,23,48,39,26,68,15,32,50
cd85,pablo-carreno-busta,Pablo Carreno Busta,2023,Clay,,,,,,,,,,,,,,,,,,
cd85,pablo-carreno-busta,Pablo Carreno Busta,2023,Grass,,,,,,,,,,,,,,,,,,
cd85,pablo-carreno-busta,Pablo Carreno Busta,2023,Carpet,,,,,,,,,,,,,,,,,,
s0ja,eliot-spizzirri,Eliot Spizzirri,all,all,145,34,68,71,52,132,57,276,79,65,29,53,146,43,279,23,38,51
s0ja,eliot-spizzirri,Eliot Spizzirri,all,Hard,132,24,68,72,53,107,54,248,80,66,29,54,133,43,250,23,38,51
s0ja,eliot-spizzirri,Eliot Spizzirri,all,Clay,,,,,,,,,,,,,,,,,,
s0ja,eliot-spizzirri,Eliot Spizzirri,all,Grass,13,10,64,66,47,25,68,28,71,59,29,45,13,46,29,21,35,48
s0ja,eliot-spizzirri,Eliot Spizzirri,all,Carpet,,,,,,,,,,,,,,,,,,
s0ja,eliot-spizzirri,Eliot Spizzirri,2026,all,66,10,67,76,55,43,56,120,84,69,31,55,74,41,120,25,39,53
s0ja,eliot-spizzirri,Eliot Spizzirri,2026,Hard,66,10,67,76,55,43,56,120,84,69,31,55,74,41,120,25,39,53
s0ja,eliot-spizzirri,Eliot Spizzirri,2026,Clay,,,,,,,,,,,,,,,,,,
s0ja,eliot-spizzirri,Eliot Spizzirri,2026,Grass,,,,,,,,,,,,,,,,,,
s0ja,eliot-spizzirri,Eliot Spizzirri,2026,Carpet,,,,,,,,,,,,,,,,,,
s0ja,eliot-spizzirri,Eliot Spizzirri,2025,all,65,8,71,70,54,51,59,114,82,65,28,55,52,44,116,20,37,51
s0ja,eliot-spizzirri,Eliot Spizzirri,2025,Hard,65,8,71,70,54,51,59,114,82,65,28,55,52,44,116,20,37,51
s0ja,eliot-spizzirri,Eliot Spizzirri,2025,Clay,,,,,,,,,,,,,,,,,,
s0ja,eliot-spizzirri,Eliot Spizzirri,2025,Grass,,,,,,,,,,,,,,,,,,
s0ja,eliot-spizzirri,Eliot Spizzirri,2025,Carpet,,,,,,,,,,,,,,,,,,
s0ja,eliot-spizzirri,Eliot Spizzirri,2024,all,12,12,59,64,44,24,46,33,61,56,31,46,18,50,34,26,37,46
s0ja,eliot-spizzirri,Eliot Spizzirri,2024,Hard,1,6,53,45,39,13,31,14,36,42,30,47,7,57,14,29,38,40
s0ja,eliot-spizzirri,Eliot Spizzirri,2024,Clay,,,,,,,,,,,,,,,,,,
s0ja,eliot-spizzirri,Eliot Spizzirri,2024,Grass,11,6,62,74,47,11,64,19,79,64,32,44,11,45,20,25,36,50
s0ja,eliot-spizzirri,Eliot Spizzirri,2024,Carpet,,,,,,,,,,,,,,,,,,
s0ja,eliot-spizzirri,Eliot Spizzirri,2023,all,2,4,65,53,46,14,71,9,56,51,20,47,2,50,9,11,34,43
s0ja,eliot-spizzirri,Eliot Spizzirri,2023,Hard,,,,,,,,,,,,,,,,,,
s0ja,eliot-spizzirri,Eliot Spizzirri,2023,Clay,,,,,,,,,,,,,,,,,,
s0ja,eliot-spizzirri,Eliot Spizzirri,2023,Grass,2,4,65,53,46,14,71,9,56,51,20,47,2,50,9,11,34,43
s0ja,eliot-spizzirri,Eliot Spizzirri,2023,Carpet,,,,,,,,,,,,,,,,,,
hb64,quentin-halys,Quentin Halys,all,all,1819,692,59,78,48,984,65,2052,83,66,25,45,840,35,2039,14,33,49
hb64,quentin-halys,Quentin Halys,all,Hard,1223,437,61,77,46,674,65,1316,82,65,25,46,552,34,1315,14,33,49
hb64,quentin-halys,Quentin Halys,all,Clay,345,181,56,77,52,228,66,473,84,66,26,45,182,37,460,15,33,49
hb64,quentin-halys,Quentin Halys,all,Grass,251,74,59,83,52,82,63,263,89,70,25,44,106,38,264,15,32,51
hb64,quentin-halys,Quentin Halys,all,Carpet,,,,,,,,,,,,,,,,,,
hb64,quentin-halys,Quentin Halys,2026,all,188,41,62,77,49,97,65,206,83,67,28,48,96,34,204,16,35,50
hb64,quentin-halys,Quentin Halys,2026,Hard,175,34,63,77,49,89,65,191,84,66,29,48,93,35,189,17,35,51
hb64,quentin-halys,Quentin Halys,2026,Clay,13,7,49,82,54,8,63,15,80,68,21,44,3,0,15,0,29,48
hb64,quentin-halys,Quentin Halys,2026,Grass,,,,,,,,,,,,,,,,,,
hb64,quentin-halys,Quentin Halys,2026,Carpet,,,,,,,,,,,,,,,,,,
hb64,quentin-halys,Quentin Halys,2025,all,413,163,59,77,49,233,61,492,82,66,24,43,181,31,490,12,31,48
hb64,quentin-halys,Quentin Halys,2025,Hard,283,106,60,76,48,157,62,319,81,65,23,44,124,31,317,12,31,48
hb64,quentin-halys,Quentin Halys,2025,Clay,64,31,55,76,54,56,66,102,81,66,24,47,33,39,100,13,32,50
hb64,quentin-halys,Quentin Halys,2025,Grass,66,26,59,82,50,20,45,71,85,69,25,36,24,25,73,8,29,48
hb64,quentin-halys,Quentin Halys,2025,Carpet,,,,,,,,,,,,,,,,,,
hb64,quentin-halys,Quentin Halys,2024,all,249,77,57,81,50,120,74,248,88,68,25,44,88,38,243,14,32,51
hb64,quentin-halys,Quentin Halys,2024,Hard,129,37,59,78,47,81,75,129,84,65,25,43,42,38,128,13,32,50
hb64,quentin-halys,Quentin Halys,2024,Clay,50,28,48,84,54,19,68,57,89,68,23,47,27,30,54,15,33,51
hb64,quentin-halys,Quentin Halys,2024,Grass,70,12,63,87,52,20,75,62,92,74,27,42,19,47,61,15,32,53
hb64,quentin-halys,Quentin Halys,2024,Carpet,,,,,,,,,,,,,,,,,,
hb64,quentin-halys,Quentin Halys,2023,all,431,124,59,80,52,157,67,436,88,68,25,45,172,38,429,15,32,50
hb64,quentin-halys,Quentin Halys,2023,Hard,280,73,60,80,48,110,65,263,86,67,24,47,111,34,262,15,32,49
hb64,quentin-halys,Quentin Halys,2023,Clay,100,35,58,81,57,31,71,122,93,71,27,40,39,41,117,14,32,51
hb64,quentin-halys,Quentin Halys,2023,Grass,51,16,57,78,58,16,69,51,90,69,25,42,22,50,50,22,33,52
hb64,quentin-halys,Quentin Halys,2023,Carpet,,,,,,,,,,,,,,,,,,
l0il,martin-landaluce,Martin Landaluce,all,all,112,103,61,71,47,155,57,251,74,61,24,47,118,33,256,15,32,47
l0il,martin-landaluce,Martin Landaluce,all,Hard,79,57,62,74,48,87,60,162,78,64,23,49,73,36,165,16,32,48
l0il,martin-landaluce,Martin Landaluce,all,Clay,33,46,60,65,46,68,54,89,65,57,27,43,45,29,91,14,33,45
l0il,martin-landaluce,Martin Landaluce,all,Grass,,,,,,,,,,,,,,,,,,
l0il,martin-landaluce,Martin Landaluce,all,Carpet,,,,,,,,,,,,,,,,,,
l0il,martin-landaluce,Martin Landaluce,2026,all,33,28,61,73,53,37,54,82,79,65,22,53,37,38,82,17,34,50
l0il,martin-landaluce,Martin Landaluce,2026,Hard,31,20,63,76,55,25,64,64,86,68,22,56,29,41,63,19,34,51
l0il,martin-landaluce,Martin Landaluce,2026,Clay,2,8,54,63,48,12,33,18,56,56,25,44,8,25,19,11,33,44
l0il,martin-landaluce,Martin Landaluce,2026,Grass,,,,,,,,,,,,,,,,,,
l0il,martin-landaluce,Martin Landaluce,2026,Carpet,,,,,,,,,,,,,,,,,,
l0il,martin-landaluce,Martin Landaluce,2025,all,42,42,63,72,44,46,72,64,80,61,25,47,41,20,67,12,33,47
l0il,martin-landaluce,Martin Landaluce,2025,Hard,24,20,60,77,43,22,68,37,81,63,25,50,24,21,39,13,34,48
l0il,martin-landaluce,Martin Landaluce,2025,Clay,18,22,66,66,45,24,75,27,78,59,26,43,17,18,28,11,32,46
l0il,martin-landaluce,Martin Landaluce,2025,Grass,,,,,,,,,,,,,,,,,,
l0il,martin-landaluce,Martin Landaluce,2025,Carpet,,,,,,,,,,,,,,,,,,
l0il,martin-landaluce,Martin Landaluce,2024,all,11,16,57,67,44,32,53,46,67,57,28,47,19,47,47,19,34,46
l0il,martin-landaluce,Martin Landaluce,2024,Hard,7,6,61,69,46,11,45,23,74,60,26,43,8,50,24,17,31,47
l0il,martin-landaluce,Martin Landaluce,2024,Clay,4,10,52,66,43,21,57,23,61,55,30,49,11,45,23,22,37,46
l0il,martin-landaluce,Martin Landaluce,2024,Grass,,,,,,,,,,,,,,,,,,
l0il,martin-landaluce,Martin Landaluce,2024,Carpet,,,,,,,,,,,,,,,,,,
l0il,martin-landaluce,Martin Landaluce,2023,all,9,6,64,64,50,11,27,21,62,59,28,34,9,33,21,14,30,44
l0il,martin-landaluce,Martin Landaluce,2023,Hard,,,,,,,,,,,,,,,,,,
l0il,martin-landaluce,Martin Landaluce,2023,Clay,9,6,64,64,50,11,27,21,62,59,28,34,9,33,21,14,30,44
l0il,martin-landaluce,Martin Landaluce,2023,Grass,,,,,,,,,,,,,,,,,,
l0il,martin-landaluce,Martin Landaluce,2023,Carpet,,,,,,,,,,,,,,,,,,
k0az,aleksandar-kovacevic,Aleksandar Kovacevic,all,all,983,344,59,76,49,607,63,1302,83,65,24,44,536,32,1298,13,32,49
k0az,aleksandar-kovacevic,Aleksandar Kovacevic,all,Hard,828,267,60,77,50,445,65,998,84,66,24,45,408,33,990,14,32,49
k0az,aleksandar-kovacevic,Aleksandar Kovacevic,all,Clay,107,61,57,73,49,117,60,215,78,63,25,46,100,31,215,14,33,48
k0az,aleksandar-kovacevic,Aleksandar Kovacevic,all,Grass,48,16,61,71,50,45,53,89,76,63,23,39,28,25,93,8,29,46
k0az,aleksandar-kovacevic,Aleksandar Kovacevic,all,Carpet,,,,,,,,,,,,,,,,,,
k0az,aleksandar-kovacevic,Aleksandar Kovacevic,2026,all,242,55,62,80,55,57,63,232,91,71,20,44,64,31,226,9,28,50
k0az,aleksandar-kovacevic,Aleksandar Kovacevic,2026,Hard,239,47,63,81,55,51,65,223,92,71,20,44,62,32,217,9,28,50
k0az,aleksandar-kovacevic,Aleksandar Kovacevic,2026,Clay,3,8,44,62,52,6,50,9,67,56,22,45,2,0,9,0,30,43
k0az,aleksandar-kovacevic,Aleksandar Kovacevic,2026,Grass,,,,,,,,,,,,,,,,,,
k0az,aleksandar-kovacevic,Aleksandar Kovacevic,2026,Carpet,,,,,,,,,,,,,,,,,,
k0az,aleksandar-kovacevic,Aleksandar Kovacevic,2025,all,281,134,58,75,49,217,61,455,82,64,24,47,223,31,450,15,33,49
k0az,aleksandar-kovacevic,Aleksandar Kovacevic,2025,Hard,234,99,59,76,48,144,62,331,83,65,24,46,161,30,327,15,33,49
k0az,aleksandar-kovacevic,Aleksandar Kovacevic,2025,Clay,35,31,56,71,50,55,60,90,76,62,27,51,52,35,87,21,36,49
k0az,aleksandar-kovacevic,Aleksandar Kovacevic,2025,Grass,12,4,58,75,52,18,61,34,79,65,15,39,10,20,36,6,25,45
k0az,aleksandar-kovacevic,Aleksandar Kovacevic,2025,Carpet,,,,,,,,,,,,,,,,,,
k0az,aleksandar-kovacevic,Aleksandar Kovacevic,2024,all,328,114,59,76,49,223,67,424,83,65,25,43,167,32,431,13,32,49
k0az,aleksandar-kovacevic,Aleksandar Kovacevic,2024,Hard,241,90,59,76,48,165,69,283,82,65,24,44,114,34,287,14,32,49
k0az,aleksandar-kovacevic,Aleksandar Kovacevic,2024,Clay,53,16,59,77,49,41,63,92,84,66,25,44,37,30,94,12,32,48
k0az,aleksandar-kovacevic,Aleksandar Kovacevic,2024,Grass,34,8,62,74,53,17,53,49,84,66,28,39,16,25,50,8,32,49
k0az,aleksandar-kovacevic,Aleksandar Kovacevic,2024,Carpet,,,,,,,,,,,,,,,,,,
k0az,aleksandar-kovacevic,Aleksandar Kovacevic,2023,all,91,33,59,71,47,79,54,137,74,61,26,40,54,33,138,13,31,47
k0az,aleksandar-kovacevic,Aleksandar Kovacevic,2023,Hard,73,23,60,74,49,54,57,107,79,64,28,41,43,35,106,14,33,49
k0az,aleksandar-kovacevic,Aleksandar Kovacevic,2023,Clay,16,6,54,70,43,15,53,24,71,58,20,35,9,22,25,8,26,43
k0az,aleksandar-kovacevic,Aleksandar Kovacevic,2023,Grass,2,4,62,39,32,10,40,6,0,36,23,40,2,50,7,14,30,33
k0az,aleksandar-kovacevic,Aleksandar Kovacevic,2023,Carpet,,,,,,,,,,,,,,,,,,
h0bh,rinky-hijikata,Rinky Hijikata,all,all,414,283,60,69,48,793,60,1214,74,60,28,48,648,37,1220,20,36,48
h0bh,rinky-hijikata,Rinky Hijikata,all,Hard,314,205,59,68,48,563,59,838,73,60,29,48,445,39,843,20,36,48
h0bh,rinky-hijikata,Rinky Hijikata,all,Clay,27,32,61,66,50,100,64,140,74,60,25,46,56,39,144,15,33,47
h0bh,rinky-hijikata,Rinky Hijikata,all,Grass,73,46,60,71,50,130,59,236,78,63,30,48,147,32,233,20,38,50
h0bh,rinky-hijikata,Rinky Hijikata,all,Carpet,,,,,,,,,,,,,,,,,,
h0bh,rinky-hijikata,Rinky Hijikata,2026,all,72,36,61,71,53,81,59,170,81,64,26,50,85,39,164,20,35,50
h0bh,rinky-hijikata,Rinky Hijikata,2026,Hard,64,32,61,72,52,71,59,147,80,64,26,49,71,39,142,20,34,50
h0bh,rinky-hijikata,Rinky Hijikata,2026,Clay,8,4,64,67,57,10,60,23,83,63,27,54,14,36,22,23,39,51
h0bh,rinky-hijikata,Rinky Hijikata,2026,Grass,,,,,,,,,,,,,,,,,,
h0bh,rinky-hijikata,Rinky Hijikata,2026,Carpet,,,,,,,,,,,,,,,,,,
h0bh,rinky-hijikata,Rinky Hijikata,2025,all,97,62,61,66,50,207,58,306,72,60,28,44,142,39,306,18,34,47
h0bh,rinky-hijikata,Rinky Hijikata,2025,Hard,72,42,62,66,47,137,57,191,69,59,28,43,83,42,192,18,33,46
h0bh,rinky-hijikata,Rinky Hijikata,2025,Clay,9,12,61,67,52,40,65,59,76,61,27,44,23,35,60,13,33,47
h0bh,rinky-hijikata,Rinky Hijikata,2025,Grass,16,8,60,67,57,30,57,56,77,63,30,46,36,33,54,22,37,50
h0bh,rinky-hijikata,Rinky Hijikata,2025,Carpet,,,,,,,,,,,,,,,,,,
h0bh,rinky-hijikata,Rinky Hijikata,2024,all,155,112,59,69,47,311,61,440,73,60,28,49,241,36,454,19,36,48
h0bh,rinky-hijikata,Rinky Hijikata,2024,Hard,112,71,58,69,48,192,61,275,73,60,29,50,154,38,285,21,37,48
h0bh,rinky-hijikata,Rinky Hijikata,2024,Clay,10,16,61,66,46,50,64,58,69,58,22,44,19,47,62,15,30,45
h0bh,rinky-hijikata,Rinky Hijikata,2024,Grass,33,25,61,71,44,69,58,107,73,60,30,50,68,28,107,18,38,49
h0bh,rinky-hijikata,Rinky Hijikata,2024,Carpet,,,,,,,,,,,,,,,,,,
h0bh,rinky-hijikata,Rinky Hijikata,2023,all,73,59,59,70,47,155,61,244,75,61,31,51,168,35,240,25,39,50
h0bh,rinky-hijikata,Rinky Hijikata,2023,Hard,49,46,59,68,44,124,60,171,71,59,31,53,125,34,168,26,39,49
h0bh,rinky-hijikata,Rinky Hijikata,2023,Clay,,,,,,,,,,,,,,,,,,
h0bh,rinky-hijikata,Rinky Hijikata,2023,Grass,24,13,58,75,54,31,65,73,85,66,31,48,43,37,72,22,38,52
h0bh,rinky-hijikata,Rinky Hijikata,2023,Carpet,,,,,,,,,,,,,,,,,,
v0dz,luca-van-assche,Luca Van Assche,all,all,240,184,62,68,50,498,62,749,75,61,28,50,434,34,770,19,36,49
v0dz,luca-van-assche,Luca Van Assche,all,Hard,182,99,61,71,51,259,63,438,78,63,26,50,246,31,453,17,35,48
v0dz,luca-van-assche,Luca Van Assche,all,Clay,45,71,62,66,48,205,60,277,71,59,33,50,167,40,283,23,39,49
v0dz,luca-van-assche,Luca Van Assche,all,Grass,13,14,63,60,54,34,65,34,65,58,26,47,21,14,34,9,35,47
v0dz,luca-van-assche,Luca Van Assche,all,Carpet,,,,,,,,,,,,,,,,,,
v0dz,luca-van-assche,Luca Van Assche,2026,all,9,10,66,65,48,27,59,35,69,59,33,59,29,41,36,33,45,52
v0dz,luca-van-assche,Luca Van Assche,2026,Hard,,,,,,,,,,,,,,,,,,
v0dz,luca-van-assche,Luca Van Assche,2026,Clay,9,10,66,65,48,27,59,35,69,59,33,59,29,41,36,33,45,52
v0dz,luca-van-assche,Luca Van Assche,2026,Grass,,,,,,,,,,,,,,,,,,
v0dz,luca-van-assche,Luca Van Assche,2026,Carpet,,,,,,,,,,,,,,,,,,
v0dz,luca-van-assche,Luca Van Assche,2025,all,16,8,62,75,47,13,62,29,83,65,23,49,13,31,30,13,33,49
v0dz,luca-van-assche,Luca Van Assche,2025,Hard,16,8,62,75,47,13,62,29,83,65,23,49,13,31,30,13,33,49
v0dz,luca-van-assche,Luca Van Assche,2025,Clay,,,,,,,,,,,,,,,,,,
v0dz,luca-van-assche,Luca Van Assche,2025,Grass,,,,,,,,,,,,,,,,,,
v0dz,luca-van-assche,Luca Van Assche,2025,Carpet,,,,,,,,,,,,,,,,,,
v0dz,luca-van-assche,Luca Van Assche,2024,all,84,74,62,69,50,169,59,274,74,61,28,48,140,37,288,18,36,48
v0dz,luca-van-assche,Luca Van Assche,2024,Hard,69,42,58,73,52,88,57,174,78,64,26,49,85,39,183,18,35,49
v0dz,luca-van-assche,Luca Van Assche,2024,Clay,8,24,67,64,46,67,61,86,70,58,31,47,44,41,91,20,37,48
v0dz,luca-van-assche,Luca Van Assche,2024,Grass,7,8,69,59,45,14,57,14,57,55,27,51,11,9,14,7,37,46
v0dz,luca-van-assche,Luca Van Assche,2024,Carpet,,,,,,,,,,,,,,,,,,
v0dz,luca-van-assche,Luca Van Assche,2023,all,94,81,61,68,50,250,64,351,74,61,29,49,203,33,357,18,36,48
v0dz,luca-van-assche,Luca Van Assche,2023,Hard,60,38,62,69,50,119,66,175,77,62,25,50,99,28,181,15,34,48
v0dz,luca-van-assche,Luca Van Assche,2023,Clay,28,37,59,67,48,111,60,156,72,59,33,49,94,38,156,23,39,49
v0dz,luca-van-assche,Luca Van Assche,2023,Grass,6,6,59,60,58,20,70,20,70,59,26,44,10,20,20,10,34,47
v0dz,luca-van-assche,Luca Van Assche,2023,Carpet,,,,,,,,,,,,,,,,,,
bd06,roberto-bautista-agut,Roberto Bautista Agut,all,all,2217,1363,66,70,53,4620,62,8802,80,64,30,53,5341,41,8656,25,39,51
bd06,roberto-bautista-agut,Roberto Bautista Agut,all,Hard,1504,911,65,70,54,2799,62,5428,80,64,29,53,3330,40,5343,25,39,51
bd06,roberto-bautista-agut,Roberto Bautista Agut,all,Clay,442,307,66,67,53,1319,60,2247,76,62,32,52,1373,44,2207,28,40,51
bd06,roberto-bautista-agut,Roberto Bautista Agut,all,Grass,271,145,70,71,55,502,64,1127,84,66,27,54,638,40,1106,23,38,52
bd06,roberto-bautista-agut,Roberto Bautista Agut,all,Carpet,,,,,,,,,,,,,,,,,,
bd06,roberto-bautista-agut,Roberto Bautista Agut,2026,all,38,14,68,66,51,87,57,134,72,61,22,46,53,30,136,12,31,46
bd06,roberto-bautista-agut,Roberto Bautista Agut,2026,Hard,38,8,69,68,51,72,61,113,75,63,23,47,49,29,114,12,32,47
bd06,roberto-bautista-agut,Roberto Bautista Agut,2026,Clay,0,6,64,57,48,15,40,21,57,54,20,40,4,50,22,9,27,41
bd06,roberto-bautista-agut,Roberto Bautista Agut,2026,Grass,,,,,,,,,,,,,,,,,,
bd06,roberto-bautista-agut,Roberto Bautista Agut,2026,Carpet,,,,,,,,,,,,,,,,,,
bd06,roberto-bautista-agut,Roberto Bautista Agut,2025,all,100,79,66,68,50,265,60,455,77,62,27,51,221,39,448,19,36,49
bd06,roberto-bautista-agut,Roberto Bautista Agut,2025,Hard,47,46,67,68,46,108,59,173,75,61,23,53,90,32,169,17,36,49
bd06,roberto-bautista-agut,Roberto Bautista Agut,2025,Clay,19,26,61,65,49,116,61,158,72,59,30,51,66,53,156,22,38,49
bd06,roberto-bautista-agut,Roberto Bautista Agut,2025,Grass,34,7,73,72,58,41,59,124,86,68,27,48,65,34,123,18,35,51
bd06,roberto-bautista-agut,Roberto Bautista Agut,2025,Carpet,,,,,,,,,,,,,,,,,,
bd06,roberto-bautista-agut,Roberto Bautista Agut,2024,all,106,87,68,68,53,291,62,520,79,63,27,53,263,41,514,21,37,50
bd06,roberto-bautista-agut,Roberto Bautista Agut,2024,Hard,56,54,68,69,50,163,64,265,78,63,25,54,124,40,261,19,36,50
bd06,roberto-bautista-agut,Roberto Bautista Agut,2024,Clay,19,14,68,65,55,65,54,122,75,62,33,50,65,46,120,25,39,50
bd06,roberto-bautista-agut,Roberto Bautista Agut,2024,Grass,31,19,69,68,57,63,65,133,83,65,25,55,74,39,133,22,37,51
bd06,roberto-bautista-agut,Roberto Bautista Agut,2024,Carpet,,,,,,,,,,,,,,,,,,
bd06,roberto-bautista-agut,Roberto Bautista Agut,2023,all,149,68,66,69,55,253,59,518,80,64,29,50,298,35,515,20,37,50
bd06,roberto-bautista-agut,Roberto Bautista Agut,2023,Hard,106,45,68,69,56,148,59,309,80,65,28,51,170,36,304,20,36,50
bd06,roberto-bautista-agut,Roberto Bautista Agut,2023,Clay,29,16,63,67,54,77,58,138,77,62,31,49,91,34,142,22,38,50
bd06,roberto-bautista-agut,Roberto Bautista Agut,2023,Grass,14,7,67,74,56,28,64,71,86,68,26,53,37,30,69,16,36,51
bd06,roberto-bautista-agut,Roberto Bautista Agut,2023,Carpet,,,,,,,,,,,,,,,,,,
v832,aleksandar-vukic,Aleksandar Vukic,all,all,1221,270,59,73,50,949,61,1791,80,64,25,46,760,35,1805,15,33,49
v832,aleksandar-vukic,Aleksandar Vukic,all,Hard,903,199,59,73,51,654,61,1269,80,64,25,46,532,35,1274,15,33,49
v832,aleksandar-vukic,Aleksandar Vukic,all,Clay,132,31,58,71,46,163,61,233,73,61,28,46,105,32,235,14,34,48
v832,aleksandar-vukic,Aleksandar Vukic,all,Grass,186,40,61,75,51,132,64,289,83,66,23,47,123,34,296,14,32,49
v832,aleksandar-vukic,Aleksandar Vukic,all,Carpet,,,,,,,,,,,,,,,,,,
v832,aleksandar-vukic,Aleksandar Vukic,2026,all,30,9,54,66,50,40,45,71,69,59,21,41,23,22,73,7,28,44
v832,aleksandar-vukic,Aleksandar Vukic,2026,Hard,26,8,55,67,48,33,45,59,69,59,19,42,21,19,61,7,28,44
v832,aleksandar-vukic,Aleksandar Vukic,2026,Clay,4,1,49,61,55,7,43,12,67,58,29,36,2,50,12,8,31,45
v832,aleksandar-vukic,Aleksandar Vukic,2026,Grass,,,,,,,,,,,,,,,,,,
v832,aleksandar-vukic,Aleksandar Vukic,2026,Carpet,,,,,,,,,,,,,,,,,,
v832,aleksandar-vukic,Aleksandar Vukic,2025,all,389,98,59,73,50,321,64,568,79,63,26,45,243,35,572,15,33,48
v832,aleksandar-vukic,Aleksandar Vukic,2025,Hard,315,78,59,73,50,240,64,430,80,64,25,45,181,39,431,16,33,49
v832,aleksandar-vukic,Aleksandar Vukic,2025,Clay,34,8,59,72,47,47,70,65,78,62,29,40,28,32,66,14,32,48
v832,aleksandar-vukic,Aleksandar Vukic,2025,Grass,40,12,56,72,49,34,50,73,77,62,25,45,34,18,75,8,32,46
v832,aleksandar-vukic,Aleksandar Vukic,2025,Carpet,,,,,,,,,,,,,,,,,,
v832,aleksandar-vukic,Aleksandar Vukic,2024,all,423,83,59,74,50,314,62,579,79,64,24,48,257,37,585,16,34,49
v832,aleksandar-vukic,Aleksandar Vukic,2024,Hard,234,45,58,74,50,149,58,291,78,64,25,46,125,35,294,15,33,49
v832,aleksandar-vukic,Aleksandar Vukic,2024,Clay,74,18,59,71,46,90,61,127,72,61,26,50,55,36,128,16,35,48
v832,aleksandar-vukic,Aleksandar Vukic,2024,Grass,115,20,62,76,53,75,72,161,87,67,22,51,77,39,163,18,33,51
v832,aleksandar-vukic,Aleksandar Vukic,2024,Carpet,,,,,,,,,,,,,,,,,,
v832,aleksandar-vukic,Aleksandar Vukic,2023,all,212,51,62,73,49,155,59,319,80,64,26,43,127,35,320,14,32,49
v832,aleksandar-vukic,Aleksandar Vukic,2023,Hard,176,43,62,73,50,129,62,261,81,64,26,44,106,34,259,14,33,49
v832,aleksandar-vukic,Aleksandar Vukic,2023,Clay,12,2,65,76,44,5,20,15,73,65,25,46,9,33,15,20,35,49
v832,aleksandar-vukic,Aleksandar Vukic,2023,Grass,24,6,63,74,48,21,52,43,77,64,25,40,12,50,46,13,31,47
v832,aleksandar-vukic,Aleksandar Vukic,2023,Carpet,,,,,,,,,,,,,,,,,,
bk40,matteo-berrettini,Matteo Berrettini,all,all,3197,605,64,78,53,1657,69,4212,88,69,28,46,2021,37,4233,18,35,51
bk40,matteo-berrettini,Matteo Berrettini,all,Hard,1831,327,64,77,53,930,69,2274,87,68,27,45,973,38,2295,16,34,51
bk40,matteo-berrettini,Matteo Berrettini,all,Clay,659,168,65,76,53,476,67,1192,87,68,31,48,668,37,1197,21,37,52
bk40,matteo-berrettini,Matteo Berrettini,all,Grass,707,110,64,80,54,251,73,746,91,71,27,46,380,35,741,18,34,52
bk40,matteo-berrettini,Matteo Berrettini,all,Carpet,,,,,,,,,,,,,,,,,,
bk40,matteo-berrettini,Matteo Berrettini,2026,all,96,22,67,73,53,83,67,166,84,67,30,46,83,39,172,19,36,51
bk40,matteo-berrettini,Matteo Berrettini,2026,Hard,51,9,69,76,54,27,74,56,88,69,25,45,25,40,57,18,32,50
bk40,matteo-berrettini,Matteo Berrettini,2026,Clay,45,13,66,72,53,56,64,110,82,65,32,46,58,38,115,19,37,51
bk40,matteo-berrettini,Matteo Berrettini,2026,Grass,,,,,,,,,,,,,,,,,,
bk40,matteo-berrettini,Matteo Berrettini,2026,Carpet,,,,,,,,,,,,,,,,,,
bk40,matteo-berrettini,Matteo Berrettini,2025,all,374,57,68,76,54,178,67,446,87,69,27,45,175,41,447,16,33,51
bk40,matteo-berrettini,Matteo Berrettini,2025,Hard,319,42,68,77,56,129,69,348,89,70,27,45,133,41,350,15,33,51
bk40,matteo-berrettini,Matteo Berrettini,2025,Clay,30,11,69,72,47,34,62,74,82,64,29,49,34,38,72,18,36,50
bk40,matteo-berrettini,Matteo Berrettini,2025,Grass,25,4,63,76,44,15,60,24,75,64,26,38,8,50,25,16,31,48
bk40,matteo-berrettini,Matteo Berrettini,2025,Carpet,,,,,,,,,,,,,,,,,,
bk40,matteo-berrettini,Matteo Berrettini,2024,all,366,57,68,78,53,177,73,461,90,70,29,44,222,40,465,19,35,52
bk40,matteo-berrettini,Matteo Berrettini,2024,Hard,132,21,63,75,50,89,71,163,84,66,28,41,68,40,166,16,33,50
bk40,matteo-berrettini,Matteo Berrettini,2024,Clay,106,21,73,80,55,48,73,171,92,73,32,48,100,39,173,23,38,54
bk40,matteo-berrettini,Matteo Berrettini,2024,Grass,128,15,69,78,56,40,80,127,94,71,25,45,54,41,126,17,32,52
bk40,matteo-berrettini,Matteo Berrettini,2024,Carpet,,,,,,,,,,,,,,,,,,
bk40,matteo-berrettini,Matteo Berrettini,2023,all,217,39,65,79,51,100,70,287,90,69,26,46,121,35,290,14,33,51
bk40,matteo-berrettini,Matteo Berrettini,2023,Hard,152,24,64,80,50,66,71,182,90,69,27,45,69,42,188,15,34,51
bk40,matteo-berrettini,Matteo Berrettini,2023,Clay,6,5,67,77,54,6,50,26,88,69,33,57,24,25,26,23,41,54
bk40,matteo-berrettini,Matteo Berrettini,2023,Grass,59,10,66,79,52,28,71,79,90,70,22,44,28,25,76,9,29,50
bk40,matteo-berrettini,Matteo Berrettini,2023,Carpet,,,,,,,,,,,,,,,,,,
bm95,benjamin-bonzi,Benjamin Bonzi,all,all,862,321,62,72,52,992,63,1837,80,64,27,50,917,38,1824,19,36,50
bm95,benjamin-bonzi,Benjamin Bonzi,all,Hard,616,223,62,72,51,649,61,1246,80,64,27,50,665,37,1235,20,36,50
bm95,benjamin-bonzi,Benjamin Bonzi,all,Clay,79,50,62,68,48,200,64,284,75,60,29,47,128,41,284,18,36,48
bm95,benjamin-bonzi,Benjamin Bonzi,all,Grass,167,48,63,73,56,143,69,307,86,66,24,50,124,39,305,16,34,50
bm95,benjamin-bonzi,Benjamin Bonzi,all,Carpet,,,,,,,,,,,,,,,,,,
bm95,benjamin-bonzi,Benjamin Bonzi,2026,all,20,9,68,71,55,42,67,80,83,66,28,43,45,24,83,13,34,49
bm95,benjamin-bonzi,Benjamin Bonzi,2026,Hard,14,4,70,68,53,28,61,49,78,63,33,46,36,28,51,20,37,49
bm95,benjamin-bonzi,Benjamin Bonzi,2026,Clay,6,5,66,76,58,14,79,31,90,70,21,39,9,11,32,3,28,49
bm95,benjamin-bonzi,Benjamin Bonzi,2026,Grass,,,,,,,,,,,,,,,,,,
bm95,benjamin-bonzi,Benjamin Bonzi,2026,Carpet,,,,,,,,,,,,,,,,,,
bm95,benjamin-bonzi,Benjamin Bonzi,2025,all,200,80,64,70,53,262,63,498,80,64,24,51,217,38,495,17,35,50
bm95,benjamin-bonzi,Benjamin Bonzi,2025,Hard,150,69,62,71,51,196,61,362,79,63,24,51,177,36,358,18,35,49
bm95,benjamin-bonzi,Benjamin Bonzi,2025,Clay,16,5,71,69,62,26,69,56,86,67,25,53,21,57,56,21,37,53
bm95,benjamin-bonzi,Benjamin Bonzi,2025,Grass,34,6,69,68,56,40,65,80,83,64,23,50,19,42,81,10,33,49
bm95,benjamin-bonzi,Benjamin Bonzi,2025,Carpet,,,,,,,,,,,,,,,,,,
bm95,benjamin-bonzi,Benjamin Bonzi,2024,all,58,16,63,71,51,83,65,120,76,64,31,47,68,37,121,21,37,50
bm95,benjamin-bonzi,Benjamin Bonzi,2024,Hard,58,16,64,72,52,77,68,111,77,65,32,47,62,39,112,21,37,51
bm95,benjamin-bonzi,Benjamin Bonzi,2024,Clay,0,0,62,66,30,6,33,9,56,52,26,37,6,17,9,11,29,40
bm95,benjamin-bonzi,Benjamin Bonzi,2024,Grass,,,,,,,,,,,,,,,,,,
bm95,benjamin-bonzi,Benjamin Bonzi,2024,Carpet,,,,,,,,,,,,,,,,,,
bm95,benjamin-bonzi,Benjamin Bonzi,2023,all,218,73,62,72,51,204,63,393,81,64,27,49,211,36,390,20,36,50
bm95,benjamin-bonzi,Benjamin Bonzi,2023,Hard,194,55,62,73,53,151,64,319,83,66,27,50,172,36,313,20,36,51
bm95,benjamin-bonzi,Benjamin Bonzi,2023,Clay,15,12,60,68,43,38,58,50,68,58,35,50,31,45,51,27,41,49
bm95,benjamin-bonzi,Benjamin Bonzi,2023,Grass,9,6,59,70,51,15,60,24,75,62,17,35,8,13,26,4,23,43
bm95,benjamin-bonzi,Benjamin Bonzi,2023,Carpet,,,,,,,,,,,,,,,,,,
d0c1,jesper-de-jong,Jesper De Jong,all,all,331,149,58,72,50,304,57,586,78,63,27,47,267,39,579,18,35,49
d0c1,jesper-de-jong,Jesper De Jong,all,Hard,145,54,60,73,51,121,60,230,79,64,23,47,78,37,226,13,32,48
d0c1,jesper-de-jong,Jesper De Jong,all,Clay,119,64,57,71,49,141,52,271,75,62,32,48,154,42,267,24,38,50
d0c1,jesper-de-jong,Jesper De Jong,all,Grass,67,31,56,74,53,42,69,85,85,65,24,45,35,29,86,12,32,49
d0c1,jesper-de-jong,Jesper De Jong,all,Carpet,,,,,,,,,,,,,,,,,,
d0c1,jesper-de-jong,Jesper De Jong,2026,all,40,21,58,70,44,48,52,79,71,59,24,53,32,44,77,18,34,47
d0c1,jesper-de-jong,Jesper De Jong,2026,Hard,23,9,55,70,46,29,45,53,70,59,24,50,20,40,51,16,33,47
d0c1,jesper-de-jong,Jesper De Jong,2026,Clay,17,12,64,70,39,19,63,26,73,59,23,58,12,50,26,23,36,48
d0c1,jesper-de-jong,Jesper De Jong,2026,Grass,,,,,,,,,,,,,,,,,,
d0c1,jesper-de-jong,Jesper De Jong,2026,Carpet,,,,,,,,,,,,,,,,,,
d0c1,jesper-de-jong,Jesper De Jong,2025,all,228,93,59,74,53,164,58,375,82,65,28,47,191,36,369,18,35,50
d0c1,jesper-de-jong,Jesper De Jong,2025,Hard,80,29,62,75,54,49,59,115,83,67,23,48,45,33,113,13,33,50
d0c1,jesper-de-jong,Jesper De Jong,2025,Clay,86,35,58,73,52,81,53,185,79,64,33,47,116,38,181,24,39,51
d0c1,jesper-de-jong,Jesper De Jong,2025,Grass,62,29,55,75,53,34,68,75,85,65,25,45,30,30,75,12,32,49
d0c1,jesper-de-jong,Jesper De Jong,2025,Carpet,,,,,,,,,,,,,,,,,,
d0c1,jesper-de-jong,Jesper De Jong,2024,all,49,25,57,70,49,66,56,105,72,61,26,44,31,61,103,18,33,48
d0c1,jesper-de-jong,Jesper De Jong,2024,Hard,35,11,62,73,50,32,69,53,81,64,20,39,9,56,52,10,27,47
d0c1,jesper-de-jong,Jesper De Jong,2024,Clay,14,14,52,65,47,34,44,52,63,57,32,48,22,64,51,27,38,48
d0c1,jesper-de-jong,Jesper De Jong,2024,Grass,,,,,,,,,,,,,,,,,,
d0c1,jesper-de-jong,Jesper De Jong,2024,Carpet,,,,,,,,,,,,,,,,,,
d0c1,jesper-de-jong,Jesper De Jong,2023,all,2,3,55,63,35,7,43,8,50,50,23,45,4,25,9,11,35,43
d0c1,jesper-de-jong,Jesper De Jong,2023,Hard,,,,,,,,,,,,,,,,,,
d0c1,jesper-de-jong,Jesper De Jong,2023,Clay,2,3,55,63,35,7,43,8,50,50,23,45,4,25,9,11,35,43
d0c1,jesper-de-jong,Jesper De Jong,2023,Grass,,,,,,,,,,,,,,,,,,
d0c1,jesper-de-jong,Jesper De Jong,2023,Carpet,,,,,,,,,,,,,,,,,,
w09e,adam-walton,Adam Walton,all,all,378,117,63,70,51,399,61,753,80,63,25,48,342,38,765,17,34,49
w09e,adam-walton,Adam Walton,all,Hard,304,88,64,71,52,269,59,559,81,64,25,48,266,36,571,17,34,49
w09e,adam-walton,Adam Walton,all,Clay,39,14,61,66,45,84,64,102,71,58,28,47,42,43,99,18,35,47
w09e,adam-walton,Adam Walton,all,Grass,35,15,63,69,59,46,67,92,84,65,25,49,34,41,95,15,32,49
w09e,adam-walton,Adam Walton,all,Carpet,,,,,,,,,,,,,,,,,,
w09e,adam-walton,Adam Walton,2026,all,74,10,67,64,53,82,63,132,77,60,27,43,60,38,134,17,33,47
w09e,adam-walton,Adam Walton,2026,Hard,67,8,68,66,54,59,64,106,80,62,27,42,46,39,109,17,32,48
w09e,adam-walton,Adam Walton,2026,Clay,7,2,59,57,51,23,61,26,65,55,29,47,14,36,25,20,35,46
w09e,adam-walton,Adam Walton,2026,Grass,,,,,,,,,,,,,,,,,,
w09e,adam-walton,Adam Walton,2026,Carpet,,,,,,,,,,,,,,,,,,
w09e,adam-walton,Adam Walton,2025,all,229,78,62,71,51,222,60,439,80,64,25,50,203,40,443,18,34,49
w09e,adam-walton,Adam Walton,2025,Hard,180,61,62,72,52,157,57,342,80,64,25,50,170,40,348,20,35,50
w09e,adam-walton,Adam Walton,2025,Clay,31,11,62,70,42,43,63,61,74,60,30,46,24,50,59,20,36,48
w09e,adam-walton,Adam Walton,2025,Grass,18,6,61,68,59,22,77,36,86,65,15,52,9,11,36,3,26,47
w09e,adam-walton,Adam Walton,2025,Carpet,,,,,,,,,,,,,,,,,,
w09e,adam-walton,Adam Walton,2024,all,75,29,65,72,51,95,63,182,81,65,25,46,79,32,188,13,32,48
w09e,adam-walton,Adam Walton,2024,Hard,57,19,65,75,48,53,62,111,82,65,22,45,50,22,114,10,31,48
w09e,adam-walton,Adam Walton,2024,Clay,1,1,60,63,47,18,72,15,67,56,20,55,4,25,15,7,32,45
w09e,adam-walton,Adam Walton,2024,Grass,17,9,65,70,58,24,58,56,82,66,30,48,25,52,59,22,36,51
w09e,adam-walton,Adam Walton,2024,Carpet,,,,,,,,,,,,,,,,,,
w09e,adam-walton,Adam Walton,2023,all,,,,,,,,,,,,,,,,,,
w09e,adam-walton,Adam Walton,2023,Hard,,,,,,,,,,,,,,,,,,
w09e,adam-walton,Adam Walton,2023,Clay,,,,,,,,,,,,,,,,,,
w09e,adam-walton,Adam Walton,2023,Grass,,,,,,,,,,,,,,,,,,
w09e,adam-walton,Adam Walton,2023,Carpet,,,,,,,,,,,,,,,,,,
gd64,cristian-garin,Cristian Garin,all,all,974,743,62,69,50,1842,60,3005,76,62,31,49,1836,39,3026,24,38,50
gd64,cristian-garin,Cristian Garin,all,Hard,363,267,60,70,50,572,57,984,75,62,26,49,492,38,991,19,35,48
gd64,cristian-garin,Cristian Garin,all,Clay,469,405,62,69,49,1081,62,1680,75,61,34,50,1144,40,1692,27,40,50
gd64,cristian-garin,Cristian Garin,all,Grass,142,71,62,71,51,189,62,341,79,63,29,48,200,35,343,20,36,50
gd64,cristian-garin,Cristian Garin,all,Carpet,,,,,,,,,,,,,,,,,,
gd64,cristian-garin,Cristian Garin,2026,all,25,30,62,71,44,57,56,100,75,61,32,45,68,37,99,25,37,49
gd64,cristian-garin,Cristian Garin,2026,Hard,12,6,58,70,49,11,73,18,83,61,20,34,4,50,18,11,26,46
gd64,cristian-garin,Cristian Garin,2026,Clay,13,24,63,71,43,46,52,82,73,61,34,48,64,36,81,28,39,50
gd64,cristian-garin,Cristian Garin,2026,Grass,,,,,,,,,,,,,,,,,,
gd64,cristian-garin,Cristian Garin,2026,Carpet,,,,,,,,,,,,,,,,,,
gd64,cristian-garin,Cristian Garin,2025,all,49,18,65,69,55,76,61,129,77,64,30,47,81,31,131,19,37,50
gd64,cristian-garin,Cristian Garin,2025,Hard,9,5,60,68,54,10,20,23,65,62,30,51,13,54,25,28,39,49
gd64,cristian-garin,Cristian Garin,2025,Clay,24,10,64,67,50,50,62,66,71,61,33,47,55,24,65,20,38,49
gd64,cristian-garin,Cristian Garin,2025,Grass,16,3,70,73,65,16,81,40,93,71,26,46,13,38,41,12,33,51
gd64,cristian-garin,Cristian Garin,2025,Carpet,,,,,,,,,,,,,,,,,,
gd64,cristian-garin,Cristian Garin,2024,all,70,65,62,71,48,128,65,211,79,62,31,48,123,35,216,20,37,50
gd64,cristian-garin,Cristian Garin,2024,Hard,21,18,55,71,49,22,55,42,76,61,24,53,25,32,43,19,37,48
gd64,cristian-garin,Cristian Garin,2024,Clay,35,45,63,71,48,97,67,153,79,62,34,47,93,38,157,22,38,50
gd64,cristian-garin,Cristian Garin,2024,Grass,14,2,63,78,47,9,67,16,81,66,13,41,5,0,16,0,22,44
gd64,cristian-garin,Cristian Garin,2024,Carpet,,,,,,,,,,,,,,,,,,
gd64,cristian-garin,Cristian Garin,2023,all,134,108,61,71,51,213,58,414,79,63,30,50,248,39,419,23,37,50
gd64,cristian-garin,Cristian Garin,2023,Hard,77,60,60,74,49,104,62,200,80,64,29,50,123,35,202,21,37,50
gd64,cristian-garin,Cristian Garin,2023,Clay,57,48,63,68,53,109,55,214,77,63,30,50,125,42,217,24,38,50
gd64,cristian-garin,Cristian Garin,2023,Grass,,,,,,,,,,,,,,,,,,
gd64,cristian-garin,Cristian Garin,2023,Carpet,,,,,,,,,,,,,,,,,,
mp20,alexandre-muller,Alexandre Muller,all,all,488,291,65,67,49,1020,59,1573,73,61,27,50,800,40,1564,20,36,49
mp20,alexandre-muller,Alexandre Muller,all,Hard,295,154,66,67,49,534,57,854,73,61,27,49,406,41,851,19,35,48
mp20,alexandre-muller,Alexandre Muller,all,Clay,152,112,65,66,49,394,58,605,73,60,29,53,356,39,599,23,38,49
mp20,alexandre-muller,Alexandre Muller,all,Grass,41,25,66,64,50,92,70,114,75,59,25,45,38,39,114,13,32,47
mp20,alexandre-muller,Alexandre Muller,all,Carpet,,,,,,,,,,,,,,,,,,
mp20,alexandre-muller,Alexandre Muller,2026,all,45,29,68,66,45,90,57,125,69,59,27,49,63,37,124,19,35,47
mp20,alexandre-muller,Alexandre Muller,2026,Hard,29,15,69,67,47,52,54,83,71,61,27,42,36,36,83,16,32,47
mp20,alexandre-muller,Alexandre Muller,2026,Clay,16,14,67,65,41,38,61,42,64,57,27,58,27,37,41,24,40,49
mp20,alexandre-muller,Alexandre Muller,2026,Grass,,,,,,,,,,,,,,,,,,
mp20,alexandre-muller,Alexandre Muller,2026,Carpet,,,,,,,,,,,,,,,,,,
mp20,alexandre-muller,Alexandre Muller,2025,all,201,132,67,67,49,420,61,655,75,61,26,49,299,39,644,18,35,49
mp20,alexandre-muller,Alexandre Muller,2025,Hard,120,76,66,69,49,226,60,361,75,62,25,48,160,37,361,16,34,48
mp20,alexandre-muller,Alexandre Muller,2025,Clay,62,44,68,66,50,158,60,254,75,61,29,52,132,42,244,23,38,50
mp20,alexandre-muller,Alexandre Muller,2025,Grass,19,12,64,65,44,36,67,40,70,58,18,43,7,29,39,5,27,44
mp20,alexandre-muller,Alexandre Muller,2025,Carpet,,,,,,,,,,,,,,,,,,
mp20,alexandre-muller,Alexandre Muller,2024,all,130,70,64,68,50,259,57,447,75,62,27,53,268,40,447,24,38,50
mp20,alexandre-muller,Alexandre Muller,2024,Hard,89,39,65,69,50,144,58,252,76,62,27,53,134,44,250,24,37,50
mp20,alexandre-muller,Alexandre Muller,2024,Clay,30,26,62,67,51,91,55,155,74,61,28,55,117,33,157,25,39,49
mp20,alexandre-muller,Alexandre Muller,2024,Grass,11,5,68,67,48,24,63,40,78,61,30,47,17,47,40,20,37,49
mp20,alexandre-muller,Alexandre Muller,2024,Carpet,,,,,,,,,,,,,,,,,,
mp20,alexandre-muller,Alexandre Muller,2023,all,86,41,64,64,50,187,59,263,71,59,30,48,126,41,268,19,36,48
mp20,alexandre-muller,Alexandre Muller,2023,Hard,38,15,66,65,46,81,54,113,67,59,31,47,56,39,114,19,37,48
mp20,alexandre-muller,Alexandre Muller,2023,Clay,37,18,61,66,50,74,57,116,72,60,30,50,56,45,119,21,37,49
mp20,alexandre-muller,Alexandre Muller,2023,Grass,11,8,67,59,59,32,78,34,79,59,27,44,14,36,35,14,32,47
mp20,alexandre-muller,Alexandre Muller,2023,Carpet,,,,,,,,,,,,,,,,,,
a0fc,matteo-arnaldi,Matteo Arnaldi,all,all,867,445,57,71,51,1050,63,1734,78,62,29,48,906,38,1715,20,36,49
a0fc,matteo-arnaldi,Matteo Arnaldi,all,Hard,568,274,58,72,51,580,62,1060,79,63,28,48,542,36,1054,19,36,49
a0fc,matteo-arnaldi,Matteo Arnaldi,all,Clay,247,142,56,68,50,426,66,579,75,60,32,50,331,42,564,24,38,50
a0fc,matteo-arnaldi,Matteo Arnaldi,all,Grass,52,29,57,70,54,44,57,95,80,63,22,44,33,33,97,11,31,47
a0fc,matteo-arnaldi,Matteo Arnaldi,all,Carpet,,,,,,,,,,,,,,,,,,
a0fc,matteo-arnaldi,Matteo Arnaldi,2026,all,18,21,56,62,44,51,51,53,53,54,28,45,25,24,53,11,34,44
a0fc,matteo-arnaldi,Matteo Arnaldi,2026,Hard,14,17,56,66,48,32,56,36,61,58,28,41,18,11,36,6,33,45
a0fc,matteo-arnaldi,Matteo Arnaldi,2026,Clay,4,4,56,55,35,19,42,17,35,46,27,54,7,57,17,24,36,41
a0fc,matteo-arnaldi,Matteo Arnaldi,2026,Grass,,,,,,,,,,,,,,,,,,
a0fc,matteo-arnaldi,Matteo Arnaldi,2026,Carpet,,,,,,,,,,,,,,,,,,
a0fc,matteo-arnaldi,Matteo Arnaldi,2025,all,289,141,56,72,51,328,65,576,80,63,28,46,288,34,569,17,35,49
a0fc,matteo-arnaldi,Matteo Arnaldi,2025,Hard,209,96,57,73,52,200,65,378,81,64,28,47,195,32,375,17,35,50
a0fc,matteo-arnaldi,Matteo Arnaldi,2025,Clay,69,35,56,69,49,117,65,171,76,60,31,45,86,41,167,21,36,49
a0fc,matteo-arnaldi,Matteo Arnaldi,2025,Grass,11,10,53,75,52,11,64,27,85,64,17,41,7,14,27,4,27,47
a0fc,matteo-arnaldi,Matteo Arnaldi,2025,Carpet,,,,,,,,,,,,,,,,,,
a0fc,matteo-arnaldi,Matteo Arnaldi,2024,all,366,169,57,71,49,389,60,649,76,61,31,48,375,41,642,24,38,50
a0fc,matteo-arnaldi,Matteo Arnaldi,2024,Hard,233,103,56,72,49,225,58,413,77,62,30,48,225,39,408,22,37,50
a0fc,matteo-arnaldi,Matteo Arnaldi,2024,Clay,101,51,56,69,48,139,64,188,73,60,36,50,131,44,185,31,41,51
a0fc,matteo-arnaldi,Matteo Arnaldi,2024,Grass,32,15,61,67,54,25,60,48,79,62,25,47,19,42,49,16,33,48
a0fc,matteo-arnaldi,Matteo Arnaldi,2024,Carpet,,,,,,,,,,,,,,,,,,
a0fc,matteo-arnaldi,Matteo Arnaldi,2023,all,167,99,58,69,54,249,69,396,80,63,28,52,191,41,389,20,37,50
a0fc,matteo-arnaldi,Matteo Arnaldi,2023,Hard,87,45,60,70,53,97,67,181,82,63,27,51,78,45,182,19,37,50
a0fc,matteo-arnaldi,Matteo Arnaldi,2023,Clay,71,50,56,68,54,144,72,195,79,62,28,53,106,40,186,23,38,51
a0fc,matteo-arnaldi,Matteo Arnaldi,2023,Grass,9,4,53,69,59,8,38,20,75,64,24,41,7,29,21,10,32,47
a0fc,matteo-arnaldi,Matteo Arnaldi,2023,Carpet,,,,,,,,,,,,,,,,,,
sy67,sho-shimabukuro,Sho Shimabukuro,all,all,94,40,58,72,51,69,43,171,77,63,25,42,76,25,172,11,32,47
sy67,sho-shimabukuro,Sho Shimabukuro,all,Hard,90,37,58,74,52,59,46,160,80,65,25,42,72,26,161,12,32,48
sy67,sho-shimabukuro,Sho Shimabukuro,all,Clay,,,,,,,,,,,,,,,,,,
sy67,sho-shimabukuro,Sho Shimabukuro,all,Grass,4,3,51,45,46,10,30,11,36,45,15,41,4,0,11,0,27,37
sy67,sho-shimabukuro,Sho Shimabukuro,all,Carpet,,,,,,,,,,,,,,,,,,
sy67,sho-shimabukuro,Sho Shimabukuro,2026,all,46,16,60,77,54,19,53,60,85,68,25,36,22,23,61,8,30,48
sy67,sho-shimabukuro,Sho Shimabukuro,2026,Hard,46,16,60,77,54,19,53,60,85,68,25,36,22,23,61,8,30,48
sy67,sho-shimabukuro,Sho Shimabukuro,2026,Clay,,,,,,,,,,,,,,,,,,
sy67,sho-shimabukuro,Sho Shimabukuro,2026,Grass,,,,,,,,,,,,,,,,,,
sy67,sho-shimabukuro,Sho Shimabukuro,2026,Carpet,,,,,,,,,,,,,,,,,,
sy67,sho-shimabukuro,Sho Shimabukuro,2025,all,9,4,60,67,66,7,43,19,79,67,29,48,19,11,19,11,36,49
sy67,sho-shimabukuro,Sho Shimabukuro,2025,Hard,9,4,60,67,66,7,43,19,79,67,29,48,19,11,19,11,36,49
sy67,sho-shimabukuro,Sho Shimabukuro,2025,Clay,,,,,,,,,,,,,,,,,,
sy67,sho-shimabukuro,Sho Shimabukuro,2025,Grass,,,,,,,,,,,,,,,,,,
sy67,sho-shimabukuro,Sho Shimabukuro,2025,Carpet,,,,,,,,,,,,,,,,,,
sy67,sho-shimabukuro,Sho Shimabukuro,2024,all,,,,,,,,,,,,,,,,,,
sy67,sho-shimabukuro,Sho Shimabukuro,2024,Hard,,,,,,,,,,,,,,,,,,
sy67,sho-shimabukuro,Sho Shimabukuro,2024,Clay,,,,,,,,,,,,,,,,,,
sy67,sho-shimabukuro,Sho Shimabukuro,2024,Grass,,,,,,,,,,,,,,,,,,
sy67,sho-shimabukuro,Sho Shimabukuro,2024,Carpet,,,,,,,,,,,,,,,,,,
sy67,sho-shimabukuro,Sho Shimabukuro,2023,all,33,18,55,69,49,38,37,82,71,60,23,45,33,36,82,15,33,46
sy67,sho-shimabukuro,Sho Shimabukuro,2023,Hard,29,15,56,72,50,28,39,71,76,62,24,46,29,41,71,17,34,48
sy67,sho-shimabukuro,Sho Shimabukuro,2023,Clay,,,,,,,,,,,,,,,,,,
sy67,sho-shimabukuro,Sho Shimabukuro,2023,Grass,4,3,51,45,46,10,30,11,36,45,15,41,4,0,11,0,27,37
sy67,sho-shimabukuro,Sho Shimabukuro,2023,Carpet,,,,,,,,,,,,,,,,,,
n0am,emilio-nava,Emilio Nava,all,all,375,181,63,71,46,371,63,586,76,62,27,42,225,35,587,13,32,47
n0am,emilio-nava,Emilio Nava,all,Hard,270,132,62,72,47,232,59,406,77,63,26,41,152,32,405,12,31,47
n0am,emilio-nava,Emilio Nava,all,Clay,102,47,66,68,43,134,69,170,76,60,29,44,71,41,172,17,34,48
n0am,emilio-nava,Emilio Nava,all,Grass,3,2,60,61,46,5,20,10,60,55,17,38,2,50,10,10,25,41
n0am,emilio-nava,Emilio Nava,all,Carpet,,,,,,,,,,,,,,,,,,
n0am,emilio-nava,Emilio Nava,2026,all,146,50,66,71,48,140,72,201,81,63,28,41,76,36,198,14,33,48
n0am,emilio-nava,Emilio Nava,2026,Hard,72,18,67,71,55,55,73,88,83,66,28,40,34,32,87,13,32,49
n0am,emilio-nava,Emilio Nava,2026,Clay,74,32,65,71,42,85,72,113,79,61,29,42,42,38,111,14,33,48
n0am,emilio-nava,Emilio Nava,2026,Grass,,,,,,,,,,,,,,,,,,
n0am,emilio-nava,Emilio Nava,2026,Carpet,,,,,,,,,,,,,,,,,,
n0am,emilio-nava,Emilio Nava,2025,all,103,57,61,75,47,82,65,150,81,64,28,44,78,32,152,16,35,50
n0am,emilio-nava,Emilio Nava,2025,Hard,90,48,59,77,47,60,62,120,81,65,27,43,56,30,120,14,34,50
n0am,emilio-nava,Emilio Nava,2025,Clay,13,9,68,68,46,22,73,30,80,61,31,48,22,36,32,25,39,50
n0am,emilio-nava,Emilio Nava,2025,Grass,,,,,,,,,,,,,,,,,,
n0am,emilio-nava,Emilio Nava,2025,Carpet,,,,,,,,,,,,,,,,,,
n0am,emilio-nava,Emilio Nava,2024,all,38,20,64,68,41,37,57,62,74,58,25,42,21,38,61,13,30,45
n0am,emilio-nava,Emilio Nava,2024,Hard,35,18,65,69,40,32,63,52,77,59,26,43,19,37,51,14,31,46
n0am,emilio-nava,Emilio Nava,2024,Clay,,,,,,,,,,,,,,,,,,
n0am,emilio-nava,Emilio Nava,2024,Grass,3,2,60,61,46,5,20,10,60,55,17,38,2,50,10,10,25,41
n0am,emilio-nava,Emilio Nava,2024,Carpet,,,,,,,,,,,,,,,,,,
n0am,emilio-nava,Emilio Nava,2023,all,37,17,64,68,51,40,55,69,74,62,23,41,23,39,71,13,29,46
n0am,emilio-nava,Emilio Nava,2023,Hard,22,11,65,76,55,13,46,42,83,69,19,40,16,25,42,10,27,48
n0am,emilio-nava,Emilio Nava,2023,Clay,15,6,63,56,46,27,59,27,59,52,28,44,7,71,29,17,34,44
n0am,emilio-nava,Emilio Nava,2023,Grass,,,,,,,,,,,,,,,,,,
n0am,emilio-nava,Emilio Nava,2023,Carpet,,,,,,,,,,,,,,,,,,
d0dw,titouan-droguet,Titouan Droguet,all,all,160,32,61,72,53,90,61,203,83,65,28,48,98,38,199,19,35,50
d0dw,titouan-droguet,Titouan Droguet,all,Hard,112,21,62,75,53,44,61,110,85,66,24,47,45,31,108,13,33,50
d0dw,titouan-droguet,Titouan Droguet,all,Clay,48,11,60,70,53,46,61,93,81,63,33,50,53,43,91,25,38,51
d0dw,titouan-droguet,Titouan Droguet,all,Grass,,,,,,,,,,,,,,,,,,
d0dw,titouan-droguet,Titouan Droguet,all,Carpet,,,,,,,,,,,,,,,,,,
d0dw,titouan-droguet,Titouan Droguet,2026,all,102,15,61,75,58,35,69,103,89,68,28,46,42,31,103,13,33,51
d0dw,titouan-droguet,Titouan Droguet,2026,Hard,74,8,62,80,58,14,71,52,92,72,24,45,16,19,53,6,30,51
d0dw,titouan-droguet,Titouan Droguet,2026,Clay,28,7,60,70,57,21,67,51,86,65,32,48,26,38,50,20,36,51
d0dw,titouan-droguet,Titouan Droguet,2026,Grass,,,,,,,,,,,,,,,,,,
d0dw,titouan-droguet,Titouan Droguet,2026,Carpet,,,,,,,,,,,,,,,,,,
d0dw,titouan-droguet,Titouan Droguet,2025,all,14,1,62,66,53,19,58,33,76,61,37,52,22,55,31,39,42,52
d0dw,titouan-droguet,Titouan Droguet,2025,Hard,,,,,,,,,,,,,,,,,,
d0dw,titouan-droguet,Titouan Droguet,2025,Clay,14,1,62,66,53,19,58,33,76,61,37,52,22,55,31,39,42,52
d0dw,titouan-droguet,Titouan Droguet,2025,Grass,,,,,,,,,,,,,,,,,,
d0dw,titouan-droguet,Titouan Droguet,2025,Carpet,,,,,,,,,,,,,,,,,,
d0dw,titouan-droguet,Titouan Droguet,2024,all,22,6,63,74,39,14,50,24,71,61,28,47,10,50,26,19,36,48
d0dw,titouan-droguet,Titouan Droguet,2024,Hard,16,3,66,69,45,8,50,15,73,61,27,43,5,80,16,25,35,48
d0dw,titouan-droguet,Titouan Droguet,2024,Clay,6,3,57,83,30,6,50,9,67,60,29,52,5,20,10,10,38,47
d0dw,titouan-droguet,Titouan Droguet,2024,Grass,,,,,,,,,,,,,,,,,,
d0dw,titouan-droguet,Titouan Droguet,2024,Carpet,,,,,,,,,,,,,,,,,,
d0dw,titouan-droguet,Titouan Droguet,2023,all,22,10,60,70,50,22,59,43,79,62,24,49,24,29,39,18,36,49
d0dw,titouan-droguet,Titouan Droguet,2023,Hard,22,10,60,70,50,22,59,43,79,62,24,49,24,29,39,18,36,49
d0dw,titouan-droguet,Titouan Droguet,2023,Clay,,,,,,,,,,,,,,,,,,
d0dw,titouan-droguet,Titouan Droguet,2023,Grass,,,,,,,,,,,,,,,,,,
d0dw,titouan-droguet,Titouan Droguet,2023,Carpet,,,,,,,,,,,,,,,,,,
w0bh,coleman-wong,Coleman Wong,all,all,262,50,62,73,50,200,66,319,79,64,25,45,134,36,323,15,33,49
w0bh,coleman-wong,Coleman Wong,all,Hard,250,43,62,73,50,178,67,294,80,64,25,47,123,39,296,16,33,49
w0bh,coleman-wong,Coleman Wong,all,Clay,7,2,63,65,52,16,69,18,72,60,24,29,5,0,19,0,25,44
w0bh,coleman-wong,Coleman Wong,all,Grass,5,5,38,75,30,6,33,7,43,47,21,43,6,0,8,0,32,39
w0bh,coleman-wong,Coleman Wong,all,Carpet,,,,,,,,,,,,,,,,,,
w0bh,coleman-wong,Coleman Wong,2026,all,74,16,62,70,53,73,70,100,78,63,27,44,39,41,102,16,33,49
w0bh,coleman-wong,Coleman Wong,2026,Hard,69,14,62,71,54,61,69,91,79,64,28,46,36,44,93,17,34,49
w0bh,coleman-wong,Coleman Wong,2026,Clay,5,2,57,61,48,12,75,9,67,55,23,29,3,0,9,0,25,42
w0bh,coleman-wong,Coleman Wong,2026,Grass,,,,,,,,,,,,,,,,,,
w0bh,coleman-wong,Coleman Wong,2026,Carpet,,,,,,,,,,,,,,,,,,
w0bh,coleman-wong,Coleman Wong,2025,all,135,16,64,74,53,78,67,149,83,67,24,47,53,43,148,16,33,50
w0bh,coleman-wong,Coleman Wong,2025,Hard,133,16,63,74,53,74,68,140,83,67,24,48,51,45,138,17,33,50
w0bh,coleman-wong,Coleman Wong,2025,Clay,2,0,71,68,59,4,50,9,78,66,24,29,2,0,10,0,25,45
w0bh,coleman-wong,Coleman Wong,2025,Grass,,,,,,,,,,,,,,,,,,
w0bh,coleman-wong,Coleman Wong,2025,Carpet,,,,,,,,,,,,,,,,,,
w0bh,coleman-wong,Coleman Wong,2024,all,53,18,58,73,39,49,59,70,71,59,26,44,42,21,73,12,32,46
w0bh,coleman-wong,Coleman Wong,2024,Hard,48,13,61,73,41,43,63,63,75,61,26,45,36,25,65,14,32,47
w0bh,coleman-wong,Coleman Wong,2024,Clay,,,,,,,,,,,,,,,,,,
w0bh,coleman-wong,Coleman Wong,2024,Grass,5,5,38,75,30,6,33,7,43,47,21,43,6,0,8,0,32,39
w0bh,coleman-wong,Coleman Wong,2024,Carpet,,,,,,,,,,,,,,,,,,
w0bh,coleman-wong,Coleman Wong,2023,all,0,0,0,0,0,0,0,0,0,0,0,0,0,0,0,0,0,0
w0bh,coleman-wong,Coleman Wong,2023,Hard,0,0,0,0,0,0,0,0,0,0,0,0,0,0,0,0,0,0
w0bh,coleman-wong,Coleman Wong,2023,Clay,,,,,,,,,,,,,,,,,,
w0bh,coleman-wong,Coleman Wong,2023,Grass,,,,,,,,,,,,,,,,,,
w0bh,coleman-wong,Coleman Wong,2023,Carpet,,,,,,,,,,,,,,,,,,
m0jz,filip-misolic,Filip Misolic,all,all,161,99,62,69,47,327,64,460,74,60,29,46,213,40,456,19,35,48
m0jz,filip-misolic,Filip Misolic,all,Hard,64,31,61,70,46,67,61,113,77,61,24,43,44,20,113,8,31,47
m0jz,filip-misolic,Filip Misolic,all,Clay,90,59,62,68,48,248,65,328,73,60,31,48,168,45,324,23,37,49
m0jz,filip-misolic,Filip Misolic,all,Grass,7,9,63,66,47,12,58,19,74,59,18,36,1,100,19,5,26,44
m0jz,filip-misolic,Filip Misolic,all,Carpet,,,,,,,,,,,,,,,,,,
m0jz,filip-misolic,Filip Misolic,2026,all,6,3,52,67,38,11,55,13,62,53,25,39,4,0,13,0,30,41
m0jz,filip-misolic,Filip Misolic,2026,Hard,6,3,52,67,38,11,55,13,62,53,25,39,4,0,13,0,30,41
m0jz,filip-misolic,Filip Misolic,2026,Clay,,,,,,,,,,,,,,,,,,
m0jz,filip-misolic,Filip Misolic,2026,Grass,,,,,,,,,,,,,,,,,,
m0jz,filip-misolic,Filip Misolic,2026,Carpet,,,,,,,,,,,,,,,,,,
m0jz,filip-misolic,Filip Misolic,2025,all,97,55,65,69,47,171,68,234,77,61,29,45,100,41,229,18,35,49
m0jz,filip-misolic,Filip Misolic,2025,Hard,38,20,65,69,44,37,70,55,80,60,26,43,25,16,55,7,32,47
m0jz,filip-misolic,Filip Misolic,2025,Clay,52,26,65,69,49,122,69,160,76,62,31,47,74,49,155,23,37,50
m0jz,filip-misolic,Filip Misolic,2025,Grass,7,9,63,66,47,12,58,19,74,59,18,36,1,100,19,5,26,44
m0jz,filip-misolic,Filip Misolic,2025,Carpet,,,,,,,,,,,,,,,,,,
m0jz,filip-misolic,Filip Misolic,2024,all,3,8,59,64,42,37,51,51,65,55,28,54,28,46,49,27,38,47
m0jz,filip-misolic,Filip Misolic,2024,Hard,,,,,,,,,,,,,,,,,,
m0jz,filip-misolic,Filip Misolic,2024,Clay,3,8,59,64,42,37,51,51,65,55,28,54,28,46,49,27,38,47
m0jz,filip-misolic,Filip Misolic,2024,Grass,,,,,,,,,,,,,,,,,,
m0jz,filip-misolic,Filip Misolic,2024,Carpet,,,,,,,,,,,,,,,,,,
m0jz,filip-misolic,Filip Misolic,2023,all,36,15,62,71,48,59,59,99,76,62,26,43,37,38,101,14,32,48
m0jz,filip-misolic,Filip Misolic,2023,Hard,17,4,59,75,51,15,53,36,81,65,22,48,14,36,36,14,32,49
m0jz,filip-misolic,Filip Misolic,2023,Clay,19,11,63,69,47,44,61,63,73,61,28,41,23,39,65,14,33,47
m0jz,filip-misolic,Filip Misolic,2023,Grass,,,,,,,,,,,,,,,,,,
m0jz,filip-misolic,Filip Misolic,2023,Carpet,,,,,,,,,,,,,,,,,,
m0if,francesco-maestrelli,Francesco Maestrelli,all,all,55,16,66,70,46,39,56,65,74,62,24,45,35,29,69,14,33,47
m0if,francesco-maestrelli,Francesco Maestrelli,all,Hard,54,15,65,71,48,35,63,57,77,63,24,45,30,30,60,15,33,48
m0if,francesco-maestrelli,Francesco Maestrelli,all,Clay,1,1,83,62,14,4,0,8,50,54,25,47,5,20,9,11,33,42
m0if,francesco-maestrelli,Francesco Maestrelli,all,Grass,,,,,,,,,,,,,,,,,,
m0if,francesco-maestrelli,Francesco Maestrelli,all,Carpet,,,,,,,,,,,,,,,,,,
m0if,francesco-maestrelli,Francesco Maestrelli,2026,all,46,15,65,71,46,31,58,53,75,62,23,48,31,29,56,16,33,47
m0if,francesco-maestrelli,Francesco Maestrelli,2026,Hard,45,14,63,72,48,27,67,45,80,63,23,48,26,31,47,17,33,48
m0if,francesco-maestrelli,Francesco Maestrelli,2026,Clay,1,1,83,62,14,4,0,8,50,54,25,47,5,20,9,11,33,42
m0if,francesco-maestrelli,Francesco Maestrelli,2026,Grass,,,,,,,,,,,,,,,,,,
m0if,francesco-maestrelli,Francesco Maestrelli,2026,Carpet,,,,,,,,,,,,,,,,,,
m0if,francesco-maestrelli,Francesco Maestrelli,2025,all,,,,,,,,,,,,,,,,,,
m0if,francesco-maestrelli,Francesco Maestrelli,2025,Hard,,,,,,,,,,,,,,,,,,
m0if,francesco-maestrelli,Francesco Maestrelli,2025,Clay,,,,,,,,,,,,,,,,,,
m0if,francesco-maestrelli,Francesco Maestrelli,2025,Grass,,,,,,,,,,,,,,,,,,
m0if,francesco-maestrelli,Francesco Maestrelli,2025,Carpet,,,,,,,,,,,,,,,,,,
m0if,francesco-maestrelli,Francesco Maestrelli,2024,all,,,,,,,,,,,,,,,,,,
m0if,francesco-maestrelli,Francesco Maestrelli,2024,Hard,,,,,,,,,,,,,,,,,,
m0if,francesco-maestrelli,Francesco Maestrelli,2024,Clay,,,,,,,,,,,,,,,,,,
m0if,francesco-maestrelli,Francesco Maestrelli,2024,Grass,,,,,,,,,,,,,,,,,,
m0if,francesco-maestrelli,Francesco Maestrelli,2024,Carpet,,,,,,,,,,,,,,,,,,
m0if,francesco-maestrelli,Francesco Maestrelli,2023,all,,,,,,,,,,,,,,,,,,
m0if,francesco-maestrelli,Francesco Maestrelli,2023,Hard,,,,,,,,,,,,,,,,,,
m0if,francesco-maestrelli,Francesco Maestrelli,2023,Clay,,,,,,,,,,,,,,,,,,
m0if,francesco-maestrelli,Francesco Maestrelli,2023,Grass,,,,,,,,,,,,,,,,,,
m0if,francesco-maestrelli,Francesco Maestrelli,2023,Carpet,,,,,,,,,,,,,,,,,,
mv14,alex-molcan,Alex Molcan,all,all,311,230,65,67,52,700,60,1129,75,61,30,51,669,41,1126,24,38,50
mv14,alex-molcan,Alex Molcan,all,Hard,141,108,65,67,51,275,57,448,73,61,28,49,241,36,448,19,36,49
mv14,alex-molcan,Alex Molcan,all,Clay,132,98,64,66,53,368,60,584,75,61,33,53,391,44,584,29,41,51
mv14,alex-molcan,Alex Molcan,all,Grass,38,24,69,71,49,57,74,97,85,64,28,45,37,43,94,17,33,49
mv14,alex-molcan,Alex Molcan,all,Carpet,,,,,,,,,,,,,,,,,,
mv14,alex-molcan,Alex Molcan,2026,all,21,13,61,72,57,33,64,68,82,66,35,54,49,45,69,32,42,54
mv14,alex-molcan,Alex Molcan,2026,Hard,0,0,0,0,0,0,0,0,0,0,0,0,0,0,0,0,0,0
mv14,alex-molcan,Alex Molcan,2026,Clay,21,13,61,72,57,33,64,68,82,66,35,54,49,45,69,32,42,54
mv14,alex-molcan,Alex Molcan,2026,Grass,,,,,,,,,,,,,,,,,,
mv14,alex-molcan,Alex Molcan,2026,Carpet,,,,,,,,,,,,,,,,,,
mv14,alex-molcan,Alex Molcan,2025,all,0,0,0,0,0,0,0,0,0,0,0,0,0,0,0,0,0,0
mv14,alex-molcan,Alex Molcan,2025,Hard,0,0,0,0,0,0,0,0,0,0,0,0,0,0,0,0,0,0
mv14,alex-molcan,Alex Molcan,2025,Clay,,,,,,,,,,,,,,,,,,
mv14,alex-molcan,Alex Molcan,2025,Grass,,,,,,,,,,,,,,,,,,
mv14,alex-molcan,Alex Molcan,2025,Carpet,,,,,,,,,,,,,,,,,,
mv14,alex-molcan,Alex Molcan,2024,all,2,4,64,46,39,7,29,9,44,44,35,48,5,60,10,30,40,42
mv14,alex-molcan,Alex Molcan,2024,Hard,,,,,,,,,,,,,,,,,,
mv14,alex-molcan,Alex Molcan,2024,Clay,2,4,64,46,39,7,29,9,44,44,35,48,5,60,10,30,40,42
mv14,alex-molcan,Alex Molcan,2024,Grass,,,,,,,,,,,,,,,,,,
mv14,alex-molcan,Alex Molcan,2024,Carpet,,,,,,,,,,,,,,,,,,
mv14,alex-molcan,Alex Molcan,2023,all,89,92,65,66,51,269,62,383,73,61,28,50,207,41,385,22,37,49
mv14,alex-molcan,Alex Molcan,2023,Hard,40,45,62,68,51,97,61,149,74,62,24,50,70,41,150,19,34,49
mv14,alex-molcan,Alex Molcan,2023,Clay,47,41,67,65,51,158,62,220,73,60,32,50,137,40,221,25,39,49
mv14,alex-molcan,Alex Molcan,2023,Grass,2,6,66,66,42,14,71,14,71,58,19,38,0,0,14,0,24,43
mv14,alex-molcan,Alex Molcan,2023,Carpet,,,,,,,,,,,,,,,,,,
c0df,francisco-comesana,Francisco Comesana,all,all,528,233,62,73,47,454,58,871,78,63,28,47,387,37,854,17,35,49
c0df,francisco-comesana,Francisco Comesana,all,Hard,246,104,61,74,44,194,55,367,76,63,24,50,144,42,359,17,34,49
c0df,francisco-comesana,Francisco Comesana,all,Clay,223,104,62,73,49,199,56,412,79,64,31,46,213,33,404,18,36,50
c0df,francisco-comesana,Francisco Comesana,all,Grass,59,25,64,70,52,61,72,92,82,64,26,43,30,37,91,12,33,48
c0df,francisco-comesana,Francisco Comesana,all,Carpet,,,,,,,,,,,,,,,,,,
c0df,francisco-comesana,Francisco Comesana,2026,all,106,51,64,72,47,80,49,174,76,63,26,49,70,34,168,14,34,48
c0df,francisco-comesana,Francisco Comesana,2026,Hard,58,19,65,71,50,44,55,86,77,64,20,54,31,32,84,12,33,48
c0df,francisco-comesana,Francisco Comesana,2026,Clay,48,32,62,73,44,36,42,88,76,62,31,44,39,36,84,17,36,49
c0df,francisco-comesana,Francisco Comesana,2026,Grass,,,,,,,,,,,,,,,,,,
c0df,francisco-comesana,Francisco Comesana,2026,Carpet,,,,,,,,,,,,,,,,,,
c0df,francisco-comesana,Francisco Comesana,2025,all,340,145,61,74,47,274,60,525,79,64,28,48,248,38,514,18,36,50
c0df,francisco-comesana,Francisco Comesana,2025,Hard,162,67,60,76,42,117,56,219,76,62,26,50,88,47,213,19,35,49
c0df,francisco-comesana,Francisco Comesana,2025,Clay,164,64,62,74,50,131,63,281,83,65,31,47,150,33,276,18,37,50
c0df,francisco-comesana,Francisco Comesana,2025,Grass,14,14,64,65,44,26,69,25,68,58,22,46,10,30,25,12,31,45
c0df,francisco-comesana,Francisco Comesana,2025,Carpet,,,,,,,,,,,,,,,,,,
c0df,francisco-comesana,Francisco Comesana,2024,all,82,37,62,70,50,100,59,172,76,63,28,44,69,38,172,15,34,48
c0df,francisco-comesana,Francisco Comesana,2024,Hard,26,18,59,74,46,33,55,62,76,62,24,46,25,40,62,16,35,49
c0df,francisco-comesana,Francisco Comesana,2024,Clay,11,8,63,63,46,32,47,43,60,57,32,41,24,33,44,18,35,46
c0df,francisco-comesana,Francisco Comesana,2024,Grass,45,11,64,72,55,35,74,67,87,66,28,43,20,40,66,12,33,50
c0df,francisco-comesana,Francisco Comesana,2024,Carpet,,,,,,,,,,,,,,,,,,
c0df,francisco-comesana,Francisco Comesana,2023,all,,,,,,,,,,,,,,,,,,
c0df,francisco-comesana,Francisco Comesana,2023,Hard,,,,,,,,,,,,,,,,,,
c0df,francisco-comesana,Francisco Comesana,2023,Clay,,,,,,,,,,,,,,,,,,
c0df,francisco-comesana,Francisco Comesana,2023,Grass,,,,,,,,,,,,,,,,,,
c0df,francisco-comesana,Francisco Comesana,2023,Carpet,,,,,,,,,,,,,,,,,,
d0dt,martin-damm,Martin Damm,all,all,216,55,63,78,57,60,63,179,88,70,22,43,73,27,178,11,30,50
d0dt,martin-damm,Martin Damm,all,Hard,189,37,64,78,58,42,62,149,89,71,24,43,63,27,147,12,31,50
d0dt,martin-damm,Martin Damm,all,Clay,27,18,59,76,51,18,67,30,80,65,16,41,10,30,31,10,27,46
d0dt,martin-damm,Martin Damm,all,Grass,,,,,,,,,,,,,,,,,,
d0dt,martin-damm,Martin Damm,all,Carpet,,,,,,,,,,,,,,,,,,
d0dt,martin-damm,Martin Damm,2026,all,123,38,63,77,56,38,61,110,86,70,21,44,44,32,111,13,30,49
d0dt,martin-damm,Martin Damm,2026,Hard,96,20,65,78,59,20,55,80,89,71,23,46,34,32,80,14,32,51
d0dt,martin-damm,Martin Damm,2026,Clay,27,18,59,76,51,18,67,30,80,65,16,41,10,30,31,10,27,46
d0dt,martin-damm,Martin Damm,2026,Grass,,,,,,,,,,,,,,,,,,
d0dt,martin-damm,Martin Damm,2026,Carpet,,,,,,,,,,,,,,,,,,
d0dt,martin-damm,Martin Damm,2025,all,51,11,63,80,59,12,75,38,92,72,20,33,9,33,37,8,25,50
d0dt,martin-damm,Martin Damm,2025,Hard,51,11,63,80,59,12,75,38,92,72,20,33,9,33,37,8,25,50
d0dt,martin-damm,Martin Damm,2025,Clay,,,,,,,,,,,,,,,,,,
d0dt,martin-damm,Martin Damm,2025,Grass,,,,,,,,,,,,,,,,,,
d0dt,martin-damm,Martin Damm,2025,Carpet,,,,,,,,,,,,,,,,,,
d0dt,martin-damm,Martin Damm,2024,all,42,6,65,77,54,10,60,31,87,69,27,46,20,15,30,10,33,50
d0dt,martin-damm,Martin Damm,2024,Hard,42,6,65,77,54,10,60,31,87,69,27,46,20,15,30,10,33,50
d0dt,martin-damm,Martin Damm,2024,Clay,,,,,,,,,,,,,,,,,,
d0dt,martin-damm,Martin Damm,2024,Grass,,,,,,,,,,,,,,,,,,
d0dt,martin-damm,Martin Damm,2024,Carpet,,,,,,,,,,,,,,,,,,
d0dt,martin-damm,Martin Damm,2023,all,,,,,,,,,,,,,,,,,,
d0dt,martin-damm,Martin Damm,2023,Hard,,,,,,,,,,,,,,,,,,
d0dt,martin-damm,Martin Damm,2023,Clay,,,,,,,,,,,,,,,,,,
d0dt,martin-damm,Martin Damm,2023,Grass,,,,,,,,,,,,,,,,,,
d0dt,martin-damm,Martin Damm,2023,Carpet,,,,,,,,,,,,,,,,,,
s0gd,dalibor-svrcina,Dalibor Svrcina,all,all,20,63,66,62,48,162,59,192,66,57,31,54,139,41,198,29,40,48
s0gd,dalibor-svrcina,Dalibor Svrcina,all,Hard,20,61,66,62,48,157,61,184,67,57,31,54,135,41,190,29,40,49
s0gd,dalibor-svrcina,Dalibor Svrcina,all,Clay,0,2,62,50,41,5,0,8,38,47,26,38,4,25,8,13,28,37
s0gd,dalibor-svrcina,Dalibor Svrcina,all,Grass,,,,,,,,,,,,,,,,,,
s0gd,dalibor-svrcina,Dalibor Svrcina,all,Carpet,,,,,,,,,,,,,,,,,,
s0gd,dalibor-svrcina,Dalibor Svrcina,2026,all,14,23,60,66,52,46,67,58,74,61,26,54,38,34,61,21,37,49
s0gd,dalibor-svrcina,Dalibor Svrcina,2026,Hard,14,23,60,66,52,46,67,58,74,61,26,54,38,34,61,21,37,49
s0gd,dalibor-svrcina,Dalibor Svrcina,2026,Clay,,,,,,,,,,,,,,,,,,
s0gd,dalibor-svrcina,Dalibor Svrcina,2026,Grass,,,,,,,,,,,,,,,,,,
s0gd,dalibor-svrcina,Dalibor Svrcina,2026,Carpet,,,,,,,,,,,,,,,,,,
s0gd,dalibor-svrcina,Dalibor Svrcina,2025,all,3,15,64,60,49,50,52,66,64,56,29,55,44,43,67,28,38,47
s0gd,dalibor-svrcina,Dalibor Svrcina,2025,Hard,3,13,64,61,50,45,58,58,67,57,30,56,40,45,59,31,40,48
s0gd,dalibor-svrcina,Dalibor Svrcina,2025,Clay,0,2,62,50,41,5,0,8,38,47,26,38,4,25,8,13,28,37
s0gd,dalibor-svrcina,Dalibor Svrcina,2025,Grass,,,,,,,,,,,,,,,,,,
s0gd,dalibor-svrcina,Dalibor Svrcina,2025,Carpet,,,,,,,,,,,,,,,,,,
s0gd,dalibor-svrcina,Dalibor Svrcina,2024,all,0,7,76,56,38,22,68,15,53,51,37,57,14,43,15,40,47,49
s0gd,dalibor-svrcina,Dalibor Svrcina,2024,Hard,0,7,76,56,38,22,68,15,53,51,37,57,14,43,15,40,47,49
s0gd,dalibor-svrcina,Dalibor Svrcina,2024,Clay,,,,,,,,,,,,,,,,,,
s0gd,dalibor-svrcina,Dalibor Svrcina,2024,Grass,,,,,,,,,,,,,,,,,,
s0gd,dalibor-svrcina,Dalibor Svrcina,2024,Carpet,,,,,,,,,,,,,,,,,,
s0gd,dalibor-svrcina,Dalibor Svrcina,2023,all,3,18,71,61,43,44,55,53,62,56,36,51,43,44,55,35,42,49
s0gd,dalibor-svrcina,Dalibor Svrcina,2023,Hard,3,18,71,61,43,44,55,53,62,56,36,51,43,44,55,35,42,49
s0gd,dalibor-svrcina,Dalibor Svrcina,2023,Clay,,,,,,,,,,,,,,,,,,
s0gd,dalibor-svrcina,Dalibor Svrcina,2023,Grass,,,,,,,,,,,,,,,,,,
s0gd,dalibor-svrcina,Dalibor Svrcina,2023,Carpet,,,,,,,,,,,,,,,,,,
bg23,nikoloz-basilashvili,Nikoloz Basilashvili,all,all,1382,1425,59,68,49,2497,58,3995,74,60,28,50,2204,38,4009,21,36,49
bg23,nikoloz-basilashvili,Nikoloz Basilashvili,all,Hard,963,861,58,69,49,1450,58,2353,74,61,28,50,1272,39,2360,21,37,49
bg23,nikoloz-basilashvili,Nikoloz Basilashvili,all,Clay,257,403,59,66,49,752,56,1140,71,59,30,50,722,38,1155,23,38,49
bg23,nikoloz-basilashvili,Nikoloz Basilashvili,all,Grass,162,161,60,70,52,295,62,502,77,62,24,48,210,36,494,15,33,48
bg23,nikoloz-basilashvili,Nikoloz Basilashvili,all,Carpet,0,0,0,0,0,0,0,0,0,0,0,0,0,0,0,0,0,0
bg23,nikoloz-basilashvili,Nikoloz Basilashvili,2026,all,26,19,47,79,42,21,57,40,78,59,19,34,15,13,41,5,24,43
bg23,nikoloz-basilashvili,Nikoloz Basilashvili,2026,Hard,12,9,46,78,46,10,60,19,79,61,21,27,6,0,20,0,23,42
bg23,nikoloz-basilashvili,Nikoloz Basilashvili,2026,Clay,14,10,48,80,39,11,55,21,76,58,17,38,9,22,21,10,25,43
bg23,nikoloz-basilashvili,Nikoloz Basilashvili,2026,Grass,,,,,,,,,,,,,,,,,,
bg23,nikoloz-basilashvili,Nikoloz Basilashvili,2026,Carpet,,,,,,,,,,,,,,,,,,
bg23,nikoloz-basilashvili,Nikoloz Basilashvili,2025,all,121,69,54,76,49,103,62,212,82,64,28,48,112,36,212,19,36,50
bg23,nikoloz-basilashvili,Nikoloz Basilashvili,2025,Hard,74,29,56,74,51,52,58,111,80,64,28,51,57,33,110,17,36,50
bg23,nikoloz-basilashvili,Nikoloz Basilashvili,2025,Clay,27,27,52,78,46,34,71,62,84,63,28,48,40,35,64,22,36,50
bg23,nikoloz-basilashvili,Nikoloz Basilashvili,2025,Grass,20,13,53,78,50,17,59,39,82,65,30,38,15,47,38,18,33,49
bg23,nikoloz-basilashvili,Nikoloz Basilashvili,2025,Carpet,,,,,,,,,,,,,,,,,,
bg23,nikoloz-basilashvili,Nikoloz Basilashvili,2024,all,,,,,,,,,,,,,,,,,,
bg23,nikoloz-basilashvili,Nikoloz Basilashvili,2024,Hard,,,,,,,,,,,,,,,,,,
bg23,nikoloz-basilashvili,Nikoloz Basilashvili,2024,Clay,,,,,,,,,,,,,,,,,,
bg23,nikoloz-basilashvili,Nikoloz Basilashvili,2024,Grass,,,,,,,,,,,,,,,,,,
bg23,nikoloz-basilashvili,Nikoloz Basilashvili,2024,Carpet,,,,,,,,,,,,,,,,,,
bg23,nikoloz-basilashvili,Nikoloz Basilashvili,2023,all,34,35,59,66,49,52,54,80,70,59,27,45,33,45,82,18,34,47
bg23,nikoloz-basilashvili,Nikoloz Basilashvili,2023,Hard,34,35,59,66,49,52,54,80,70,59,27,45,33,45,82,18,34,47
bg23,nikoloz-basilashvili,Nikoloz Basilashvili,2023,Clay,,,,,,,,,,,,,,,,,,
bg23,nikoloz-basilashvili,Nikoloz Basilashvili,2023,Grass,,,,,,,,,,,,,,,,,,
bg23,nikoloz-basilashvili,Nikoloz Basilashvili,2023,Carpet,,,,,,,,,,,,,,,,,,
g09o,hugo-gaston,Hugo Gaston,all,all,340,299,56,65,49,1199,61,1510,69,58,31,48,868,40,1528,23,37,48
g09o,hugo-gaston,Hugo Gaston,all,Hard,182,144,58,65,47,593,62,712,68,58,28,50,377,39,723,20,36,47
g09o,hugo-gaston,Hugo Gaston,all,Clay,133,130,55,65,51,537,61,693,70,58,33,47,438,40,699,25,39,49
g09o,hugo-gaston,Hugo Gaston,all,Grass,25,25,55,66,52,69,61,105,74,59,31,46,53,43,106,22,36,48
g09o,hugo-gaston,Hugo Gaston,all,Carpet,,,,,,,,,,,,,,,,,,
g09o,hugo-gaston,Hugo Gaston,2026,all,7,10,51,60,45,26,54,28,57,52,26,54,16,25,28,14,34,44
g09o,hugo-gaston,Hugo Gaston,2026,Hard,4,6,55,64,42,15,53,17,59,54,13,48,3,0,17,0,25,41
g09o,hugo-gaston,Hugo Gaston,2026,Clay,3,4,45,51,48,11,55,11,55,49,37,61,13,31,11,36,43,46
g09o,hugo-gaston,Hugo Gaston,2026,Grass,,,,,,,,,,,,,,,,,,
g09o,hugo-gaston,Hugo Gaston,2026,Carpet,,,,,,,,,,,,,,,,,,
g09o,hugo-gaston,Hugo Gaston,2025,all,63,66,57,66,47,240,60,294,68,58,28,50,162,43,301,23,37,48
g09o,hugo-gaston,Hugo Gaston,2025,Hard,40,28,58,69,46,99,60,136,71,59,28,53,77,45,140,25,38,49
g09o,hugo-gaston,Hugo Gaston,2025,Clay,17,37,56,65,48,129,62,142,65,57,30,47,83,40,144,23,37,47
g09o,hugo-gaston,Hugo Gaston,2025,Grass,6,1,56,60,53,12,50,16,63,57,11,49,2,50,17,6,25,42
g09o,hugo-gaston,Hugo Gaston,2025,Carpet,,,,,,,,,,,,,,,,,,
g09o,hugo-gaston,Hugo Gaston,2024,all,83,59,57,65,51,240,57,353,71,59,31,47,195,38,355,21,37,48
g09o,hugo-gaston,Hugo Gaston,2024,Hard,44,30,59,65,49,109,56,158,70,58,28,43,72,36,160,16,34,46
g09o,hugo-gaston,Hugo Gaston,2024,Clay,37,27,55,66,54,121,59,178,72,60,33,49,111,40,178,25,39,50
g09o,hugo-gaston,Hugo Gaston,2024,Grass,2,2,57,63,45,10,40,17,65,55,38,45,12,42,17,29,40,47
g09o,hugo-gaston,Hugo Gaston,2024,Carpet,,,,,,,,,,,,,,,,,,
g09o,hugo-gaston,Hugo Gaston,2023,all,46,33,54,65,50,122,57,160,68,58,29,44,80,40,162,20,35,47
g09o,hugo-gaston,Hugo Gaston,2023,Hard,20,12,56,65,53,62,65,73,70,59,27,48,40,38,73,21,35,48
g09o,hugo-gaston,Hugo Gaston,2023,Clay,26,21,52,65,48,60,50,87,66,57,31,41,40,43,89,19,35,46
g09o,hugo-gaston,Hugo Gaston,2023,Grass,,,,,,,,,,,,,,,,,,
g09o,hugo-gaston,Hugo Gaston,2023,Carpet,,,,,,,,,,,,,,,,,,
f0f2,jaime-faria,Jaime Faria,all,all,140,86,59,73,48,138,54,278,77,63,26,48,158,29,279,16,34,48
f0f2,jaime-faria,Jaime Faria,all,Hard,42,21,58,69,50,41,44,87,74,61,26,51,46,39,88,20,35,48
f0f2,jaime-faria,Jaime Faria,all,Clay,94,59,60,75,49,88,59,178,80,64,26,48,110,25,177,16,34,49
f0f2,jaime-faria,Jaime Faria,all,Grass,4,6,68,71,30,9,56,13,69,58,20,29,2,0,14,0,22,41
f0f2,jaime-faria,Jaime Faria,all,Carpet,,,,,,,,,,,,,,,,,,
f0f2,jaime-faria,Jaime Faria,2026,all,29,14,59,72,56,27,48,81,83,65,26,50,50,26,78,17,34,49
f0f2,jaime-faria,Jaime Faria,2026,Hard,15,7,59,70,56,14,50,40,83,65,24,45,20,30,38,16,32,48
f0f2,jaime-faria,Jaime Faria,2026,Clay,14,7,60,73,55,13,46,41,83,66,27,55,30,23,40,18,36,50
f0f2,jaime-faria,Jaime Faria,2026,Grass,,,,,,,,,,,,,,,,,,
f0f2,jaime-faria,Jaime Faria,2026,Carpet,,,,,,,,,,,,,,,,,,
f0f2,jaime-faria,Jaime Faria,2025,all,98,66,59,74,45,92,54,174,76,62,26,48,99,31,179,17,34,48
f0f2,jaime-faria,Jaime Faria,2025,Hard,27,14,57,68,46,27,41,47,66,58,27,55,26,46,50,24,38,47
f0f2,jaime-faria,Jaime Faria,2025,Clay,67,46,59,77,46,56,61,114,81,64,26,46,71,27,115,17,34,49
f0f2,jaime-faria,Jaime Faria,2025,Grass,4,6,68,71,30,9,56,13,69,58,20,29,2,0,14,0,22,41
f0f2,jaime-faria,Jaime Faria,2025,Carpet,,,,,,,,,,,,,,,,,,
f0f2,jaime-faria,Jaime Faria,2024,all,13,6,61,67,51,19,63,23,70,61,23,47,9,22,22,9,32,46
f0f2,jaime-faria,Jaime Faria,2024,Hard,0,0,0,0,0,0,0,0,0,0,0,0,0,0,0,0,0,0
f0f2,jaime-faria,Jaime Faria,2024,Clay,13,6,61,67,51,19,63,23,70,61,23,47,9,22,22,9,32,46
f0f2,jaime-faria,Jaime Faria,2024,Grass,,,,,,,,,,,,,,,,,,
f0f2,jaime-faria,Jaime Faria,2024,Carpet,,,,,,,,,,,,,,,,,,
f0f2,jaime-faria,Jaime Faria,2023,all,,,,,,,,,,,,,,,,,,
f0f2,jaime-faria,Jaime Faria,2023,Hard,,,,,,,,,,,,,,,,,,
f0f2,jaime-faria,Jaime Faria,2023,Clay,,,,,,,,,,,,,,,,,,
f0f2,jaime-faria,Jaime Faria,2023,Grass,,,,,,,,,,,,,,,,,,
f0f2,jaime-faria,Jaime Faria,2023,Carpet,,,,,,,,,,,,,,,,,,
r0go,henrique-rocha,Henrique Rocha,all,all,43,36,59,63,52,71,49,114,68,58,30,51,66,35,115,20,38,48
r0go,henrique-rocha,Henrique Rocha,all,Hard,0,0,0,0,0,0,0,0,0,0,0,0,0,0,0,0,0,0
r0go,henrique-rocha,Henrique Rocha,all,Clay,43,36,59,63,52,71,49,114,68,58,30,51,66,35,115,20,38,48
r0go,henrique-rocha,Henrique Rocha,all,Grass,,,,,,,,,,,,,,,,,,
r0go,henrique-rocha,Henrique Rocha,all,Carpet,,,,,,,,,,,,,,,,,,
r0go,henrique-rocha,Henrique Rocha,2026,all,3,3,76,63,40,6,50,10,70,57,22,63,2,50,10,10,37,47
r0go,henrique-rocha,Henrique Rocha,2026,Hard,0,0,0,0,0,0,0,0,0,0,0,0,0,0,0,0,0,0
r0go,henrique-rocha,Henrique Rocha,2026,Clay,3,3,76,63,40,6,50,10,70,57,22,63,2,50,10,10,37,47
r0go,henrique-rocha,Henrique Rocha,2026,Grass,,,,,,,,,,,,,,,,,,
r0go,henrique-rocha,Henrique Rocha,2026,Carpet,,,,,,,,,,,,,,,,,,
r0go,henrique-rocha,Henrique Rocha,2025,all,29,19,60,67,52,34,53,58,72,61,23,50,28,32,60,15,35,48
r0go,henrique-rocha,Henrique Rocha,2025,Hard,,,,,,,,,,,,,,,,,,
r0go,henrique-rocha,Henrique Rocha,2025,Clay,29,19,60,67,52,34,53,58,72,61,23,50,28,32,60,15,35,48
r0go,henrique-rocha,Henrique Rocha,2025,Grass,,,,,,,,,,,,,,,,,,
r0go,henrique-rocha,Henrique Rocha,2025,Carpet,,,,,,,,,,,,,,,,,,
r0go,henrique-rocha,Henrique Rocha,2024,all,11,12,54,59,51,24,46,37,65,56,37,50,30,40,36,33,42,49
r0go,henrique-rocha,Henrique Rocha,2024,Hard,0,0,0,0,0,0,0,0,0,0,0,0,0,0,0,0,0,0
r0go,henrique-rocha,Henrique Rocha,2024,Clay,11,12,54,59,51,24,46,37,65,56,37,50,30,40,36,33,42,49
r0go,henrique-rocha,Henrique Rocha,2024,Grass,,,,,,,,,,,,,,,,,,
r0go,henrique-rocha,Henrique Rocha,2024,Carpet,,,,,,,,,,,,,,,,,,
r0go,henrique-rocha,Henrique Rocha,2023,all,0,2,61,48,62,7,43,9,56,54,39,47,6,17,9,11,41,46
r0go,henrique-rocha,Henrique Rocha,2023,Hard,,,,,,,,,,,,,,,,,,
r0go,henrique-rocha,Henrique Rocha,2023,Clay,0,2,61,48,62,7,43,9,56,54,39,47,6,17,9,11,41,46
r0go,henrique-rocha,Henrique Rocha,2023,Grass,,,,,,,,,,,,,,,,,,
r0go,henrique-rocha,Henrique Rocha,2023,Carpet,,,,,,,,,,,,,,,,,,
g0fw,vilius-gaubas,Vilius Gaubas,all,all,15,16,73,62,50,75,56,123,73,58,30,52,70,40,118,24,38,49
g0fw,vilius-gaubas,Vilius Gaubas,all,Hard,0,0,0,0,0,0,0,0,0,0,0,0,0,0,0,0,0,0
g0fw,vilius-gaubas,Vilius Gaubas,all,Clay,15,16,73,62,50,75,56,123,73,58,30,52,70,40,118,24,38,49
g0fw,vilius-gaubas,Vilius Gaubas,all,Grass,,,,,,,,,,,,,,,,,,
g0fw,vilius-gaubas,Vilius Gaubas,all,Carpet,,,,,,,,,,,,,,,,,,
g0fw,vilius-gaubas,Vilius Gaubas,2026,all,15,14,72,64,49,44,55,90,78,60,30,50,53,34,86,21,37,48
g0fw,vilius-gaubas,Vilius Gaubas,2026,Hard,0,0,0,0,0,0,0,0,0,0,0,0,0,0,0,0,0,0
g0fw,vilius-gaubas,Vilius Gaubas,2026,Clay,15,14,72,64,49,44,55,90,78,60,30,50,53,34,86,21,37,48
g0fw,vilius-gaubas,Vilius Gaubas,2026,Grass,,,,,,,,,,,,,,,,,,
g0fw,vilius-gaubas,Vilius Gaubas,2026,Carpet,,,,,,,,,,,,,,,,,,
g0fw,vilius-gaubas,Vilius Gaubas,2025,all,0,2,74,55,53,31,58,33,61,55,32,56,17,59,32,31,42,49
g0fw,vilius-gaubas,Vilius Gaubas,2025,Hard,0,0,0,0,0,0,0,0,0,0,0,0,0,0,0,0,0,0
g0fw,vilius-gaubas,Vilius Gaubas,2025,Clay,0,2,74,55,53,31,58,33,61,55,32,56,17,59,32,31,42,49
g0fw,vilius-gaubas,Vilius Gaubas,2025,Grass,,,,,,,,,,,,,,,,,,
g0fw,vilius-gaubas,Vilius Gaubas,2025,Carpet,,,,,,,,,,,,,,,,,,
g0fw,vilius-gaubas,Vilius Gaubas,2024,all,0,0,0,0,0,0,0,0,0,0,0,0,0,0,0,0,0,0
g0fw,vilius-gaubas,Vilius Gaubas,2024,Hard,0,0,0,0,0,0,0,0,0,0,0,0,0,0,0,0,0,0
g0fw,vilius-gaubas,Vilius Gaubas,2024,Clay,,,,,,,,,,,,,,,,,,
g0fw,vilius-gaubas,Vilius Gaubas,2024,Grass,,,,,,,,,,,,,,,,,,
g0fw,vilius-gaubas,Vilius Gaubas,2024,Carpet,,,,,,,,,,,,,,,,,,
g0fw,vilius-gaubas,Vilius Gaubas,2023,all,0,0,0,0,0,0,0,0,0,0,0,0,0,0,0,0,0,0
g0fw,vilius-gaubas,Vilius Gaubas,2023,Hard,0,0,0,0,0,0,0,0,0,0,0,0,0,0,0,0,0,0
g0fw,vilius-gaubas,Vilius Gaubas,2023,Clay,0,0,0,0,0,0,0,0,0,0,0,0,0,0,0,0,0,0
g0fw,vilius-gaubas,Vilius Gaubas,2023,Grass,,,,,,,,,,,,,,,,,,
g0fw,vilius-gaubas,Vilius Gaubas,2023,Carpet,,,,,,,,,,,,,,,,,,
ch12,jan-choinski,Jan Choinski,all,all,57,26,68,66,48,137,67,185,76,61,25,46,84,35,187,16,33,48
ch12,jan-choinski,Jan Choinski,all,Hard,23,12,64,68,46,43,63,64,75,60,22,45,30,23,66,11,31,46
ch12,jan-choinski,Jan Choinski,all,Clay,9,5,70,68,45,40,75,46,78,61,29,48,21,38,47,17,36,49
ch12,jan-choinski,Jan Choinski,all,Grass,25,9,70,64,53,54,65,75,75,61,25,46,33,42,74,19,33,48
ch12,jan-choinski,Jan Choinski,all,Carpet,,,,,,,,,,,,,,,,,,
ch12,jan-choinski,Jan Choinski,2026,all,8,5,63,65,49,23,57,34,71,59,22,47,10,30,35,9,31,45
ch12,jan-choinski,Jan Choinski,2026,Hard,7,5,64,63,49,19,63,25,72,58,20,45,6,33,25,8,29,45
ch12,jan-choinski,Jan Choinski,2026,Clay,1,0,58,71,50,4,25,9,67,63,26,52,4,25,10,10,34,46
ch12,jan-choinski,Jan Choinski,2026,Grass,,,,,,,,,,,,,,,,,,
ch12,jan-choinski,Jan Choinski,2026,Carpet,,,,,,,,,,,,,,,,,,
ch12,jan-choinski,Jan Choinski,2025,all,7,2,67,75,35,6,50,15,80,62,26,44,7,29,15,13,31,47
ch12,jan-choinski,Jan Choinski,2025,Hard,7,2,67,75,35,6,50,15,80,62,26,44,7,29,15,13,31,47
ch12,jan-choinski,Jan Choinski,2025,Clay,,,,,,,,,,,,,,,,,,
ch12,jan-choinski,Jan Choinski,2025,Grass,,,,,,,,,,,,,,,,,,
ch12,jan-choinski,Jan Choinski,2025,Carpet,,,,,,,,,,,,,,,,,,
ch12,jan-choinski,Jan Choinski,2024,all,19,11,67,68,48,60,73,75,79,62,25,49,43,33,77,18,35,49
ch12,jan-choinski,Jan Choinski,2024,Hard,9,5,62,70,48,18,67,24,75,61,21,46,17,18,26,12,33,47
ch12,jan-choinski,Jan Choinski,2024,Clay,4,2,68,69,49,20,80,26,85,63,30,51,12,50,26,23,37,51
ch12,jan-choinski,Jan Choinski,2024,Grass,6,4,72,67,46,22,73,25,76,61,22,53,14,36,25,20,33,48
ch12,jan-choinski,Jan Choinski,2024,Carpet,,,,,,,,,,,,,,,,,,
ch12,jan-choinski,Jan Choinski,2023,all,21,7,72,64,51,45,69,56,75,60,27,41,22,45,56,18,33,48
ch12,jan-choinski,Jan Choinski,2023,Hard,,,,,,,,,,,,,,,,,,
ch12,jan-choinski,Jan Choinski,2023,Clay,4,3,78,66,29,16,81,11,73,58,30,39,5,20,11,9,34,48
ch12,jan-choinski,Jan Choinski,2023,Grass,17,4,70,63,57,29,62,45,76,61,27,42,17,53,45,20,32,48
ch12,jan-choinski,Jan Choinski,2023,Carpet,,,,,,,,,,,,,,,,,,
f0by,jacob-fearnley,Jacob Fearnley,all,all,242,265,62,70,47,312,57,533,75,61,29,49,274,41,540,21,36,49
f0by,jacob-fearnley,Jacob Fearnley,all,Hard,135,153,62,69,47,180,58,284,73,60,28,47,129,40,286,18,35,48
f0by,jacob-fearnley,Jacob Fearnley,all,Clay,56,53,59,71,45,70,54,123,74,61,35,49,95,42,128,31,41,50
f0by,jacob-fearnley,Jacob Fearnley,all,Grass,51,59,64,72,51,62,60,126,80,65,24,51,50,40,126,16,33,49
f0by,jacob-fearnley,Jacob Fearnley,all,Carpet,,,,,,,,,,,,,,,,,,
f0by,jacob-fearnley,Jacob Fearnley,2026,all,25,31,65,70,40,33,52,56,71,59,31,42,33,36,60,20,35,47
f0by,jacob-fearnley,Jacob Fearnley,2026,Hard,25,31,65,70,40,33,52,56,71,59,31,42,33,36,60,20,35,47
f0by,jacob-fearnley,Jacob Fearnley,2026,Clay,,,,,,,,,,,,,,,,,,
f0by,jacob-fearnley,Jacob Fearnley,2026,Grass,,,,,,,,,,,,,,,,,,
f0by,jacob-fearnley,Jacob Fearnley,2026,Carpet,,,,,,,,,,,,,,,,,,
f0by,jacob-fearnley,Jacob Fearnley,2025,all,189,210,61,69,47,251,58,407,74,61,29,50,210,43,410,22,37,49
f0by,jacob-fearnley,Jacob Fearnley,2025,Hard,105,111,61,69,49,130,58,207,74,61,27,48,82,41,206,17,34,48
f0by,jacob-fearnley,Jacob Fearnley,2025,Clay,56,53,59,71,45,70,54,123,74,61,35,49,95,42,128,31,41,50
f0by,jacob-fearnley,Jacob Fearnley,2025,Grass,28,46,65,69,45,51,61,77,74,61,25,54,33,48,76,21,35,48
f0by,jacob-fearnley,Jacob Fearnley,2025,Carpet,,,,,,,,,,,,,,,,,,
f0by,jacob-fearnley,Jacob Fearnley,2024,all,28,24,60,74,53,28,61,70,84,66,25,48,31,32,70,14,32,49
f0by,jacob-fearnley,Jacob Fearnley,2024,Hard,5,11,56,67,44,17,65,21,71,57,31,53,14,43,20,30,39,48
f0by,jacob-fearnley,Jacob Fearnley,2024,Clay,,,,,,,,,,,,,,,,,,
f0by,jacob-fearnley,Jacob Fearnley,2024,Grass,23,13,62,77,58,11,55,49,90,70,22,46,17,24,50,8,30,49
f0by,jacob-fearnley,Jacob Fearnley,2024,Carpet,,,,,,,,,,,,,,,,,,
f0by,jacob-fearnley,Jacob Fearnley,2023,all,,,,,,,,,,,,,,,,,,
f0by,jacob-fearnley,Jacob Fearnley,2023,Hard,,,,,,,,,,,,,,,,,,
f0by,jacob-fearnley,Jacob Fearnley,2023,Clay,,,,,,,,,,,,,,,,,,
f0by,jacob-fearnley,Jacob Fearnley,2023,Grass,,,,,,,,,,,,,,,,,,
f0by,jacob-fearnley,Jacob Fearnley,2023,Carpet,,,,,,,,,,,,,,,,,,
b0u4,nicolai-budkov-kjaer,Nicolai Budkov Kjaer,all,all,64,27,65,69,47,74,49,135,72,61,26,47,48,54,136,19,33,48
b0u4,nicolai-budkov-kjaer,Nicolai Budkov Kjaer,all,Hard,50,15,65,70,47,44,48,82,72,62,22,40,26,46,87,14,28,45
b0u4,nicolai-budkov-kjaer,Nicolai Budkov Kjaer,all,Clay,14,12,66,68,48,30,50,53,72,61,33,57,22,64,49,29,42,52
b0u4,nicolai-budkov-kjaer,Nicolai Budkov Kjaer,all,Grass,,,,,,,,,,,,,,,,,,
b0u4,nicolai-budkov-kjaer,Nicolai Budkov Kjaer,all,Carpet,,,,,,,,,,,,,,,,,,
b0u4,nicolai-budkov-kjaer,Nicolai Budkov Kjaer,2026,all,12,6,66,67,48,18,28,43,70,61,19,48,15,47,42,17,30,46
b0u4,nicolai-budkov-kjaer,Nicolai Budkov Kjaer,2026,Hard,7,4,71,63,47,10,30,22,68,59,10,33,4,0,23,0,17,39
b0u4,nicolai-budkov-kjaer,Nicolai Budkov Kjaer,2026,Clay,5,2,61,71,49,8,25,21,71,63,33,58,11,64,19,37,45,54
b0u4,nicolai-budkov-kjaer,Nicolai Budkov Kjaer,2026,Grass,,,,,,,,,,,,,,,,,,
b0u4,nicolai-budkov-kjaer,Nicolai Budkov Kjaer,2026,Carpet,,,,,,,,,,,,,,,,,,
b0u4,nicolai-budkov-kjaer,Nicolai Budkov Kjaer,2025,all,15,13,62,68,48,33,58,51,73,60,25,52,11,64,50,14,34,48
b0u4,nicolai-budkov-kjaer,Nicolai Budkov Kjaer,2025,Hard,6,3,51,73,49,11,55,19,74,61,10,43,0,0,20,0,21,43
b0u4,nicolai-budkov-kjaer,Nicolai Budkov Kjaer,2025,Clay,9,10,68,66,47,22,59,32,72,60,33,57,11,64,30,23,41,51
b0u4,nicolai-budkov-kjaer,Nicolai Budkov Kjaer,2025,Grass,,,,,,,,,,,,,,,,,,
b0u4,nicolai-budkov-kjaer,Nicolai Budkov Kjaer,2025,Carpet,,,,,,,,,,,,,,,,,,
b0u4,nicolai-budkov-kjaer,Nicolai Budkov Kjaer,2024,all,0,0,0,0,0,0,0,0,0,0,0,0,0,0,0,0,0,0
b0u4,nicolai-budkov-kjaer,Nicolai Budkov Kjaer,2024,Hard,0,0,0,0,0,0,0,0,0,0,0,0,0,0,0,0,0,0
b0u4,nicolai-budkov-kjaer,Nicolai Budkov Kjaer,2024,Clay,,,,,,,,,,,,,,,,,,
b0u4,nicolai-budkov-kjaer,Nicolai Budkov Kjaer,2024,Grass,,,,,,,,,,,,,,,,,,
b0u4,nicolai-budkov-kjaer,Nicolai Budkov Kjaer,2024,Carpet,,,,,,,,,,,,,,,,,,
b0u4,nicolai-budkov-kjaer,Nicolai Budkov Kjaer,2023,all,0,0,0,0,0,0,0,0,0,0,0,0,0,0,0,0,0,0
b0u4,nicolai-budkov-kjaer,Nicolai Budkov Kjaer,2023,Hard,,,,,,,,,,,,,,,,,,
b0u4,nicolai-budkov-kjaer,Nicolai Budkov Kjaer,2023,Clay,0,0,0,0,0,0,0,0,0,0,0,0,0,0,0,0,0,0
b0u4,nicolai-budkov-kjaer,Nicolai Budkov Kjaer,2023,Grass,,,,,,,,,,,,,,,,,,
b0u4,nicolai-budkov-kjaer,Nicolai Budkov Kjaer,2023,Carpet,,,,,,,,,,,,,,,,,,
w367,stan-wawrinka,Stan Wawrinka,all,all,6866,2385,58,74,54,5994,64,12458,83,65,29,49,6917,39,12266,22,37,51
w367,stan-wawrinka,Stan Wawrinka,all,Hard,4378,1381,57,75,53,3403,64,7287,83,66,29,48,3867,38,7172,21,36,51
w367,stan-wawrinka,Stan Wawrinka,all,Clay,1676,749,59,71,54,2084,63,3973,81,64,32,51,2488,40,3900,26,39,51
w367,stan-wawrinka,Stan Wawrinka,all,Grass,709,223,58,77,54,435,66,1037,86,67,27,46,485,34,1032,16,34,50
w367,stan-wawrinka,Stan Wawrinka,all,Carpet,103,32,56,75,56,72,67,161,85,67,27,47,77,32,162,15,34,50
w367,stan-wawrinka,Stan Wawrinka,2026,all,125,41,55,75,55,112,64,230,83,66,25,45,101,27,229,12,33,50
w367,stan-wawrinka,Stan Wawrinka,2026,Hard,117,35,55,76,56,89,66,202,85,67,24,45,84,25,201,10,32,50
w367,stan-wawrinka,Stan Wawrinka,2026,Clay,8,6,55,67,47,23,57,28,64,58,33,47,17,35,28,21,38,48
w367,stan-wawrinka,Stan Wawrinka,2026,Grass,,,,,,,,,,,,,,,,,,
w367,stan-wawrinka,Stan Wawrinka,2026,Carpet,,,,,,,,,,,,,,,,,,
w367,stan-wawrinka,Stan Wawrinka,2025,all,120,35,56,69,50,134,53,229,72,61,27,48,119,34,227,18,34,48
w367,stan-wawrinka,Stan Wawrinka,2025,Hard,86,21,56,74,52,63,57,130,79,64,22,44,47,32,129,12,30,48
w367,stan-wawrinka,Stan Wawrinka,2025,Clay,34,14,57,63,48,71,49,99,64,57,32,53,72,36,98,27,39,48
w367,stan-wawrinka,Stan Wawrinka,2025,Grass,,,,,,,,,,,,,,,,,,
w367,stan-wawrinka,Stan Wawrinka,2025,Carpet,,,,,,,,,,,,,,,,,,
w367,stan-wawrinka,Stan Wawrinka,2024,all,187,59,56,76,51,148,59,342,82,65,25,43,152,35,344,15,32,49
w367,stan-wawrinka,Stan Wawrinka,2024,Hard,125,28,56,78,49,69,57,172,83,65,22,44,59,32,177,11,30,48
w367,stan-wawrinka,Stan Wawrinka,2024,Clay,46,30,55,75,50,63,57,137,80,63,29,45,79,37,135,21,35,49
w367,stan-wawrinka,Stan Wawrinka,2024,Grass,16,1,57,75,60,16,81,33,91,68,27,33,14,36,32,16,30,49
w367,stan-wawrinka,Stan Wawrinka,2024,Carpet,,,,,,,,,,,,,,,,,,
w367,stan-wawrinka,Stan Wawrinka,2023,all,362,88,56,76,54,278,64,602,83,66,27,47,302,39,591,20,35,51
w367,stan-wawrinka,Stan Wawrinka,2023,Hard,247,56,55,77,53,162,64,342,83,66,29,46,183,37,337,20,36,51
w367,stan-wawrinka,Stan Wawrinka,2023,Clay,98,28,58,74,56,93,63,210,84,66,26,49,97,42,205,20,34,51
w367,stan-wawrinka,Stan Wawrinka,2023,Grass,17,4,55,80,53,23,70,50,86,67,24,48,22,41,49,18,34,51
w367,stan-wawrinka,Stan Wawrinka,2023,Carpet,,,,,,,,,,,,,,,,,,
s0n0,tristan-schoolkate,Tristan Schoolkate,all,all,240,110,59,76,47,177,59,334,78,64,25,46,133,33,335,13,33,48
s0n0,tristan-schoolkate,Tristan Schoolkate,all,Hard,226,105,59,76,48,153,58,310,79,64,25,46,126,34,311,14,33,49
s0n0,tristan-schoolkate,Tristan Schoolkate,all,Clay,5,4,60,66,33,20,70,13,54,52,26,38,4,25,13,8,30,43
s0n0,tristan-schoolkate,Tristan Schoolkate,all,Grass,9,1,55,89,48,4,75,11,91,71,16,20,3,0,11,0,17,45
s0n0,tristan-schoolkate,Tristan Schoolkate,all,Carpet,,,,,,,,,,,,,,,,,,
s0n0,tristan-schoolkate,Tristan Schoolkate,2026,all,36,13,61,73,46,25,52,50,76,63,21,39,18,22,50,8,28,46
s0n0,tristan-schoolkate,Tristan Schoolkate,2026,Hard,36,13,61,73,46,25,52,50,76,63,21,39,18,22,50,8,28,46
s0n0,tristan-schoolkate,Tristan Schoolkate,2026,Clay,,,,,,,,,,,,,,,,,,
s0n0,tristan-schoolkate,Tristan Schoolkate,2026,Grass,,,,,,,,,,,,,,,,,,
s0n0,tristan-schoolkate,Tristan Schoolkate,2026,Carpet,,,,,,,,,,,,,,,,,,
s0n0,tristan-schoolkate,Tristan Schoolkate,2025,all,147,68,59,76,48,110,65,197,80,65,25,46,73,33,198,12,33,49
s0n0,tristan-schoolkate,Tristan Schoolkate,2025,Hard,142,64,59,77,50,90,63,184,82,66,25,46,69,33,185,12,33,49
s0n0,tristan-schoolkate,Tristan Schoolkate,2025,Clay,5,4,60,66,33,20,70,13,54,52,26,38,4,25,13,8,30,43
s0n0,tristan-schoolkate,Tristan Schoolkate,2025,Grass,,,,,,,,,,,,,,,,,,
s0n0,tristan-schoolkate,Tristan Schoolkate,2025,Carpet,,,,,,,,,,,,,,,,,,
s0n0,tristan-schoolkate,Tristan Schoolkate,2024,all,55,21,58,77,45,36,53,76,78,64,26,49,37,38,76,18,35,49
s0n0,tristan-schoolkate,Tristan Schoolkate,2024,Hard,46,20,58,76,45,32,50,65,75,63,28,52,34,41,65,22,38,50
s0n0,tristan-schoolkate,Tristan Schoolkate,2024,Clay,,,,,,,,,,,,,,,,,,
s0n0,tristan-schoolkate,Tristan Schoolkate,2024,Grass,9,1,55,89,48,4,75,11,91,71,16,20,3,0,11,0,17,45
s0n0,tristan-schoolkate,Tristan Schoolkate,2024,Carpet,,,,,,,,,,,,,,,,,,
s0n0,tristan-schoolkate,Tristan Schoolkate,2023,all,,,,,,,,,,,,,,,,,,
s0n0,tristan-schoolkate,Tristan Schoolkate,2023,Hard,,,,,,,,,,,,,,,,,,
s0n0,tristan-schoolkate,Tristan Schoolkate,2023,Clay,,,,,,,,,,,,,,,,,,
s0n0,tristan-schoolkate,Tristan Schoolkate,2023,Grass,,,,,,,,,,,,,,,,,,
s0n0,tristan-schoolkate,Tristan Schoolkate,2023,Carpet,,,,,,,,,,,,,,,,,,
v0am,otto-virtanen,Otto Virtanen,all,all,190,97,57,72,48,173,60,309,78,62,29,47,150,37,311,18,35,49
v0am,otto-virtanen,Otto Virtanen,all,Hard,106,56,57,74,49,76,62,156,81,63,27,43,58,38,157,14,33,48
v0am,otto-virtanen,Otto Virtanen,all,Clay,47,30,57,67,45,76,57,102,68,57,31,51,51,43,103,21,38,48
v0am,otto-virtanen,Otto Virtanen,all,Grass,37,11,59,75,56,21,67,51,86,67,30,52,41,29,51,24,37,51
v0am,otto-virtanen,Otto Virtanen,all,Carpet,,,,,,,,,,,,,,,,,,
v0am,otto-virtanen,Otto Virtanen,2026,all,17,8,58,65,43,26,54,36,67,55,33,47,19,37,37,19,38,46
v0am,otto-virtanen,Otto Virtanen,2026,Hard,10,0,56,75,41,2,0,9,78,60,20,33,0,0,10,0,25,41
v0am,otto-virtanen,Otto Virtanen,2026,Clay,7,8,58,62,43,24,58,27,63,54,36,51,19,37,27,26,42,48
v0am,otto-virtanen,Otto Virtanen,2026,Grass,,,,,,,,,,,,,,,,,,
v0am,otto-virtanen,Otto Virtanen,2026,Carpet,,,,,,,,,,,,,,,,,,
v0am,otto-virtanen,Otto Virtanen,2025,all,67,36,58,71,49,66,62,113,78,62,28,50,61,33,113,18,36,49
v0am,otto-virtanen,Otto Virtanen,2025,Hard,41,21,60,71,48,35,66,58,79,62,25,48,23,35,57,14,33,48
v0am,otto-virtanen,Otto Virtanen,2025,Clay,19,12,56,69,52,27,63,43,77,61,28,52,20,40,44,18,36,49
v0am,otto-virtanen,Otto Virtanen,2025,Grass,7,3,58,78,44,4,25,12,75,64,41,54,18,22,12,33,45,53
v0am,otto-virtanen,Otto Virtanen,2025,Carpet,,,,,,,,,,,,,,,,,,
v0am,otto-virtanen,Otto Virtanen,2024,all,86,35,58,74,52,52,62,120,83,65,27,48,57,42,119,20,35,50
v0am,otto-virtanen,Otto Virtanen,2024,Hard,39,20,56,78,54,19,63,58,88,67,27,44,22,41,56,16,34,50
v0am,otto-virtanen,Otto Virtanen,2024,Clay,17,7,59,67,37,16,44,23,61,55,34,54,12,58,24,29,42,48
v0am,otto-virtanen,Otto Virtanen,2024,Grass,30,8,60,74,60,17,76,39,90,68,24,51,23,35,39,21,33,51
v0am,otto-virtanen,Otto Virtanen,2024,Carpet,,,,,,,,,,,,,,,,,,
v0am,otto-virtanen,Otto Virtanen,2023,all,20,18,54,73,41,29,59,40,70,58,28,37,13,38,42,12,31,45
v0am,otto-virtanen,Otto Virtanen,2023,Hard,16,15,55,73,43,20,60,31,74,60,31,37,13,38,34,15,33,46
v0am,otto-virtanen,Otto Virtanen,2023,Clay,4,3,50,72,34,9,56,9,56,53,13,37,0,0,8,0,23,41
v0am,otto-virtanen,Otto Virtanen,2023,Grass,,,,,,,,,,,,,,,,,,
v0am,otto-virtanen,Otto Virtanen,2023,Carpet,,,,,,,,,,,,,,,,,,
r0fs,leandro-riedi,Leandro Riedi,all,all,79,61,58,68,52,96,57,165,75,61,25,49,93,30,169,17,35,48
r0fs,leandro-riedi,Leandro Riedi,all,Hard,55,39,57,66,50,68,56,99,70,59,26,53,69,32,103,21,37,48
r0fs,leandro-riedi,Leandro Riedi,all,Clay,21,17,58,72,57,21,62,51,84,65,26,45,24,25,51,12,34,49
r0fs,leandro-riedi,Leandro Riedi,all,Grass,3,5,65,66,48,7,57,15,80,60,9,39,0,0,15,0,21,42
r0fs,leandro-riedi,Leandro Riedi,all,Carpet,,,,,,,,,,,,,,,,,,
r0fs,leandro-riedi,Leandro Riedi,2026,all,,,,,,,,,,,,,,,,,,
r0fs,leandro-riedi,Leandro Riedi,2026,Hard,0,0,0,0,0,0,0,0,0,0,0,0,0,0,0,0,0,0
r0fs,leandro-riedi,Leandro Riedi,2026,Clay,,,,,,,,,,,,,,,,,,
r0fs,leandro-riedi,Leandro Riedi,2026,Grass,,,,,,,,,,,,,,,,,,
r0fs,leandro-riedi,Leandro Riedi,2026,Carpet,,,,,,,,,,,,,,,,,,
r0fs,leandro-riedi,Leandro Riedi,2025,all,44,29,57,69,49,47,57,76,74,61,27,54,51,33,79,22,38,48
r0fs,leandro-riedi,Leandro Riedi,2025,Hard,41,24,54,70,49,40,57,61,72,61,30,56,51,33,64,27,41,50
r0fs,leandro-riedi,Leandro Riedi,2025,Clay,,,,,,,,,,,,,,,,,,
r0fs,leandro-riedi,Leandro Riedi,2025,Grass,3,5,65,66,48,7,57,15,80,60,9,39,0,0,15,0,21,42
r0fs,leandro-riedi,Leandro Riedi,2025,Carpet,,,,,,,,,,,,,,,,,,
r0fs,leandro-riedi,Leandro Riedi,2024,all,14,6,59,80,67,5,80,24,96,75,23,46,12,17,24,8,34,52
r0fs,leandro-riedi,Leandro Riedi,2024,Hard,0,0,0,0,0,0,0,0,0,0,0,0,0,0,0,0,0,0
r0fs,leandro-riedi,Leandro Riedi,2024,Clay,14,6,59,80,67,5,80,24,96,75,23,46,12,17,24,8,34,52
r0fs,leandro-riedi,Leandro Riedi,2024,Grass,,,,,,,,,,,,,,,,,,
r0fs,leandro-riedi,Leandro Riedi,2024,Carpet,,,,,,,,,,,,,,,,,,
r0fs,leandro-riedi,Leandro Riedi,2023,all,14,15,60,60,50,28,54,38,66,56,18,46,18,28,39,13,31,44
r0fs,leandro-riedi,Leandro Riedi,2023,Hard,14,15,60,60,50,28,54,38,66,56,18,46,18,28,39,13,31,44
r0fs,leandro-riedi,Leandro Riedi,2023,Clay,,,,,,,,,,,,,,,,,,
r0fs,leandro-riedi,Leandro Riedi,2023,Grass,,,,,,,,,,,,,,,,,,
r0fs,leandro-riedi,Leandro Riedi,2023,Carpet,,,,,,,,,,,,,,,,,,
mk66,mackenzie-mcdonald,Mackenzie Mcdonald,all,all,1289,633,64,69,51,1821,59,3210,77,62,28,51,1683,41,3237,21,37,49
mk66,mackenzie-mcdonald,Mackenzie Mcdonald,all,Hard,971,453,64,69,51,1259,58,2277,77,62,28,51,1223,41,2286,22,37,50
mk66,mackenzie-mcdonald,Mackenzie Mcdonald,all,Clay,128,82,65,64,47,323,58,440,69,58,32,48,255,42,457,23,38,48
mk66,mackenzie-mcdonald,Mackenzie Mcdonald,all,Grass,190,98,66,71,53,239,65,493,83,65,24,49,205,37,494,15,34,49
mk66,mackenzie-mcdonald,Mackenzie Mcdonald,all,Carpet,,,,,,,,,,,,,,,,,,
mk66,mackenzie-mcdonald,Mackenzie Mcdonald,2026,all,14,8,62,59,53,38,55,55,69,57,25,47,25,36,54,17,33,46
mk66,mackenzie-mcdonald,Mackenzie Mcdonald,2026,Hard,13,7,61,61,51,26,54,39,69,57,20,46,16,38,38,16,31,46
mk66,mackenzie-mcdonald,Mackenzie Mcdonald,2026,Clay,1,1,66,55,61,12,58,16,69,57,33,48,9,33,16,19,37,47
mk66,mackenzie-mcdonald,Mackenzie Mcdonald,2026,Grass,,,,,,,,,,,,,,,,,,
mk66,mackenzie-mcdonald,Mackenzie Mcdonald,2026,Carpet,,,,,,,,,,,,,,,,,,
mk66,mackenzie-mcdonald,Mackenzie Mcdonald,2025,all,155,64,66,69,51,168,54,341,77,63,24,48,139,42,343,17,33,48
mk66,mackenzie-mcdonald,Mackenzie Mcdonald,2025,Hard,121,48,65,69,50,119,53,236,76,62,25,50,102,42,237,18,34,48
mk66,mackenzie-mcdonald,Mackenzie Mcdonald,2025,Clay,15,6,65,68,55,15,47,37,78,63,21,38,10,40,39,10,27,46
mk66,mackenzie-mcdonald,Mackenzie Mcdonald,2025,Grass,19,10,69,69,50,34,62,68,81,63,24,49,27,44,67,18,34,49
mk66,mackenzie-mcdonald,Mackenzie Mcdonald,2025,Carpet,,,,,,,,,,,,,,,,,,
mk66,mackenzie-mcdonald,Mackenzie Mcdonald,2024,all,65,55,65,66,47,132,48,226,69,59,30,50,130,42,233,24,38,48
mk66,mackenzie-mcdonald,Mackenzie Mcdonald,2024,Hard,33,28,65,62,47,67,49,97,65,57,29,50,55,42,101,23,37,47
mk66,mackenzie-mcdonald,Mackenzie Mcdonald,2024,Clay,1,10,67,61,38,27,37,39,56,53,34,45,24,42,40,25,39,46
mk66,mackenzie-mcdonald,Mackenzie Mcdonald,2024,Grass,31,17,66,72,52,38,53,90,80,65,28,53,51,43,92,24,38,51
mk66,mackenzie-mcdonald,Mackenzie Mcdonald,2024,Carpet,,,,,,,,,,,,,,,,,,
mk66,mackenzie-mcdonald,Mackenzie Mcdonald,2023,all,262,127,64,69,51,335,59,620,78,63,29,53,344,43,622,24,38,50
mk66,mackenzie-mcdonald,Mackenzie Mcdonald,2023,Hard,210,92,63,71,52,238,61,470,80,64,30,54,277,43,471,25,39,51
mk66,mackenzie-mcdonald,Mackenzie Mcdonald,2023,Clay,16,14,69,66,39,46,50,66,65,58,34,49,35,49,68,25,39,48
mk66,mackenzie-mcdonald,Mackenzie Mcdonald,2023,Grass,36,21,64,66,53,51,61,84,76,61,21,56,32,41,83,16,35,49
mk66,mackenzie-mcdonald,Mackenzie Mcdonald,2023,Carpet,,,,,,,,,,,,,,,,,,
m0hu,shintaro-mochizuki,Shintaro Mochizuki,all,all,112,131,54,67,46,294,55,399,67,57,27,49,217,34,413,18,36,47
m0hu,shintaro-mochizuki,Shintaro Mochizuki,all,Hard,85,104,53,67,45,226,55,297,66,57,28,50,166,33,306,18,36,46
m0hu,shintaro-mochizuki,Shintaro Mochizuki,all,Clay,4,11,53,65,47,19,68,21,71,57,26,47,9,33,22,14,33,45
m0hu,shintaro-mochizuki,Shintaro Mochizuki,all,Grass,23,16,58,68,50,49,51,81,70,60,26,48,42,38,85,19,35,47
m0hu,shintaro-mochizuki,Shintaro Mochizuki,all,Carpet,,,,,,,,,,,,,,,,,,
m0hu,shintaro-mochizuki,Shintaro Mochizuki,2026,all,14,22,51,66,46,45,64,49,67,56,25,49,21,33,52,13,34,46
m0hu,shintaro-mochizuki,Shintaro Mochizuki,2026,Hard,14,22,51,66,46,45,64,49,67,56,25,49,21,33,52,13,34,46
m0hu,shintaro-mochizuki,Shintaro Mochizuki,2026,Clay,,,,,,,,,,,,,,,,,,
m0hu,shintaro-mochizuki,Shintaro Mochizuki,2026,Grass,,,,,,,,,,,,,,,,,,
m0hu,shintaro-mochizuki,Shintaro Mochizuki,2026,Carpet,,,,,,,,,,,,,,,,,,
m0hu,shintaro-mochizuki,Shintaro Mochizuki,2025,all,46,40,52,71,47,84,55,128,70,60,31,52,89,38,131,26,39,49
m0hu,shintaro-mochizuki,Shintaro Mochizuki,2025,Hard,35,32,49,70,44,54,50,80,66,57,31,56,61,36,81,27,40,48
m0hu,shintaro-mochizuki,Shintaro Mochizuki,2025,Clay,,,,,,,,,,,,,,,,,,
m0hu,shintaro-mochizuki,Shintaro Mochizuki,2025,Grass,11,8,56,73,53,30,63,48,77,64,30,47,28,43,50,24,37,50
m0hu,shintaro-mochizuki,Shintaro Mochizuki,2025,Carpet,,,,,,,,,,,,,,,,,,
m0hu,shintaro-mochizuki,Shintaro Mochizuki,2024,all,21,29,51,68,46,66,59,85,68,57,25,48,45,24,90,12,34,45
m0hu,shintaro-mochizuki,Shintaro Mochizuki,2024,Hard,14,15,51,71,43,40,55,54,67,58,27,44,29,21,57,11,33,45
m0hu,shintaro-mochizuki,Shintaro Mochizuki,2024,Clay,4,11,53,65,47,19,68,21,71,57,26,47,9,33,22,14,33,45
m0hu,shintaro-mochizuki,Shintaro Mochizuki,2024,Grass,3,3,45,59,58,7,57,10,70,58,13,68,7,29,11,18,38,47
m0hu,shintaro-mochizuki,Shintaro Mochizuki,2024,Carpet,,,,,,,,,,,,,,,,,,
m0hu,shintaro-mochizuki,Shintaro Mochizuki,2023,all,27,20,60,66,48,51,49,89,71,59,26,45,36,33,90,13,33,46
m0hu,shintaro-mochizuki,Shintaro Mochizuki,2023,Hard,18,15,58,68,52,39,59,66,76,61,26,47,29,34,66,15,34,48
m0hu,shintaro-mochizuki,Shintaro Mochizuki,2023,Clay,,,,,,,,,,,,,,,,,,
m0hu,shintaro-mochizuki,Shintaro Mochizuki,2023,Grass,9,5,69,62,33,12,17,23,57,53,23,40,7,29,24,8,31,41
m0hu,shintaro-mochizuki,Shintaro Mochizuki,2023,Carpet,,,,,,,,,,,,,,,,,,
te16,carlos-taberner,Carlos Taberner,all,all,112,173,63,67,47,371,58,541,72,60,29,50,296,44,548,24,37,49
te16,carlos-taberner,Carlos Taberner,all,Hard,42,49,56,67,48,95,56,138,70,58,23,55,60,42,139,18,35,47
te16,carlos-taberner,Carlos Taberner,all,Clay,67,112,66,67,47,265,58,387,72,60,32,49,233,45,393,26,38,49
te16,carlos-taberner,Carlos Taberner,all,Grass,3,12,58,76,52,11,82,16,88,66,14,39,3,0,16,0,23,47
te16,carlos-taberner,Carlos Taberner,all,Carpet,,,,,,,,,,,,,,,,,,
te16,carlos-taberner,Carlos Taberner,2026,all,1,11,59,56,39,12,42,13,46,49,19,42,1,100,12,8,26,39
te16,carlos-taberner,Carlos Taberner,2026,Hard,1,11,59,56,39,12,42,13,46,49,19,42,1,100,12,8,26,39
te16,carlos-taberner,Carlos Taberner,2026,Clay,,,,,,,,,,,,,,,,,,
te16,carlos-taberner,Carlos Taberner,2026,Grass,,,,,,,,,,,,,,,,,,
te16,carlos-taberner,Carlos Taberner,2026,Carpet,,,,,,,,,,,,,,,,,,
te16,carlos-taberner,Carlos Taberner,2025,all,17,25,66,70,49,53,58,92,76,63,35,51,65,42,92,29,41,51
te16,carlos-taberner,Carlos Taberner,2025,Hard,,,,,,,,,,,,,,,,,,
te16,carlos-taberner,Carlos Taberner,2025,Clay,17,25,66,70,49,53,58,92,76,63,35,51,65,42,92,29,41,51
te16,carlos-taberner,Carlos Taberner,2025,Grass,,,,,,,,,,,,,,,,,,
te16,carlos-taberner,Carlos Taberner,2025,Carpet,,,,,,,,,,,,,,,,,,
te16,carlos-taberner,Carlos Taberner,2024,all,1,4,69,57,30,17,59,12,42,48,40,47,9,56,13,38,42,45
te16,carlos-taberner,Carlos Taberner,2024,Hard,,,,,,,,,,,,,,,,,,
te16,carlos-taberner,Carlos Taberner,2024,Clay,1,4,69,57,30,17,59,12,42,48,40,47,9,56,13,38,42,45
te16,carlos-taberner,Carlos Taberner,2024,Grass,,,,,,,,,,,,,,,,,,
te16,carlos-taberner,Carlos Taberner,2024,Carpet,,,,,,,,,,,,,,,,,,
te16,carlos-taberner,Carlos Taberner,2023,all,0,1,68,62,17,2,0,3,33,47,10,22,0,0,4,0,16,32
te16,carlos-taberner,Carlos Taberner,2023,Hard,,,,,,,,,,,,,,,,,,
te16,carlos-taberner,Carlos Taberner,2023,Clay,0,1,68,62,17,2,0,3,33,47,10,22,0,0,4,0,16,32
te16,carlos-taberner,Carlos Taberner,2023,Grass,,,,,,,,,,,,,,,,,,
te16,carlos-taberner,Carlos Taberner,2023,Carpet,,,,,,,,,,,,,,,,,,
l987,dusan-lajovic,Dusan Lajovic,all,all,1619,774,67,67,51,3239,59,5574,76,62,28,49,2990,39,5605,21,36,49
l987,dusan-lajovic,Dusan Lajovic,all,Hard,785,342,68,67,51,1421,58,2467,76,62,27,49,1199,40,2479,19,35,49
l987,dusan-lajovic,Dusan Lajovic,all,Clay,709,381,66,68,51,1622,61,2730,77,62,31,50,1648,39,2739,23,38,50
l987,dusan-lajovic,Dusan Lajovic,all,Grass,125,51,66,67,55,196,59,377,79,63,23,42,143,30,387,11,30,47
l987,dusan-lajovic,Dusan Lajovic,all,Carpet,,,,,,,,,,,,,,,,,,
l987,dusan-lajovic,Dusan Lajovic,2026,all,12,5,71,66,53,30,47,60,73,62,26,50,28,25,61,11,33,47
l987,dusan-lajovic,Dusan Lajovic,2026,Hard,,,,,,,,,,,,,,,,,,
l987,dusan-lajovic,Dusan Lajovic,2026,Clay,12,5,71,66,53,30,47,60,73,62,26,50,28,25,61,11,33,47
l987,dusan-lajovic,Dusan Lajovic,2026,Grass,,,,,,,,,,,,,,,,,,
l987,dusan-lajovic,Dusan Lajovic,2026,Carpet,,,,,,,,,,,,,,,,,,
l987,dusan-lajovic,Dusan Lajovic,2025,all,64,22,66,63,49,133,56,182,68,58,29,50,113,32,187,19,37,47
l987,dusan-lajovic,Dusan Lajovic,2025,Hard,27,7,68,66,54,37,68,59,80,62,30,51,44,30,61,21,39,50
l987,dusan-lajovic,Dusan Lajovic,2025,Clay,34,13,66,61,45,89,54,110,63,56,29,50,61,36,112,20,37,47
l987,dusan-lajovic,Dusan Lajovic,2025,Grass,3,2,53,58,57,7,29,13,62,57,32,37,8,13,14,7,33,44
l987,dusan-lajovic,Dusan Lajovic,2025,Carpet,,,,,,,,,,,,,,,,,,
l987,dusan-lajovic,Dusan Lajovic,2024,all,83,35,70,68,50,239,62,427,79,63,29,50,244,40,432,23,37,50
l987,dusan-lajovic,Dusan Lajovic,2024,Hard,34,9,70,70,50,67,63,132,81,64,25,49,67,34,135,17,34,49
l987,dusan-lajovic,Dusan Lajovic,2024,Clay,46,26,70,67,51,168,63,280,78,62,32,51,173,43,281,26,39,50
l987,dusan-lajovic,Dusan Lajovic,2024,Grass,3,0,71,66,42,4,0,15,73,59,8,42,4,25,16,6,23,40
l987,dusan-lajovic,Dusan Lajovic,2024,Carpet,,,,,,,,,,,,,,,,,,
l987,dusan-lajovic,Dusan Lajovic,2023,all,124,63,68,68,47,302,59,511,76,61,30,50,271,42,511,22,38,49
l987,dusan-lajovic,Dusan Lajovic,2023,Hard,57,21,71,70,48,98,58,195,79,63,25,47,79,43,196,17,34,49
l987,dusan-lajovic,Dusan Lajovic,2023,Clay,60,37,66,67,47,191,60,296,74,60,32,53,181,41,295,25,40,50
l987,dusan-lajovic,Dusan Lajovic,2023,Grass,7,5,65,63,49,13,38,20,60,58,35,40,11,45,20,25,37,47
l987,dusan-lajovic,Dusan Lajovic,2023,Carpet,,,,,,,,,,,,,,,,,,
da31,hugo-dellien,Hugo Dellien,all,all,177,161,72,63,47,782,57,1066,69,58,29,48,583,37,1069,20,36,47
da31,hugo-dellien,Hugo Dellien,all,Hard,31,39,69,59,42,175,56,177,56,54,25,42,76,37,181,15,32,44
da31,hugo-dellien,Hugo Dellien,all,Clay,131,107,73,63,49,572,58,827,71,59,31,50,490,37,825,22,38,49
da31,hugo-dellien,Hugo Dellien,all,Grass,15,15,67,65,48,35,49,62,71,59,17,42,17,24,63,6,27,44
da31,hugo-dellien,Hugo Dellien,all,Carpet,,,,,,,,,,,,,,,,,,
da31,hugo-dellien,Hugo Dellien,2026,all,4,2,76,65,61,11,73,18,83,64,30,39,10,30,17,18,33,49
da31,hugo-dellien,Hugo Dellien,2026,Hard,,,,,,,,,,,,,,,,,,
da31,hugo-dellien,Hugo Dellien,2026,Clay,4,2,76,65,61,11,73,18,83,64,30,39,10,30,17,18,33,49
da31,hugo-dellien,Hugo Dellien,2026,Grass,,,,,,,,,,,,,,,,,,
da31,hugo-dellien,Hugo Dellien,2026,Carpet,,,,,,,,,,,,,,,,,,
da31,hugo-dellien,Hugo Dellien,2025,all,28,22,70,63,49,102,57,149,70,59,27,43,77,30,151,15,33,46
da31,hugo-dellien,Hugo Dellien,2025,Hard,9,13,61,65,43,34,59,39,64,56,27,38,21,24,40,13,32,45
da31,hugo-dellien,Hugo Dellien,2025,Clay,13,7,74,62,52,60,57,91,71,59,29,47,54,31,92,18,36,48
da31,hugo-dellien,Hugo Dellien,2025,Grass,6,2,68,65,53,8,50,19,79,61,16,34,2,50,19,5,23,43
da31,hugo-dellien,Hugo Dellien,2025,Carpet,,,,,,,,,,,,,,,,,,
da31,hugo-dellien,Hugo Dellien,2024,all,8,3,69,63,49,29,48,43,65,59,31,47,23,39,47,19,37,47
da31,hugo-dellien,Hugo Dellien,2024,Hard,,,,,,,,,,,,,,,,,,
da31,hugo-dellien,Hugo Dellien,2024,Clay,8,3,69,63,49,29,48,43,65,59,31,47,23,39,47,19,37,47
da31,hugo-dellien,Hugo Dellien,2024,Grass,,,,,,,,,,,,,,,,,,
da31,hugo-dellien,Hugo Dellien,2024,Carpet,,,,,,,,,,,,,,,,,,
da31,hugo-dellien,Hugo Dellien,2023,all,30,34,68,65,45,134,57,194,70,59,25,47,71,46,193,17,33,47
da31,hugo-dellien,Hugo Dellien,2023,Hard,3,9,66,60,40,25,52,26,54,53,19,39,4,50,27,7,26,41
da31,hugo-dellien,Hugo Dellien,2023,Clay,24,19,69,65,47,98,56,152,72,59,27,49,60,50,150,20,35,48
da31,hugo-dellien,Hugo Dellien,2023,Grass,3,6,64,75,44,11,73,16,81,64,14,46,7,14,16,6,25,45
da31,hugo-dellien,Hugo Dellien,2023,Carpet,,,,,,,,,,,,,,,,,,
bs86,tomas-barrios-vera,Tomas Barrios Vera,all,all,98,56,64,64,48,280,61,349,69,58,26,47,150,35,350,15,34,47
bs86,tomas-barrios-vera,Tomas Barrios Vera,all,Hard,23,9,66,66,46,52,65,61,70,59,18,45,20,30,59,10,29,46
bs86,tomas-barrios-vera,Tomas Barrios Vera,all,Clay,58,42,63,63,46,188,59,226,65,57,28,47,109,38,229,18,35,46
bs86,tomas-barrios-vera,Tomas Barrios Vera,all,Grass,17,5,69,67,59,40,70,62,81,64,25,50,21,29,62,10,33,49
bs86,tomas-barrios-vera,Tomas Barrios Vera,all,Carpet,,,,,,,,,,,,,,,,,,
bs86,tomas-barrios-vera,Tomas Barrios Vera,2026,all,13,7,68,62,50,35,54,52,69,58,24,42,24,25,52,12,31,45
bs86,tomas-barrios-vera,Tomas Barrios Vera,2026,Hard,4,1,76,73,57,5,40,11,73,69,17,40,2,50,11,9,26,48
bs86,tomas-barrios-vera,Tomas Barrios Vera,2026,Clay,9,6,67,60,48,30,57,41,68,56,26,43,22,23,41,12,32,44
bs86,tomas-barrios-vera,Tomas Barrios Vera,2026,Grass,,,,,,,,,,,,,,,,,,
bs86,tomas-barrios-vera,Tomas Barrios Vera,2026,Carpet,,,,,,,,,,,,,,,,,,
bs86,tomas-barrios-vera,Tomas Barrios Vera,2025,all,18,9,64,61,43,82,61,78,59,54,24,49,38,34,77,17,35,46
bs86,tomas-barrios-vera,Tomas Barrios Vera,2025,Hard,11,4,60,66,49,25,72,27,74,59,21,52,17,29,26,19,37,49
bs86,tomas-barrios-vera,Tomas Barrios Vera,2025,Clay,7,5,66,58,39,57,56,51,51,51,26,47,21,38,51,16,34,44
bs86,tomas-barrios-vera,Tomas Barrios Vera,2025,Grass,,,,,,,,,,,,,,,,,,
bs86,tomas-barrios-vera,Tomas Barrios Vera,2025,Carpet,,,,,,,,,,,,,,,,,,
bs86,tomas-barrios-vera,Tomas Barrios Vera,2024,all,19,15,66,68,45,37,57,52,69,60,22,48,17,47,52,15,33,47
bs86,tomas-barrios-vera,Tomas Barrios Vera,2024,Hard,0,0,0,0,0,0,0,0,0,0,0,0,0,0,0,0,0,0
bs86,tomas-barrios-vera,Tomas Barrios Vera,2024,Clay,19,15,66,68,45,37,57,52,69,60,22,48,17,47,52,15,33,47
bs86,tomas-barrios-vera,Tomas Barrios Vera,2024,Grass,,,,,,,,,,,,,,,,,,
bs86,tomas-barrios-vera,Tomas Barrios Vera,2024,Carpet,,,,,,,,,,,,,,,,,,
bs86,tomas-barrios-vera,Tomas Barrios Vera,2023,all,21,16,62,63,53,75,65,95,73,59,30,50,46,35,95,17,36,48
bs86,tomas-barrios-vera,Tomas Barrios Vera,2023,Hard,3,3,63,69,37,10,70,10,70,57,18,31,0,0,9,0,21,43
bs86,tomas-barrios-vera,Tomas Barrios Vera,2023,Clay,6,9,59,62,52,33,61,45,71,58,31,52,27,37,46,22,37,48
bs86,tomas-barrios-vera,Tomas Barrios Vera,2023,Grass,12,4,66,62,57,32,69,40,75,60,31,51,19,32,40,15,38,49
bs86,tomas-barrios-vera,Tomas Barrios Vera,2023,Carpet,,,,,,,,,,,,,,,,,,
s0ia,dane-sweeny,Dane Sweeny,all,all,10,36,61,67,50,73,60,113,74,60,25,44,49,35,114,15,32,46
s0ia,dane-sweeny,Dane Sweeny,all,Hard,10,36,61,67,50,73,60,113,74,60,25,44,49,35,114,15,32,46
s0ia,dane-sweeny,Dane Sweeny,all,Clay,,,,,,,,,,,,,,,,,,
s0ia,dane-sweeny,Dane Sweeny,all,Grass,,,,,,,,,,,,,,,,,,
s0ia,dane-sweeny,Dane Sweeny,all,Carpet,,,,,,,,,,,,,,,,,,
s0ia,dane-sweeny,Dane Sweeny,2026,all,4,12,65,70,50,31,71,45,80,63,20,46,19,26,47,11,29,46
s0ia,dane-sweeny,Dane Sweeny,2026,Hard,4,12,65,70,50,31,71,45,80,63,20,46,19,26,47,11,29,46
s0ia,dane-sweeny,Dane Sweeny,2026,Clay,,,,,,,,,,,,,,,,,,
s0ia,dane-sweeny,Dane Sweeny,2026,Grass,,,,,,,,,,,,,,,,,,
s0ia,dane-sweeny,Dane Sweeny,2026,Carpet,,,,,,,,,,,,,,,,,,
s0ia,dane-sweeny,Dane Sweeny,2025,all,,,,,,,,,,,,,,,,,,
s0ia,dane-sweeny,Dane Sweeny,2025,Hard,,,,,,,,,,,,,,,,,,
s0ia,dane-sweeny,Dane Sweeny,2025,Clay,,,,,,,,,,,,,,,,,,
s0ia,dane-sweeny,Dane Sweeny,2025,Grass,,,,,,,,,,,,,,,,,,
s0ia,dane-sweeny,Dane Sweeny,2025,Carpet,,,,,,,,,,,,,,,,,,
s0ia,dane-sweeny,Dane Sweeny,2024,all,1,7,58,64,60,13,62,22,77,62,30,41,10,40,22,18,34,48
s0ia,dane-sweeny,Dane Sweeny,2024,Hard,1,7,58,64,60,13,62,22,77,62,30,41,10,40,22,18,34,48
s0ia,dane-sweeny,Dane Sweeny,2024,Clay,,,,,,,,,,,,,,,,,,
s0ia,dane-sweeny,Dane Sweeny,2024,Grass,,,,,,,,,,,,,,,,,,
s0ia,dane-sweeny,Dane Sweeny,2024,Carpet,,,,,,,,,,,,,,,,,,
s0ia,dane-sweeny,Dane Sweeny,2023,all,2,4,57,65,49,15,47,26,69,58,27,40,8,50,25,16,31,45
s0ia,dane-sweeny,Dane Sweeny,2023,Hard,2,4,57,65,49,15,47,26,69,58,27,40,8,50,25,16,31,45
s0ia,dane-sweeny,Dane Sweeny,2023,Clay,,,,,,,,,,,,,,,,,,
s0ia,dane-sweeny,Dane Sweeny,2023,Grass,,,,,,,,,,,,,,,,,,
s0ia,dane-sweeny,Dane Sweeny,2023,Carpet,,,,,,,,,,,,,,,,,,
mo44,pedro-martinez,Pedro Martinez,all,all,397,762,67,65,48,1721,59,2466,71,59,30,51,1470,39,2483,23,38,49
mo44,pedro-martinez,Pedro Martinez,all,Hard,206,288,65,65,48,634,58,930,71,59,26,52,462,40,937,20,36,48
mo44,pedro-martinez,Pedro Martinez,all,Clay,160,395,68,65,48,915,59,1323,72,59,33,51,871,41,1328,27,40,50
mo44,pedro-martinez,Pedro Martinez,all,Grass,31,79,65,63,48,172,61,213,69,58,27,52,137,31,218,19,37,47
mo44,pedro-martinez,Pedro Martinez,all,Carpet,,,,,,,,,,,,,,,,,,
mo44,pedro-martinez,Pedro Martinez,2026,all,10,28,67,66,43,63,54,99,71,58,28,49,51,45,104,22,35,47
mo44,pedro-martinez,Pedro Martinez,2026,Hard,3,7,67,64,43,15,53,21,67,57,13,29,2,0,23,0,17,39
mo44,pedro-martinez,Pedro Martinez,2026,Clay,7,21,67,67,43,48,54,78,72,59,32,52,49,47,81,28,39,49
mo44,pedro-martinez,Pedro Martinez,2026,Grass,,,,,,,,,,,,,,,,,,
mo44,pedro-martinez,Pedro Martinez,2026,Carpet,,,,,,,,,,,,,,,,,,
mo44,pedro-martinez,Pedro Martinez,2025,all,38,129,68,62,46,351,58,437,66,57,27,52,242,38,450,21,36,47
mo44,pedro-martinez,Pedro Martinez,2025,Hard,27,66,64,65,48,142,61,190,71,59,24,51,94,37,196,18,34,47
mo44,pedro-martinez,Pedro Martinez,2025,Clay,10,43,73,60,44,147,54,181,63,56,31,53,110,38,186,23,39,47
mo44,pedro-martinez,Pedro Martinez,2025,Grass,1,20,68,62,44,62,61,66,64,56,27,54,38,42,68,24,37,47
mo44,pedro-martinez,Pedro Martinez,2025,Carpet,,,,,,,,,,,,,,,,,,
mo44,pedro-martinez,Pedro Martinez,2024,all,93,160,69,65,46,319,58,480,72,59,29,53,281,40,479,23,38,49
mo44,pedro-martinez,Pedro Martinez,2024,Hard,52,59,65,65,46,103,51,159,69,58,25,54,78,42,160,21,36,47
mo44,pedro-martinez,Pedro Martinez,2024,Clay,34,76,71,66,48,185,62,283,75,61,32,52,185,39,280,26,40,50
mo44,pedro-martinez,Pedro Martinez,2024,Grass,7,25,69,63,37,31,55,38,63,55,22,49,18,28,39,13,33,44
mo44,pedro-martinez,Pedro Martinez,2024,Carpet,,,,,,,,,,,,,,,,,,
mo44,pedro-martinez,Pedro Martinez,2023,all,20,89,65,65,45,169,60,200,67,58,29,50,109,44,200,24,38,48
mo44,pedro-martinez,Pedro Martinez,2023,Hard,7,27,66,66,51,54,65,85,78,61,20,49,27,41,86,13,32,47
mo44,pedro-martinez,Pedro Martinez,2023,Clay,13,62,64,63,41,115,58,115,58,55,35,51,82,45,114,32,42,49
mo44,pedro-martinez,Pedro Martinez,2023,Grass,,,,,,,,,,,,,,,,,,
mo44,pedro-martinez,Pedro Martinez,2023,Carpet,,,,,,,,,,,,,,,,,,
p0ht,jack-pinnington-jones,Jack Pinnington Jones,all,all,49,39,64,72,44,47,57,86,77,62,25,44,32,34,85,13,32,48
p0ht,jack-pinnington-jones,Jack Pinnington Jones,all,Hard,28,13,67,79,46,12,67,33,88,68,23,47,7,57,34,12,31,50
p0ht,jack-pinnington-jones,Jack Pinnington Jones,all,Clay,3,3,71,60,33,5,20,8,50,52,17,33,1,0,8,0,25,38
p0ht,jack-pinnington-jones,Jack Pinnington Jones,all,Grass,18,23,61,70,43,30,60,45,73,59,28,45,24,29,43,16,34,47
p0ht,jack-pinnington-jones,Jack Pinnington Jones,all,Carpet,,,,,,,,,,,,,,,,,,
p0ht,jack-pinnington-jones,Jack Pinnington Jones,2026,all,31,16,68,75,44,17,53,41,80,65,23,43,8,50,42,10,30,48
p0ht,jack-pinnington-jones,Jack Pinnington Jones,2026,Hard,28,13,67,79,46,12,67,33,88,68,23,47,7,57,34,12,31,50
p0ht,jack-pinnington-jones,Jack Pinnington Jones,2026,Clay,3,3,71,60,33,5,20,8,50,52,17,33,1,0,8,0,25,38
p0ht,jack-pinnington-jones,Jack Pinnington Jones,2026,Grass,,,,,,,,,,,,,,,,,,
p0ht,jack-pinnington-jones,Jack Pinnington Jones,2026,Carpet,,,,,,,,,,,,,,,,,,
p0ht,jack-pinnington-jones,Jack Pinnington Jones,2025,all,18,23,61,70,43,30,60,45,73,59,28,45,24,29,43,16,34,47
p0ht,jack-pinnington-jones,Jack Pinnington Jones,2025,Hard,,,,,,,,,,,,,,,,,,
p0ht,jack-pinnington-jones,Jack Pinnington Jones,2025,Clay,,,,,,,,,,,,,,,,,,
p0ht,jack-pinnington-jones,Jack Pinnington Jones,2025,Grass,18,23,61,70,43,30,60,45,73,59,28,45,24,29,43,16,34,47
p0ht,jack-pinnington-jones,Jack Pinnington Jones,2025,Carpet,,,,,,,,,,,,,,,,,,
p0ht,jack-pinnington-jones,Jack Pinnington Jones,2024,all,,,,,,,,,,,,,,,,,,
p0ht,jack-pinnington-jones,Jack Pinnington Jones,2024,Hard,,,,,,,,,,,,,,,,,,
p0ht,jack-pinnington-jones,Jack Pinnington Jones,2024,Clay,,,,,,,,,,,,,,,,,,
p0ht,jack-pinnington-jones,Jack Pinnington Jones,2024,Grass,,,,,,,,,,,,,,,,,,
p0ht,jack-pinnington-jones,Jack Pinnington Jones,2024,Carpet,,,,,,,,,,,,,,,,,,
p0ht,jack-pinnington-jones,Jack Pinnington Jones,2023,all,,,,,,,,,,,,,,,,,,
p0ht,jack-pinnington-jones,Jack Pinnington Jones,2023,Hard,,,,,,,,,,,,,,,,,,
p0ht,jack-pinnington-jones,Jack Pinnington Jones,2023,Clay,,,,,,,,,,,,,,,,,,
p0ht,jack-pinnington-jones,Jack Pinnington Jones,2023,Grass,,,,,,,,,,,,,,,,,,
p0ht,jack-pinnington-jones,Jack Pinnington Jones,2023,Carpet,,,,,,,,,,,,,,,,,,
bi81,alex-bolt,Alex Bolt,all,all,372,148,60,70,50,399,58,684,75,62,27,47,337,35,684,17,34,48
bi81,alex-bolt,Alex Bolt,all,Hard,255,98,60,70,51,267,58,462,76,62,27,47,242,33,463,17,35,48
bi81,alex-bolt,Alex Bolt,all,Clay,10,5,57,71,53,20,65,23,70,63,26,43,10,50,24,21,31,48
bi81,alex-bolt,Alex Bolt,all,Grass,107,45,62,70,49,112,56,199,75,62,25,47,85,36,197,16,33,48
bi81,alex-bolt,Alex Bolt,all,Carpet,,,,,,,,,,,,,,,,,,
bi81,alex-bolt,Alex Bolt,2026,all,10,5,57,71,53,20,65,23,70,63,26,43,10,50,24,21,31,48
bi81,alex-bolt,Alex Bolt,2026,Hard,,,,,,,,,,,,,,,,,,
bi81,alex-bolt,Alex Bolt,2026,Clay,10,5,57,71,53,20,65,23,70,63,26,43,10,50,24,21,31,48
bi81,alex-bolt,Alex Bolt,2026,Grass,,,,,,,,,,,,,,,,,,
bi81,alex-bolt,Alex Bolt,2026,Carpet,,,,,,,,,,,,,,,,,,
bi81,alex-bolt,Alex Bolt,2025,all,11,7,66,72,50,10,50,26,81,64,15,51,2,50,26,4,27,46
bi81,alex-bolt,Alex Bolt,2025,Hard,,,,,,,,,,,,,,,,,,
bi81,alex-bolt,Alex Bolt,2025,Clay,,,,,,,,,,,,,,,,,,
bi81,alex-bolt,Alex Bolt,2025,Grass,11,7,66,72,50,10,50,26,81,64,15,51,2,50,26,4,27,46
bi81,alex-bolt,Alex Bolt,2025,Carpet,,,,,,,,,,,,,,,,,,
bi81,alex-bolt,Alex Bolt,2024,all,40,11,63,70,51,35,63,61,79,63,29,46,44,27,62,19,35,49
bi81,alex-bolt,Alex Bolt,2024,Hard,12,1,67,71,57,5,40,16,81,66,31,47,13,31,18,22,37,50
bi81,alex-bolt,Alex Bolt,2024,Clay,,,,,,,,,,,,,,,,,,
bi81,alex-bolt,Alex Bolt,2024,Grass,28,10,62,70,50,30,67,45,78,62,27,46,31,26,44,18,35,49
bi81,alex-bolt,Alex Bolt,2024,Carpet,,,,,,,,,,,,,,,,,,
bi81,alex-bolt,Alex Bolt,2023,all,18,8,55,80,54,11,55,31,84,68,28,48,18,28,31,16,34,51
bi81,alex-bolt,Alex Bolt,2023,Hard,11,3,52,80,53,6,50,18,83,67,30,48,15,20,17,18,36,51
bi81,alex-bolt,Alex Bolt,2023,Clay,,,,,,,,,,,,,,,,,,
bi81,alex-bolt,Alex Bolt,2023,Grass,7,5,59,81,55,5,60,13,85,70,25,48,3,67,14,14,32,50
bi81,alex-bolt,Alex Bolt,2023,Carpet,,,,,,,,,,,,,,,,,,
l0cx,pablo-llamas-ruiz,Pablo Llamas Ruiz,all,all,35,17,68,66,52,105,64,153,75,61,31,49,88,38,153,22,37,49
l0cx,pablo-llamas-ruiz,Pablo Llamas Ruiz,all,Hard,20,9,64,71,47,32,72,37,76,62,27,36,11,36,37,11,30,47
l0cx,pablo-llamas-ruiz,Pablo Llamas Ruiz,all,Clay,15,8,69,65,53,73,60,116,75,61,32,53,77,38,116,25,39,50
l0cx,pablo-llamas-ruiz,Pablo Llamas Ruiz,all,Grass,,,,,,,,,,,,,,,,,,
l0cx,pablo-llamas-ruiz,Pablo Llamas Ruiz,all,Carpet,,,,,,,,,,,,,,,,,,
l0cx,pablo-llamas-ruiz,Pablo Llamas Ruiz,2026,all,,,,,,,,,,,,,,,,,,
l0cx,pablo-llamas-ruiz,Pablo Llamas Ruiz,2026,Hard,,,,,,,,,,,,,,,,,,
l0cx,pablo-llamas-ruiz,Pablo Llamas Ruiz,2026,Clay,,,,,,,,,,,,,,,,,,
l0cx,pablo-llamas-ruiz,Pablo Llamas Ruiz,2026,Grass,,,,,,,,,,,,,,,,,,
l0cx,pablo-llamas-ruiz,Pablo Llamas Ruiz,2026,Carpet,,,,,,,,,,,,,,,,,,
l0cx,pablo-llamas-ruiz,Pablo Llamas Ruiz,2025,all,17,13,67,63,52,50,64,60,70,59,31,49,31,45,61,23,38,49
l0cx,pablo-llamas-ruiz,Pablo Llamas Ruiz,2025,Hard,12,8,59,73,44,14,79,15,80,61,26,28,5,0,15,0,27,45
l0cx,pablo-llamas-ruiz,Pablo Llamas Ruiz,2025,Clay,5,5,71,59,56,36,58,45,67,58,33,57,26,54,46,30,41,50
l0cx,pablo-llamas-ruiz,Pablo Llamas Ruiz,2025,Grass,,,,,,,,,,,,,,,,,,
l0cx,pablo-llamas-ruiz,Pablo Llamas Ruiz,2025,Carpet,,,,,,,,,,,,,,,,,,
l0cx,pablo-llamas-ruiz,Pablo Llamas Ruiz,2024,all,15,2,67,68,54,42,67,68,79,63,30,47,40,33,68,19,36,50
l0cx,pablo-llamas-ruiz,Pablo Llamas Ruiz,2024,Hard,8,1,68,69,51,18,67,22,73,63,27,42,6,67,22,18,33,49
l0cx,pablo-llamas-ruiz,Pablo Llamas Ruiz,2024,Clay,7,1,67,67,56,24,67,46,83,63,31,49,34,26,46,20,38,50
l0cx,pablo-llamas-ruiz,Pablo Llamas Ruiz,2024,Grass,,,,,,,,,,,,,,,,,,
l0cx,pablo-llamas-ruiz,Pablo Llamas Ruiz,2024,Carpet,,,,,,,,,,,,,,,,,,
l0cx,pablo-llamas-ruiz,Pablo Llamas Ruiz,2023,all,3,2,69,70,43,13,54,25,76,62,31,57,17,35,24,25,38,50
l0cx,pablo-llamas-ruiz,Pablo Llamas Ruiz,2023,Hard,,,,,,,,,,,,,,,,,,
l0cx,pablo-llamas-ruiz,Pablo Llamas Ruiz,2023,Clay,3,2,69,70,43,13,54,25,76,62,31,57,17,35,24,25,38,50
l0cx,pablo-llamas-ruiz,Pablo Llamas Ruiz,2023,Grass,,,,,,,,,,,,,,,,,,
l0cx,pablo-llamas-ruiz,Pablo Llamas Ruiz,2023,Carpet,,,,,,,,,,,,,,,,,,
ea13,moez-echargui,Moez Echargui,all,all,27,4,63,72,58,20,75,38,87,67,19,39,8,25,39,5,26,47
ea13,moez-echargui,Moez Echargui,all,Hard,27,4,63,72,58,20,75,38,87,67,19,39,8,25,39,5,26,47
ea13,moez-echargui,Moez Echargui,all,Clay,0,0,0,0,0,0,0,0,0,0,0,0,0,0,0,0,0,0
ea13,moez-echargui,Moez Echargui,all,Grass,,,,,,,,,,,,,,,,,,
ea13,moez-echargui,Moez Echargui,all,Carpet,,,,,,,,,,,,,,,,,,
ea13,moez-echargui,Moez Echargui,2026,all,20,3,63,76,58,9,67,28,89,70,21,35,4,25,28,4,25,48
ea13,moez-echargui,Moez Echargui,2026,Hard,20,3,63,76,58,9,67,28,89,70,21,35,4,25,28,4,25,48
ea13,moez-echargui,Moez Echargui,2026,Clay,,,,,,,,,,,,,,,,,,
ea13,moez-echargui,Moez Echargui,2026,Grass,,,,,,,,,,,,,,,,,,
ea13,moez-echargui,Moez Echargui,2026,Carpet,,,,,,,,,,,,,,,,,,
ea13,moez-echargui,Moez Echargui,2025,all,7,1,65,64,56,11,82,10,80,61,14,45,4,25,11,9,28,46
ea13,moez-echargui,Moez Echargui,2025,Hard,7,1,65,64,56,11,82,10,80,61,14,45,4,25,11,9,28,46
ea13,moez-echargui,Moez Echargui,2025,Clay,,,,,,,,,,,,,,,,,,
ea13,moez-echargui,Moez Echargui,2025,Grass,,,,,,,,,,,,,,,,,,
ea13,moez-echargui,Moez Echargui,2025,Carpet,,,,,,,,,,,,,,,,,,
ea13,moez-echargui,Moez Echargui,2024,all,0,0,0,0,0,0,0,0,0,0,0,0,0,0,0,0,0,0
ea13,moez-echargui,Moez Echargui,2024,Hard,0,0,0,0,0,0,0,0,0,0,0,0,0,0,0,0,0,0
ea13,moez-echargui,Moez Echargui,2024,Clay,0,0,0,0,0,0,0,0,0,0,0,0,0,0,0,0,0,0
ea13,moez-echargui,Moez Echargui,2024,Grass,,,,,,,,,,,,,,,,,,
ea13,moez-echargui,Moez Echargui,2024,Carpet,,,,,,,,,,,,,,,,,,
ea13,moez-echargui,Moez Echargui,2023,all,0,0,0,0,0,0,0,0,0,0,0,0,0,0,0,0,0,0
ea13,moez-echargui,Moez Echargui,2023,Hard,0,0,0,0,0,0,0,0,0,0,0,0,0,0,0,0,0,0
ea13,moez-echargui,Moez Echargui,2023,Clay,,,,,,,,,,,,,,,,,,
ea13,moez-echargui,Moez Echargui,2023,Grass,,,,,,,,,,,,,,,,,,
ea13,moez-echargui,Moez Echargui,2023,Carpet,,,,,,,,,,,,,,,,,,
ta12,stefano-travaglia,Stefano Travaglia,all,all,615,291,55,72,48,632,56,1102,75,61,29,46,547,40,1099,20,35,49
ta12,stefano-travaglia,Stefano Travaglia,all,Hard,375,170,55,73,48,337,55,621,76,62,28,47,317,39,619,20,35,49
ta12,stefano-travaglia,Stefano Travaglia,all,Clay,172,99,55,70,48,231,57,382,74,60,31,45,181,44,380,21,36,49
ta12,stefano-travaglia,Stefano Travaglia,all,Grass,68,22,55,72,46,64,59,99,74,60,27,42,49,37,100,18,33,47
ta12,stefano-travaglia,Stefano Travaglia,all,Carpet,,,,,,,,,,,,,,,,,,
ta12,stefano-travaglia,Stefano Travaglia,2026,all,,,,,,,,,,,,,,,,,,
ta12,stefano-travaglia,Stefano Travaglia,2026,Hard,,,,,,,,,,,,,,,,,,
ta12,stefano-travaglia,Stefano Travaglia,2026,Clay,,,,,,,,,,,,,,,,,,
ta12,stefano-travaglia,Stefano Travaglia,2026,Grass,,,,,,,,,,,,,,,,,,
ta12,stefano-travaglia,Stefano Travaglia,2026,Carpet,,,,,,,,,,,,,,,,,,
ta12,stefano-travaglia,Stefano Travaglia,2025,all,,,,,,,,,,,,,,,,,,
ta12,stefano-travaglia,Stefano Travaglia,2025,Hard,,,,,,,,,,,,,,,,,,
ta12,stefano-travaglia,Stefano Travaglia,2025,Clay,,,,,,,,,,,,,,,,,,
ta12,stefano-travaglia,Stefano Travaglia,2025,Grass,,,,,,,,,,,,,,,,,,
ta12,stefano-travaglia,Stefano Travaglia,2025,Carpet,,,,,,,,,,,,,,,,,,
ta12,stefano-travaglia,Stefano Travaglia,2024,all,,,,,,,,,,,,,,,,,,
ta12,stefano-travaglia,Stefano Travaglia,2024,Hard,,,,,,,,,,,,,,,,,,
ta12,stefano-travaglia,Stefano Travaglia,2024,Clay,,,,,,,,,,,,,,,,,,
ta12,stefano-travaglia,Stefano Travaglia,2024,Grass,,,,,,,,,,,,,,,,,,
ta12,stefano-travaglia,Stefano Travaglia,2024,Carpet,,,,,,,,,,,,,,,,,,
ta12,stefano-travaglia,Stefano Travaglia,2023,all,5,3,57,63,46,23,48,29,59,56,24,44,10,60,29,21,31,44
ta12,stefano-travaglia,Stefano Travaglia,2023,Hard,0,2,54,59,40,20,55,17,47,50,27,44,7,57,17,24,33,42
ta12,stefano-travaglia,Stefano Travaglia,2023,Clay,5,1,62,67,57,3,0,12,75,64,20,43,3,67,12,17,28,46
ta12,stefano-travaglia,Stefano Travaglia,2023,Grass,,,,,,,,,,,,,,,,,,
ta12,stefano-travaglia,Stefano Travaglia,2023,Carpet,,,,,,,,,,,,,,,,,,
tc61,jordan-thompson,Jordan Thompson,all,all,2196,606,61,72,51,2226,61,4109,79,64,28,48,2131,36,4109,19,35,50
tc61,jordan-thompson,Jordan Thompson,all,Hard,1460,403,61,72,51,1437,62,2636,79,64,28,48,1376,37,2634,20,36,50
tc61,jordan-thompson,Jordan Thompson,all,Clay,237,89,62,68,49,429,58,631,72,61,29,46,329,34,632,18,35,48
tc61,jordan-thompson,Jordan Thompson,all,Grass,499,114,61,73,54,360,61,842,83,66,28,47,426,33,843,17,35,50
tc61,jordan-thompson,Jordan Thompson,all,Carpet,,,,,,,,,,,,,,,,,,
tc61,jordan-thompson,Jordan Thompson,2026,all,22,2,58,71,60,12,50,38,84,67,30,45,17,47,39,21,36,51
tc61,jordan-thompson,Jordan Thompson,2026,Hard,22,2,58,71,60,12,50,38,84,67,30,45,17,47,39,21,36,51
tc61,jordan-thompson,Jordan Thompson,2026,Clay,,,,,,,,,,,,,,,,,,
tc61,jordan-thompson,Jordan Thompson,2026,Grass,,,,,,,,,,,,,,,,,,
tc61,jordan-thompson,Jordan Thompson,2026,Carpet,,,,,,,,,,,,,,,,,,
tc61,jordan-thompson,Jordan Thompson,2025,all,223,53,60,71,54,201,63,379,80,65,26,45,187,30,384,15,33,49
tc61,jordan-thompson,Jordan Thompson,2025,Hard,130,31,60,71,54,115,62,211,79,64,25,46,85,34,213,14,32,48
tc61,jordan-thompson,Jordan Thompson,2025,Clay,17,9,58,68,56,38,53,64,72,63,29,44,43,30,67,19,35,48
tc61,jordan-thompson,Jordan Thompson,2025,Grass,76,13,60,74,55,48,73,104,88,67,27,43,59,24,104,13,33,50
tc61,jordan-thompson,Jordan Thompson,2025,Carpet,,,,,,,,,,,,,,,,,,
tc61,jordan-thompson,Jordan Thompson,2024,all,386,71,60,73,53,393,66,698,81,65,29,48,383,36,706,20,36,50
tc61,jordan-thompson,Jordan Thompson,2024,Hard,311,45,60,74,54,260,64,514,82,66,30,50,293,39,516,22,38,51
tc61,jordan-thompson,Jordan Thompson,2024,Clay,31,12,61,64,50,94,71,96,72,59,29,43,49,27,98,13,34,47
tc61,jordan-thompson,Jordan Thompson,2024,Grass,44,14,61,74,53,39,64,88,84,66,25,45,41,29,92,13,32,49
tc61,jordan-thompson,Jordan Thompson,2024,Carpet,,,,,,,,,,,,,,,,,,
tc61,jordan-thompson,Jordan Thompson,2023,all,340,51,59,74,56,200,60,493,84,67,28,47,242,34,494,17,35,50
tc61,jordan-thompson,Jordan Thompson,2023,Hard,199,33,59,75,53,124,65,277,84,66,27,48,144,31,279,16,34,50
tc61,jordan-thompson,Jordan Thompson,2023,Clay,16,4,57,71,51,14,21,37,70,63,25,42,12,33,38,11,31,46
tc61,jordan-thompson,Jordan Thompson,2023,Grass,125,14,61,75,60,62,58,179,85,69,30,48,86,38,177,19,36,52
tc61,jordan-thompson,Jordan Thompson,2023,Carpet,,,,,,,,,,,,,,,,,,
g0ix,arthur-gea,Arthur Gea,all,all,45,18,60,76,53,33,64,85,86,67,27,47,44,30,84,15,35,50
g0ix,arthur-gea,Arthur Gea,all,Hard,45,18,60,76,53,33,64,85,86,67,27,47,44,30,84,15,35,50
g0ix,arthur-gea,Arthur Gea,all,Clay,,,,,,,,,,,,,,,,,,
g0ix,arthur-gea,Arthur Gea,all,Grass,,,,,,,,,,,,,,,,,,
g0ix,arthur-gea,Arthur Gea,all,Carpet,,,,,,,,,,,,,,,,,,
g0ix,arthur-gea,Arthur Gea,2026,all,40,17,60,77,54,24,58,74,86,68,29,48,38,34,73,18,36,51
g0ix,arthur-gea,Arthur Gea,2026,Hard,40,17,60,77,54,24,58,74,86,68,29,48,38,34,73,18,36,51
g0ix,arthur-gea,Arthur Gea,2026,Clay,,,,,,,,,,,,,,,,,,
g0ix,arthur-gea,Arthur Gea,2026,Grass,,,,,,,,,,,,,,,,,,
g0ix,arthur-gea,Arthur Gea,2026,Carpet,,,,,,,,,,,,,,,,,,
g0ix,arthur-gea,Arthur Gea,2025,all,5,1,61,72,50,9,78,11,82,63,14,42,6,0,11,0,23,44
g0ix,arthur-gea,Arthur Gea,2025,Hard,5,1,61,72,50,9,78,11,82,63,14,42,6,0,11,0,23,44
g0ix,arthur-gea,Arthur Gea,2025,Clay,,,,,,,,,,,,,,,,,,
g0ix,arthur-gea,Arthur Gea,2025,Grass,,,,,,,,,,,,,,,,,,
g0ix,arthur-gea,Arthur Gea,2025,Carpet,,,,,,,,,,,,,,,,,,
g0ix,arthur-gea,Arthur Gea,2024,all,,,,,,,,,,,,,,,,,,
g0ix,arthur-gea,Arthur Gea,2024,Hard,,,,,,,,,,,,,,,,,,
g0ix,arthur-gea,Arthur Gea,2024,Clay,,,,,,,,,,,,,,,,,,
g0ix,arthur-gea,Arthur Gea,2024,Grass,,,,,,,,,,,,,,,,,,
g0ix,arthur-gea,Arthur Gea,2024,Carpet,,,,,,,,,,,,,,,,,,
g0ix,arthur-gea,Arthur Gea,2023,all,,,,,,,,,,,,,,,,,,
g0ix,arthur-gea,Arthur Gea,2023,Hard,,,,,,,,,,,,,,,,,,
g0ix,arthur-gea,Arthur Gea,2023,Clay,,,,,,,,,,,,,,,,,,
g0ix,arthur-gea,Arthur Gea,2023,Grass,,,,,,,,,,,,,,,,,,
g0ix,arthur-gea,Arthur Gea,2023,Carpet,,,,,,,,,,,,,,,,,,
sx50,roman-safiullin,Roman Safiullin,all,all,884,420,63,73,51,866,61,1673,80,65,28,50,903,38,1667,20,36,50
sx50,roman-safiullin,Roman Safiullin,all,Hard,632,302,62,73,50,586,62,1133,80,64,28,51,613,37,1128,20,36,50
sx50,roman-safiullin,Roman Safiullin,all,Clay,88,51,64,70,48,164,62,250,75,62,30,45,135,41,252,22,35,49
sx50,roman-safiullin,Roman Safiullin,all,Grass,164,67,64,75,55,116,58,290,83,68,28,50,155,37,287,20,36,51
sx50,roman-safiullin,Roman Safiullin,all,Carpet,,,,,,,,,,,,,,,,,,
sx50,roman-safiullin,Roman Safiullin,2026,all,,,,,,,,,,,,,,,,,,
sx50,roman-safiullin,Roman Safiullin,2026,Hard,,,,,,,,,,,,,,,,,,
sx50,roman-safiullin,Roman Safiullin,2026,Clay,,,,,,,,,,,,,,,,,,
sx50,roman-safiullin,Roman Safiullin,2026,Grass,,,,,,,,,,,,,,,,,,
sx50,roman-safiullin,Roman Safiullin,2026,Carpet,,,,,,,,,,,,,,,,,,
sx50,roman-safiullin,Roman Safiullin,2025,all,192,92,63,71,51,165,55,330,77,64,26,50,179,34,334,18,35,49
sx50,roman-safiullin,Roman Safiullin,2025,Hard,118,69,64,70,50,113,52,227,76,63,27,51,126,37,230,20,36,49
sx50,roman-safiullin,Roman Safiullin,2025,Clay,23,6,61,72,44,26,62,35,71,61,21,42,15,27,37,11,28,45
sx50,roman-safiullin,Roman Safiullin,2025,Grass,51,17,60,74,57,26,58,68,84,67,25,52,38,29,67,16,34,51
sx50,roman-safiullin,Roman Safiullin,2025,Carpet,,,,,,,,,,,,,,,,,,
sx50,roman-safiullin,Roman Safiullin,2024,all,292,124,61,74,50,299,62,541,79,64,29,48,294,36,537,20,36,50
sx50,roman-safiullin,Roman Safiullin,2024,Hard,215,85,60,75,50,179,62,344,80,65,29,50,192,35,342,20,37,50
sx50,roman-safiullin,Roman Safiullin,2024,Clay,31,24,60,66,46,76,62,97,70,58,32,42,48,42,94,21,35,47
sx50,roman-safiullin,Roman Safiullin,2024,Grass,46,15,65,78,52,44,64,100,84,69,29,47,54,35,101,19,36,51
sx50,roman-safiullin,Roman Safiullin,2024,Carpet,,,,,,,,,,,,,,,,,,
sx50,roman-safiullin,Roman Safiullin,2023,all,230,135,64,73,52,234,62,481,81,65,29,50,232,44,473,22,37,51
sx50,roman-safiullin,Roman Safiullin,2023,Hard,143,86,62,73,51,149,65,282,82,64,27,52,129,46,276,21,36,51
sx50,roman-safiullin,Roman Safiullin,2023,Clay,20,14,68,74,49,39,62,77,81,66,32,45,40,43,78,22,36,51
sx50,roman-safiullin,Roman Safiullin,2023,Grass,67,35,65,73,56,46,52,122,82,67,30,50,63,43,119,23,37,52
sx50,roman-safiullin,Roman Safiullin,2023,Carpet,,,,,,,,,,,,,,,,,,
p0ct,francesco-passaro,Francesco Passaro,all,all,157,107,63,68,51,237,56,432,76,62,25,51,203,36,429,17,35,48
p0ct,francesco-passaro,Francesco Passaro,all,Hard,67,40,65,68,52,86,58,148,76,62,25,46,54,31,149,11,33,48
p0ct,francesco-passaro,Francesco Passaro,all,Clay,90,67,63,69,51,151,55,284,76,62,24,53,149,38,280,20,35,49
p0ct,francesco-passaro,Francesco Passaro,all,Grass,,,,,,,,,,,,,,,,,,
p0ct,francesco-passaro,Francesco Passaro,all,Carpet,,,,,,,,,,,,,,,,,,
p0ct,francesco-passaro,Francesco Passaro,2026,all,10,7,65,64,54,31,61,49,76,61,24,51,30,37,49,22,35,48
p0ct,francesco-passaro,Francesco Passaro,2026,Hard,,,,,,,,,,,,,,,,,,
p0ct,francesco-passaro,Francesco Passaro,2026,Clay,10,7,65,64,54,31,61,49,76,61,24,51,30,37,49,22,35,48
p0ct,francesco-passaro,Francesco Passaro,2026,Grass,,,,,,,,,,,,,,,,,,
p0ct,francesco-passaro,Francesco Passaro,2026,Carpet,,,,,,,,,,,,,,,,,,
p0ct,francesco-passaro,Francesco Passaro,2025,all,70,39,65,71,51,91,58,180,79,64,26,49,98,34,176,19,35,49
p0ct,francesco-passaro,Francesco Passaro,2025,Hard,39,22,62,72,51,42,62,75,79,64,27,46,40,28,75,15,35,49
p0ct,francesco-passaro,Francesco Passaro,2025,Clay,31,17,67,70,50,49,55,105,79,63,25,52,58,38,101,22,36,50
p0ct,francesco-passaro,Francesco Passaro,2025,Grass,,,,,,,,,,,,,,,,,,
p0ct,francesco-passaro,Francesco Passaro,2025,Carpet,,,,,,,,,,,,,,,,,,
p0ct,francesco-passaro,Francesco Passaro,2024,all,32,20,59,73,55,29,62,68,84,66,19,48,22,32,68,10,30,48
p0ct,francesco-passaro,Francesco Passaro,2024,Hard,,,,,,,,,,,,,,,,,,
p0ct,francesco-passaro,Francesco Passaro,2024,Clay,32,20,59,73,55,29,62,68,84,66,19,48,22,32,68,10,30,48
p0ct,francesco-passaro,Francesco Passaro,2024,Grass,,,,,,,,,,,,,,,,,,
p0ct,francesco-passaro,Francesco Passaro,2024,Carpet,,,,,,,,,,,,,,,,,,
p0ct,francesco-passaro,Francesco Passaro,2023,all,18,22,60,68,46,37,46,62,68,59,27,60,30,47,62,23,39,49
p0ct,francesco-passaro,Francesco Passaro,2023,Hard,1,1,68,64,35,7,43,9,56,55,23,31,0,0,8,0,26,42
p0ct,francesco-passaro,Francesco Passaro,2023,Clay,17,21,59,68,47,30,47,53,70,60,27,63,30,47,54,26,41,50
p0ct,francesco-passaro,Francesco Passaro,2023,Grass,,,,,,,,,,,,,,,,,,
p0ct,francesco-passaro,Francesco Passaro,2023,Carpet,,,,,,,,,,,,,,,,,,
hg86,lloyd-harris,Lloyd Harris,all,all,1622,351,65,75,48,888,61,1887,82,65,26,46,827,37,1902,16,33,49
hg86,lloyd-harris,Lloyd Harris,all,Hard,1157,263,65,76,47,603,62,1306,83,66,26,47,597,39,1311,18,34,50
hg86,lloyd-harris,Lloyd Harris,all,Clay,154,35,65,69,48,167,56,290,74,62,27,42,114,34,295,13,32,47
hg86,lloyd-harris,Lloyd Harris,all,Grass,311,53,65,76,51,118,64,291,85,67,24,45,116,30,296,12,31,49
hg86,lloyd-harris,Lloyd Harris,all,Carpet,,,,,,,,,,,,,,,,,,
hg86,lloyd-harris,Lloyd Harris,2026,all,,,,,,,,,,,,,,,,,,
hg86,lloyd-harris,Lloyd Harris,2026,Hard,,,,,,,,,,,,,,,,,,
hg86,lloyd-harris,Lloyd Harris,2026,Clay,,,,,,,,,,,,,,,,,,
hg86,lloyd-harris,Lloyd Harris,2026,Grass,,,,,,,,,,,,,,,,,,
hg86,lloyd-harris,Lloyd Harris,2026,Carpet,,,,,,,,,,,,,,,,,,
hg86,lloyd-harris,Lloyd Harris,2025,all,80,19,62,72,48,55,65,97,80,63,26,47,43,37,97,16,34,49
hg86,lloyd-harris,Lloyd Harris,2025,Hard,19,11,58,75,44,21,62,36,78,62,33,55,19,47,35,26,39,51
hg86,lloyd-harris,Lloyd Harris,2025,Clay,13,4,66,60,49,14,57,18,67,56,29,32,7,29,18,11,30,44
hg86,lloyd-harris,Lloyd Harris,2025,Grass,48,4,64,74,52,20,75,43,88,66,19,48,17,29,44,11,31,49
hg86,lloyd-harris,Lloyd Harris,2025,Carpet,,,,,,,,,,,,,,,,,,
hg86,lloyd-harris,Lloyd Harris,2024,all,80,11,68,80,49,21,67,75,91,70,23,46,36,19,77,9,30,49
hg86,lloyd-harris,Lloyd Harris,2024,Hard,15,2,70,76,53,7,71,23,91,69,21,45,14,14,23,9,30,48
hg86,lloyd-harris,Lloyd Harris,2024,Clay,,,,,,,,,,,,,,,,,,
hg86,lloyd-harris,Lloyd Harris,2024,Grass,65,9,68,82,48,14,64,52,90,71,24,47,22,23,54,9,30,50
hg86,lloyd-harris,Lloyd Harris,2024,Carpet,,,,,,,,,,,,,,,,,,
hg86,lloyd-harris,Lloyd Harris,2023,all,245,55,64,77,50,93,62,257,86,67,25,41,100,27,261,10,31,49
hg86,lloyd-harris,Lloyd Harris,2023,Hard,146,41,62,78,49,51,59,153,86,67,23,41,53,32,157,11,30,49
hg86,lloyd-harris,Lloyd Harris,2023,Clay,8,1,65,70,40,12,50,24,75,60,25,43,12,8,25,4,32,45
hg86,lloyd-harris,Lloyd Harris,2023,Grass,91,13,67,77,56,30,73,80,90,70,27,39,35,26,79,11,32,51
hg86,lloyd-harris,Lloyd Harris,2023,Carpet,,,,,,,,,,,,,,,,,,
j0az,kyrian-jacquet,Kyrian Jacquet,all,all,61,25,58,73,49,62,66,104,80,63,27,50,47,36,101,17,35,49
j0az,kyrian-jacquet,Kyrian Jacquet,all,Hard,53,19,60,73,52,40,65,79,82,64,26,47,36,36,77,17,34,49
j0az,kyrian-jacquet,Kyrian Jacquet,all,Clay,8,6,53,72,43,22,68,25,72,58,28,57,11,36,24,17,37,49
j0az,kyrian-jacquet,Kyrian Jacquet,all,Grass,,,,,,,,,,,,,,,,,,
j0az,kyrian-jacquet,Kyrian Jacquet,all,Carpet,,,,,,,,,,,,,,,,,,
j0az,kyrian-jacquet,Kyrian Jacquet,2026,all,19,6,57,76,53,11,55,27,81,66,21,43,8,38,27,11,28,48
j0az,kyrian-jacquet,Kyrian Jacquet,2026,Hard,19,6,57,76,53,11,55,27,81,66,21,43,8,38,27,11,28,48
j0az,kyrian-jacquet,Kyrian Jacquet,2026,Clay,,,,,,,,,,,,,,,,,,
j0az,kyrian-jacquet,Kyrian Jacquet,2026,Grass,,,,,,,,,,,,,,,,,,
j0az,kyrian-jacquet,Kyrian Jacquet,2026,Carpet,,,,,,,,,,,,,,,,,,
j0az,kyrian-jacquet,Kyrian Jacquet,2025,all,41,17,56,76,47,35,71,63,84,63,31,53,33,39,61,21,38,51
j0az,kyrian-jacquet,Kyrian Jacquet,2025,Hard,33,11,59,78,51,13,77,38,92,67,32,50,22,41,37,24,38,53
j0az,kyrian-jacquet,Kyrian Jacquet,2025,Clay,8,6,53,72,43,22,68,25,72,58,28,57,11,36,24,17,37,49
j0az,kyrian-jacquet,Kyrian Jacquet,2025,Grass,,,,,,,,,,,,,,,,,,
j0az,kyrian-jacquet,Kyrian Jacquet,2025,Carpet,,,,,,,,,,,,,,,,,,
j0az,kyrian-jacquet,Kyrian Jacquet,2024,all,1,2,67,53,48,16,63,14,57,52,13,48,6,17,13,8,31,42
j0az,kyrian-jacquet,Kyrian Jacquet,2024,Hard,1,2,67,53,48,16,63,14,57,52,13,48,6,17,13,8,31,42
j0az,kyrian-jacquet,Kyrian Jacquet,2024,Clay,,,,,,,,,,,,,,,,,,
j0az,kyrian-jacquet,Kyrian Jacquet,2024,Grass,,,,,,,,,,,,,,,,,,
j0az,kyrian-jacquet,Kyrian Jacquet,2024,Carpet,,,,,,,,,,,,,,,,,,
j0az,kyrian-jacquet,Kyrian Jacquet,2023,all,,,,,,,,,,,,,,,,,,
j0az,kyrian-jacquet,Kyrian Jacquet,2023,Hard,,,,,,,,,,,,,,,,,,
j0az,kyrian-jacquet,Kyrian Jacquet,2023,Clay,,,,,,,,,,,,,,,,,,
j0az,kyrian-jacquet,Kyrian Jacquet,2023,Grass,,,,,,,,,,,,,,,,,,
j0az,kyrian-jacquet,Kyrian Jacquet,2023,Carpet,,,,,,,,,,,,,,,,,,
hd68,billy-harris,Billy Harris,all,all,178,66,65,71,51,197,65,369,81,64,24,44,162,30,370,13,32,48
hd68,billy-harris,Billy Harris,all,Hard,75,29,64,70,46,79,53,152,76,62,23,45,69,25,154,11,31,47
hd68,billy-harris,Billy Harris,all,Clay,1,3,55,68,46,15,67,15,67,58,20,48,8,25,15,13,34,46
hd68,billy-harris,Billy Harris,all,Grass,102,34,66,71,55,103,74,202,87,66,25,43,85,35,201,15,32,49
hd68,billy-harris,Billy Harris,all,Carpet,,,,,,,,,,,,,,,,,,
hd68,billy-harris,Billy Harris,2026,all,8,6,60,76,54,12,67,25,84,67,17,49,6,67,25,16,32,50
hd68,billy-harris,Billy Harris,2026,Hard,8,6,60,76,54,12,67,25,84,67,17,49,6,67,25,16,32,50
hd68,billy-harris,Billy Harris,2026,Clay,,,,,,,,,,,,,,,,,,
hd68,billy-harris,Billy Harris,2026,Grass,,,,,,,,,,,,,,,,,,
hd68,billy-harris,Billy Harris,2026,Carpet,,,,,,,,,,,,,,,,,,
hd68,billy-harris,Billy Harris,2025,all,78,26,66,67,48,101,59,171,76,61,25,47,81,32,169,15,33,47
hd68,billy-harris,Billy Harris,2025,Hard,44,14,65,68,45,45,49,84,73,60,24,46,43,23,84,12,32,46
hd68,billy-harris,Billy Harris,2025,Clay,1,3,55,68,46,15,67,15,67,58,20,48,8,25,15,13,34,46
hd68,billy-harris,Billy Harris,2025,Grass,33,9,69,66,53,41,68,72,82,62,27,47,30,47,70,20,35,49
hd68,billy-harris,Billy Harris,2025,Carpet,,,,,,,,,,,,,,,,,,
hd68,billy-harris,Billy Harris,2024,all,76,29,65,72,55,77,73,147,86,66,24,40,57,30,149,11,30,49
hd68,billy-harris,Billy Harris,2024,Hard,7,4,64,62,42,15,53,17,59,54,22,32,2,50,18,6,26,40
hd68,billy-harris,Billy Harris,2024,Clay,,,,,,,,,,,,,,,,,,
hd68,billy-harris,Billy Harris,2024,Grass,69,25,65,74,56,62,77,130,89,67,24,41,55,29,131,12,30,50
hd68,billy-harris,Billy Harris,2024,Carpet,,,,,,,,,,,,,,,,,,
hd68,billy-harris,Billy Harris,2023,all,16,5,64,78,43,7,57,26,88,66,23,45,18,11,27,7,32,48
hd68,billy-harris,Billy Harris,2023,Hard,16,5,64,78,43,7,57,26,88,66,23,45,18,11,27,7,32,48
hd68,billy-harris,Billy Harris,2023,Clay,,,,,,,,,,,,,,,,,,
hd68,billy-harris,Billy Harris,2023,Grass,,,,,,,,,,,,,,,,,,
hd68,billy-harris,Billy Harris,2023,Carpet,,,,,,,,,,,,,,,,,,
z0bz,michael-zheng,Michael Zheng,all,all,11,4,69,63,47,32,53,59,75,58,22,46,24,46,61,18,32,46
z0bz,michael-zheng,Michael Zheng,all,Hard,11,4,69,63,47,32,53,59,75,58,22,46,24,46,61,18,32,46
z0bz,michael-zheng,Michael Zheng,all,Clay,,,,,,,,,,,,,,,,,,
z0bz,michael-zheng,Michael Zheng,all,Grass,,,,,,,,,,,,,,,,,,
z0bz,michael-zheng,Michael Zheng,all,Carpet,,,,,,,,,,,,,,,,,,
z0bz,michael-zheng,Michael Zheng,2026,all,11,4,69,63,47,32,53,59,75,58,22,46,24,46,61,18,32,46
z0bz,michael-zheng,Michael Zheng,2026,Hard,11,4,69,63,47,32,53,59,75,58,22,46,24,46,61,18,32,46
z0bz,michael-zheng,Michael Zheng,2026,Clay,,,,,,,,,,,,,,,,,,
z0bz,michael-zheng,Michael Zheng,2026,Grass,,,,,,,,,,,,,,,,,,
z0bz,michael-zheng,Michael Zheng,2026,Carpet,,,,,,,,,,,,,,,,,,
z0bz,michael-zheng,Michael Zheng,2025,all,,,,,,,,,,,,,,,,,,
z0bz,michael-zheng,Michael Zheng,2025,Hard,,,,,,,,,,,,,,,,,,
z0bz,michael-zheng,Michael Zheng,2025,Clay,,,,,,,,,,,,,,,,,,
z0bz,michael-zheng,Michael Zheng,2025,Grass,,,,,,,,,,,,,,,,,,
z0bz,michael-zheng,Michael Zheng,2025,Carpet,,,,,,,,,,,,,,,,,,
z0bz,michael-zheng,Michael Zheng,2024,all,,,,,,,,,,,,,,,,,,
z0bz,michael-zheng,Michael Zheng,2024,Hard,,,,,,,,,,,,,,,,,,
z0bz,michael-zheng,Michael Zheng,2024,Clay,,,,,,,,,,,,,,,,,,
z0bz,michael-zheng,Michael Zheng,2024,Grass,,,,,,,,,,,,,,,,,,
z0bz,michael-zheng,Michael Zheng,2024,Carpet,,,,,,,,,,,,,,,,,,
z0bz,michael-zheng,Michael Zheng,2023,all,,,,,,,,,,,,,,,,,,
z0bz,michael-zheng,Michael Zheng,2023,Hard,,,,,,,,,,,,,,,,,,
z0bz,michael-zheng,Michael Zheng,2023,Clay,,,,,,,,,,,,,,,,,,
z0bz,michael-zheng,Michael Zheng,2023,Grass,,,,,,,,,,,,,,,,,,
z0bz,michael-zheng,Michael Zheng,2023,Carpet,,,,,,,,,,,,,,,,,,
o483,christopher-o'connell,Christopher O'Connell,all,all,1150,305,61,72,49,1123,63,2025,80,63,26,46,948,34,2031,16,34,49
o483,christopher-o'connell,Christopher O'Connell,all,Hard,930,202,61,73,50,790,65,1444,81,64,26,47,655,35,1444,16,34,49
o483,christopher-o'connell,Christopher O'Connell,all,Clay,158,79,61,69,49,225,57,408,76,61,29,45,232,31,416,18,35,48
o483,christopher-o'connell,Christopher O'Connell,all,Grass,62,24,65,71,48,108,68,173,80,63,20,47,61,34,171,12,30,48
o483,christopher-o'connell,Christopher O'Connell,all,Carpet,,,,,,,,,,,,,,,,,,
o483,christopher-o'connell,Christopher O'Connell,2026,all,73,13,58,70,49,62,61,107,78,61,25,47,37,41,112,13,33,47
o483,christopher-o'connell,Christopher O'Connell,2026,Hard,71,12,58,71,50,57,65,96,79,62,24,45,29,41,101,12,32,47
o483,christopher-o'connell,Christopher O'Connell,2026,Clay,2,1,60,64,38,5,20,11,64,54,32,67,8,38,11,27,42,47
o483,christopher-o'connell,Christopher O'Connell,2026,Grass,,,,,,,,,,,,,,,,,,
o483,christopher-o'connell,Christopher O'Connell,2026,Carpet,,,,,,,,,,,,,,,,,,
o483,christopher-o'connell,Christopher O'Connell,2025,all,207,59,60,69,49,235,65,365,77,61,28,43,177,34,366,16,34,48
o483,christopher-o'connell,Christopher O'Connell,2025,Hard,163,37,60,70,51,131,63,246,80,62,28,44,119,37,246,18,34,49
o483,christopher-o'connell,Christopher O'Connell,2025,Clay,35,17,59,67,48,66,67,88,75,59,29,44,47,32,89,17,35,48
o483,christopher-o'connell,Christopher O'Connell,2025,Grass,9,5,58,67,41,38,68,31,61,56,20,36,11,9,31,3,27,43
o483,christopher-o'connell,Christopher O'Connell,2025,Carpet,,,,,,,,,,,,,,,,,,
o483,christopher-o'connell,Christopher O'Connell,2024,all,293,78,59,74,49,236,64,451,81,64,25,48,207,35,456,16,34,49
o483,christopher-o'connell,Christopher O'Connell,2024,Hard,279,66,59,75,50,207,67,405,83,65,25,50,190,36,405,17,34,50
o483,christopher-o'connell,Christopher O'Connell,2024,Clay,11,10,64,63,44,21,43,34,65,56,32,35,15,20,38,8,33,44
o483,christopher-o'connell,Christopher O'Connell,2024,Grass,3,2,64,59,38,8,38,12,58,51,5,32,2,0,13,0,16,36
o483,christopher-o'connell,Christopher O'Connell,2024,Carpet,,,,,,,,,,,,,,,,,,
o483,christopher-o'connell,Christopher O'Connell,2023,all,289,81,62,73,49,286,62,547,80,64,27,46,279,34,549,17,34,49
o483,christopher-o'connell,Christopher O'Connell,2023,Hard,162,29,63,72,48,160,63,262,77,63,26,45,124,31,262,15,33,48
o483,christopher-o'connell,Christopher O'Connell,2023,Clay,83,40,59,73,49,89,57,190,80,63,30,46,118,34,194,21,36,49
o483,christopher-o'connell,Christopher O'Connell,2023,Grass,44,12,67,76,54,37,73,95,89,68,22,51,37,43,93,17,32,51
o483,christopher-o'connell,Christopher O'Connell,2023,Carpet,,,,,,,,,,,,,,,,,,
n0bg,luca-nardi,Luca Nardi,all,all,180,213,61,67,47,480,60,679,71,60,25,48,334,34,680,17,34,47
n0bg,luca-nardi,Luca Nardi,all,Hard,136,146,60,69,49,308,61,458,74,61,25,49,234,35,458,18,34,48
n0bg,luca-nardi,Luca Nardi,all,Clay,26,44,61,63,47,112,52,159,66,57,26,46,80,26,158,13,34,45
n0bg,luca-nardi,Luca Nardi,all,Grass,18,23,62,64,41,60,65,62,66,55,21,49,20,50,64,16,32,45
n0bg,luca-nardi,Luca Nardi,all,Carpet,,,,,,,,,,,,,,,,,,
n0bg,luca-nardi,Luca Nardi,2026,all,26,9,62,70,61,33,67,61,82,67,27,44,43,28,63,19,35,50
n0bg,luca-nardi,Luca Nardi,2026,Hard,26,9,62,70,61,33,67,61,82,67,27,44,43,28,63,19,35,50
n0bg,luca-nardi,Luca Nardi,2026,Clay,,,,,,,,,,,,,,,,,,
n0bg,luca-nardi,Luca Nardi,2026,Grass,,,,,,,,,,,,,,,,,,
n0bg,luca-nardi,Luca Nardi,2026,Carpet,,,,,,,,,,,,,,,,,,
n0bg,luca-nardi,Luca Nardi,2025,all,69,102,57,69,47,205,65,254,72,60,25,46,121,37,258,17,33,47
n0bg,luca-nardi,Luca Nardi,2025,Hard,58,80,57,70,48,152,64,199,73,61,26,48,102,38,202,19,34,48
n0bg,luca-nardi,Luca Nardi,2025,Clay,8,17,60,66,46,40,68,43,70,58,23,44,19,32,43,14,32,46
n0bg,luca-nardi,Luca Nardi,2025,Grass,3,5,55,58,43,13,62,12,58,51,11,30,0,0,13,0,18,37
n0bg,luca-nardi,Luca Nardi,2025,Carpet,,,,,,,,,,,,,,,,,,
n0bg,luca-nardi,Luca Nardi,2024,all,43,69,62,66,43,138,56,191,68,57,24,51,87,38,191,17,35,46
n0bg,luca-nardi,Luca Nardi,2024,Hard,21,35,62,66,41,60,53,84,67,57,24,52,42,36,81,19,35,46
n0bg,luca-nardi,Luca Nardi,2024,Clay,7,16,61,66,48,31,45,57,70,59,26,48,25,32,59,14,34,46
n0bg,luca-nardi,Luca Nardi,2024,Grass,15,18,64,66,40,47,66,50,68,56,24,54,20,50,51,20,34,46
n0bg,luca-nardi,Luca Nardi,2024,Carpet,,,,,,,,,,,,,,,,,,
n0bg,luca-nardi,Luca Nardi,2023,all,25,14,68,66,47,57,46,103,70,60,25,49,51,27,100,14,34,47
n0bg,luca-nardi,Luca Nardi,2023,Hard,20,9,70,71,49,30,53,62,77,65,18,51,19,37,61,11,31,48
n0bg,luca-nardi,Luca Nardi,2023,Clay,5,5,66,57,45,27,37,41,59,53,33,47,32,22,39,18,38,45
n0bg,luca-nardi,Luca Nardi,2023,Grass,,,,,,,,,,,,,,,,,,
n0bg,luca-nardi,Luca Nardi,2023,Carpet,,,,,,,,,,,,,,,,,,
y09v,yunchaokete-bu,Yunchaokete Bu,all,all,376,101,57,73,51,347,63,653,80,64,26,48,325,35,659,17,34,49
y09v,yunchaokete-bu,Yunchaokete Bu,all,Hard,319,79,57,74,51,278,65,529,82,64,25,49,262,37,534,18,34,49
y09v,yunchaokete-bu,Yunchaokete Bu,all,Clay,39,14,56,71,48,49,51,93,74,61,29,42,47,28,94,14,34,47
y09v,yunchaokete-bu,Yunchaokete Bu,all,Grass,18,8,63,69,43,20,65,31,77,59,25,46,16,25,31,13,32,46
y09v,yunchaokete-bu,Yunchaokete Bu,all,Carpet,,,,,,,,,,,,,,,,,,
y09v,yunchaokete-bu,Yunchaokete Bu,2026,all,1,1,60,62,58,8,63,13,77,60,13,23,1,0,15,0,17,40
y09v,yunchaokete-bu,Yunchaokete Bu,2026,Hard,1,1,60,62,58,8,63,13,77,60,13,23,1,0,15,0,17,40
y09v,yunchaokete-bu,Yunchaokete Bu,2026,Clay,,,,,,,,,,,,,,,,,,
y09v,yunchaokete-bu,Yunchaokete Bu,2026,Grass,,,,,,,,,,,,,,,,,,
y09v,yunchaokete-bu,Yunchaokete Bu,2026,Carpet,,,,,,,,,,,,,,,,,,
y09v,yunchaokete-bu,Yunchaokete Bu,2025,all,261,76,57,73,49,261,64,469,80,63,25,49,240,33,471,17,34,49
y09v,yunchaokete-bu,Yunchaokete Bu,2025,Hard,204,54,57,74,50,192,67,345,81,64,24,51,177,35,346,18,34,49
y09v,yunchaokete-bu,Yunchaokete Bu,2025,Clay,39,14,56,71,48,49,51,93,74,61,29,42,47,28,94,14,34,47
y09v,yunchaokete-bu,Yunchaokete Bu,2025,Grass,18,8,63,69,43,20,65,31,77,59,25,46,16,25,31,13,32,46
y09v,yunchaokete-bu,Yunchaokete Bu,2025,Carpet,,,,,,,,,,,,,,,,,,
y09v,yunchaokete-bu,Yunchaokete Bu,2024,all,96,21,58,74,55,68,62,152,83,66,28,46,77,39,152,20,35,50
y09v,yunchaokete-bu,Yunchaokete Bu,2024,Hard,96,21,58,74,55,68,62,152,83,66,28,46,77,39,152,20,35,50
y09v,yunchaokete-bu,Yunchaokete Bu,2024,Clay,,,,,,,,,,,,,,,,,,
y09v,yunchaokete-bu,Yunchaokete Bu,2024,Grass,,,,,,,,,,,,,,,,,,
y09v,yunchaokete-bu,Yunchaokete Bu,2024,Carpet,,,,,,,,,,,,,,,,,,
y09v,yunchaokete-bu,Yunchaokete Bu,2023,all,18,3,60,77,46,10,60,19,79,64,30,54,7,57,21,19,38,50
y09v,yunchaokete-bu,Yunchaokete Bu,2023,Hard,18,3,60,77,46,10,60,19,79,64,30,54,7,57,21,19,38,50
y09v,yunchaokete-bu,Yunchaokete Bu,2023,Clay,,,,,,,,,,,,,,,,,,
y09v,yunchaokete-bu,Yunchaokete Bu,2023,Grass,,,,,,,,,,,,,,,,,,
y09v,yunchaokete-bu,Yunchaokete Bu,2023,Carpet,,,,,,,,,,,,,,,,,,
m0k4,elmer-moller,Elmer Moller,all,all,27,74,58,60,46,150,57,145,55,54,31,51,81,40,145,22,39,46
m0k4,elmer-moller,Elmer Moller,all,Hard,1,12,49,63,43,10,50,12,58,53,16,36,0,0,13,0,26,40
m0k4,elmer-moller,Elmer Moller,all,Clay,24,49,61,58,45,129,57,120,54,53,34,53,79,39,118,26,41,47
m0k4,elmer-moller,Elmer Moller,all,Grass,2,13,41,71,50,11,55,13,62,59,12,47,2,50,14,7,28,44
m0k4,elmer-moller,Elmer Moller,all,Carpet,,,,,,,,,,,,,,,,,,
m0k4,elmer-moller,Elmer Moller,2026,all,13,34,58,62,45,62,53,69,58,55,33,56,49,39,68,28,41,48
m0k4,elmer-moller,Elmer Moller,2026,Hard,0,0,0,0,0,0,0,0,0,0,0,0,0,0,0,0,0,0
m0k4,elmer-moller,Elmer Moller,2026,Clay,13,34,58,62,45,62,53,69,58,55,33,56,49,39,68,28,41,48
m0k4,elmer-moller,Elmer Moller,2026,Grass,,,,,,,,,,,,,,,,,,
m0k4,elmer-moller,Elmer Moller,2026,Carpet,,,,,,,,,,,,,,,,,,
m0k4,elmer-moller,Elmer Moller,2025,all,14,40,58,57,46,88,59,76,53,53,30,47,32,41,77,17,37,45
m0k4,elmer-moller,Elmer Moller,2025,Hard,1,12,49,63,43,10,50,12,58,53,16,36,0,0,13,0,26,40
m0k4,elmer-moller,Elmer Moller,2025,Clay,11,15,64,54,46,67,61,51,49,51,36,50,30,40,50,24,42,46
m0k4,elmer-moller,Elmer Moller,2025,Grass,2,13,41,71,50,11,55,13,62,59,12,47,2,50,14,7,28,44
m0k4,elmer-moller,Elmer Moller,2025,Carpet,,,,,,,,,,,,,,,,,,
m0k4,elmer-moller,Elmer Moller,2024,all,0,0,0,0,0,0,0,0,0,0,0,0,0,0,0,0,0,0
m0k4,elmer-moller,Elmer Moller,2024,Hard,0,0,0,0,0,0,0,0,0,0,0,0,0,0,0,0,0,0
m0k4,elmer-moller,Elmer Moller,2024,Clay,0,0,0,0,0,0,0,0,0,0,0,0,0,0,0,0,0,0
m0k4,elmer-moller,Elmer Moller,2024,Grass,,,,,,,,,,,,,,,,,,
m0k4,elmer-moller,Elmer Moller,2024,Carpet,,,,,,,,,,,,,,,,,,
m0k4,elmer-moller,Elmer Moller,2023,all,0,0,0,0,0,0,0,0,0,0,0,0,0,0,0,0,0,0
m0k4,elmer-moller,Elmer Moller,2023,Hard,0,0,0,0,0,0,0,0,0,0,0,0,0,0,0,0,0,0
m0k4,elmer-moller,Elmer Moller,2023,Clay,,,,,,,,,,,,,,,,,,
m0k4,elmer-moller,Elmer Moller,2023,Grass,,,,,,,,,,,,,,,,,,
m0k4,elmer-moller,Elmer Moller,2023,Carpet,,,,,,,,,,,,,,,,,,
b0nn,nishesh-basavareddy,Nishesh Basavareddy,all,all,145,110,57,71,51,199,57,366,77,62,24,49,176,34,374,16,33,48
b0nn,nishesh-basavareddy,Nishesh Basavareddy,all,Hard,129,84,58,71,52,146,56,298,79,63,24,50,151,34,306,17,34,49
b0nn,nishesh-basavareddy,Nishesh Basavareddy,all,Clay,9,15,50,70,47,29,62,36,69,58,28,51,16,38,35,17,34,47
b0nn,nishesh-basavareddy,Nishesh Basavareddy,all,Grass,7,11,57,66,45,24,54,32,66,57,20,32,9,22,33,6,24,41
b0nn,nishesh-basavareddy,Nishesh Basavareddy,all,Carpet,,,,,,,,,,,,,,,,,,
b0nn,nishesh-basavareddy,Nishesh Basavareddy,2026,all,35,21,50,72,53,39,64,65,78,63,24,50,28,32,64,14,33,48
b0nn,nishesh-basavareddy,Nishesh Basavareddy,2026,Hard,27,8,50,74,54,16,50,39,79,64,23,48,17,29,38,13,33,48
b0nn,nishesh-basavareddy,Nishesh Basavareddy,2026,Clay,8,13,51,70,52,23,74,26,77,61,26,53,11,36,26,15,34,49
b0nn,nishesh-basavareddy,Nishesh Basavareddy,2026,Grass,,,,,,,,,,,,,,,,,,
b0nn,nishesh-basavareddy,Nishesh Basavareddy,2026,Carpet,,,,,,,,,,,,,,,,,,
b0nn,nishesh-basavareddy,Nishesh Basavareddy,2025,all,74,70,57,69,51,124,52,229,74,61,24,48,101,36,235,15,33,47
b0nn,nishesh-basavareddy,Nishesh Basavareddy,2025,Hard,66,57,57,69,53,94,53,187,76,62,24,50,87,37,193,17,34,48
b0nn,nishesh-basavareddy,Nishesh Basavareddy,2025,Clay,1,2,48,68,33,6,17,10,50,50,33,40,5,40,9,22,35,43
b0nn,nishesh-basavareddy,Nishesh Basavareddy,2025,Grass,7,11,57,66,45,24,54,32,66,57,20,32,9,22,33,6,24,41
b0nn,nishesh-basavareddy,Nishesh Basavareddy,2025,Carpet,,,,,,,,,,,,,,,,,,
b0nn,nishesh-basavareddy,Nishesh Basavareddy,2024,all,,,,,,,,,,,,,,,,,,
b0nn,nishesh-basavareddy,Nishesh Basavareddy,2024,Hard,,,,,,,,,,,,,,,,,,
b0nn,nishesh-basavareddy,Nishesh Basavareddy,2024,Clay,,,,,,,,,,,,,,,,,,
b0nn,nishesh-basavareddy,Nishesh Basavareddy,2024,Grass,,,,,,,,,,,,,,,,,,
b0nn,nishesh-basavareddy,Nishesh Basavareddy,2024,Carpet,,,,,,,,,,,,,,,,,,
b0nn,nishesh-basavareddy,Nishesh Basavareddy,2023,all,,,,,,,,,,,,,,,,,,
b0nn,nishesh-basavareddy,Nishesh Basavareddy,2023,Hard,,,,,,,,,,,,,,,,,,
b0nn,nishesh-basavareddy,Nishesh Basavareddy,2023,Clay,,,,,,,,,,,,,,,,,,
b0nn,nishesh-basavareddy,Nishesh Basavareddy,2023,Grass,,,,,,,,,,,,,,,,,,
b0nn,nishesh-basavareddy,Nishesh Basavareddy,2023,Carpet,,,,,,,,,,,,,,,,,,
ph64,andrea-pellegrino,Andrea Pellegrino,all,all,19,21,62,65,52,61,54,106,74,60,28,53,53,47,112,22,38,49
ph64,andrea-pellegrino,Andrea Pellegrino,all,Hard,,,,,,,,,,,,,,,,,,
ph64,andrea-pellegrino,Andrea Pellegrino,all,Clay,19,21,62,65,52,61,54,106,74,60,28,53,53,47,112,22,38,49
ph64,andrea-pellegrino,Andrea Pellegrino,all,Grass,,,,,,,,,,,,,,,,,,
ph64,andrea-pellegrino,Andrea Pellegrino,all,Carpet,,,,,,,,,,,,,,,,,,
ph64,andrea-pellegrino,Andrea Pellegrino,2026,all,10,11,55,70,55,26,62,49,80,63,20,55,24,46,52,21,37,50
ph64,andrea-pellegrino,Andrea Pellegrino,2026,Hard,,,,,,,,,,,,,,,,,,
ph64,andrea-pellegrino,Andrea Pellegrino,2026,Clay,10,11,55,70,55,26,62,49,80,63,20,55,24,46,52,21,37,50
ph64,andrea-pellegrino,Andrea Pellegrino,2026,Grass,,,,,,,,,,,,,,,,,,
ph64,andrea-pellegrino,Andrea Pellegrino,2026,Carpet,,,,,,,,,,,,,,,,,,
ph64,andrea-pellegrino,Andrea Pellegrino,2025,all,7,4,67,64,58,16,63,28,79,62,32,49,14,50,29,24,39,50
ph64,andrea-pellegrino,Andrea Pellegrino,2025,Hard,,,,,,,,,,,,,,,,,,
ph64,andrea-pellegrino,Andrea Pellegrino,2025,Clay,7,4,67,64,58,16,63,28,79,62,32,49,14,50,29,24,39,50
ph64,andrea-pellegrino,Andrea Pellegrino,2025,Grass,,,,,,,,,,,,,,,,,,
ph64,andrea-pellegrino,Andrea Pellegrino,2025,Carpet,,,,,,,,,,,,,,,,,,
ph64,andrea-pellegrino,Andrea Pellegrino,2024,all,1,2,67,62,35,6,33,10,60,53,31,60,5,40,10,20,38,46
ph64,andrea-pellegrino,Andrea Pellegrino,2024,Hard,,,,,,,,,,,,,,,,,,
ph64,andrea-pellegrino,Andrea Pellegrino,2024,Clay,1,2,67,62,35,6,33,10,60,53,31,60,5,40,10,20,38,46
ph64,andrea-pellegrino,Andrea Pellegrino,2024,Grass,,,,,,,,,,,,,,,,,,
ph64,andrea-pellegrino,Andrea Pellegrino,2024,Carpet,,,,,,,,,,,,,,,,,,
ph64,andrea-pellegrino,Andrea Pellegrino,2023,all,,,,,,,,,,,,,,,,,,
ph64,andrea-pellegrino,Andrea Pellegrino,2023,Hard,,,,,,,,,,,,,,,,,,
ph64,andrea-pellegrino,Andrea Pellegrino,2023,Clay,,,,,,,,,,,,,,,,,,
ph64,andrea-pellegrino,Andrea Pellegrino,2023,Grass,,,,,,,,,,,,,,,,,,
ph64,andrea-pellegrino,Andrea Pellegrino,2023,Carpet,,,,,,,,,,,,,,,,,,
s0uv,rei-sakamoto,Rei Sakamoto,all,all,40,10,62,69,56,48,63,85,79,64,22,43,23,30,86,8,29,47
s0uv,rei-sakamoto,Rei Sakamoto,all,Hard,40,10,62,69,56,48,63,85,79,64,22,43,23,30,86,8,29,47
s0uv,rei-sakamoto,Rei Sakamoto,all,Clay,,,,,,,,,,,,,,,,,,
s0uv,rei-sakamoto,Rei Sakamoto,all,Grass,,,,,,,,,,,,,,,,,,
s0uv,rei-sakamoto,Rei Sakamoto,all,Carpet,,,,,,,,,,,,,,,,,,
s0uv,rei-sakamoto,Rei Sakamoto,2026,all,32,8,61,69,57,31,58,64,80,64,23,41,19,26,65,8,29,47
s0uv,rei-sakamoto,Rei Sakamoto,2026,Hard,32,8,61,69,57,31,58,64,80,64,23,41,19,26,65,8,29,47
s0uv,rei-sakamoto,Rei Sakamoto,2026,Clay,,,,,,,,,,,,,,,,,,
s0uv,rei-sakamoto,Rei Sakamoto,2026,Grass,,,,,,,,,,,,,,,,,,
s0uv,rei-sakamoto,Rei Sakamoto,2026,Carpet,,,,,,,,,,,,,,,,,,
s0uv,rei-sakamoto,Rei Sakamoto,2025,all,8,2,66,67,53,17,71,21,76,62,19,52,4,50,21,10,28,47
s0uv,rei-sakamoto,Rei Sakamoto,2025,Hard,8,2,66,67,53,17,71,21,76,62,19,52,4,50,21,10,28,47
s0uv,rei-sakamoto,Rei Sakamoto,2025,Clay,,,,,,,,,,,,,,,,,,
s0uv,rei-sakamoto,Rei Sakamoto,2025,Grass,,,,,,,,,,,,,,,,,,
s0uv,rei-sakamoto,Rei Sakamoto,2025,Carpet,,,,,,,,,,,,,,,,,,
s0uv,rei-sakamoto,Rei Sakamoto,2024,all,,,,,,,,,,,,,,,,,,
s0uv,rei-sakamoto,Rei Sakamoto,2024,Hard,,,,,,,,,,,,,,,,,,
s0uv,rei-sakamoto,Rei Sakamoto,2024,Clay,,,,,,,,,,,,,,,,,,
s0uv,rei-sakamoto,Rei Sakamoto,2024,Grass,,,,,,,,,,,,,,,,,,
s0uv,rei-sakamoto,Rei Sakamoto,2024,Carpet,,,,,,,,,,,,,,,,,,
s0uv,rei-sakamoto,Rei Sakamoto,2023,all,,,,,,,,,,,,,,,,,,
s0uv,rei-sakamoto,Rei Sakamoto,2023,Hard,,,,,,,,,,,,,,,,,,
s0uv,rei-sakamoto,Rei Sakamoto,2023,Clay,,,,,,,,,,,,,,,,,,
s0uv,rei-sakamoto,Rei Sakamoto,2023,Grass,,,,,,,,,,,,,,,,,,
s0uv,rei-sakamoto,Rei Sakamoto,2023,Carpet,,,,,,,,,,,,,,,,,,
f0dm,arthur-fery,Arthur Fery,all,all,35,12,62,62,54,90,61,118,70,59,27,52,74,32,117,21,37,48
f0dm,arthur-fery,Arthur Fery,all,Hard,15,3,63,64,52,35,60,47,70,59,30,44,27,30,47,17,35,47
f0dm,arthur-fery,Arthur Fery,all,Clay,,,,,,,,,,,,,,,,,,
f0dm,arthur-fery,Arthur Fery,all,Grass,20,9,61,61,55,55,62,71,70,59,25,57,47,34,70,23,38,49
f0dm,arthur-fery,Arthur Fery,all,Carpet,,,,,,,,,,,,,,,,,,
f0dm,arthur-fery,Arthur Fery,2026,all,15,1,67,66,50,23,57,38,74,61,32,42,23,30,38,18,35,48
f0dm,arthur-fery,Arthur Fery,2026,Hard,15,1,67,66,50,23,57,38,74,61,32,42,23,30,38,18,35,48
f0dm,arthur-fery,Arthur Fery,2026,Clay,,,,,,,,,,,,,,,,,,
f0dm,arthur-fery,Arthur Fery,2026,Grass,,,,,,,,,,,,,,,,,,
f0dm,arthur-fery,Arthur Fery,2026,Carpet,,,,,,,,,,,,,,,,,,
f0dm,arthur-fery,Arthur Fery,2025,all,12,7,56,60,58,34,68,41,73,59,28,55,33,24,42,19,38,48
f0dm,arthur-fery,Arthur Fery,2025,Hard,0,2,47,50,56,12,67,9,56,53,25,56,4,25,9,11,33,43
f0dm,arthur-fery,Arthur Fery,2025,Clay,,,,,,,,,,,,,,,,,,
f0dm,arthur-fery,Arthur Fery,2025,Grass,12,5,59,62,58,22,68,32,78,60,29,54,29,24,33,21,39,50
f0dm,arthur-fery,Arthur Fery,2025,Carpet,,,,,,,,,,,,,,,,,,
f0dm,arthur-fery,Arthur Fery,2024,all,6,4,63,59,56,21,62,23,65,58,21,63,14,50,22,32,39,50
f0dm,arthur-fery,Arthur Fery,2024,Hard,,,,,,,,,,,,,,,,,,
f0dm,arthur-fery,Arthur Fery,2024,Clay,,,,,,,,,,,,,,,,,,
f0dm,arthur-fery,Arthur Fery,2024,Grass,6,4,63,59,56,21,62,23,65,58,21,63,14,50,22,32,39,50
f0dm,arthur-fery,Arthur Fery,2024,Carpet,,,,,,,,,,,,,,,,,,
f0dm,arthur-fery,Arthur Fery,2023,all,2,0,61,60,49,12,50,16,63,55,21,52,4,50,15,13,32,45
f0dm,arthur-fery,Arthur Fery,2023,Hard,,,,,,,,,,,,,,,,,,
f0dm,arthur-fery,Arthur Fery,2023,Clay,,,,,,,,,,,,,,,,,,
f0dm,arthur-fery,Arthur Fery,2023,Grass,2,0,61,60,49,12,50,16,63,55,21,52,4,50,15,13,32,45
f0dm,arthur-fery,Arthur Fery,2023,Carpet,,,,,,,,,,,,,,,,,,
l0gh,mark-lajal,Mark Lajal,all,all,39,13,65,73,52,37,68,76,84,66,24,48,32,38,74,16,34,50
l0gh,mark-lajal,Mark Lajal,all,Hard,23,5,63,80,52,12,58,39,87,70,25,48,15,33,37,14,34,51
l0gh,mark-lajal,Mark Lajal,all,Clay,0,0,0,0,0,0,0,0,0,0,0,0,0,0,0,0,0,0
l0gh,mark-lajal,Mark Lajal,all,Grass,16,8,67,67,51,25,72,37,81,62,23,49,17,41,37,19,34,48
l0gh,mark-lajal,Mark Lajal,all,Carpet,,,,,,,,,,,,,,,,,,
l0gh,mark-lajal,Mark Lajal,2026,all,,,,,,,,,,,,,,,,,,
l0gh,mark-lajal,Mark Lajal,2026,Hard,,,,,,,,,,,,,,,,,,
l0gh,mark-lajal,Mark Lajal,2026,Clay,,,,,,,,,,,,,,,,,,
l0gh,mark-lajal,Mark Lajal,2026,Grass,,,,,,,,,,,,,,,,,,
l0gh,mark-lajal,Mark Lajal,2026,Carpet,,,,,,,,,,,,,,,,,,
l0gh,mark-lajal,Mark Lajal,2025,all,17,8,64,75,47,24,71,38,82,65,30,48,18,44,37,22,37,51
l0gh,mark-lajal,Mark Lajal,2025,Hard,8,2,61,77,46,9,44,17,71,65,32,42,5,60,16,19,35,50
l0gh,mark-lajal,Mark Lajal,2025,Clay,,,,,,,,,,,,,,,,,,
l0gh,mark-lajal,Mark Lajal,2025,Grass,9,6,66,74,47,15,87,21,90,65,28,51,13,38,21,24,38,52
l0gh,mark-lajal,Mark Lajal,2025,Carpet,,,,,,,,,,,,,,,,,,
l0gh,mark-lajal,Mark Lajal,2024,all,7,2,68,58,58,10,50,16,69,58,16,45,4,50,16,13,27,43
l0gh,mark-lajal,Mark Lajal,2024,Hard,0,0,0,0,0,0,0,0,0,0,0,0,0,0,0,0,0,0
l0gh,mark-lajal,Mark Lajal,2024,Clay,,,,,,,,,,,,,,,,,,
l0gh,mark-lajal,Mark Lajal,2024,Grass,7,2,68,58,58,10,50,16,69,58,16,45,4,50,16,13,27,43
l0gh,mark-lajal,Mark Lajal,2024,Carpet,,,,,,,,,,,,,,,,,,
l0gh,mark-lajal,Mark Lajal,2023,all,15,3,65,82,58,3,100,22,100,73,20,51,10,20,21,10,33,52
l0gh,mark-lajal,Mark Lajal,2023,Hard,15,3,65,82,58,3,100,22,100,73,20,51,10,20,21,10,33,52
l0gh,mark-lajal,Mark Lajal,2023,Clay,,,,,,,,,,,,,,,,,,
l0gh,mark-lajal,Mark Lajal,2023,Grass,,,,,,,,,,,,,,,,,,
l0gh,mark-lajal,Mark Lajal,2023,Carpet,,,,,,,,,,,,,,,,,,
ki63,lukas-klein,Lukas Klein,all,all,173,84,65,72,54,157,61,355,83,66,28,47,198,28,353,16,35,50
ki63,lukas-klein,Lukas Klein,all,Hard,117,39,64,73,55,86,63,201,84,67,28,49,117,29,198,17,36,51
ki63,lukas-klein,Lukas Klein,all,Clay,37,30,67,71,49,50,58,108,81,64,28,45,59,25,107,14,35,49
ki63,lukas-klein,Lukas Klein,all,Grass,19,15,64,71,59,21,57,46,80,67,28,47,22,27,48,13,35,50
ki63,lukas-klein,Lukas Klein,all,Carpet,,,,,,,,,,,,,,,,,,
ki63,lukas-klein,Lukas Klein,2026,all,,,,,,,,,,,,,,,,,,
ki63,lukas-klein,Lukas Klein,2026,Hard,,,,,,,,,,,,,,,,,,
ki63,lukas-klein,Lukas Klein,2026,Clay,,,,,,,,,,,,,,,,,,
ki63,lukas-klein,Lukas Klein,2026,Grass,,,,,,,,,,,,,,,,,,
ki63,lukas-klein,Lukas Klein,2026,Carpet,,,,,,,,,,,,,,,,,,
ki63,lukas-klein,Lukas Klein,2025,all,11,4,59,70,55,8,50,18,78,64,35,44,10,40,18,22,39,51
ki63,lukas-klein,Lukas Klein,2025,Hard,11,4,59,70,55,8,50,18,78,64,35,44,10,40,18,22,39,51
ki63,lukas-klein,Lukas Klein,2025,Clay,,,,,,,,,,,,,,,,,,
ki63,lukas-klein,Lukas Klein,2025,Grass,,,,,,,,,,,,,,,,,,
ki63,lukas-klein,Lukas Klein,2025,Carpet,,,,,,,,,,,,,,,,,,
ki63,lukas-klein,Lukas Klein,2024,all,132,56,65,74,54,105,64,249,85,67,27,49,130,30,246,16,35,50
ki63,lukas-klein,Lukas Klein,2024,Hard,102,35,65,74,55,71,65,174,86,67,28,51,101,30,171,18,36,51
ki63,lukas-klein,Lukas Klein,2024,Clay,30,21,67,74,51,34,62,75,83,66,24,45,29,31,75,12,33,49
ki63,lukas-klein,Lukas Klein,2024,Grass,,,,,,,,,,,,,,,,,,
ki63,lukas-klein,Lukas Klein,2024,Carpet,,,,,,,,,,,,,,,,,,
ki63,lukas-klein,Lukas Klein,2023,all,4,0,59,58,58,7,57,9,67,58,29,30,6,0,9,0,29,44
ki63,lukas-klein,Lukas Klein,2023,Hard,4,0,59,58,58,7,57,9,67,58,29,30,6,0,9,0,29,44
ki63,lukas-klein,Lukas Klein,2023,Clay,,,,,,,,,,,,,,,,,,
ki63,lukas-klein,Lukas Klein,2023,Grass,,,,,,,,,,,,,,,,,,
ki63,lukas-klein,Lukas Klein,2023,Carpet,,,,,,,,,,,,,,,,,,
r09x,jurij-rodionov,Jurij Rodionov,all,all,209,97,61,70,50,228,58,420,77,62,26,48,211,30,422,15,34,48
r09x,jurij-rodionov,Jurij Rodionov,all,Hard,66,35,60,71,50,81,58,148,77,63,25,50,74,28,150,14,34,48
r09x,jurij-rodionov,Jurij Rodionov,all,Clay,83,38,60,70,48,102,56,189,76,61,28,50,107,33,189,19,36,49
r09x,jurij-rodionov,Jurij Rodionov,all,Grass,60,24,64,70,51,45,64,83,81,63,21,42,30,27,83,10,30,48
r09x,jurij-rodionov,Jurij Rodionov,all,Carpet,,,,,,,,,,,,,,,,,,
r09x,jurij-rodionov,Jurij Rodionov,2026,all,0,0,0,0,0,0,0,0,0,0,0,0,0,0,0,0,0,0
r09x,jurij-rodionov,Jurij Rodionov,2026,Hard,0,0,0,0,0,0,0,0,0,0,0,0,0,0,0,0,0,0
r09x,jurij-rodionov,Jurij Rodionov,2026,Clay,,,,,,,,,,,,,,,,,,
r09x,jurij-rodionov,Jurij Rodionov,2026,Grass,,,,,,,,,,,,,,,,,,
r09x,jurij-rodionov,Jurij Rodionov,2026,Carpet,,,,,,,,,,,,,,,,,,
r09x,jurij-rodionov,Jurij Rodionov,2025,all,4,1,47,70,45,8,63,8,63,57,21,19,2,0,9,0,20,40
r09x,jurij-rodionov,Jurij Rodionov,2025,Hard,4,1,47,70,45,8,63,8,63,57,21,19,2,0,9,0,20,40
r09x,jurij-rodionov,Jurij Rodionov,2025,Clay,0,0,0,0,0,0,0,0,0,0,0,0,0,0,0,0,0,0
r09x,jurij-rodionov,Jurij Rodionov,2025,Grass,,,,,,,,,,,,,,,,,,
r09x,jurij-rodionov,Jurij Rodionov,2025,Carpet,,,,,,,,,,,,,,,,,,
r09x,jurij-rodionov,Jurij Rodionov,2024,all,10,10,58,74,38,16,38,39,74,59,27,61,34,21,39,18,38,48
r09x,jurij-rodionov,Jurij Rodionov,2024,Hard,3,4,52,63,36,6,33,8,50,50,26,50,8,13,9,11,35,42
r09x,jurij-rodionov,Jurij Rodionov,2024,Clay,7,6,60,76,39,10,40,31,81,61,27,64,26,23,30,20,39,50
r09x,jurij-rodionov,Jurij Rodionov,2024,Grass,,,,,,,,,,,,,,,,,,
r09x,jurij-rodionov,Jurij Rodionov,2024,Carpet,,,,,,,,,,,,,,,,,,
r09x,jurij-rodionov,Jurij Rodionov,2023,all,64,22,59,71,54,59,56,135,81,64,27,46,68,28,135,14,34,49
r09x,jurij-rodionov,Jurij Rodionov,2023,Hard,28,8,63,72,51,28,57,63,81,64,28,48,35,31,64,17,35,49
r09x,jurij-rodionov,Jurij Rodionov,2023,Clay,36,14,55,70,56,31,55,72,81,64,26,44,33,24,71,11,33,48
r09x,jurij-rodionov,Jurij Rodionov,2023,Grass,,,,,,,,,,,,,,,,,,
r09x,jurij-rodionov,Jurij Rodionov,2023,Carpet,,,,,,,,,,,,,,,,,,
s0tm,toby-samuel,Toby Samuel,all,all,,,,,,,,,,,,,,,,,,
s0tm,toby-samuel,Toby Samuel,all,Hard,,,,,,,,,,,,,,,,,,
s0tm,toby-samuel,Toby Samuel,all,Clay,,,,,,,,,,,,,,,,,,
s0tm,toby-samuel,Toby Samuel,all,Grass,,,,,,,,,,,,,,,,,,
s0tm,toby-samuel,Toby Samuel,all,Carpet,,,,,,,,,,,,,,,,,,
s0tm,toby-samuel,Toby Samuel,2026,all,,,,,,,,,,,,,,,,,,
s0tm,toby-samuel,Toby Samuel,2026,Hard,,,,,,,,,,,,,,,,,,
s0tm,toby-samuel,Toby Samuel,2026,Clay,,,,,,,,,,,,,,,,,,
s0tm,toby-samuel,Toby Samuel,2026,Grass,,,,,,,,,,,,,,,,,,
s0tm,toby-samuel,Toby Samuel,2026,Carpet,,,,,,,,,,,,,,,,,,
s0tm,toby-samuel,Toby Samuel,2025,all,,,,,,,,,,,,,,,,,,
s0tm,toby-samuel,Toby Samuel,2025,Hard,,,,,,,,,,,,,,,,,,
s0tm,toby-samuel,Toby Samuel,2025,Clay,,,,,,,,,,,,,,,,,,
s0tm,toby-samuel,Toby Samuel,2025,Grass,,,,,,,,,,,,,,,,,,
s0tm,toby-samuel,Toby Samuel,2025,Carpet,,,,,,,,,,,,,,,,,,
s0tm,toby-samuel,Toby Samuel,2024,all,,,,,,,,,,,,,,,,,,
s0tm,toby-samuel,Toby Samuel,2024,Hard,,,,,,,,,,,,,,,,,,
s0tm,toby-samuel,Toby Samuel,2024,Clay,,,,,,,,,,,,,,,,,,
s0tm,toby-samuel,Toby Samuel,2024,Grass,,,,,,,,,,,,,,,,,,
s0tm,toby-samuel,Toby Samuel,2024,Carpet,,,,,,,,,,,,,,,,,,
s0tm,toby-samuel,Toby Samuel,2023,all,,,,,,,,,,,,,,,,,,
s0tm,toby-samuel,Toby Samuel,2023,Hard,,,,,,,,,,,,,,,,,,
s0tm,toby-samuel,Toby Samuel,2023,Clay,,,,,,,,,,,,,,,,,,
s0tm,toby-samuel,Toby Samuel,2023,Grass,,,,,,,,,,,,,,,,,,
s0tm,toby-samuel,Toby Samuel,2023,Carpet,,,,,,,,,,,,,,,,,,
bv16,ugo-blanchet,Ugo Blanchet,all,all,92,64,54,70,50,104,53,189,74,61,27,47,83,42,190,18,34,48
bv16,ugo-blanchet,Ugo Blanchet,all,Hard,68,52,55,71,49,73,53,139,76,61,24,43,49,41,141,14,31,47
bv16,ugo-blanchet,Ugo Blanchet,all,Clay,24,12,52,66,54,31,52,50,70,60,33,59,34,44,49,31,42,51
bv16,ugo-blanchet,Ugo Blanchet,all,Grass,,,,,,,,,,,,,,,,,,
bv16,ugo-blanchet,Ugo Blanchet,all,Carpet,,,,,,,,,,,,,,,,,,
bv16,ugo-blanchet,Ugo Blanchet,2026,all,15,9,50,76,51,11,64,22,82,64,28,50,10,50,21,24,35,51
bv16,ugo-blanchet,Ugo Blanchet,2026,Hard,15,9,50,76,51,11,64,22,82,64,28,50,10,50,21,24,35,51
bv16,ugo-blanchet,Ugo Blanchet,2026,Clay,,,,,,,,,,,,,,,,,,
bv16,ugo-blanchet,Ugo Blanchet,2026,Grass,,,,,,,,,,,,,,,,,,
bv16,ugo-blanchet,Ugo Blanchet,2026,Carpet,,,,,,,,,,,,,,,,,,
bv16,ugo-blanchet,Ugo Blanchet,2025,all,56,39,55,68,49,67,49,123,72,59,26,44,48,42,125,16,33,47
bv16,ugo-blanchet,Ugo Blanchet,2025,Hard,47,36,56,70,48,54,52,102,75,60,23,42,31,45,105,13,31,46
bv16,ugo-blanchet,Ugo Blanchet,2025,Clay,9,3,52,60,49,13,38,21,62,55,37,52,17,35,20,30,43,48
bv16,ugo-blanchet,Ugo Blanchet,2025,Grass,,,,,,,,,,,,,,,,,,
bv16,ugo-blanchet,Ugo Blanchet,2025,Carpet,,,,,,,,,,,,,,,,,,
bv16,ugo-blanchet,Ugo Blanchet,2024,all,21,16,53,71,54,26,58,44,75,63,29,57,25,40,44,23,36,50
bv16,ugo-blanchet,Ugo Blanchet,2024,Hard,6,7,56,73,49,8,50,15,73,62,25,38,8,13,15,7,28,46
bv16,ugo-blanchet,Ugo Blanchet,2024,Clay,15,9,52,70,57,18,61,29,76,63,31,66,17,53,29,31,41,52
bv16,ugo-blanchet,Ugo Blanchet,2024,Grass,,,,,,,,,,,,,,,,,,
bv16,ugo-blanchet,Ugo Blanchet,2024,Carpet,,,,,,,,,,,,,,,,,,
bv16,ugo-blanchet,Ugo Blanchet,2023,all,,,,,,,,,,,,,,,,,,
bv16,ugo-blanchet,Ugo Blanchet,2023,Hard,,,,,,,,,,,,,,,,,,
bv16,ugo-blanchet,Ugo Blanchet,2023,Clay,,,,,,,,,,,,,,,,,,
bv16,ugo-blanchet,Ugo Blanchet,2023,Grass,,,,,,,,,,,,,,,,,,
bv16,ugo-blanchet,Ugo Blanchet,2023,Carpet,,,,,,,,,,,,,,,,,,
p09o,zsombor-piros,Zsombor Piros,all,all,17,8,61,57,45,45,51,50,56,52,28,53,23,43,50,20,37,45
p09o,zsombor-piros,Zsombor Piros,all,Hard,10,7,58,51,31,24,38,23,35,42,27,60,11,64,23,30,40,41
p09o,zsombor-piros,Zsombor Piros,all,Clay,7,1,62,62,58,21,67,27,74,61,28,46,12,25,27,11,34,47
p09o,zsombor-piros,Zsombor Piros,all,Grass,,,,,,,,,,,,,,,,,,
p09o,zsombor-piros,Zsombor Piros,all,Carpet,,,,,,,,,,,,,,,,,,
p09o,zsombor-piros,Zsombor Piros,2026,all,0,0,0,0,0,0,0,0,0,0,0,0,0,0,0,0,0,0
p09o,zsombor-piros,Zsombor Piros,2026,Hard,,,,,,,,,,,,,,,,,,
p09o,zsombor-piros,Zsombor Piros,2026,Clay,0,0,0,0,0,0,0,0,0,0,0,0,0,0,0,0,0,0
p09o,zsombor-piros,Zsombor Piros,2026,Grass,,,,,,,,,,,,,,,,,,
p09o,zsombor-piros,Zsombor Piros,2026,Carpet,,,,,,,,,,,,,,,,,,
p09o,zsombor-piros,Zsombor Piros,2025,all,5,6,56,55,31,14,36,15,40,44,20,67,8,63,15,33,40,42
p09o,zsombor-piros,Zsombor Piros,2025,Hard,5,6,56,55,31,14,36,15,40,44,20,67,8,63,15,33,40,42
p09o,zsombor-piros,Zsombor Piros,2025,Clay,,,,,,,,,,,,,,,,,,
p09o,zsombor-piros,Zsombor Piros,2025,Grass,,,,,,,,,,,,,,,,,,
p09o,zsombor-piros,Zsombor Piros,2025,Carpet,,,,,,,,,,,,,,,,,,
p09o,zsombor-piros,Zsombor Piros,2024,all,0,0,0,0,0,0,0,0,0,0,0,0,0,0,0,0,0,0
p09o,zsombor-piros,Zsombor Piros,2024,Hard,0,0,0,0,0,0,0,0,0,0,0,0,0,0,0,0,0,0
p09o,zsombor-piros,Zsombor Piros,2024,Clay,0,0,0,0,0,0,0,0,0,0,0,0,0,0,0,0,0,0
p09o,zsombor-piros,Zsombor Piros,2024,Grass,,,,,,,,,,,,,,,,,,
p09o,zsombor-piros,Zsombor Piros,2024,Carpet,,,,,,,,,,,,,,,,,,
p09o,zsombor-piros,Zsombor Piros,2023,all,8,1,64,59,49,24,63,26,65,55,28,45,7,57,26,15,34,46
p09o,zsombor-piros,Zsombor Piros,2023,Hard,5,1,63,44,30,10,40,8,25,39,37,47,3,67,8,25,40,40
p09o,zsombor-piros,Zsombor Piros,2023,Clay,3,0,64,66,58,14,79,18,83,63,24,45,4,50,18,11,32,48
p09o,zsombor-piros,Zsombor Piros,2023,Grass,,,,,,,,,,,,,,,,,,
p09o,zsombor-piros,Zsombor Piros,2023,Carpet,,,,,,,,,,,,,,,,,,
z0a1,giulio-zeppieri,Giulio Zeppieri,all,all,183,78,60,71,51,211,61,375,78,63,27,46,186,35,374,18,34,49
z0a1,giulio-zeppieri,Giulio Zeppieri,all,Hard,72,26,59,73,51,59,61,102,77,64,24,50,41,27,100,11,32,48
z0a1,giulio-zeppieri,Giulio Zeppieri,all,Clay,89,45,60,69,50,144,61,248,77,62,29,44,131,38,249,20,35,49
z0a1,giulio-zeppieri,Giulio Zeppieri,all,Grass,22,7,56,80,56,8,50,25,84,69,25,49,14,36,25,20,35,50
z0a1,giulio-zeppieri,Giulio Zeppieri,all,Carpet,,,,,,,,,,,,,,,,,,
z0a1,giulio-zeppieri,Giulio Zeppieri,2026,all,,,,,,,,,,,,,,,,,,
z0a1,giulio-zeppieri,Giulio Zeppieri,2026,Hard,,,,,,,,,,,,,,,,,,
z0a1,giulio-zeppieri,Giulio Zeppieri,2026,Clay,,,,,,,,,,,,,,,,,,
z0a1,giulio-zeppieri,Giulio Zeppieri,2026,Grass,,,,,,,,,,,,,,,,,,
z0a1,giulio-zeppieri,Giulio Zeppieri,2026,Carpet,,,,,,,,,,,,,,,,,,
z0a1,giulio-zeppieri,Giulio Zeppieri,2025,all,52,22,61,69,49,53,57,86,73,61,25,47,41,29,86,14,34,47
z0a1,giulio-zeppieri,Giulio Zeppieri,2025,Hard,22,10,61,64,50,29,62,37,70,59,24,53,16,31,36,14,35,47
z0a1,giulio-zeppieri,Giulio Zeppieri,2025,Clay,8,5,64,66,38,16,50,24,67,56,27,38,11,18,25,8,31,43
z0a1,giulio-zeppieri,Giulio Zeppieri,2025,Grass,22,7,56,80,56,8,50,25,84,69,25,49,14,36,25,20,35,50
z0a1,giulio-zeppieri,Giulio Zeppieri,2025,Carpet,,,,,,,,,,,,,,,,,,
z0a1,giulio-zeppieri,Giulio Zeppieri,2024,all,67,24,57,73,54,53,62,108,81,65,27,48,53,40,105,20,35,50
z0a1,giulio-zeppieri,Giulio Zeppieri,2024,Hard,49,15,58,79,52,23,61,57,84,68,25,48,21,29,55,11,31,50
z0a1,giulio-zeppieri,Giulio Zeppieri,2024,Clay,18,9,56,66,55,30,63,51,78,62,31,48,32,47,50,30,39,51
z0a1,giulio-zeppieri,Giulio Zeppieri,2024,Grass,,,,,,,,,,,,,,,,,,
z0a1,giulio-zeppieri,Giulio Zeppieri,2024,Carpet,,,,,,,,,,,,,,,,,,
z0a1,giulio-zeppieri,Giulio Zeppieri,2023,all,22,11,60,69,53,37,57,70,77,62,31,43,35,40,70,20,36,49
z0a1,giulio-zeppieri,Giulio Zeppieri,2023,Hard,,,,,,,,,,,,,,,,,,
z0a1,giulio-zeppieri,Giulio Zeppieri,2023,Clay,22,11,60,69,53,37,57,70,77,62,31,43,35,40,70,20,36,49
z0a1,giulio-zeppieri,Giulio Zeppieri,2023,Grass,,,,,,,,,,,,,,,,,,
z0a1,giulio-zeppieri,Giulio Zeppieri,2023,Carpet,,,,,,,,,,,,,,,,,,
kh56,zdenek-kolar,Zdenek Kolar,all,all,17,22,65,69,44,39,59,65,75,60,27,41,22,41,66,14,32,47
kh56,zdenek-kolar,Zdenek Kolar,all,Hard,,,,,,,,,,,,,,,,,,
kh56,zdenek-kolar,Zdenek Kolar,all,Clay,15,18,65,69,46,29,62,53,79,61,28,46,22,41,53,17,34,49
kh56,zdenek-kolar,Zdenek Kolar,all,Grass,2,4,64,66,37,10,50,12,58,55,24,19,0,0,13,0,22,41
kh56,zdenek-kolar,Zdenek Kolar,all,Carpet,,,,,,,,,,,,,,,,,,
kh56,zdenek-kolar,Zdenek Kolar,2026,all,,,,,,,,,,,,,,,,,,
kh56,zdenek-kolar,Zdenek Kolar,2026,Hard,,,,,,,,,,,,,,,,,,
kh56,zdenek-kolar,Zdenek Kolar,2026,Clay,,,,,,,,,,,,,,,,,,
kh56,zdenek-kolar,Zdenek Kolar,2026,Grass,,,,,,,,,,,,,,,,,,
kh56,zdenek-kolar,Zdenek Kolar,2026,Carpet,,,,,,,,,,,,,,,,,,
kh56,zdenek-kolar,Zdenek Kolar,2025,all,,,,,,,,,,,,,,,,,,
kh56,zdenek-kolar,Zdenek Kolar,2025,Hard,,,,,,,,,,,,,,,,,,
kh56,zdenek-kolar,Zdenek Kolar,2025,Clay,,,,,,,,,,,,,,,,,,
kh56,zdenek-kolar,Zdenek Kolar,2025,Grass,,,,,,,,,,,,,,,,,,
kh56,zdenek-kolar,Zdenek Kolar,2025,Carpet,,,,,,,,,,,,,,,,,,
kh56,zdenek-kolar,Zdenek Kolar,2024,all,,,,,,,,,,,,,,,,,,
kh56,zdenek-kolar,Zdenek Kolar,2024,Hard,,,,,,,,,,,,,,,,,,
kh56,zdenek-kolar,Zdenek Kolar,2024,Clay,,,,,,,,,,,,,,,,,,
kh56,zdenek-kolar,Zdenek Kolar,2024,Grass,,,,,,,,,,,,,,,,,,
kh56,zdenek-kolar,Zdenek Kolar,2024,Carpet,,,,,,,,,,,,,,,,,,
kh56,zdenek-kolar,Zdenek Kolar,2023,all,,,,,,,,,,,,,,,,,,
kh56,zdenek-kolar,Zdenek Kolar,2023,Hard,,,,,,,,,,,,,,,,,,
kh56,zdenek-kolar,Zdenek Kolar,2023,Clay,,,,,,,,,,,,,,,,,,
kh56,zdenek-kolar,Zdenek Kolar,2023,Grass,,,,,,,,,,,,,,,,,,
kh56,zdenek-kolar,Zdenek Kolar,2023,Carpet,,,,,,,,,,,,,,,,,,
r0e0,chris-rodesch,Chris Rodesch,all,all,7,5,69,78,47,5,60,16,88,68,16,34,3,0,16,0,22,46
r0e0,chris-rodesch,Chris Rodesch,all,Hard,0,0,0,0,0,0,0,0,0,0,0,0,0,0,0,0,0,0
r0e0,chris-rodesch,Chris Rodesch,all,Clay,0,0,0,0,0,0,0,0,0,0,0,0,0,0,0,0,0,0
r0e0,chris-rodesch,Chris Rodesch,all,Grass,7,5,69,78,47,5,60,16,88,68,16,34,3,0,16,0,22,46
r0e0,chris-rodesch,Chris Rodesch,all,Carpet,,,,,,,,,,,,,,,,,,
r0e0,chris-rodesch,Chris Rodesch,2026,all,0,0,0,0,0,0,0,0,0,0,0,0,0,0,0,0,0,0
r0e0,chris-rodesch,Chris Rodesch,2026,Hard,0,0,0,0,0,0,0,0,0,0,0,0,0,0,0,0,0,0
r0e0,chris-rodesch,Chris Rodesch,2026,Clay,,,,,,,,,,,,,,,,,,
r0e0,chris-rodesch,Chris Rodesch,2026,Grass,,,,,,,,,,,,,,,,,,
r0e0,chris-rodesch,Chris Rodesch,2026,Carpet,,,,,,,,,,,,,,,,,,
r0e0,chris-rodesch,Chris Rodesch,2025,all,7,5,69,78,47,5,60,16,88,68,16,34,3,0,16,0,22,46
r0e0,chris-rodesch,Chris Rodesch,2025,Hard,0,0,0,0,0,0,0,0,0,0,0,0,0,0,0,0,0,0
r0e0,chris-rodesch,Chris Rodesch,2025,Clay,,,,,,,,,,,,,,,,,,
r0e0,chris-rodesch,Chris Rodesch,2025,Grass,7,5,69,78,47,5,60,16,88,68,16,34,3,0,16,0,22,46
r0e0,chris-rodesch,Chris Rodesch,2025,Carpet,,,,,,,,,,,,,,,,,,
r0e0,chris-rodesch,Chris Rodesch,2024,all,0,0,0,0,0,0,0,0,0,0,0,0,0,0,0,0,0,0
r0e0,chris-rodesch,Chris Rodesch,2024,Hard,0,0,0,0,0,0,0,0,0,0,0,0,0,0,0,0,0,0
r0e0,chris-rodesch,Chris Rodesch,2024,Clay,0,0,0,0,0,0,0,0,0,0,0,0,0,0,0,0,0,0
r0e0,chris-rodesch,Chris Rodesch,2024,Grass,,,,,,,,,,,,,,,,,,
r0e0,chris-rodesch,Chris Rodesch,2024,Carpet,,,,,,,,,,,,,,,,,,
r0e0,chris-rodesch,Chris Rodesch,2023,all,0,0,0,0,0,0,0,0,0,0,0,0,0,0,0,0,0,0
r0e0,chris-rodesch,Chris Rodesch,2023,Hard,0,0,0,0,0,0,0,0,0,0,0,0,0,0,0,0,0,0
r0e0,chris-rodesch,Chris Rodesch,2023,Clay,,,,,,,,,,,,,,,,,,
r0e0,chris-rodesch,Chris Rodesch,2023,Grass,,,,,,,,,,,,,,,,,,
r0e0,chris-rodesch,Chris Rodesch,2023,Carpet,,,,,,,,,,,,,,,,,,
h09n,august-holmgren,August Holmgren,all,all,71,28,59,80,48,38,71,82,87,67,22,38,21,29,83,7,28,48
h09n,august-holmgren,August Holmgren,all,Hard,10,5,60,69,39,12,42,21,67,57,19,35,5,20,22,5,26,41
h09n,august-holmgren,August Holmgren,all,Clay,0,0,0,0,0,0,0,0,0,0,0,0,0,0,0,0,0,0
h09n,august-holmgren,August Holmgren,all,Grass,61,23,59,83,51,26,85,61,93,70,23,38,16,31,61,8,28,50
h09n,august-holmgren,August Holmgren,all,Carpet,,,,,,,,,,,,,,,,,,
h09n,august-holmgren,August Holmgren,2026,all,0,0,0,0,0,0,0,0,0,0,0,0,0,0,0,0,0,0
h09n,august-holmgren,August Holmgren,2026,Hard,0,0,0,0,0,0,0,0,0,0,0,0,0,0,0,0,0,0
h09n,august-holmgren,August Holmgren,2026,Clay,,,,,,,,,,,,,,,,,,
h09n,august-holmgren,August Holmgren,2026,Grass,,,,,,,,,,,,,,,,,,
h09n,august-holmgren,August Holmgren,2026,Carpet,,,,,,,,,,,,,,,,,,
h09n,august-holmgren,August Holmgren,2025,all,69,27,59,83,51,30,80,75,92,70,22,39,21,29,76,8,28,50
h09n,august-holmgren,August Holmgren,2025,Hard,8,4,60,81,48,4,50,14,86,68,20,43,5,20,15,7,29,47
h09n,august-holmgren,August Holmgren,2025,Clay,,,,,,,,,,,,,,,,,,
h09n,august-holmgren,August Holmgren,2025,Grass,61,23,59,83,51,26,85,61,93,70,23,38,16,31,61,8,28,50
h09n,august-holmgren,August Holmgren,2025,Carpet,,,,,,,,,,,,,,,,,,
h09n,august-holmgren,August Holmgren,2024,all,0,0,0,0,0,0,0,0,0,0,0,0,0,0,0,0,0,0
h09n,august-holmgren,August Holmgren,2024,Hard,0,0,0,0,0,0,0,0,0,0,0,0,0,0,0,0,0,0
h09n,august-holmgren,August Holmgren,2024,Clay,0,0,0,0,0,0,0,0,0,0,0,0,0,0,0,0,0,0
h09n,august-holmgren,August Holmgren,2024,Grass,,,,,,,,,,,,,,,,,,
h09n,august-holmgren,August Holmgren,2024,Carpet,,,,,,,,,,,,,,,,,,
h09n,august-holmgren,August Holmgren,2023,all,0,0,0,0,0,0,0,0,0,0,0,0,0,0,0,0,0,0
h09n,august-holmgren,August Holmgren,2023,Hard,0,0,0,0,0,0,0,0,0,0,0,0,0,0,0,0,0,0
h09n,august-holmgren,August Holmgren,2023,Clay,,,,,,,,,,,,,,,,,,
h09n,august-holmgren,August Holmgren,2023,Grass,,,,,,,,,,,,,,,,,,
h09n,august-holmgren,August Holmgren,2023,Carpet,,,,,,,,,,,,,,,,,,
t09x,clement-tabur,Clement Tabur,all,all,16,11,62,72,62,27,67,58,84,68,25,51,23,30,54,13,35,51
t09x,clement-tabur,Clement Tabur,all,Hard,13,8,61,79,63,16,81,42,93,72,24,55,13,38,40,13,35,54
t09x,clement-tabur,Clement Tabur,all,Clay,3,3,64,56,60,11,45,16,63,58,26,44,10,20,14,14,35,46
t09x,clement-tabur,Clement Tabur,all,Grass,,,,,,,,,,,,,,,,,,
t09x,clement-tabur,Clement Tabur,all,Carpet,,,,,,,,,,,,,,,,,,
t09x,clement-tabur,Clement Tabur,2026,all,,,,,,,,,,,,,,,,,,
t09x,clement-tabur,Clement Tabur,2026,Hard,,,,,,,,,,,,,,,,,,
t09x,clement-tabur,Clement Tabur,2026,Clay,,,,,,,,,,,,,,,,,,
t09x,clement-tabur,Clement Tabur,2026,Grass,,,,,,,,,,,,,,,,,,
t09x,clement-tabur,Clement Tabur,2026,Carpet,,,,,,,,,,,,,,,,,,
t09x,clement-tabur,Clement Tabur,2025,all,16,11,62,72,62,27,67,58,84,68,25,51,23,30,54,13,35,51
t09x,clement-tabur,Clement Tabur,2025,Hard,13,8,61,79,63,16,81,42,93,72,24,55,13,38,40,13,35,54
t09x,clement-tabur,Clement Tabur,2025,Clay,3,3,64,56,60,11,45,16,63,58,26,44,10,20,14,14,35,46
t09x,clement-tabur,Clement Tabur,2025,Grass,,,,,,,,,,,,,,,,,,
t09x,clement-tabur,Clement Tabur,2025,Carpet,,,,,,,,,,,,,,,,,,
t09x,clement-tabur,Clement Tabur,2024,all,,,,,,,,,,,,,,,,,,
t09x,clement-tabur,Clement Tabur,2024,Hard,,,,,,,,,,,,,,,,,,
t09x,clement-tabur,Clement Tabur,2024,Clay,,,,,,,,,,,,,,,,,,
t09x,clement-tabur,Clement Tabur,2024,Grass,,,,,,,,,,,,,,,,,,
t09x,clement-tabur,Clement Tabur,2024,Carpet,,,,,,,,,,,,,,,,,,
t09x,clement-tabur,Clement Tabur,2023,all,,,,,,,,,,,,,,,,,,
t09x,clement-tabur,Clement Tabur,2023,Hard,,,,,,,,,,,,,,,,,,
t09x,clement-tabur,Clement Tabur,2023,Clay,,,,,,,,,,,,,,,,,,
t09x,clement-tabur,Clement Tabur,2023,Grass,,,,,,,,,,,,,,,,,,
t09x,clement-tabur,Clement Tabur,2023,Carpet,,,,,,,,,,,,,,,,,,
t0ap,chun-hsin-tseng,Chun Hsin Tseng,all,all,127,137,59,66,48,350,59,489,71,59,24,49,241,34,497,16,34,47
t0ap,chun-hsin-tseng,Chun Hsin Tseng,all,Hard,74,94,58,67,47,212,59,296,71,59,22,48,134,32,304,14,32,46
t0ap,chun-hsin-tseng,Chun Hsin Tseng,all,Clay,36,26,60,63,51,107,57,148,69,59,30,53,88,39,147,23,39,49
t0ap,chun-hsin-tseng,Chun Hsin Tseng,all,Grass,17,17,60,69,45,31,65,45,76,59,20,45,19,26,46,11,30,45
t0ap,chun-hsin-tseng,Chun Hsin Tseng,all,Carpet,,,,,,,,,,,,,,,,,,
t0ap,chun-hsin-tseng,Chun Hsin Tseng,2026,all,0,5,70,63,24,8,50,9,56,51,23,58,4,0,8,0,31,41
t0ap,chun-hsin-tseng,Chun Hsin Tseng,2026,Hard,0,5,70,63,24,8,50,9,56,51,23,58,4,0,8,0,31,41
t0ap,chun-hsin-tseng,Chun Hsin Tseng,2026,Clay,,,,,,,,,,,,,,,,,,
t0ap,chun-hsin-tseng,Chun Hsin Tseng,2026,Grass,,,,,,,,,,,,,,,,,,
t0ap,chun-hsin-tseng,Chun Hsin Tseng,2026,Carpet,,,,,,,,,,,,,,,,,,
t0ap,chun-hsin-tseng,Chun Hsin Tseng,2025,all,64,45,58,67,49,150,63,192,71,59,25,50,93,41,196,19,35,48
t0ap,chun-hsin-tseng,Chun Hsin Tseng,2025,Hard,20,12,56,66,51,55,65,62,69,59,23,47,22,50,65,17,33,47
t0ap,chun-hsin-tseng,Chun Hsin Tseng,2025,Clay,29,20,59,66,49,72,60,100,71,59,29,53,62,37,100,23,38,49
t0ap,chun-hsin-tseng,Chun Hsin Tseng,2025,Grass,15,13,60,69,44,23,70,30,77,59,17,46,9,44,31,13,29,45
t0ap,chun-hsin-tseng,Chun Hsin Tseng,2025,Carpet,,,,,,,,,,,,,,,,,,
t0ap,chun-hsin-tseng,Chun Hsin Tseng,2024,all,8,4,55,64,51,13,38,24,67,58,31,56,15,53,24,33,41,50
t0ap,chun-hsin-tseng,Chun Hsin Tseng,2024,Hard,5,3,48,70,39,6,50,9,67,54,20,43,4,50,10,20,29,43
t0ap,chun-hsin-tseng,Chun Hsin Tseng,2024,Clay,3,1,60,60,61,7,29,15,67,61,37,65,11,55,14,43,47,54
t0ap,chun-hsin-tseng,Chun Hsin Tseng,2024,Grass,,,,,,,,,,,,,,,,,,
t0ap,chun-hsin-tseng,Chun Hsin Tseng,2024,Carpet,,,,,,,,,,,,,,,,,,
t0ap,chun-hsin-tseng,Chun Hsin Tseng,2023,all,17,17,63,67,50,49,67,76,79,61,19,46,23,30,78,9,29,46
t0ap,chun-hsin-tseng,Chun Hsin Tseng,2023,Hard,17,15,65,69,48,38,68,66,82,62,19,45,20,25,68,7,28,46
t0ap,chun-hsin-tseng,Chun Hsin Tseng,2023,Clay,0,2,51,44,62,11,64,10,60,53,21,58,3,67,10,20,34,45
t0ap,chun-hsin-tseng,Chun Hsin Tseng,2023,Grass,,,,,,,,,,,,,,,,,,
t0ap,chun-hsin-tseng,Chun Hsin Tseng,2023,Carpet,,,,,,,,,,,,,,,,,,
d875,grigor-dimitrov,Grigor Dimitrov,all,all,5428,2703,62,75,51,4541,63,9831,83,66,30,50,5518,39,9679,22,37,51
d875,grigor-dimitrov,Grigor Dimitrov,all,Hard,3735,1838,62,75,51,2974,64,6509,83,66,29,50,3587,38,6405,21,37,51
d875,grigor-dimitrov,Grigor Dimitrov,all,Clay,883,570,62,73,51,1113,60,2173,80,64,32,49,1321,40,2152,25,39,51
d875,grigor-dimitrov,Grigor Dimitrov,all,Grass,810,295,64,78,52,454,66,1149,87,68,28,50,610,38,1122,21,36,52
d875,grigor-dimitrov,Grigor Dimitrov,all,Carpet,0,0,0,0,0,0,0,0,0,0,0,0,0,0,0,0,0,0
d875,grigor-dimitrov,Grigor Dimitrov,2026,all,80,32,63,75,46,53,55,123,80,64,22,49,46,33,124,12,31,48
d875,grigor-dimitrov,Grigor Dimitrov,2026,Hard,74,31,62,77,44,45,60,100,82,64,21,49,37,30,100,11,31,48
d875,grigor-dimitrov,Grigor Dimitrov,2026,Clay,6,1,66,65,57,8,25,23,74,63,23,48,9,44,24,17,31,46
d875,grigor-dimitrov,Grigor Dimitrov,2026,Grass,,,,,,,,,,,,,,,,,,
d875,grigor-dimitrov,Grigor Dimitrov,2026,Carpet,,,,,,,,,,,,,,,,,,
d875,grigor-dimitrov,Grigor Dimitrov,2025,all,218,100,59,76,53,154,64,329,83,66,31,50,183,39,324,22,37,52
d875,grigor-dimitrov,Grigor Dimitrov,2025,Hard,98,47,60,76,54,71,66,160,85,67,27,49,90,30,160,17,35,51
d875,grigor-dimitrov,Grigor Dimitrov,2025,Clay,54,33,57,72,49,69,64,103,76,62,35,52,60,47,101,28,40,51
d875,grigor-dimitrov,Grigor Dimitrov,2025,Grass,66,20,60,82,55,14,57,66,91,71,33,50,33,48,63,25,39,55
d875,grigor-dimitrov,Grigor Dimitrov,2025,Carpet,,,,,,,,,,,,,,,,,,
d875,grigor-dimitrov,Grigor Dimitrov,2024,all,487,218,61,80,52,305,68,775,87,69,29,51,438,37,760,22,37,53
d875,grigor-dimitrov,Grigor Dimitrov,2024,Hard,360,148,62,80,51,211,69,525,87,69,28,52,303,36,515,21,37,53
d875,grigor-dimitrov,Grigor Dimitrov,2024,Clay,62,51,59,76,53,68,63,166,85,67,31,48,94,37,164,21,37,52
d875,grigor-dimitrov,Grigor Dimitrov,2024,Grass,65,19,59,86,56,26,69,84,90,73,28,54,41,49,81,25,38,55
d875,grigor-dimitrov,Grigor Dimitrov,2024,Carpet,,,,,,,,,,,,,,,,,,
d875,grigor-dimitrov,Grigor Dimitrov,2023,all,461,212,61,77,51,337,63,774,84,67,30,51,451,41,758,24,38,52
d875,grigor-dimitrov,Grigor Dimitrov,2023,Hard,296,127,63,76,52,208,63,501,85,67,29,49,272,39,490,22,37,52
d875,grigor-dimitrov,Grigor Dimitrov,2023,Clay,93,56,58,74,48,98,60,183,79,64,30,56,123,41,181,28,40,52
d875,grigor-dimitrov,Grigor Dimitrov,2023,Grass,72,29,59,82,51,31,71,90,90,69,33,52,56,48,87,31,41,55
d875,grigor-dimitrov,Grigor Dimitrov,2023,Carpet,,,,,,,,,,,,,,,,,,
d0dp,liam-draxl,Liam Draxl,all,all,31,17,63,64,43,35,43,54,63,56,25,49,31,32,55,18,35,46
d0dp,liam-draxl,Liam Draxl,all,Hard,20,16,59,62,44,31,45,41,59,55,24,49,23,30,41,17,34,45
d0dp,liam-draxl,Liam Draxl,all,Clay,11,1,76,70,37,4,25,13,77,62,27,49,8,38,14,21,38,49
d0dp,liam-draxl,Liam Draxl,all,Grass,,,,,,,,,,,,,,,,,,
d0dp,liam-draxl,Liam Draxl,all,Carpet,,,,,,,,,,,,,,,,,,
d0dp,liam-draxl,Liam Draxl,2026,all,22,9,65,61,39,29,41,40,58,54,25,48,24,29,41,17,35,44
d0dp,liam-draxl,Liam Draxl,2026,Hard,11,8,61,57,39,25,44,27,48,50,24,48,16,25,27,15,33,42
d0dp,liam-draxl,Liam Draxl,2026,Clay,11,1,76,70,37,4,25,13,77,62,27,49,8,38,14,21,38,49
d0dp,liam-draxl,Liam Draxl,2026,Grass,,,,,,,,,,,,,,,,,,
d0dp,liam-draxl,Liam Draxl,2026,Carpet,,,,,,,,,,,,,,,,,,
d0dp,liam-draxl,Liam Draxl,2025,all,9,8,54,74,54,6,50,14,79,65,24,50,7,43,14,21,37,51
d0dp,liam-draxl,Liam Draxl,2025,Hard,9,8,54,74,54,6,50,14,79,65,24,50,7,43,14,21,37,51
d0dp,liam-draxl,Liam Draxl,2025,Clay,,,,,,,,,,,,,,,,,,
d0dp,liam-draxl,Liam Draxl,2025,Grass,,,,,,,,,,,,,,,,,,
d0dp,liam-draxl,Liam Draxl,2025,Carpet,,,,,,,,,,,,,,,,,,
d0dp,liam-draxl,Liam Draxl,2024,all,,,,,,,,,,,,,,,,,,
d0dp,liam-draxl,Liam Draxl,2024,Hard,,,,,,,,,,,,,,,,,,
d0dp,liam-draxl,Liam Draxl,2024,Clay,,,,,,,,,,,,,,,,,,
d0dp,liam-draxl,Liam Draxl,2024,Grass,,,,,,,,,,,,,,,,,,
d0dp,liam-draxl,Liam Draxl,2024,Carpet,,,,,,,,,,,,,,,,,,
d0dp,liam-draxl,Liam Draxl,2023,all,,,,,,,,,,,,,,,,,,
d0dp,liam-draxl,Liam Draxl,2023,Hard,,,,,,,,,,,,,,,,,,
d0dp,liam-draxl,Liam Draxl,2023,Clay,,,,,,,,,,,,,,,,,,
d0dp,liam-draxl,Liam Draxl,2023,Grass,,,,,,,,,,,,,,,,,,
d0dp,liam-draxl,Liam Draxl,2023,Carpet,,,,,,,,,,,,,,,,,,
s0wt,joel-schwaerzler,Joel Schwaerzler,all,all,12,5,65,63,45,22,55,31,68,57,22,45,16,13,30,7,32,44
s0wt,joel-schwaerzler,Joel Schwaerzler,all,Hard,1,1,61,61,29,8,50,8,50,48,4,36,0,0,8,0,16,35
s0wt,joel-schwaerzler,Joel Schwaerzler,all,Clay,11,4,66,65,52,14,57,23,74,60,27,47,16,13,22,9,35,47
s0wt,joel-schwaerzler,Joel Schwaerzler,all,Grass,,,,,,,,,,,,,,,,,,
s0wt,joel-schwaerzler,Joel Schwaerzler,all,Carpet,,,,,,,,,,,,,,,,,,
s0wt,joel-schwaerzler,Joel Schwaerzler,2026,all,,,,,,,,,,,,,,,,,,
s0wt,joel-schwaerzler,Joel Schwaerzler,2026,Hard,,,,,,,,,,,,,,,,,,
s0wt,joel-schwaerzler,Joel Schwaerzler,2026,Clay,,,,,,,,,,,,,,,,,,
s0wt,joel-schwaerzler,Joel Schwaerzler,2026,Grass,,,,,,,,,,,,,,,,,,
s0wt,joel-schwaerzler,Joel Schwaerzler,2026,Carpet,,,,,,,,,,,,,,,,,,
s0wt,joel-schwaerzler,Joel Schwaerzler,2025,all,6,3,68,71,35,11,64,13,69,59,22,45,7,29,12,17,31,46
s0wt,joel-schwaerzler,Joel Schwaerzler,2025,Hard,,,,,,,,,,,,,,,,,,
s0wt,joel-schwaerzler,Joel Schwaerzler,2025,Clay,6,3,68,71,35,11,64,13,69,59,22,45,7,29,12,17,31,46
s0wt,joel-schwaerzler,Joel Schwaerzler,2025,Grass,,,,,,,,,,,,,,,,,,
s0wt,joel-schwaerzler,Joel Schwaerzler,2025,Carpet,,,,,,,,,,,,,,,,,,
s0wt,joel-schwaerzler,Joel Schwaerzler,2024,all,6,2,62,58,51,11,45,18,67,55,23,45,9,0,18,0,32,43
s0wt,joel-schwaerzler,Joel Schwaerzler,2024,Hard,1,1,61,61,29,8,50,8,50,48,4,36,0,0,8,0,16,35
s0wt,joel-schwaerzler,Joel Schwaerzler,2024,Clay,5,1,63,55,73,3,33,10,80,62,30,49,9,0,10,0,38,47
s0wt,joel-schwaerzler,Joel Schwaerzler,2024,Grass,,,,,,,,,,,,,,,,,,
s0wt,joel-schwaerzler,Joel Schwaerzler,2024,Carpet,,,,,,,,,,,,,,,,,,
s0wt,joel-schwaerzler,Joel Schwaerzler,2023,all,,,,,,,,,,,,,,,,,,
s0wt,joel-schwaerzler,Joel Schwaerzler,2023,Hard,,,,,,,,,,,,,,,,,,
s0wt,joel-schwaerzler,Joel Schwaerzler,2023,Clay,,,,,,,,,,,,,,,,,,
s0wt,joel-schwaerzler,Joel Schwaerzler,2023,Grass,,,,,,,,,,,,,,,,,,
s0wt,joel-schwaerzler,Joel Schwaerzler,2023,Carpet,,,,,,,,,,,,,,,,,,
j551,nicolas-jarry,Nicolas Jarry,all,all,2166,628,64,74,52,1430,66,3043,84,66,26,46,1302,35,3049,15,33,50
j551,nicolas-jarry,Nicolas Jarry,all,Hard,930,228,63,76,50,536,65,1155,84,66,23,45,414,36,1157,13,31,49
j551,nicolas-jarry,Nicolas Jarry,all,Clay,885,323,64,73,53,724,65,1520,83,66,28,46,735,35,1518,17,35,50
j551,nicolas-jarry,Nicolas Jarry,all,Grass,351,77,65,75,53,170,70,368,86,68,25,47,153,31,374,13,33,50
j551,nicolas-jarry,Nicolas Jarry,all,Carpet,,,,,,,,,,,,,,,,,,
j551,nicolas-jarry,Nicolas Jarry,2026,all,4,3,69,61,50,13,62,14,64,57,30,41,4,75,15,20,35,46
j551,nicolas-jarry,Nicolas Jarry,2026,Hard,,,,,,,,,,,,,,,,,,
j551,nicolas-jarry,Nicolas Jarry,2026,Clay,4,3,69,61,50,13,62,14,64,57,30,41,4,75,15,20,35,46
j551,nicolas-jarry,Nicolas Jarry,2026,Grass,,,,,,,,,,,,,,,,,,
j551,nicolas-jarry,Nicolas Jarry,2026,Carpet,,,,,,,,,,,,,,,,,,
j551,nicolas-jarry,Nicolas Jarry,2025,all,316,98,64,75,53,186,70,387,86,67,26,45,178,28,395,12,33,50
j551,nicolas-jarry,Nicolas Jarry,2025,Hard,78,18,65,76,51,33,58,85,84,67,25,44,37,30,86,13,33,49
j551,nicolas-jarry,Nicolas Jarry,2025,Clay,103,49,62,72,53,112,71,190,83,65,27,45,95,25,196,12,34,49
j551,nicolas-jarry,Nicolas Jarry,2025,Grass,135,31,67,79,56,41,76,112,91,71,26,48,46,30,113,12,34,52
j551,nicolas-jarry,Nicolas Jarry,2025,Carpet,,,,,,,,,,,,,,,,,,
j551,nicolas-jarry,Nicolas Jarry,2024,all,357,97,63,74,50,269,65,528,82,66,25,45,223,33,531,14,33,49
j551,nicolas-jarry,Nicolas Jarry,2024,Hard,230,64,63,77,48,140,62,306,83,67,24,46,112,34,308,12,32,49
j551,nicolas-jarry,Nicolas Jarry,2024,Clay,122,30,64,71,52,119,69,208,82,64,28,46,109,33,208,17,35,49
j551,nicolas-jarry,Nicolas Jarry,2024,Grass,5,3,59,67,48,10,60,14,71,59,17,24,2,0,15,0,20,40
j551,nicolas-jarry,Nicolas Jarry,2024,Carpet,,,,,,,,,,,,,,,,,,
j551,nicolas-jarry,Nicolas Jarry,2023,all,475,108,65,77,54,273,68,703,88,69,28,48,316,38,700,17,35,52
j551,nicolas-jarry,Nicolas Jarry,2023,Hard,215,43,65,78,54,106,70,291,89,70,26,45,103,42,291,15,32,51
j551,nicolas-jarry,Nicolas Jarry,2023,Clay,184,54,64,76,54,126,64,320,86,68,30,49,162,40,315,20,37,52
j551,nicolas-jarry,Nicolas Jarry,2023,Grass,76,11,71,77,53,41,78,92,90,70,27,51,51,27,94,15,36,52
j551,nicolas-jarry,Nicolas Jarry,2023,Carpet,,,,,,,,,,,,,,,,,,
m0aw,nicolas-mejia,Nicolas Mejia,all,all,7,6,61,60,36,19,32,27,52,51,29,41,10,30,26,12,34,42
m0aw,nicolas-mejia,Nicolas Mejia,all,Hard,7,6,61,60,36,19,32,27,52,51,29,41,10,30,26,12,34,42
m0aw,nicolas-mejia,Nicolas Mejia,all,Clay,0,0,0,0,0,0,0,0,0,0,0,0,0,0,0,0,0,0
m0aw,nicolas-mejia,Nicolas Mejia,all,Grass,,,,,,,,,,,,,,,,,,
m0aw,nicolas-mejia,Nicolas Mejia,all,Carpet,,,,,,,,,,,,,,,,,,
m0aw,nicolas-mejia,Nicolas Mejia,2026,all,0,0,0,0,0,0,0,0,0,0,0,0,0,0,0,0,0,0
m0aw,nicolas-mejia,Nicolas Mejia,2026,Hard,,,,,,,,,,,,,,,,,,
m0aw,nicolas-mejia,Nicolas Mejia,2026,Clay,0,0,0,0,0,0,0,0,0,0,0,0,0,0,0,0,0,0
m0aw,nicolas-mejia,Nicolas Mejia,2026,Grass,,,,,,,,,,,,,,,,,,
m0aw,nicolas-mejia,Nicolas Mejia,2026,Carpet,,,,,,,,,,,,,,,,,,
m0aw,nicolas-mejia,Nicolas Mejia,2025,all,3,1,57,58,48,6,33,9,56,54,22,29,1,0,8,0,25,41
m0aw,nicolas-mejia,Nicolas Mejia,2025,Hard,3,1,57,58,48,6,33,9,56,54,22,29,1,0,8,0,25,41
m0aw,nicolas-mejia,Nicolas Mejia,2025,Clay,0,0,0,0,0,0,0,0,0,0,0,0,0,0,0,0,0,0
m0aw,nicolas-mejia,Nicolas Mejia,2025,Grass,,,,,,,,,,,,,,,,,,
m0aw,nicolas-mejia,Nicolas Mejia,2025,Carpet,,,,,,,,,,,,,,,,,,
m0aw,nicolas-mejia,Nicolas Mejia,2024,all,1,2,63,55,29,8,38,9,44,45,38,50,6,50,10,30,42,44
m0aw,nicolas-mejia,Nicolas Mejia,2024,Hard,1,2,63,55,29,8,38,9,44,45,38,50,6,50,10,30,42,44
m0aw,nicolas-mejia,Nicolas Mejia,2024,Clay,0,0,0,0,0,0,0,0,0,0,0,0,0,0,0,0,0,0
m0aw,nicolas-mejia,Nicolas Mejia,2024,Grass,,,,,,,,,,,,,,,,,,
m0aw,nicolas-mejia,Nicolas Mejia,2024,Carpet,,,,,,,,,,,,,,,,,,
m0aw,nicolas-mejia,Nicolas Mejia,2023,all,0,0,0,0,0,0,0,0,0,0,0,0,0,0,0,0,0,0
m0aw,nicolas-mejia,Nicolas Mejia,2023,Hard,0,0,0,0,0,0,0,0,0,0,0,0,0,0,0,0,0,0
m0aw,nicolas-mejia,Nicolas Mejia,2023,Clay,0,0,0,0,0,0,0,0,0,0,0,0,0,0,0,0,0,0
m0aw,nicolas-mejia,Nicolas Mejia,2023,Grass,,,,,,,,,,,,,,,,,,
m0aw,nicolas-mejia,Nicolas Mejia,2023,Carpet,,,,,,,,,,,,,,,,,,
n732,yoshihito-nishioka,Yoshihito Nishioka,all,all,591,494,65,65,53,2245,58,3539,74,61,26,52,1986,39,3585,22,37,49
n732,yoshihito-nishioka,Yoshihito Nishioka,all,Hard,482,383,64,65,54,1660,59,2697,75,61,26,53,1513,40,2731,22,37,49
n732,yoshihito-nishioka,Yoshihito Nishioka,all,Clay,73,81,66,62,51,436,57,596,69,58,30,50,375,35,606,22,37,48
n732,yoshihito-nishioka,Yoshihito Nishioka,all,Grass,36,30,65,65,54,149,54,246,72,61,20,50,98,32,248,13,31,46
n732,yoshihito-nishioka,Yoshihito Nishioka,all,Carpet,,,,,,,,,,,,,,,,,,
n732,yoshihito-nishioka,Yoshihito Nishioka,2026,all,0,0,0,0,0,0,0,0,0,0,0,0,0,0,0,0,0,0
n732,yoshihito-nishioka,Yoshihito Nishioka,2026,Hard,0,0,0,0,0,0,0,0,0,0,0,0,0,0,0,0,0,0
n732,yoshihito-nishioka,Yoshihito Nishioka,2026,Clay,,,,,,,,,,,,,,,,,,
n732,yoshihito-nishioka,Yoshihito Nishioka,2026,Grass,,,,,,,,,,,,,,,,,,
n732,yoshihito-nishioka,Yoshihito Nishioka,2026,Carpet,,,,,,,,,,,,,,,,,,
n732,yoshihito-nishioka,Yoshihito Nishioka,2025,all,61,50,61,69,50,177,62,275,76,61,22,50,104,40,279,15,32,47
n732,yoshihito-nishioka,Yoshihito Nishioka,2025,Hard,56,41,62,68,50,149,62,228,75,61,23,50,99,40,231,17,34,48
n732,yoshihito-nishioka,Yoshihito Nishioka,2025,Clay,2,5,56,70,49,18,67,22,73,61,20,37,3,33,22,5,26,44
n732,yoshihito-nishioka,Yoshihito Nishioka,2025,Grass,3,4,62,71,52,10,50,25,80,64,9,58,2,50,26,4,26,46
n732,yoshihito-nishioka,Yoshihito Nishioka,2025,Carpet,,,,,,,,,,,,,,,,,,
n732,yoshihito-nishioka,Yoshihito Nishioka,2024,all,80,45,63,68,55,213,61,399,79,63,25,50,201,39,405,20,35,49
n732,yoshihito-nishioka,Yoshihito Nishioka,2024,Hard,57,26,63,69,54,133,59,262,79,63,26,52,143,39,266,21,36,50
n732,yoshihito-nishioka,Yoshihito Nishioka,2024,Clay,8,11,63,62,55,48,65,67,75,59,22,42,24,42,68,15,30,46
n732,yoshihito-nishioka,Yoshihito Nishioka,2024,Grass,15,8,65,70,62,32,66,70,84,67,24,50,34,38,71,18,34,50
n732,yoshihito-nishioka,Yoshihito Nishioka,2024,Carpet,,,,,,,,,,,,,,,,,,
n732,yoshihito-nishioka,Yoshihito Nishioka,2023,all,85,77,63,65,55,286,53,524,74,62,26,52,292,39,530,21,36,49
n732,yoshihito-nishioka,Yoshihito Nishioka,2023,Hard,60,56,62,67,55,205,57,375,77,62,25,52,182,41,379,20,35,49
n732,yoshihito-nishioka,Yoshihito Nishioka,2023,Clay,22,17,65,61,56,75,45,135,70,59,31,51,102,35,137,26,40,49
n732,yoshihito-nishioka,Yoshihito Nishioka,2023,Grass,3,4,70,63,35,6,0,14,57,55,21,51,8,25,14,14,33,43
n732,yoshihito-nishioka,Yoshihito Nishioka,2023,Carpet,,,,,,,,,,,,,,,,,,
y218,elias-ymer,Elias Ymer,all,all,435,332,59,68,48,810,58,1191,71,60,28,48,608,37,1190,19,36,48
y218,elias-ymer,Elias Ymer,all,Hard,241,170,58,69,47,387,55,610,72,60,28,49,329,38,608,21,37,48
y218,elias-ymer,Elias Ymer,all,Clay,168,138,59,67,48,383,61,521,71,59,28,46,262,36,523,18,36,48
y218,elias-ymer,Elias Ymer,all,Grass,26,24,56,70,45,40,60,60,73,59,18,45,17,41,59,12,28,45
y218,elias-ymer,Elias Ymer,all,Carpet,,,,,,,,,,,,,,,,,,
y218,elias-ymer,Elias Ymer,2026,all,8,4,57,67,56,16,56,28,75,63,25,50,12,17,29,7,34,47
y218,elias-ymer,Elias Ymer,2026,Hard,8,4,57,67,56,16,56,28,75,63,25,50,12,17,29,7,34,47
y218,elias-ymer,Elias Ymer,2026,Clay,,,,,,,,,,,,,,,,,,
y218,elias-ymer,Elias Ymer,2026,Grass,,,,,,,,,,,,,,,,,,
y218,elias-ymer,Elias Ymer,2026,Carpet,,,,,,,,,,,,,,,,,,
y218,elias-ymer,Elias Ymer,2025,all,25,14,63,70,46,43,60,63,73,61,36,45,40,40,65,25,39,50
y218,elias-ymer,Elias Ymer,2025,Hard,18,7,61,73,48,17,65,32,81,63,33,51,17,53,33,27,40,52
y218,elias-ymer,Elias Ymer,2025,Clay,7,7,66,67,43,26,58,31,65,59,40,38,23,30,32,22,39,48
y218,elias-ymer,Elias Ymer,2025,Grass,,,,,,,,,,,,,,,,,,
y218,elias-ymer,Elias Ymer,2025,Carpet,,,,,,,,,,,,,,,,,,
y218,elias-ymer,Elias Ymer,2024,all,34,20,59,68,48,44,66,58,74,60,25,40,24,33,56,14,31,46
y218,elias-ymer,Elias Ymer,2024,Hard,19,9,63,69,51,17,71,25,80,62,23,33,9,33,24,13,27,46
y218,elias-ymer,Elias Ymer,2024,Clay,2,4,56,69,45,10,70,10,70,59,30,38,4,0,9,0,32,46
y218,elias-ymer,Elias Ymer,2024,Grass,13,7,57,65,46,17,59,23,70,57,25,48,11,45,23,22,34,46
y218,elias-ymer,Elias Ymer,2024,Carpet,,,,,,,,,,,,,,,,,,
y218,elias-ymer,Elias Ymer,2023,all,54,40,57,66,45,112,52,149,64,57,28,51,69,52,145,25,37,48
y218,elias-ymer,Elias Ymer,2023,Hard,28,19,57,69,49,58,57,82,70,60,30,48,36,56,80,25,37,49
y218,elias-ymer,Elias Ymer,2023,Clay,26,21,58,63,40,54,46,67,57,53,25,56,33,48,65,25,37,46
y218,elias-ymer,Elias Ymer,2023,Grass,,,,,,,,,,,,,,,,,,
y218,elias-ymer,Elias Ymer,2023,Carpet,,,,,,,,,,,,,,,,,,
gh92,borna-gojo,Borna Gojo,all,all,367,119,65,75,49,205,60,450,82,66,26,48,246,29,449,16,34,50
gh92,borna-gojo,Borna Gojo,all,Hard,268,84,66,76,49,132,61,301,83,66,25,50,160,31,296,17,35,50
gh92,borna-gojo,Borna Gojo,all,Clay,76,23,62,73,50,58,59,118,80,64,31,40,74,28,120,18,34,49
gh92,borna-gojo,Borna Gojo,all,Grass,23,12,60,77,54,15,67,31,84,68,12,46,12,8,33,3,26,47
gh92,borna-gojo,Borna Gojo,all,Carpet,,,,,,,,,,,,,,,,,,
gh92,borna-gojo,Borna Gojo,2026,all,,,,,,,,,,,,,,,,,,
gh92,borna-gojo,Borna Gojo,2026,Hard,,,,,,,,,,,,,,,,,,
gh92,borna-gojo,Borna Gojo,2026,Clay,,,,,,,,,,,,,,,,,,
gh92,borna-gojo,Borna Gojo,2026,Grass,,,,,,,,,,,,,,,,,,
gh92,borna-gojo,Borna Gojo,2026,Carpet,,,,,,,,,,,,,,,,,,
gh92,borna-gojo,Borna Gojo,2025,all,39,9,66,72,50,28,46,66,77,65,28,42,35,31,66,17,33,48
gh92,borna-gojo,Borna Gojo,2025,Hard,11,2,67,69,47,5,40,10,70,62,14,64,1,100,10,10,27,46
gh92,borna-gojo,Borna Gojo,2025,Clay,28,7,65,73,51,23,48,56,79,65,30,40,34,29,56,18,34,49
gh92,borna-gojo,Borna Gojo,2025,Grass,,,,,,,,,,,,,,,,,,
gh92,borna-gojo,Borna Gojo,2025,Carpet,,,,,,,,,,,,,,,,,,
gh92,borna-gojo,Borna Gojo,2024,all,22,8,61,68,49,9,22,25,72,61,23,43,12,25,25,12,30,46
gh92,borna-gojo,Borna Gojo,2024,Hard,22,8,61,68,49,9,22,25,72,61,23,43,12,25,25,12,30,46
gh92,borna-gojo,Borna Gojo,2024,Clay,,,,,,,,,,,,,,,,,,
gh92,borna-gojo,Borna Gojo,2024,Grass,,,,,,,,,,,,,,,,,,
gh92,borna-gojo,Borna Gojo,2024,Carpet,,,,,,,,,,,,,,,,,,
gh92,borna-gojo,Borna Gojo,2023,all,193,41,65,79,52,75,61,212,86,70,26,51,121,31,211,18,35,52
gh92,borna-gojo,Borna Gojo,2023,Hard,151,26,67,78,51,56,59,166,86,69,29,53,108,33,162,22,38,53
gh92,borna-gojo,Borna Gojo,2023,Clay,19,3,59,92,60,4,75,15,93,79,20,36,1,100,16,6,24,50
gh92,borna-gojo,Borna Gojo,2023,Grass,23,12,60,77,54,15,67,31,84,68,12,46,12,8,33,3,26,47
gh92,borna-gojo,Borna Gojo,2023,Carpet,,,,,,,,,,,,,,,,,,
g0by,daniil-glinka,Daniil Glinka,all,all,0,0,0,0,0,0,0,0,0,0,0,0,0,0,0,0,0,0
g0by,daniil-glinka,Daniil Glinka,all,Hard,0,0,0,0,0,0,0,0,0,0,0,0,0,0,0,0,0,0
g0by,daniil-glinka,Daniil Glinka,all,Clay,,,,,,,,,,,,,,,,,,
g0by,daniil-glinka,Daniil Glinka,all,Grass,,,,,,,,,,,,,,,,,,
g0by,daniil-glinka,Daniil Glinka,all,Carpet,,,,,,,,,,,,,,,,,,
g0by,daniil-glinka,Daniil Glinka,2026,all,,,,,,,,,,,,,,,,,,
g0by,daniil-glinka,Daniil Glinka,2026,Hard,,,,,,,,,,,,,,,,,,
g0by,daniil-glinka,Daniil Glinka,2026,Clay,,,,,,,,,,,,,,,,,,
g0by,daniil-glinka,Daniil Glinka,2026,Grass,,,,,,,,,,,,,,,,,,
g0by,daniil-glinka,Daniil Glinka,2026,Carpet,,,,,,,,,,,,,,,,,,
g0by,daniil-glinka,Daniil Glinka,2025,all,0,0,0,0,0,0,0,0,0,0,0,0,0,0,0,0,0,0
g0by,daniil-glinka,Daniil Glinka,2025,Hard,0,0,0,0,0,0,0,0,0,0,0,0,0,0,0,0,0,0
g0by,daniil-glinka,Daniil Glinka,2025,Clay,,,,,,,,,,,,,,,,,,
g0by,daniil-glinka,Daniil Glinka,2025,Grass,,,,,,,,,,,,,,,,,,
g0by,daniil-glinka,Daniil Glinka,2025,Carpet,,,,,,,,,,,,,,,,,,
g0by,daniil-glinka,Daniil Glinka,2024,all,,,,,,,,,,,,,,,,,,
g0by,daniil-glinka,Daniil Glinka,2024,Hard,,,,,,,,,,,,,,,,,,
g0by,daniil-glinka,Daniil Glinka,2024,Clay,,,,,,,,,,,,,,,,,,
g0by,daniil-glinka,Daniil Glinka,2024,Grass,,,,,,,,,,,,,,,,,,
g0by,daniil-glinka,Daniil Glinka,2024,Carpet,,,,,,,,,,,,,,,,,,
g0by,daniil-glinka,Daniil Glinka,2023,all,,,,,,,,,,,,,,,,,,
g0by,daniil-glinka,Daniil Glinka,2023,Hard,,,,,,,,,,,,,,,,,,
g0by,daniil-glinka,Daniil Glinka,2023,Clay,,,,,,,,,,,,,,,,,,
g0by,daniil-glinka,Daniil Glinka,2023,Grass,,,,,,,,,,,,,,,,,,
g0by,daniil-glinka,Daniil Glinka,2023,Carpet,,,,,,,,,,,,,,,,,,
d0cg,facundo-diaz-acosta,Facundo Diaz Acosta,all,all,150,172,63,67,51,352,59,588,75,61,31,50,348,39,585,23,38,50
d0cg,facundo-diaz-acosta,Facundo Diaz Acosta,all,Hard,43,61,64,67,47,113,58,173,72,60,27,47,97,30,173,17,35,48
d0cg,facundo-diaz-acosta,Facundo Diaz Acosta,all,Clay,104,104,63,68,53,226,60,398,77,62,33,51,246,42,396,26,39,51
d0cg,facundo-diaz-acosta,Facundo Diaz Acosta,all,Grass,3,7,65,54,45,13,38,17,53,51,24,46,5,80,16,25,31,43
d0cg,facundo-diaz-acosta,Facundo Diaz Acosta,all,Carpet,,,,,,,,,,,,,,,,,,
d0cg,facundo-diaz-acosta,Facundo Diaz Acosta,2026,all,6,2,66,71,62,1,0,10,90,68,24,41,2,0,11,0,30,47
d0cg,facundo-diaz-acosta,Facundo Diaz Acosta,2026,Hard,,,,,,,,,,,,,,,,,,
d0cg,facundo-diaz-acosta,Facundo Diaz Acosta,2026,Clay,6,2,66,71,62,1,0,10,90,68,24,41,2,0,11,0,30,47
d0cg,facundo-diaz-acosta,Facundo Diaz Acosta,2026,Grass,,,,,,,,,,,,,,,,,,
d0cg,facundo-diaz-acosta,Facundo Diaz Acosta,2026,Carpet,,,,,,,,,,,,,,,,,,
d0cg,facundo-diaz-acosta,Facundo Diaz Acosta,2025,all,35,36,62,70,47,62,58,96,73,61,27,50,49,39,93,20,36,49
d0cg,facundo-diaz-acosta,Facundo Diaz Acosta,2025,Hard,13,22,63,70,46,36,56,57,72,61,30,53,40,35,55,25,39,50
d0cg,facundo-diaz-acosta,Facundo Diaz Acosta,2025,Clay,22,14,62,70,48,26,62,39,74,61,24,44,9,56,38,13,31,47
d0cg,facundo-diaz-acosta,Facundo Diaz Acosta,2025,Grass,,,,,,,,,,,,,,,,,,
d0cg,facundo-diaz-acosta,Facundo Diaz Acosta,2025,Carpet,,,,,,,,,,,,,,,,,,
d0cg,facundo-diaz-acosta,Facundo Diaz Acosta,2024,all,88,100,64,67,52,235,60,394,76,62,32,51,245,40,390,25,39,50
d0cg,facundo-diaz-acosta,Facundo Diaz Acosta,2024,Hard,25,33,65,65,48,68,56,101,70,59,27,47,57,26,102,15,35,47
d0cg,facundo-diaz-acosta,Facundo Diaz Acosta,2024,Clay,60,60,64,68,54,154,63,276,79,63,34,53,183,43,272,29,41,52
d0cg,facundo-diaz-acosta,Facundo Diaz Acosta,2024,Grass,3,7,65,54,45,13,38,17,53,51,24,46,5,80,16,25,31,43
d0cg,facundo-diaz-acosta,Facundo Diaz Acosta,2024,Carpet,,,,,,,,,,,,,,,,,,
d0cg,facundo-diaz-acosta,Facundo Diaz Acosta,2023,all,16,19,61,68,50,38,58,65,75,61,33,44,38,37,66,21,37,49
d0cg,facundo-diaz-acosta,Facundo Diaz Acosta,2023,Hard,5,6,66,69,42,9,78,15,87,60,21,17,0,0,16,0,19,43
d0cg,facundo-diaz-acosta,Facundo Diaz Acosta,2023,Clay,11,13,59,67,53,29,52,50,72,61,36,51,38,37,50,28,41,51
d0cg,facundo-diaz-acosta,Facundo Diaz Acosta,2023,Grass,,,,,,,,,,,,,,,,,,
d0cg,facundo-diaz-acosta,Facundo Diaz Acosta,2023,Carpet,,,,,,,,,,,,,,,,,,
p0iy,juan-carlos-prado-angelo,Juan Carlos Prado Angelo,all,all,0,0,0,0,0,0,0,0,0,0,0,0,0,0,0,0,0,0
p0iy,juan-carlos-prado-angelo,Juan Carlos Prado Angelo,all,Hard,0,0,0,0,0,0,0,0,0,0,0,0,0,0,0,0,0,0
p0iy,juan-carlos-prado-angelo,Juan Carlos Prado Angelo,all,Clay,0,0,0,0,0,0,0,0,0,0,0,0,0,0,0,0,0,0
p0iy,juan-carlos-prado-angelo,Juan Carlos Prado Angelo,all,Grass,,,,,,,,,,,,,,,,,,
p0iy,juan-carlos-prado-angelo,Juan Carlos Prado Angelo,all,Carpet,,,,,,,,,,,,,,,,,,
p0iy,juan-carlos-prado-angelo,Juan Carlos Prado Angelo,2026,all,0,0,0,0,0,0,0,0,0,0,0,0,0,0,0,0,0,0
p0iy,juan-carlos-prado-angelo,Juan Carlos Prado Angelo,2026,Hard,0,0,0,0,0,0,0,0,0,0,0,0,0,0,0,0,0,0
p0iy,juan-carlos-prado-angelo,Juan Carlos Prado Angelo,2026,Clay,,,,,,,,,,,,,,,,,,
p0iy,juan-carlos-prado-angelo,Juan Carlos Prado Angelo,2026,Grass,,,,,,,,,,,,,,,,,,
p0iy,juan-carlos-prado-angelo,Juan Carlos Prado Angelo,2026,Carpet,,,,,,,,,,,,,,,,,,
p0iy,juan-carlos-prado-angelo,Juan Carlos Prado Angelo,2025,all,,,,,,,,,,,,,,,,,,
p0iy,juan-carlos-prado-angelo,Juan Carlos Prado Angelo,2025,Hard,,,,,,,,,,,,,,,,,,
p0iy,juan-carlos-prado-angelo,Juan Carlos Prado Angelo,2025,Clay,,,,,,,,,,,,,,,,,,
p0iy,juan-carlos-prado-angelo,Juan Carlos Prado Angelo,2025,Grass,,,,,,,,,,,,,,,,,,
p0iy,juan-carlos-prado-angelo,Juan Carlos Prado Angelo,2025,Carpet,,,,,,,,,,,,,,,,,,
p0iy,juan-carlos-prado-angelo,Juan Carlos Prado Angelo,2024,all,0,0,0,0,0,0,0,0,0,0,0,0,0,0,0,0,0,0
p0iy,juan-carlos-prado-angelo,Juan Carlos Prado Angelo,2024,Hard,,,,,,,,,,,,,,,,,,
p0iy,juan-carlos-prado-angelo,Juan Carlos Prado Angelo,2024,Clay,0,0,0,0,0,0,0,0,0,0,0,0,0,0,0,0,0,0
p0iy,juan-carlos-prado-angelo,Juan Carlos Prado Angelo,2024,Grass,,,,,,,,,,,,,,,,,,
p0iy,juan-carlos-prado-angelo,Juan Carlos Prado Angelo,2024,Carpet,,,,,,,,,,,,,,,,,,
p0iy,juan-carlos-prado-angelo,Juan Carlos Prado Angelo,2023,all,0,0,0,0,0,0,0,0,0,0,0,0,0,0,0,0,0,0
p0iy,juan-carlos-prado-angelo,Juan Carlos Prado Angelo,2023,Hard,0,0,0,0,0,0,0,0,0,0,0,0,0,0,0,0,0,0
p0iy,juan-carlos-prado-angelo,Juan Carlos Prado Angelo,2023,Clay,,,,,,,,,,,,,,,,,,
p0iy,juan-carlos-prado-angelo,Juan Carlos Prado Angelo,2023,Grass,,,,,,,,,,,,,,,,,,
p0iy,juan-carlos-prado-angelo,Juan Carlos Prado Angelo,2023,Carpet,,,,,,,,,,,,,,,,,,
c0bh,clement-chidekh,Clement Chidekh,all,all,1,6,62,70,55,17,71,26,81,65,17,57,6,50,26,12,33,49
c0bh,clement-chidekh,Clement Chidekh,all,Hard,1,6,62,70,55,17,71,26,81,65,17,57,6,50,26,12,33,49
c0bh,clement-chidekh,Clement Chidekh,all,Clay,,,,,,,,,,,,,,,,,,
c0bh,clement-chidekh,Clement Chidekh,all,Grass,,,,,,,,,,,,,,,,,,
c0bh,clement-chidekh,Clement Chidekh,all,Carpet,,,,,,,,,,,,,,,,,,
c0bh,clement-chidekh,Clement Chidekh,2026,all,,,,,,,,,,,,,,,,,,
c0bh,clement-chidekh,Clement Chidekh,2026,Hard,,,,,,,,,,,,,,,,,,
c0bh,clement-chidekh,Clement Chidekh,2026,Clay,,,,,,,,,,,,,,,,,,
c0bh,clement-chidekh,Clement Chidekh,2026,Grass,,,,,,,,,,,,,,,,,,
c0bh,clement-chidekh,Clement Chidekh,2026,Carpet,,,,,,,,,,,,,,,,,,
c0bh,clement-chidekh,Clement Chidekh,2025,all,0,3,55,73,44,4,25,10,70,60,18,44,2,50,10,10,29,44
c0bh,clement-chidekh,Clement Chidekh,2025,Hard,0,3,55,73,44,4,25,10,70,60,18,44,2,50,10,10,29,44
c0bh,clement-chidekh,Clement Chidekh,2025,Clay,,,,,,,,,,,,,,,,,,
c0bh,clement-chidekh,Clement Chidekh,2025,Grass,,,,,,,,,,,,,,,,,,
c0bh,clement-chidekh,Clement Chidekh,2025,Carpet,,,,,,,,,,,,,,,,,,
c0bh,clement-chidekh,Clement Chidekh,2024,all,,,,,,,,,,,,,,,,,,
c0bh,clement-chidekh,Clement Chidekh,2024,Hard,,,,,,,,,,,,,,,,,,
c0bh,clement-chidekh,Clement Chidekh,2024,Clay,,,,,,,,,,,,,,,,,,
c0bh,clement-chidekh,Clement Chidekh,2024,Grass,,,,,,,,,,,,,,,,,,
c0bh,clement-chidekh,Clement Chidekh,2024,Carpet,,,,,,,,,,,,,,,,,,
c0bh,clement-chidekh,Clement Chidekh,2023,all,1,3,66,69,63,13,85,16,88,67,16,64,4,50,16,13,36,51
c0bh,clement-chidekh,Clement Chidekh,2023,Hard,1,3,66,69,63,13,85,16,88,67,16,64,4,50,16,13,36,51
c0bh,clement-chidekh,Clement Chidekh,2023,Clay,,,,,,,,,,,,,,,,,,
c0bh,clement-chidekh,Clement Chidekh,2023,Grass,,,,,,,,,,,,,,,,,,
c0bh,clement-chidekh,Clement Chidekh,2023,Carpet,,,,,,,,,,,,,,,,,,
cf01,marco-cecchinato,Marco Cecchinato,all,all,859,516,66,68,49,1462,57,2473,75,61,28,48,1219,37,2446,18,35,48
cf01,marco-cecchinato,Marco Cecchinato,all,Hard,318,176,63,69,49,352,56,651,76,62,22,44,240,28,657,10,30,46
cf01,marco-cecchinato,Marco Cecchinato,all,Clay,487,300,67,67,49,1026,58,1687,74,61,31,50,942,39,1653,22,37,50
cf01,marco-cecchinato,Marco Cecchinato,all,Grass,54,40,64,66,47,84,54,135,71,59,22,42,37,32,136,9,29,45
cf01,marco-cecchinato,Marco Cecchinato,all,Carpet,,,,,,,,,,,,,,,,,,
cf01,marco-cecchinato,Marco Cecchinato,2026,all,,,,,,,,,,,,,,,,,,
cf01,marco-cecchinato,Marco Cecchinato,2026,Hard,,,,,,,,,,,,,,,,,,
cf01,marco-cecchinato,Marco Cecchinato,2026,Clay,,,,,,,,,,,,,,,,,,
cf01,marco-cecchinato,Marco Cecchinato,2026,Grass,,,,,,,,,,,,,,,,,,
cf01,marco-cecchinato,Marco Cecchinato,2026,Carpet,,,,,,,,,,,,,,,,,,
cf01,marco-cecchinato,Marco Cecchinato,2025,all,,,,,,,,,,,,,,,,,,
cf01,marco-cecchinato,Marco Cecchinato,2025,Hard,,,,,,,,,,,,,,,,,,
cf01,marco-cecchinato,Marco Cecchinato,2025,Clay,,,,,,,,,,,,,,,,,,
cf01,marco-cecchinato,Marco Cecchinato,2025,Grass,,,,,,,,,,,,,,,,,,
cf01,marco-cecchinato,Marco Cecchinato,2025,Carpet,,,,,,,,,,,,,,,,,,
cf01,marco-cecchinato,Marco Cecchinato,2024,all,,,,,,,,,,,,,,,,,,
cf01,marco-cecchinato,Marco Cecchinato,2024,Hard,,,,,,,,,,,,,,,,,,
cf01,marco-cecchinato,Marco Cecchinato,2024,Clay,,,,,,,,,,,,,,,,,,
cf01,marco-cecchinato,Marco Cecchinato,2024,Grass,,,,,,,,,,,,,,,,,,
cf01,marco-cecchinato,Marco Cecchinato,2024,Carpet,,,,,,,,,,,,,,,,,,
cf01,marco-cecchinato,Marco Cecchinato,2023,all,89,69,62,65,51,187,60,269,72,60,29,47,113,45,265,19,35,48
cf01,marco-cecchinato,Marco Cecchinato,2023,Hard,9,9,56,65,57,17,47,30,70,61,25,40,7,71,30,17,30,46
cf01,marco-cecchinato,Marco Cecchinato,2023,Clay,72,52,62,66,51,153,61,221,73,60,31,48,105,43,218,21,37,49
cf01,marco-cecchinato,Marco Cecchinato,2023,Grass,8,8,63,62,45,17,65,18,67,56,13,48,1,100,17,6,24,43
cf01,marco-cecchinato,Marco Cecchinato,2023,Carpet,,,,,,,,,,,,,,,,,,
o0a2,gauthier-onclin,Gauthier Onclin,all,all,2,4,69,65,53,7,43,18,78,61,26,67,13,23,20,15,38,48
o0a2,gauthier-onclin,Gauthier Onclin,all,Hard,2,4,69,65,53,7,43,18,78,61,26,67,13,23,20,15,38,48
o0a2,gauthier-onclin,Gauthier Onclin,all,Clay,,,,,,,,,,,,,,,,,,
o0a2,gauthier-onclin,Gauthier Onclin,all,Grass,,,,,,,,,,,,,,,,,,
o0a2,gauthier-onclin,Gauthier Onclin,all,Carpet,,,,,,,,,,,,,,,,,,
o0a2,gauthier-onclin,Gauthier Onclin,2026,all,,,,,,,,,,,,,,,,,,
o0a2,gauthier-onclin,Gauthier Onclin,2026,Hard,,,,,,,,,,,,,,,,,,
o0a2,gauthier-onclin,Gauthier Onclin,2026,Clay,,,,,,,,,,,,,,,,,,
o0a2,gauthier-onclin,Gauthier Onclin,2026,Grass,,,,,,,,,,,,,,,,,,
o0a2,gauthier-onclin,Gauthier Onclin,2026,Carpet,,,,,,,,,,,,,,,,,,
o0a2,gauthier-onclin,Gauthier Onclin,2025,all,2,4,69,65,53,7,43,18,78,61,26,67,13,23,20,15,38,48
o0a2,gauthier-onclin,Gauthier Onclin,2025,Hard,2,4,69,65,53,7,43,18,78,61,26,67,13,23,20,15,38,48
o0a2,gauthier-onclin,Gauthier Onclin,2025,Clay,,,,,,,,,,,,,,,,,,
o0a2,gauthier-onclin,Gauthier Onclin,2025,Grass,,,,,,,,,,,,,,,,,,
o0a2,gauthier-onclin,Gauthier Onclin,2025,Carpet,,,,,,,,,,,,,,,,,,
o0a2,gauthier-onclin,Gauthier Onclin,2024,all,,,,,,,,,,,,,,,,,,
o0a2,gauthier-onclin,Gauthier Onclin,2024,Hard,,,,,,,,,,,,,,,,,,
o0a2,gauthier-onclin,Gauthier Onclin,2024,Clay,,,,,,,,,,,,,,,,,,
o0a2,gauthier-onclin,Gauthier Onclin,2024,Grass,,,,,,,,,,,,,,,,,,
o0a2,gauthier-onclin,Gauthier Onclin,2024,Carpet,,,,,,,,,,,,,,,,,,
o0a2,gauthier-onclin,Gauthier Onclin,2023,all,,,,,,,,,,,,,,,,,,
o0a2,gauthier-onclin,Gauthier Onclin,2023,Hard,,,,,,,,,,,,,,,,,,
o0a2,gauthier-onclin,Gauthier Onclin,2023,Clay,,,,,,,,,,,,,,,,,,
o0a2,gauthier-onclin,Gauthier Onclin,2023,Grass,,,,,,,,,,,,,,,,,,
o0a2,gauthier-onclin,Gauthier Onclin,2023,Carpet,,,,,,,,,,,,,,,,,,
b0gr,gonzalo-bueno,Gonzalo Bueno,all,all,0,0,0,0,0,0,0,0,0,0,0,0,0,0,0,0,0,0
b0gr,gonzalo-bueno,Gonzalo Bueno,all,Hard,0,0,0,0,0,0,0,0,0,0,0,0,0,0,0,0,0,0
b0gr,gonzalo-bueno,Gonzalo Bueno,all,Clay,0,0,0,0,0,0,0,0,0,0,0,0,0,0,0,0,0,0
b0gr,gonzalo-bueno,Gonzalo Bueno,all,Grass,,,,,,,,,,,,,,,,,,
b0gr,gonzalo-bueno,Gonzalo Bueno,all,Carpet,,,,,,,,,,,,,,,,,,
b0gr,gonzalo-bueno,Gonzalo Bueno,2026,all,0,0,0,0,0,0,0,0,0,0,0,0,0,0,0,0,0,0
b0gr,gonzalo-bueno,Gonzalo Bueno,2026,Hard,0,0,0,0,0,0,0,0,0,0,0,0,0,0,0,0,0,0
b0gr,gonzalo-bueno,Gonzalo Bueno,2026,Clay,,,,,,,,,,,,,,,,,,
b0gr,gonzalo-bueno,Gonzalo Bueno,2026,Grass,,,,,,,,,,,,,,,,,,
b0gr,gonzalo-bueno,Gonzalo Bueno,2026,Carpet,,,,,,,,,,,,,,,,,,
b0gr,gonzalo-bueno,Gonzalo Bueno,2025,all,0,0,0,0,0,0,0,0,0,0,0,0,0,0,0,0,0,0
b0gr,gonzalo-bueno,Gonzalo Bueno,2025,Hard,,,,,,,,,,,,,,,,,,
b0gr,gonzalo-bueno,Gonzalo Bueno,2025,Clay,0,0,0,0,0,0,0,0,0,0,0,0,0,0,0,0,0,0
b0gr,gonzalo-bueno,Gonzalo Bueno,2025,Grass,,,,,,,,,,,,,,,,,,
b0gr,gonzalo-bueno,Gonzalo Bueno,2025,Carpet,,,,,,,,,,,,,,,,,,
b0gr,gonzalo-bueno,Gonzalo Bueno,2024,all,0,0,0,0,0,0,0,0,0,0,0,0,0,0,0,0,0,0
b0gr,gonzalo-bueno,Gonzalo Bueno,2024,Hard,0,0,0,0,0,0,0,0,0,0,0,0,0,0,0,0,0,0
b0gr,gonzalo-bueno,Gonzalo Bueno,2024,Clay,,,,,,,,,,,,,,,,,,
b0gr,gonzalo-bueno,Gonzalo Bueno,2024,Grass,,,,,,,,,,,,,,,,,,
b0gr,gonzalo-bueno,Gonzalo Bueno,2024,Carpet,,,,,,,,,,,,,,,,,,
b0gr,gonzalo-bueno,Gonzalo Bueno,2023,all,0,0,0,0,0,0,0,0,0,0,0,0,0,0,0,0,0,0
b0gr,gonzalo-bueno,Gonzalo Bueno,2023,Hard,,,,,,,,,,,,,,,,,,
b0gr,gonzalo-bueno,Gonzalo Bueno,2023,Clay,0,0,0,0,0,0,0,0,0,0,0,0,0,0,0,0,0,0
b0gr,gonzalo-bueno,Gonzalo Bueno,2023,Grass,,,,,,,,,,,,,,,,,,
b0gr,gonzalo-bueno,Gonzalo Bueno,2023,Carpet,,,,,,,,,,,,,,,,,,
e0dd,justin-engel,Justin Engel,all,all,89,34,64,72,48,96,67,153,79,63,23,44,54,33,160,11,31,47
e0dd,justin-engel,Justin Engel,all,Hard,28,5,71,69,48,40,78,53,83,63,21,40,19,26,55,9,28,46
e0dd,justin-engel,Justin Engel,all,Clay,27,18,61,67,46,41,59,54,69,59,24,48,17,47,58,14,33,46
e0dd,justin-engel,Justin Engel,all,Grass,34,11,58,83,50,15,60,46,87,69,25,42,18,28,47,11,31,50
e0dd,justin-engel,Justin Engel,all,Carpet,,,,,,,,,,,,,,,,,,
e0dd,justin-engel,Justin Engel,2026,all,1,2,65,56,50,12,50,14,57,54,34,56,6,67,15,27,42,48
e0dd,justin-engel,Justin Engel,2026,Hard,0,0,0,0,0,0,0,0,0,0,0,0,0,0,0,0,0,0
e0dd,justin-engel,Justin Engel,2026,Clay,1,2,65,56,50,12,50,14,57,54,34,56,6,67,15,27,42,48
e0dd,justin-engel,Justin Engel,2026,Grass,,,,,,,,,,,,,,,,,,
e0dd,justin-engel,Justin Engel,2026,Carpet,,,,,,,,,,,,,,,,,,
e0dd,justin-engel,Justin Engel,2025,all,60,27,59,77,47,44,61,86,80,65,23,43,29,31,90,10,30,48
e0dd,justin-engel,Justin Engel,2025,Hard,0,0,0,0,0,0,0,0,0,0,0,0,0,0,0,0,0,0
e0dd,justin-engel,Justin Engel,2025,Clay,26,16,60,71,45,29,62,40,73,61,20,45,11,36,43,9,30,45
e0dd,justin-engel,Justin Engel,2025,Grass,34,11,58,83,50,15,60,46,87,69,25,42,18,28,47,11,31,50
e0dd,justin-engel,Justin Engel,2025,Carpet,,,,,,,,,,,,,,,,,,
e0dd,justin-engel,Justin Engel,2024,all,9,3,69,72,49,14,79,22,86,65,28,46,10,40,22,18,35,50
e0dd,justin-engel,Justin Engel,2024,Hard,9,3,69,72,49,14,79,22,86,65,28,46,10,40,22,18,35,50
e0dd,justin-engel,Justin Engel,2024,Clay,,,,,,,,,,,,,,,,,,
e0dd,justin-engel,Justin Engel,2024,Grass,,,,,,,,,,,,,,,,,,
e0dd,justin-engel,Justin Engel,2024,Carpet,,,,,,,,,,,,,,,,,,
e0dd,justin-engel,Justin Engel,2023,all,,,,,,,,,,,,,,,,,,
e0dd,justin-engel,Justin Engel,2023,Hard,,,,,,,,,,,,,,,,,,
e0dd,justin-engel,Justin Engel,2023,Clay,,,,,,,,,,,,,,,,,,
e0dd,justin-engel,Justin Engel,2023,Grass,,,,,,,,,,,,,,,,,,
e0dd,justin-engel,Justin Engel,2023,Carpet,,,,,,,,,,,,,,,,,,
gj16,federico-agustin-gomez,Federico Agustin Gomez,all,all,65,35,60,69,50,62,55,106,74,61,23,48,56,29,105,15,33,47
gj16,federico-agustin-gomez,Federico Agustin Gomez,all,Hard,43,15,58,74,51,24,50,53,77,64,19,46,20,30,53,11,30,47
gj16,federico-agustin-gomez,Federico Agustin Gomez,all,Clay,22,20,61,64,49,38,58,53,70,58,27,50,36,28,52,19,35,47
gj16,federico-agustin-gomez,Federico Agustin Gomez,all,Grass,,,,,,,,,,,,,,,,,,
gj16,federico-agustin-gomez,Federico Agustin Gomez,all,Carpet,,,,,,,,,,,,,,,,,,
gj16,federico-agustin-gomez,Federico Agustin Gomez,2026,all,2,2,72,68,44,4,25,12,75,62,21,44,5,40,12,17,30,46
gj16,federico-agustin-gomez,Federico Agustin Gomez,2026,Hard,,,,,,,,,,,,,,,,,,
gj16,federico-agustin-gomez,Federico Agustin Gomez,2026,Clay,2,2,72,68,44,4,25,12,75,62,21,44,5,40,12,17,30,46
gj16,federico-agustin-gomez,Federico Agustin Gomez,2026,Grass,,,,,,,,,,,,,,,,,,
gj16,federico-agustin-gomez,Federico Agustin Gomez,2026,Carpet,,,,,,,,,,,,,,,,,,
gj16,federico-agustin-gomez,Federico Agustin Gomez,2025,all,41,20,61,68,53,36,53,65,74,62,24,46,31,29,63,14,32,47
gj16,federico-agustin-gomez,Federico Agustin Gomez,2025,Hard,22,8,62,70,53,16,50,32,75,64,16,38,4,50,32,6,25,45
gj16,federico-agustin-gomez,Federico Agustin Gomez,2025,Clay,19,12,60,65,52,20,55,33,73,60,30,54,27,26,31,23,39,49
gj16,federico-agustin-gomez,Federico Agustin Gomez,2025,Grass,,,,,,,,,,,,,,,,,,
gj16,federico-agustin-gomez,Federico Agustin Gomez,2025,Carpet,,,,,,,,,,,,,,,,,,
gj16,federico-agustin-gomez,Federico Agustin Gomez,2024,all,22,13,52,71,46,22,64,29,72,59,22,52,20,25,30,17,35,47
gj16,federico-agustin-gomez,Federico Agustin Gomez,2024,Hard,21,7,52,80,48,8,50,21,81,65,24,56,16,25,21,19,37,50
gj16,federico-agustin-gomez,Federico Agustin Gomez,2024,Clay,1,6,52,53,41,14,71,8,50,48,16,42,4,25,9,11,29,39
gj16,federico-agustin-gomez,Federico Agustin Gomez,2024,Grass,,,,,,,,,,,,,,,,,,
gj16,federico-agustin-gomez,Federico Agustin Gomez,2024,Carpet,,,,,,,,,,,,,,,,,,
gj16,federico-agustin-gomez,Federico Agustin Gomez,2023,all,,,,,,,,,,,,,,,,,,
gj16,federico-agustin-gomez,Federico Agustin Gomez,2023,Hard,,,,,,,,,,,,,,,,,,
gj16,federico-agustin-gomez,Federico Agustin Gomez,2023,Clay,,,,,,,,,,,,,,,,,,
gj16,federico-agustin-gomez,Federico Agustin Gomez,2023,Grass,,,,,,,,,,,,,,,,,,
gj16,federico-agustin-gomez,Federico Agustin Gomez,2023,Carpet,,,,,,,,,,,,,,,,,,
k0ep,jerome-kym,Jerome Kym,all,all,92,29,62,78,54,42,62,131,88,69,23,46,38,37,131,11,31,50
k0ep,jerome-kym,Jerome Kym,all,Hard,64,18,62,75,54,31,61,85,86,67,24,44,25,36,86,10,31,49
k0ep,jerome-kym,Jerome Kym,all,Clay,28,11,64,84,52,11,64,46,91,73,21,49,13,38,45,11,32,52
k0ep,jerome-kym,Jerome Kym,all,Grass,,,,,,,,,,,,,,,,,,
k0ep,jerome-kym,Jerome Kym,all,Carpet,,,,,,,,,,,,,,,,,,
k0ep,jerome-kym,Jerome Kym,2026,all,,,,,,,,,,,,,,,,,,
k0ep,jerome-kym,Jerome Kym,2026,Hard,0,0,0,0,0,0,0,0,0,0,0,0,0,0,0,0,0,0
k0ep,jerome-kym,Jerome Kym,2026,Clay,,,,,,,,,,,,,,,,,,
k0ep,jerome-kym,Jerome Kym,2026,Grass,,,,,,,,,,,,,,,,,,
k0ep,jerome-kym,Jerome Kym,2026,Carpet,,,,,,,,,,,,,,,,,,
k0ep,jerome-kym,Jerome Kym,2025,all,84,26,62,79,53,33,58,114,88,69,24,47,37,38,114,12,33,51
k0ep,jerome-kym,Jerome Kym,2025,Hard,56,15,60,76,53,22,55,68,85,67,25,46,24,38,69,13,33,50
k0ep,jerome-kym,Jerome Kym,2025,Clay,28,11,64,84,52,11,64,46,91,73,21,49,13,38,45,11,32,52
k0ep,jerome-kym,Jerome Kym,2025,Grass,,,,,,,,,,,,,,,,,,
k0ep,jerome-kym,Jerome Kym,2025,Carpet,,,,,,,,,,,,,,,,,,
k0ep,jerome-kym,Jerome Kym,2024,all,8,3,68,72,60,9,78,17,88,68,18,28,1,0,17,0,20,46
k0ep,jerome-kym,Jerome Kym,2024,Hard,8,3,68,72,60,9,78,17,88,68,18,28,1,0,17,0,20,46
k0ep,jerome-kym,Jerome Kym,2024,Clay,,,,,,,,,,,,,,,,,,
k0ep,jerome-kym,Jerome Kym,2024,Grass,,,,,,,,,,,,,,,,,,
k0ep,jerome-kym,Jerome Kym,2024,Carpet,,,,,,,,,,,,,,,,,,
k0ep,jerome-kym,Jerome Kym,2023,all,,,,,,,,,,,,,,,,,,
k0ep,jerome-kym,Jerome Kym,2023,Hard,,,,,,,,,,,,,,,,,,
k0ep,jerome-kym,Jerome Kym,2023,Clay,,,,,,,,,,,,,,,,,,
k0ep,jerome-kym,Jerome Kym,2023,Grass,,,,,,,,,,,,,,,,,,
k0ep,jerome-kym,Jerome Kym,2023,Carpet,,,,,,,,,,,,,,,,,,
s0gr,timofey-skatov,Timofey Skatov,all,all,41,39,67,62,49,147,56,209,69,58,27,52,103,39,215,19,37,47
s0gr,timofey-skatov,Timofey Skatov,all,Hard,21,24,68,61,51,92,58,128,70,58,27,50,61,39,131,18,36,47
s0gr,timofey-skatov,Timofey Skatov,all,Clay,20,15,65,64,47,55,55,81,69,58,26,56,42,38,84,19,38,48
s0gr,timofey-skatov,Timofey Skatov,all,Grass,,,,,,,,,,,,,,,,,,
s0gr,timofey-skatov,Timofey Skatov,all,Carpet,,,,,,,,,,,,,,,,,,
s0gr,timofey-skatov,Timofey Skatov,2026,all,9,1,62,66,63,8,63,15,80,65,22,56,3,33,16,6,33,49
s0gr,timofey-skatov,Timofey Skatov,2026,Hard,,,,,,,,,,,,,,,,,,
s0gr,timofey-skatov,Timofey Skatov,2026,Clay,9,1,62,66,63,8,63,15,80,65,22,56,3,33,16,6,33,49
s0gr,timofey-skatov,Timofey Skatov,2026,Grass,,,,,,,,,,,,,,,,,,
s0gr,timofey-skatov,Timofey Skatov,2026,Carpet,,,,,,,,,,,,,,,,,,
s0gr,timofey-skatov,Timofey Skatov,2025,all,5,5,67,67,52,23,65,31,74,62,35,49,27,30,32,25,40,50
s0gr,timofey-skatov,Timofey Skatov,2025,Hard,4,1,68,72,56,7,57,14,79,67,37,41,12,33,15,27,39,51
s0gr,timofey-skatov,Timofey Skatov,2025,Clay,1,4,67,64,50,16,69,17,71,59,33,55,15,27,17,24,41,50
s0gr,timofey-skatov,Timofey Skatov,2025,Grass,,,,,,,,,,,,,,,,,,
s0gr,timofey-skatov,Timofey Skatov,2025,Carpet,,,,,,,,,,,,,,,,,,
s0gr,timofey-skatov,Timofey Skatov,2024,all,16,16,60,67,46,34,53,63,75,59,22,53,26,50,66,20,36,47
s0gr,timofey-skatov,Timofey Skatov,2024,Hard,6,9,55,69,48,13,54,25,76,59,13,49,7,43,27,11,30,46
s0gr,timofey-skatov,Timofey Skatov,2024,Clay,10,7,63,66,45,21,52,38,74,58,27,56,19,53,39,26,39,49
s0gr,timofey-skatov,Timofey Skatov,2024,Grass,,,,,,,,,,,,,,,,,,
s0gr,timofey-skatov,Timofey Skatov,2024,Carpet,,,,,,,,,,,,,,,,,,
s0gr,timofey-skatov,Timofey Skatov,2023,all,9,9,70,63,44,36,50,53,66,57,28,52,28,29,54,15,37,46
s0gr,timofey-skatov,Timofey Skatov,2023,Hard,9,6,69,66,48,26,58,42,74,61,29,50,23,30,42,17,37,48
s0gr,timofey-skatov,Timofey Skatov,2023,Clay,0,3,76,51,24,10,30,11,36,44,22,58,5,20,12,8,35,39
s0gr,timofey-skatov,Timofey Skatov,2023,Grass,,,,,,,,,,,,,,,,,,
s0gr,timofey-skatov,Timofey Skatov,2023,Carpet,,,,,,,,,,,,,,,,,,
b0gy,alex-barrena,Alex Barrena,all,all,9,7,54,63,44,23,57,27,63,54,30,49,9,67,25,24,37,47
b0gy,alex-barrena,Alex Barrena,all,Hard,,,,,,,,,,,,,,,,,,
b0gy,alex-barrena,Alex Barrena,all,Clay,9,7,54,63,44,23,57,27,63,54,30,49,9,67,25,24,37,47
b0gy,alex-barrena,Alex Barrena,all,Grass,,,,,,,,,,,,,,,,,,
b0gy,alex-barrena,Alex Barrena,all,Carpet,,,,,,,,,,,,,,,,,,
b0gy,alex-barrena,Alex Barrena,2026,all,9,7,54,63,44,23,57,27,63,54,30,49,9,67,25,24,37,47
b0gy,alex-barrena,Alex Barrena,2026,Hard,,,,,,,,,,,,,,,,,,
b0gy,alex-barrena,Alex Barrena,2026,Clay,9,7,54,63,44,23,57,27,63,54,30,49,9,67,25,24,37,47
b0gy,alex-barrena,Alex Barrena,2026,Grass,,,,,,,,,,,,,,,,,,
b0gy,alex-barrena,Alex Barrena,2026,Carpet,,,,,,,,,,,,,,,,,,
b0gy,alex-barrena,Alex Barrena,2025,all,,,,,,,,,,,,,,,,,,
b0gy,alex-barrena,Alex Barrena,2025,Hard,,,,,,,,,,,,,,,,,,
b0gy,alex-barrena,Alex Barrena,2025,Clay,,,,,,,,,,,,,,,,,,
b0gy,alex-barrena,Alex Barrena,2025,Grass,,,,,,,,,,,,,,,,,,
b0gy,alex-barrena,Alex Barrena,2025,Carpet,,,,,,,,,,,,,,,,,,
b0gy,alex-barrena,Alex Barrena,2024,all,,,,,,,,,,,,,,,,,,
b0gy,alex-barrena,Alex Barrena,2024,Hard,,,,,,,,,,,,,,,,,,
b0gy,alex-barrena,Alex Barrena,2024,Clay,,,,,,,,,,,,,,,,,,
b0gy,alex-barrena,Alex Barrena,2024,Grass,,,,,,,,,,,,,,,,,,
b0gy,alex-barrena,Alex Barrena,2024,Carpet,,,,,,,,,,,,,,,,,,
b0gy,alex-barrena,Alex Barrena,2023,all,,,,,,,,,,,,,,,,,,
b0gy,alex-barrena,Alex Barrena,2023,Hard,,,,,,,,,,,,,,,,,,
b0gy,alex-barrena,Alex Barrena,2023,Clay,,,,,,,,,,,,,,,,,,
b0gy,alex-barrena,Alex Barrena,2023,Grass,,,,,,,,,,,,,,,,,,
b0gy,alex-barrena,Alex Barrena,2023,Carpet,,,,,,,,,,,,,,,,,,
s0ze,colton-smith,Colton Smith,all,all,34,29,61,68,48,74,62,97,71,60,26,47,53,34,100,18,35,48
s0ze,colton-smith,Colton Smith,all,Hard,22,19,61,67,42,56,63,62,66,57,27,49,36,33,66,18,37,47
s0ze,colton-smith,Colton Smith,all,Clay,12,10,60,68,60,18,61,35,80,65,24,41,17,35,34,18,32,49
s0ze,colton-smith,Colton Smith,all,Grass,,,,,,,,,,,,,,,,,,
s0ze,colton-smith,Colton Smith,all,Carpet,,,,,,,,,,,,,,,,,,
s0ze,colton-smith,Colton Smith,2026,all,2,2,57,46,57,9,56,7,43,51,15,21,0,0,8,0,18,36
s0ze,colton-smith,Colton Smith,2026,Hard,,,,,,,,,,,,,,,,,,
s0ze,colton-smith,Colton Smith,2026,Clay,2,2,57,46,57,9,56,7,43,51,15,21,0,0,8,0,18,36
s0ze,colton-smith,Colton Smith,2026,Grass,,,,,,,,,,,,,,,,,,
s0ze,colton-smith,Colton Smith,2026,Carpet,,,,,,,,,,,,,,,,,,
s0ze,colton-smith,Colton Smith,2025,all,32,27,61,69,47,65,63,90,73,61,27,49,53,34,92,20,36,48
s0ze,colton-smith,Colton Smith,2025,Hard,22,19,61,67,42,56,63,62,66,57,27,49,36,33,66,18,37,47
s0ze,colton-smith,Colton Smith,2025,Clay,10,8,61,74,61,9,67,28,89,69,26,46,17,35,26,23,35,52
s0ze,colton-smith,Colton Smith,2025,Grass,,,,,,,,,,,,,,,,,,
s0ze,colton-smith,Colton Smith,2025,Carpet,,,,,,,,,,,,,,,,,,
s0ze,colton-smith,Colton Smith,2024,all,,,,,,,,,,,,,,,,,,
s0ze,colton-smith,Colton Smith,2024,Hard,,,,,,,,,,,,,,,,,,
s0ze,colton-smith,Colton Smith,2024,Clay,,,,,,,,,,,,,,,,,,
s0ze,colton-smith,Colton Smith,2024,Grass,,,,,,,,,,,,,,,,,,
s0ze,colton-smith,Colton Smith,2024,Carpet,,,,,,,,,,,,,,,,,,
s0ze,colton-smith,Colton Smith,2023,all,,,,,,,,,,,,,,,,,,
s0ze,colton-smith,Colton Smith,2023,Hard,,,,,,,,,,,,,,,,,,
s0ze,colton-smith,Colton Smith,2023,Clay,,,,,,,,,,,,,,,,,,
s0ze,colton-smith,Colton Smith,2023,Grass,,,,,,,,,,,,,,,,,,
s0ze,colton-smith,Colton Smith,2023,Carpet,,,,,,,,,,,,,,,,,,
n0cs,lukas-neumayer,Lukas Neumayer,all,all,8,12,60,68,49,30,47,53,70,60,22,48,27,33,53,17,34,48
n0cs,lukas-neumayer,Lukas Neumayer,all,Hard,0,0,0,0,0,0,0,0,0,0,0,0,0,0,0,0,0,0
n0cs,lukas-neumayer,Lukas Neumayer,all,Clay,8,12,60,68,49,30,47,53,70,60,22,48,27,33,53,17,34,48
n0cs,lukas-neumayer,Lukas Neumayer,all,Grass,,,,,,,,,,,,,,,,,,
n0cs,lukas-neumayer,Lukas Neumayer,all,Carpet,,,,,,,,,,,,,,,,,,
n0cs,lukas-neumayer,Lukas Neumayer,2026,all,0,0,0,0,0,0,0,0,0,0,0,0,0,0,0,0,0,0
n0cs,lukas-neumayer,Lukas Neumayer,2026,Hard,0,0,0,0,0,0,0,0,0,0,0,0,0,0,0,0,0,0
n0cs,lukas-neumayer,Lukas Neumayer,2026,Clay,,,,,,,,,,,,,,,,,,
n0cs,lukas-neumayer,Lukas Neumayer,2026,Grass,,,,,,,,,,,,,,,,,,
n0cs,lukas-neumayer,Lukas Neumayer,2026,Carpet,,,,,,,,,,,,,,,,,,
n0cs,lukas-neumayer,Lukas Neumayer,2025,all,6,1,56,60,45,8,50,10,60,53,22,46,7,14,10,10,33,44
n0cs,lukas-neumayer,Lukas Neumayer,2025,Hard,0,0,0,0,0,0,0,0,0,0,0,0,0,0,0,0,0,0
n0cs,lukas-neumayer,Lukas Neumayer,2025,Clay,6,1,56,60,45,8,50,10,60,53,22,46,7,14,10,10,33,44
n0cs,lukas-neumayer,Lukas Neumayer,2025,Grass,,,,,,,,,,,,,,,,,,
n0cs,lukas-neumayer,Lukas Neumayer,2025,Carpet,,,,,,,,,,,,,,,,,,
n0cs,lukas-neumayer,Lukas Neumayer,2024,all,1,7,61,69,51,12,42,26,73,62,22,44,10,50,26,19,32,47
n0cs,lukas-neumayer,Lukas Neumayer,2024,Hard,,,,,,,,,,,,,,,,,,
n0cs,lukas-neumayer,Lukas Neumayer,2024,Clay,1,7,61,69,51,12,42,26,73,62,22,44,10,50,26,19,32,47
n0cs,lukas-neumayer,Lukas Neumayer,2024,Grass,,,,,,,,,,,,,,,,,,
n0cs,lukas-neumayer,Lukas Neumayer,2024,Carpet,,,,,,,,,,,,,,,,,,
n0cs,lukas-neumayer,Lukas Neumayer,2023,all,,,,,,,,,,,,,,,,,,
n0cs,lukas-neumayer,Lukas Neumayer,2023,Hard,,,,,,,,,,,,,,,,,,
n0cs,lukas-neumayer,Lukas Neumayer,2023,Clay,,,,,,,,,,,,,,,,,,
n0cs,lukas-neumayer,Lukas Neumayer,2023,Grass,,,,,,,,,,,,,,,,,,
n0cs,lukas-neumayer,Lukas Neumayer,2023,Carpet,,,,,,,,,,,,,,,,,,
gk06,alexis-galarneau,Alexis Galarneau,all,all,22,20,61,70,49,31,42,61,70,62,30,51,37,32,61,20,38,49
gk06,alexis-galarneau,Alexis Galarneau,all,Hard,22,20,61,70,49,31,42,61,70,62,30,51,37,32,61,20,38,49
gk06,alexis-galarneau,Alexis Galarneau,all,Clay,0,0,0,0,0,0,0,0,0,0,0,0,0,0,0,0,0,0
gk06,alexis-galarneau,Alexis Galarneau,all,Grass,,,,,,,,,,,,,,,,,,
gk06,alexis-galarneau,Alexis Galarneau,all,Carpet,,,,,,,,,,,,,,,,,,
gk06,alexis-galarneau,Alexis Galarneau,2026,all,1,6,58,54,44,8,50,9,56,50,27,50,4,50,10,20,34,42
gk06,alexis-galarneau,Alexis Galarneau,2026,Hard,1,6,58,54,44,8,50,9,56,50,27,50,4,50,10,20,34,42
gk06,alexis-galarneau,Alexis Galarneau,2026,Clay,,,,,,,,,,,,,,,,,,
gk06,alexis-galarneau,Alexis Galarneau,2026,Grass,,,,,,,,,,,,,,,,,,
gk06,alexis-galarneau,Alexis Galarneau,2026,Carpet,,,,,,,,,,,,,,,,,,
gk06,alexis-galarneau,Alexis Galarneau,2025,all,12,5,61,75,55,11,45,27,78,67,29,55,19,32,26,23,41,53
gk06,alexis-galarneau,Alexis Galarneau,2025,Hard,12,5,61,75,55,11,45,27,78,67,29,55,19,32,26,23,41,53
gk06,alexis-galarneau,Alexis Galarneau,2025,Clay,,,,,,,,,,,,,,,,,,
gk06,alexis-galarneau,Alexis Galarneau,2025,Grass,,,,,,,,,,,,,,,,,,
gk06,alexis-galarneau,Alexis Galarneau,2025,Carpet,,,,,,,,,,,,,,,,,,
gk06,alexis-galarneau,Alexis Galarneau,2024,all,,,,,,,,,,,,,,,,,,
gk06,alexis-galarneau,Alexis Galarneau,2024,Hard,,,,,,,,,,,,,,,,,,
gk06,alexis-galarneau,Alexis Galarneau,2024,Clay,,,,,,,,,,,,,,,,,,
gk06,alexis-galarneau,Alexis Galarneau,2024,Grass,,,,,,,,,,,,,,,,,,
gk06,alexis-galarneau,Alexis Galarneau,2024,Carpet,,,,,,,,,,,,,,,,,,
gk06,alexis-galarneau,Alexis Galarneau,2023,all,3,3,64,65,48,6,17,14,64,59,38,46,13,23,14,21,42,49
gk06,alexis-galarneau,Alexis Galarneau,2023,Hard,3,3,64,65,48,6,17,14,64,59,38,46,13,23,14,21,42,49
gk06,alexis-galarneau,Alexis Galarneau,2023,Clay,,,,,,,,,,,,,,,,,,
gk06,alexis-galarneau,Alexis Galarneau,2023,Grass,,,,,,,,,,,,,,,,,,
gk06,alexis-galarneau,Alexis Galarneau,2023,Carpet,,,,,,,,,,,,,,,,,,
ss25,vitaliy-sachko,Vitaliy Sachko,all,all,43,21,64,68,49,94,64,125,73,61,23,49,53,32,127,13,32,47
ss25,vitaliy-sachko,Vitaliy Sachko,all,Hard,33,10,68,71,53,42,62,84,81,66,22,44,30,33,85,12,30,48
ss25,vitaliy-sachko,Vitaliy Sachko,all,Clay,10,11,57,59,44,52,65,41,56,53,26,56,23,30,42,17,37,45
ss25,vitaliy-sachko,Vitaliy Sachko,all,Grass,,,,,,,,,,,,,,,,,,
ss25,vitaliy-sachko,Vitaliy Sachko,all,Carpet,,,,,,,,,,,,,,,,,,
ss25,vitaliy-sachko,Vitaliy Sachko,2026,all,2,0,44,55,44,9,56,7,43,49,21,53,5,0,8,0,30,39
ss25,vitaliy-sachko,Vitaliy Sachko,2026,Hard,,,,,,,,,,,,,,,,,,
ss25,vitaliy-sachko,Vitaliy Sachko,2026,Clay,2,0,44,55,44,9,56,7,43,49,21,53,5,0,8,0,30,39
ss25,vitaliy-sachko,Vitaliy Sachko,2026,Grass,,,,,,,,,,,,,,,,,,
ss25,vitaliy-sachko,Vitaliy Sachko,2026,Carpet,,,,,,,,,,,,,,,,,,
ss25,vitaliy-sachko,Vitaliy Sachko,2025,all,22,7,66,69,53,45,71,63,79,64,22,50,26,38,65,15,32,48
ss25,vitaliy-sachko,Vitaliy Sachko,2025,Hard,21,3,69,73,60,22,77,49,90,69,18,45,15,33,51,10,27,49
ss25,vitaliy-sachko,Vitaliy Sachko,2025,Clay,1,4,58,55,36,23,65,14,43,47,37,61,11,45,14,36,46,47
ss25,vitaliy-sachko,Vitaliy Sachko,2025,Grass,,,,,,,,,,,,,,,,,,
ss25,vitaliy-sachko,Vitaliy Sachko,2025,Carpet,,,,,,,,,,,,,,,,,,
ss25,vitaliy-sachko,Vitaliy Sachko,2024,all,3,2,67,78,50,3,33,10,80,69,28,32,4,0,10,0,30,48
ss25,vitaliy-sachko,Vitaliy Sachko,2024,Hard,3,2,67,78,50,3,33,10,80,69,28,32,4,0,10,0,30,48
ss25,vitaliy-sachko,Vitaliy Sachko,2024,Clay,,,,,,,,,,,,,,,,,,
ss25,vitaliy-sachko,Vitaliy Sachko,2024,Grass,,,,,,,,,,,,,,,,,,
ss25,vitaliy-sachko,Vitaliy Sachko,2024,Carpet,,,,,,,,,,,,,,,,,,
ss25,vitaliy-sachko,Vitaliy Sachko,2023,all,7,2,62,70,46,21,67,23,70,61,25,44,9,22,22,9,33,46
ss25,vitaliy-sachko,Vitaliy Sachko,2023,Hard,6,1,65,76,44,8,63,14,79,65,25,41,5,20,13,8,32,48
ss25,vitaliy-sachko,Vitaliy Sachko,2023,Clay,1,1,58,59,48,13,69,9,56,55,25,48,4,25,9,11,34,44
ss25,vitaliy-sachko,Vitaliy Sachko,2023,Grass,,,,,,,,,,,,,,,,,,
ss25,vitaliy-sachko,Vitaliy Sachko,2023,Carpet,,,,,,,,,,,,,,,,,,
ta46,bernard-tomic,Bernard Tomic,all,all,2755,615,66,71,50,2418,64,4512,81,64,25,48,2121,36,4460,17,34,49
ta46,bernard-tomic,Bernard Tomic,all,Hard,1850,410,65,72,50,1498,64,2840,81,64,25,48,1355,37,2803,18,34,50
ta46,bernard-tomic,Bernard Tomic,all,Clay,302,95,65,66,48,493,60,727,73,60,27,45,349,34,718,16,34,47
ta46,bernard-tomic,Bernard Tomic,all,Grass,603,110,70,73,52,427,65,945,84,66,24,50,417,37,939,17,33,50
ta46,bernard-tomic,Bernard Tomic,all,Carpet,,,,,,,,,,,,,,,,,,
ta46,bernard-tomic,Bernard Tomic,2026,all,,,,,,,,,,,,,,,,,,
ta46,bernard-tomic,Bernard Tomic,2026,Hard,,,,,,,,,,,,,,,,,,
ta46,bernard-tomic,Bernard Tomic,2026,Clay,,,,,,,,,,,,,,,,,,
ta46,bernard-tomic,Bernard Tomic,2026,Grass,,,,,,,,,,,,,,,,,,
ta46,bernard-tomic,Bernard Tomic,2026,Carpet,,,,,,,,,,,,,,,,,,
ta46,bernard-tomic,Bernard Tomic,2025,all,16,6,60,69,48,22,64,32,75,61,27,45,12,42,34,15,34,47
ta46,bernard-tomic,Bernard Tomic,2025,Hard,1,1,69,62,52,8,75,9,78,59,23,47,4,0,10,0,32,45
ta46,bernard-tomic,Bernard Tomic,2025,Clay,,,,,,,,,,,,,,,,,,
ta46,bernard-tomic,Bernard Tomic,2025,Grass,15,5,55,74,47,14,57,23,74,62,30,43,8,63,24,21,35,49
ta46,bernard-tomic,Bernard Tomic,2025,Carpet,,,,,,,,,,,,,,,,,,
ta46,bernard-tomic,Bernard Tomic,2024,all,,,,,,,,,,,,,,,,,,
ta46,bernard-tomic,Bernard Tomic,2024,Hard,,,,,,,,,,,,,,,,,,
ta46,bernard-tomic,Bernard Tomic,2024,Clay,,,,,,,,,,,,,,,,,,
ta46,bernard-tomic,Bernard Tomic,2024,Grass,,,,,,,,,,,,,,,,,,
ta46,bernard-tomic,Bernard Tomic,2024,Carpet,,,,,,,,,,,,,,,,,,
ta46,bernard-tomic,Bernard Tomic,2023,all,,,,,,,,,,,,,,,,,,
ta46,bernard-tomic,Bernard Tomic,2023,Hard,,,,,,,,,,,,,,,,,,
ta46,bernard-tomic,Bernard Tomic,2023,Clay,,,,,,,,,,,,,,,,,,
ta46,bernard-tomic,Bernard Tomic,2023,Grass,,,,,,,,,,,,,,,,,,
ta46,bernard-tomic,Bernard Tomic,2023,Carpet,,,,,,,,,,,,,,,,,,
d0h9,guy-den-ouden,Guy Den Ouden,all,all,2,5,57,60,55,16,69,19,74,58,37,38,8,63,19,26,37,49
d0h9,guy-den-ouden,Guy Den Ouden,all,Hard,2,5,57,60,55,16,69,19,74,58,37,38,8,63,19,26,37,49
d0h9,guy-den-ouden,Guy Den Ouden,all,Clay,,,,,,,,,,,,,,,,,,
d0h9,guy-den-ouden,Guy Den Ouden,all,Grass,,,,,,,,,,,,,,,,,,
d0h9,guy-den-ouden,Guy Den Ouden,all,Carpet,,,,,,,,,,,,,,,,,,
d0h9,guy-den-ouden,Guy Den Ouden,2026,all,2,5,57,60,55,16,69,19,74,58,37,38,8,63,19,26,37,49
d0h9,guy-den-ouden,Guy Den Ouden,2026,Hard,2,5,57,60,55,16,69,19,74,58,37,38,8,63,19,26,37,49
d0h9,guy-den-ouden,Guy Den Ouden,2026,Clay,,,,,,,,,,,,,,,,,,
d0h9,guy-den-ouden,Guy Den Ouden,2026,Grass,,,,,,,,,,,,,,,,,,
d0h9,guy-den-ouden,Guy Den Ouden,2026,Carpet,,,,,,,,,,,,,,,,,,
d0h9,guy-den-ouden,Guy Den Ouden,2025,all,,,,,,,,,,,,,,,,,,
d0h9,guy-den-ouden,Guy Den Ouden,2025,Hard,,,,,,,,,,,,,,,,,,
d0h9,guy-den-ouden,Guy Den Ouden,2025,Clay,,,,,,,,,,,,,,,,,,
d0h9,guy-den-ouden,Guy Den Ouden,2025,Grass,,,,,,,,,,,,,,,,,,
d0h9,guy-den-ouden,Guy Den Ouden,2025,Carpet,,,,,,,,,,,,,,,,,,
d0h9,guy-den-ouden,Guy Den Ouden,2024,all,,,,,,,,,,,,,,,,,,
d0h9,guy-den-ouden,Guy Den Ouden,2024,Hard,,,,,,,,,,,,,,,,,,
d0h9,guy-den-ouden,Guy Den Ouden,2024,Clay,,,,,,,,,,,,,,,,,,
d0h9,guy-den-ouden,Guy Den Ouden,2024,Grass,,,,,,,,,,,,,,,,,,
d0h9,guy-den-ouden,Guy Den Ouden,2024,Carpet,,,,,,,,,,,,,,,,,,
d0h9,guy-den-ouden,Guy Den Ouden,2023,all,,,,,,,,,,,,,,,,,,
d0h9,guy-den-ouden,Guy Den Ouden,2023,Hard,,,,,,,,,,,,,,,,,,
d0h9,guy-den-ouden,Guy Den Ouden,2023,Clay,,,,,,,,,,,,,,,,,,
d0h9,guy-den-ouden,Guy Den Ouden,2023,Grass,,,,,,,,,,,,,,,,,,
d0h9,guy-den-ouden,Guy Den Ouden,2023,Carpet,,,,,,,,,,,,,,,,,,
c0nn,gianluca-cadenasso,Gianluca Cadenasso,all,all,,,,,,,,,,,,,,,,,,
c0nn,gianluca-cadenasso,Gianluca Cadenasso,all,Hard,,,,,,,,,,,,,,,,,,
c0nn,gianluca-cadenasso,Gianluca Cadenasso,all,Clay,,,,,,,,,,,,,,,,,,
c0nn,gianluca-cadenasso,Gianluca Cadenasso,all,Grass,,,,,,,,,,,,,,,,,,
c0nn,gianluca-cadenasso,Gianluca Cadenasso,all,Carpet,,,,,,,,,,,,,,,,,,
c0nn,gianluca-cadenasso,Gianluca Cadenasso,2026,all,,,,,,,,,,,,,,,,,,
c0nn,gianluca-cadenasso,Gianluca Cadenasso,2026,Hard,,,,,,,,,,,,,,,,,,
c0nn,gianluca-cadenasso,Gianluca Cadenasso,2026,Clay,,,,,,,,,,,,,,,,,,
c0nn,gianluca-cadenasso,Gianluca Cadenasso,2026,Grass,,,,,,,,,,,,,,,,,,
c0nn,gianluca-cadenasso,Gianluca Cadenasso,2026,Carpet,,,,,,,,,,,,,,,,,,
c0nn,gianluca-cadenasso,Gianluca Cadenasso,2025,all,,,,,,,,,,,,,,,,,,
c0nn,gianluca-cadenasso,Gianluca Cadenasso,2025,Hard,,,,,,,,,,,,,,,,,,
c0nn,gianluca-cadenasso,Gianluca Cadenasso,2025,Clay,,,,,,,,,,,,,,,,,,
c0nn,gianluca-cadenasso,Gianluca Cadenasso,2025,Grass,,,,,,,,,,,,,,,,,,
c0nn,gianluca-cadenasso,Gianluca Cadenasso,2025,Carpet,,,,,,,,,,,,,,,,,,
c0nn,gianluca-cadenasso,Gianluca Cadenasso,2024,all,,,,,,,,,,,,,,,,,,
c0nn,gianluca-cadenasso,Gianluca Cadenasso,2024,Hard,,,,,,,,,,,,,,,,,,
c0nn,gianluca-cadenasso,Gianluca Cadenasso,2024,Clay,,,,,,,,,,,,,,,,,,
c0nn,gianluca-cadenasso,Gianluca Cadenasso,2024,Grass,,,,,,,,,,,,,,,,,,
c0nn,gianluca-cadenasso,Gianluca Cadenasso,2024,Carpet,,,,,,,,,,,,,,,,,,
c0nn,gianluca-cadenasso,Gianluca Cadenasso,2023,all,,,,,,,,,,,,,,,,,,
c0nn,gianluca-cadenasso,Gianluca Cadenasso,2023,Hard,,,,,,,,,,,,,,,,,,
c0nn,gianluca-cadenasso,Gianluca Cadenasso,2023,Clay,,,,,,,,,,,,,,,,,,
c0nn,gianluca-cadenasso,Gianluca Cadenasso,2023,Grass,,,,,,,,,,,,,,,,,,
c0nn,gianluca-cadenasso,Gianluca Cadenasso,2023,Carpet,,,,,,,,,,,,,,,,,,
sx90,fajing-sun,Fajing Sun,all,all,11,4,68,72,46,8,38,25,80,64,18,45,7,0,26,0,27,45
sx90,fajing-sun,Fajing Sun,all,Hard,11,4,68,72,46,8,38,25,80,64,18,45,7,0,26,0,27,45
sx90,fajing-sun,Fajing Sun,all,Clay,0,0,0,0,0,0,0,0,0,0,0,0,0,0,0,0,0,0
sx90,fajing-sun,Fajing Sun,all,Grass,,,,,,,,,,,,,,,,,,
sx90,fajing-sun,Fajing Sun,all,Carpet,,,,,,,,,,,,,,,,,,
sx90,fajing-sun,Fajing Sun,2026,all,,,,,,,,,,,,,,,,,,
sx90,fajing-sun,Fajing Sun,2026,Hard,,,,,,,,,,,,,,,,,,
sx90,fajing-sun,Fajing Sun,2026,Clay,,,,,,,,,,,,,,,,,,
sx90,fajing-sun,Fajing Sun,2026,Grass,,,,,,,,,,,,,,,,,,
sx90,fajing-sun,Fajing Sun,2026,Carpet,,,,,,,,,,,,,,,,,,
sx90,fajing-sun,Fajing Sun,2025,all,1,2,60,62,35,6,50,8,63,51,21,40,5,0,9,0,29,40
sx90,fajing-sun,Fajing Sun,2025,Hard,1,2,60,62,35,6,50,8,63,51,21,40,5,0,9,0,29,40
sx90,fajing-sun,Fajing Sun,2025,Clay,,,,,,,,,,,,,,,,,,
sx90,fajing-sun,Fajing Sun,2025,Grass,,,,,,,,,,,,,,,,,,
sx90,fajing-sun,Fajing Sun,2025,Carpet,,,,,,,,,,,,,,,,,,
sx90,fajing-sun,Fajing Sun,2024,all,10,2,72,77,56,2,0,17,88,71,16,48,2,0,17,0,26,48
sx90,fajing-sun,Fajing Sun,2024,Hard,10,2,72,77,56,2,0,17,88,71,16,48,2,0,17,0,26,48
sx90,fajing-sun,Fajing Sun,2024,Clay,,,,,,,,,,,,,,,,,,
sx90,fajing-sun,Fajing Sun,2024,Grass,,,,,,,,,,,,,,,,,,
sx90,fajing-sun,Fajing Sun,2024,Carpet,,,,,,,,,,,,,,,,,,
sx90,fajing-sun,Fajing Sun,2023,all,,,,,,,,,,,,,,,,,,
sx90,fajing-sun,Fajing Sun,2023,Hard,,,,,,,,,,,,,,,,,,
sx90,fajing-sun,Fajing Sun,2023,Clay,,,,,,,,,,,,,,,,,,
sx90,fajing-sun,Fajing Sun,2023,Grass,,,,,,,,,,,,,,,,,,
sx90,fajing-sun,Fajing Sun,2023,Carpet,,,,,,,,,,,,,,,,,,
m0n1,luka-mikrut,Luka Mikrut,all,all,0,2,36,62,53,5,20,10,60,56,22,54,6,17,10,10,34,44
m0n1,luka-mikrut,Luka Mikrut,all,Hard,,,,,,,,,,,,,,,,,,
m0n1,luka-mikrut,Luka Mikrut,all,Clay,0,2,36,62,53,5,20,10,60,56,22,54,6,17,10,10,34,44
m0n1,luka-mikrut,Luka Mikrut,all,Grass,,,,,,,,,,,,,,,,,,
m0n1,luka-mikrut,Luka Mikrut,all,Carpet,,,,,,,,,,,,,,,,,,
m0n1,luka-mikrut,Luka Mikrut,2026,all,,,,,,,,,,,,,,,,,,
m0n1,luka-mikrut,Luka Mikrut,2026,Hard,,,,,,,,,,,,,,,,,,
m0n1,luka-mikrut,Luka Mikrut,2026,Clay,,,,,,,,,,,,,,,,,,
m0n1,luka-mikrut,Luka Mikrut,2026,Grass,,,,,,,,,,,,,,,,,,
m0n1,luka-mikrut,Luka Mikrut,2026,Carpet,,,,,,,,,,,,,,,,,,
m0n1,luka-mikrut,Luka Mikrut,2025,all,,,,,,,,,,,,,,,,,,
m0n1,luka-mikrut,Luka Mikrut,2025,Hard,,,,,,,,,,,,,,,,,,
m0n1,luka-mikrut,Luka Mikrut,2025,Clay,,,,,,,,,,,,,,,,,,
m0n1,luka-mikrut,Luka Mikrut,2025,Grass,,,,,,,,,,,,,,,,,,
m0n1,luka-mikrut,Luka Mikrut,2025,Carpet,,,,,,,,,,,,,,,,,,
m0n1,luka-mikrut,Luka Mikrut,2024,all,0,2,36,62,53,5,20,10,60,56,22,54,6,17,10,10,34,44
m0n1,luka-mikrut,Luka Mikrut,2024,Hard,,,,,,,,,,,,,,,,,,
m0n1,luka-mikrut,Luka Mikrut,2024,Clay,0,2,36,62,53,5,20,10,60,56,22,54,6,17,10,10,34,44
m0n1,luka-mikrut,Luka Mikrut,2024,Grass,,,,,,,,,,,,,,,,,,
m0n1,luka-mikrut,Luka Mikrut,2024,Carpet,,,,,,,,,,,,,,,,,,
m0n1,luka-mikrut,Luka Mikrut,2023,all,,,,,,,,,,,,,,,,,,
m0n1,luka-mikrut,Luka Mikrut,2023,Hard,,,,,,,,,,,,,,,,,,
m0n1,luka-mikrut,Luka Mikrut,2023,Clay,,,,,,,,,,,,,,,,,,
m0n1,luka-mikrut,Luka Mikrut,2023,Grass,,,,,,,,,,,,,,,,,,
m0n1,luka-mikrut,Luka Mikrut,2023,Carpet,,,,,,,,,,,,,,,,,,
cf59,roberto-carballes-baena,Roberto Carballes Baena,all,all,804,816,63,67,50,2225,58,3479,73,61,29,51,1962,42,3517,23,38,49
cf59,roberto-carballes-baena,Roberto Carballes Baena,all,Hard,337,281,61,68,50,705,57,1172,74,61,28,51,629,41,1195,21,37,49
cf59,roberto-carballes-baena,Roberto Carballes Baena,all,Clay,396,486,65,66,50,1355,59,2071,73,60,31,51,1246,43,2081,26,39,50
cf59,roberto-carballes-baena,Roberto Carballes Baena,all,Grass,71,49,59,67,52,165,62,236,73,61,22,47,87,28,241,10,32,46
cf59,roberto-carballes-baena,Roberto Carballes Baena,all,Carpet,,,,,,,,,,,,,,,,,,
cf59,roberto-carballes-baena,Roberto Carballes Baena,2026,all,7,2,69,76,47,2,0,10,80,67,13,50,1,0,10,0,25,45
cf59,roberto-carballes-baena,Roberto Carballes Baena,2026,Hard,7,2,69,76,47,2,0,10,80,67,13,50,1,0,10,0,25,45
cf59,roberto-carballes-baena,Roberto Carballes Baena,2026,Clay,,,,,,,,,,,,,,,,,,
cf59,roberto-carballes-baena,Roberto Carballes Baena,2026,Grass,,,,,,,,,,,,,,,,,,
cf59,roberto-carballes-baena,Roberto Carballes Baena,2026,Carpet,,,,,,,,,,,,,,,,,,
cf59,roberto-carballes-baena,Roberto Carballes Baena,2025,all,96,82,61,67,47,255,60,349,71,59,29,52,211,38,350,23,38,49
cf59,roberto-carballes-baena,Roberto Carballes Baena,2025,Hard,72,52,61,69,48,143,59,229,75,61,30,52,141,38,230,23,38,50
cf59,roberto-carballes-baena,Roberto Carballes Baena,2025,Clay,20,26,61,61,45,102,62,106,63,55,27,55,65,40,106,25,39,47
cf59,roberto-carballes-baena,Roberto Carballes Baena,2025,Grass,4,4,55,65,40,10,50,14,64,54,20,40,5,20,14,7,31,43
cf59,roberto-carballes-baena,Roberto Carballes Baena,2025,Carpet,,,,,,,,,,,,,,,,,,
cf59,roberto-carballes-baena,Roberto Carballes Baena,2024,all,145,107,65,68,52,365,60,604,76,62,30,51,359,36,603,21,38,50
cf59,roberto-carballes-baena,Roberto Carballes Baena,2024,Hard,92,56,63,71,51,151,61,263,78,63,28,52,150,34,260,20,37,50
cf59,roberto-carballes-baena,Roberto Carballes Baena,2024,Clay,36,46,68,65,53,190,59,302,74,61,33,50,196,38,303,25,39,50
cf59,roberto-carballes-baena,Roberto Carballes Baena,2024,Grass,17,5,55,68,58,24,58,39,74,63,20,45,13,15,40,5,28,46
cf59,roberto-carballes-baena,Roberto Carballes Baena,2024,Carpet,,,,,,,,,,,,,,,,,,
cf59,roberto-carballes-baena,Roberto Carballes Baena,2023,all,104,103,63,68,51,291,57,495,75,61,28,51,269,41,505,22,37,49
cf59,roberto-carballes-baena,Roberto Carballes Baena,2023,Hard,37,26,59,68,51,73,49,138,73,61,26,52,73,42,147,21,36,48
cf59,roberto-carballes-baena,Roberto Carballes Baena,2023,Clay,52,58,66,67,50,179,59,288,74,61,29,51,163,42,288,24,38,50
cf59,roberto-carballes-baena,Roberto Carballes Baena,2023,Grass,15,19,60,69,54,39,64,69,80,63,23,50,33,33,70,16,35,49
cf59,roberto-carballes-baena,Roberto Carballes Baena,2023,Carpet,,,,,,,,,,,,,,,,,,
s0kt,stefanos-sakellaridis,Stefanos Sakellaridis,all,all,42,8,60,70,50,47,64,77,78,62,24,41,19,58,77,14,30,47
s0kt,stefanos-sakellaridis,Stefanos Sakellaridis,all,Hard,28,6,58,70,50,37,68,55,78,62,21,38,10,50,56,9,27,46
s0kt,stefanos-sakellaridis,Stefanos Sakellaridis,all,Clay,14,2,63,69,48,10,50,22,77,61,31,49,9,67,21,29,37,50
s0kt,stefanos-sakellaridis,Stefanos Sakellaridis,all,Grass,,,,,,,,,,,,,,,,,,
s0kt,stefanos-sakellaridis,Stefanos Sakellaridis,all,Carpet,,,,,,,,,,,,,,,,,,
s0kt,stefanos-sakellaridis,Stefanos Sakellaridis,2026,all,14,2,63,69,48,10,50,22,77,61,31,49,9,67,21,29,37,50
s0kt,stefanos-sakellaridis,Stefanos Sakellaridis,2026,Hard,0,0,0,0,0,0,0,0,0,0,0,0,0,0,0,0,0,0
s0kt,stefanos-sakellaridis,Stefanos Sakellaridis,2026,Clay,14,2,63,69,48,10,50,22,77,61,31,49,9,67,21,29,37,50
s0kt,stefanos-sakellaridis,Stefanos Sakellaridis,2026,Grass,,,,,,,,,,,,,,,,,,
s0kt,stefanos-sakellaridis,Stefanos Sakellaridis,2026,Carpet,,,,,,,,,,,,,,,,,,
s0kt,stefanos-sakellaridis,Stefanos Sakellaridis,2025,all,10,2,49,87,58,2,50,10,90,72,11,41,0,0,11,0,19,45
s0kt,stefanos-sakellaridis,Stefanos Sakellaridis,2025,Hard,10,2,49,87,58,2,50,10,90,72,11,41,0,0,11,0,19,45
s0kt,stefanos-sakellaridis,Stefanos Sakellaridis,2025,Clay,0,0,0,0,0,0,0,0,0,0,0,0,0,0,0,0,0,0
s0kt,stefanos-sakellaridis,Stefanos Sakellaridis,2025,Grass,,,,,,,,,,,,,,,,,,
s0kt,stefanos-sakellaridis,Stefanos Sakellaridis,2025,Carpet,,,,,,,,,,,,,,,,,,
s0kt,stefanos-sakellaridis,Stefanos Sakellaridis,2024,all,4,1,59,70,51,12,83,15,87,63,16,11,1,100,15,7,15,44
s0kt,stefanos-sakellaridis,Stefanos Sakellaridis,2024,Hard,4,1,59,70,51,12,83,15,87,63,16,11,1,100,15,7,15,44
s0kt,stefanos-sakellaridis,Stefanos Sakellaridis,2024,Clay,,,,,,,,,,,,,,,,,,
s0kt,stefanos-sakellaridis,Stefanos Sakellaridis,2024,Grass,,,,,,,,,,,,,,,,,,
s0kt,stefanos-sakellaridis,Stefanos Sakellaridis,2024,Carpet,,,,,,,,,,,,,,,,,,
s0kt,stefanos-sakellaridis,Stefanos Sakellaridis,2023,all,14,3,61,65,47,23,61,30,70,58,27,44,9,44,30,13,34,47
s0kt,stefanos-sakellaridis,Stefanos Sakellaridis,2023,Hard,14,3,61,65,47,23,61,30,70,58,27,44,9,44,30,13,34,47
s0kt,stefanos-sakellaridis,Stefanos Sakellaridis,2023,Clay,,,,,,,,,,,,,,,,,,
s0kt,stefanos-sakellaridis,Stefanos Sakellaridis,2023,Grass,,,,,,,,,,,,,,,,,,
s0kt,stefanos-sakellaridis,Stefanos Sakellaridis,2023,Carpet,,,,,,,,,,,,,,,,,,
d0l3,matej-dodig,Matej Dodig,all,all,8,13,63,71,44,26,73,34,79,61,25,37,12,33,36,11,30,46
d0l3,matej-dodig,Matej Dodig,all,Hard,0,0,0,0,0,0,0,0,0,0,0,0,0,0,0,0,0,0
d0l3,matej-dodig,Matej Dodig,all,Clay,8,13,63,71,44,26,73,34,79,61,25,37,12,33,36,11,30,46
d0l3,matej-dodig,Matej Dodig,all,Grass,,,,,,,,,,,,,,,,,,
d0l3,matej-dodig,Matej Dodig,all,Carpet,,,,,,,,,,,,,,,,,,
d0l3,matej-dodig,Matej Dodig,2026,all,0,0,0,0,0,0,0,0,0,0,0,0,0,0,0,0,0,0
d0l3,matej-dodig,Matej Dodig,2026,Hard,0,0,0,0,0,0,0,0,0,0,0,0,0,0,0,0,0,0
d0l3,matej-dodig,Matej Dodig,2026,Clay,,,,,,,,,,,,,,,,,,
d0l3,matej-dodig,Matej Dodig,2026,Grass,,,,,,,,,,,,,,,,,,
d0l3,matej-dodig,Matej Dodig,2026,Carpet,,,,,,,,,,,,,,,,,,
d0l3,matej-dodig,Matej Dodig,2025,all,2,3,63,70,43,7,43,12,67,60,31,30,3,33,13,8,31,44
d0l3,matej-dodig,Matej Dodig,2025,Hard,0,0,0,0,0,0,0,0,0,0,0,0,0,0,0,0,0,0
d0l3,matej-dodig,Matej Dodig,2025,Clay,2,3,63,70,43,7,43,12,67,60,31,30,3,33,13,8,31,44
d0l3,matej-dodig,Matej Dodig,2025,Grass,,,,,,,,,,,,,,,,,,
d0l3,matej-dodig,Matej Dodig,2025,Carpet,,,,,,,,,,,,,,,,,,
d0l3,matej-dodig,Matej Dodig,2024,all,6,10,63,71,44,19,84,22,86,61,21,41,9,33,23,13,30,47
d0l3,matej-dodig,Matej Dodig,2024,Hard,0,0,0,0,0,0,0,0,0,0,0,0,0,0,0,0,0,0
d0l3,matej-dodig,Matej Dodig,2024,Clay,6,10,63,71,44,19,84,22,86,61,21,41,9,33,23,13,30,47
d0l3,matej-dodig,Matej Dodig,2024,Grass,,,,,,,,,,,,,,,,,,
d0l3,matej-dodig,Matej Dodig,2024,Carpet,,,,,,,,,,,,,,,,,,
d0l3,matej-dodig,Matej Dodig,2023,all,,,,,,,,,,,,,,,,,,
d0l3,matej-dodig,Matej Dodig,2023,Hard,,,,,,,,,,,,,,,,,,
d0l3,matej-dodig,Matej Dodig,2023,Clay,,,,,,,,,,,,,,,,,,
d0l3,matej-dodig,Matej Dodig,2023,Grass,,,,,,,,,,,,,,,,,,
d0l3,matej-dodig,Matej Dodig,2023,Carpet,,,,,,,,,,,,,,,,,,
r0a7,joao-lucas-reis-da-silva,Joao Lucas Reis Da Silva,all,all,1,3,68,67,36,9,67,11,73,57,20,58,4,50,11,18,30,45
r0a7,joao-lucas-reis-da-silva,Joao Lucas Reis Da Silva,all,Hard,0,0,0,0,0,0,0,0,0,0,0,0,0,0,0,0,0,0
r0a7,joao-lucas-reis-da-silva,Joao Lucas Reis Da Silva,all,Clay,1,3,68,67,36,9,67,11,73,57,20,58,4,50,11,18,30,45
r0a7,joao-lucas-reis-da-silva,Joao Lucas Reis Da Silva,all,Grass,,,,,,,,,,,,,,,,,,
r0a7,joao-lucas-reis-da-silva,Joao Lucas Reis Da Silva,all,Carpet,,,,,,,,,,,,,,,,,,
r0a7,joao-lucas-reis-da-silva,Joao Lucas Reis Da Silva,2026,all,1,3,68,67,36,9,67,11,73,57,20,58,4,50,11,18,30,45
r0a7,joao-lucas-reis-da-silva,Joao Lucas Reis Da Silva,2026,Hard,0,0,0,0,0,0,0,0,0,0,0,0,0,0,0,0,0,0
r0a7,joao-lucas-reis-da-silva,Joao Lucas Reis Da Silva,2026,Clay,1,3,68,67,36,9,67,11,73,57,20,58,4,50,11,18,30,45
r0a7,joao-lucas-reis-da-silva,Joao Lucas Reis Da Silva,2026,Grass,,,,,,,,,,,,,,,,,,
r0a7,joao-lucas-reis-da-silva,Joao Lucas Reis Da Silva,2026,Carpet,,,,,,,,,,,,,,,,,,
r0a7,joao-lucas-reis-da-silva,Joao Lucas Reis Da Silva,2025,all,,,,,,,,,,,,,,,,,,
r0a7,joao-lucas-reis-da-silva,Joao Lucas Reis Da Silva,2025,Hard,,,,,,,,,,,,,,,,,,
r0a7,joao-lucas-reis-da-silva,Joao Lucas Reis Da Silva,2025,Clay,,,,,,,,,,,,,,,,,,
r0a7,joao-lucas-reis-da-silva,Joao Lucas Reis Da Silva,2025,Grass,,,,,,,,,,,,,,,,,,
r0a7,joao-lucas-reis-da-silva,Joao Lucas Reis Da Silva,2025,Carpet,,,,,,,,,,,,,,,,,,
r0a7,joao-lucas-reis-da-silva,Joao Lucas Reis Da Silva,2024,all,,,,,,,,,,,,,,,,,,
r0a7,joao-lucas-reis-da-silva,Joao Lucas Reis Da Silva,2024,Hard,,,,,,,,,,,,,,,,,,
r0a7,joao-lucas-reis-da-silva,Joao Lucas Reis Da Silva,2024,Clay,,,,,,,,,,,,,,,,,,
r0a7,joao-lucas-reis-da-silva,Joao Lucas Reis Da Silva,2024,Grass,,,,,,,,,,,,,,,,,,
r0a7,joao-lucas-reis-da-silva,Joao Lucas Reis Da Silva,2024,Carpet,,,,,,,,,,,,,,,,,,
r0a7,joao-lucas-reis-da-silva,Joao Lucas Reis Da Silva,2023,all,,,,,,,,,,,,,,,,,,
r0a7,joao-lucas-reis-da-silva,Joao Lucas Reis Da Silva,2023,Hard,,,,,,,,,,,,,,,,,,
r0a7,joao-lucas-reis-da-silva,Joao Lucas Reis Da Silva,2023,Clay,,,,,,,,,,,,,,,,,,
r0a7,joao-lucas-reis-da-silva,Joao Lucas Reis Da Silva,2023,Grass,,,,,,,,,,,,,,,,,,
r0a7,joao-lucas-reis-da-silva,Joao Lucas Reis Da Silva,2023,Carpet,,,,,,,,,,,,,,,,,,
fa43,juan-pablo-ficovich,Juan Pablo Ficovich,all,all,23,14,63,69,48,68,63,95,74,61,29,50,58,40,94,24,37,50
fa43,juan-pablo-ficovich,Juan Pablo Ficovich,all,Hard,14,10,60,74,48,31,61,50,76,63,28,53,40,35,49,29,40,51
fa43,juan-pablo-ficovich,Juan Pablo Ficovich,all,Clay,9,4,66,64,49,37,65,45,71,59,29,45,18,50,45,20,35,48
fa43,juan-pablo-ficovich,Juan Pablo Ficovich,all,Grass,,,,,,,,,,,,,,,,,,
fa43,juan-pablo-ficovich,Juan Pablo Ficovich,all,Carpet,,,,,,,,,,,,,,,,,,
fa43,juan-pablo-ficovich,Juan Pablo Ficovich,2026,all,,,,,,,,,,,,,,,,,,
fa43,juan-pablo-ficovich,Juan Pablo Ficovich,2026,Hard,,,,,,,,,,,,,,,,,,
fa43,juan-pablo-ficovich,Juan Pablo Ficovich,2026,Clay,,,,,,,,,,,,,,,,,,
fa43,juan-pablo-ficovich,Juan Pablo Ficovich,2026,Grass,,,,,,,,,,,,,,,,,,
fa43,juan-pablo-ficovich,Juan Pablo Ficovich,2026,Carpet,,,,,,,,,,,,,,,,,,
fa43,juan-pablo-ficovich,Juan Pablo Ficovich,2025,all,17,11,60,71,49,47,68,64,77,63,29,51,47,36,63,27,39,51
fa43,juan-pablo-ficovich,Juan Pablo Ficovich,2025,Hard,14,10,60,74,48,31,61,50,76,63,28,53,40,35,49,29,40,51
fa43,juan-pablo-ficovich,Juan Pablo Ficovich,2025,Clay,3,1,60,65,55,16,81,14,79,61,33,41,7,43,14,21,36,50
fa43,juan-pablo-ficovich,Juan Pablo Ficovich,2025,Grass,,,,,,,,,,,,,,,,,,
fa43,juan-pablo-ficovich,Juan Pablo Ficovich,2025,Carpet,,,,,,,,,,,,,,,,,,
fa43,juan-pablo-ficovich,Juan Pablo Ficovich,2024,all,,,,,,,,,,,,,,,,,,
fa43,juan-pablo-ficovich,Juan Pablo Ficovich,2024,Hard,,,,,,,,,,,,,,,,,,
fa43,juan-pablo-ficovich,Juan Pablo Ficovich,2024,Clay,,,,,,,,,,,,,,,,,,
fa43,juan-pablo-ficovich,Juan Pablo Ficovich,2024,Grass,,,,,,,,,,,,,,,,,,
fa43,juan-pablo-ficovich,Juan Pablo Ficovich,2024,Carpet,,,,,,,,,,,,,,,,,,
fa43,juan-pablo-ficovich,Juan Pablo Ficovich,2023,all,,,,,,,,,,,,,,,,,,
fa43,juan-pablo-ficovich,Juan Pablo Ficovich,2023,Hard,,,,,,,,,,,,,,,,,,
fa43,juan-pablo-ficovich,Juan Pablo Ficovich,2023,Clay,,,,,,,,,,,,,,,,,,
fa43,juan-pablo-ficovich,Juan Pablo Ficovich,2023,Grass,,,,,,,,,,,,,,,,,,
fa43,juan-pablo-ficovich,Juan Pablo Ficovich,2023,Carpet,,,,,,,,,,,,,,,,,,
n09u,rio-noguchi,Rio Noguchi,all,all,1,5,70,69,44,13,54,23,74,62,18,50,6,33,24,8,31,46
n09u,rio-noguchi,Rio Noguchi,all,Hard,1,5,70,69,44,13,54,23,74,62,18,50,6,33,24,8,31,46
n09u,rio-noguchi,Rio Noguchi,all,Clay,,,,,,,,,,,,,,,,,,
n09u,rio-noguchi,Rio Noguchi,all,Grass,,,,,,,,,,,,,,,,,,
n09u,rio-noguchi,Rio Noguchi,all,Carpet,,,,,,,,,,,,,,,,,,
n09u,rio-noguchi,Rio Noguchi,2026,all,,,,,,,,,,,,,,,,,,
n09u,rio-noguchi,Rio Noguchi,2026,Hard,,,,,,,,,,,,,,,,,,
n09u,rio-noguchi,Rio Noguchi,2026,Clay,,,,,,,,,,,,,,,,,,
n09u,rio-noguchi,Rio Noguchi,2026,Grass,,,,,,,,,,,,,,,,,,
n09u,rio-noguchi,Rio Noguchi,2026,Carpet,,,,,,,,,,,,,,,,,,
n09u,rio-noguchi,Rio Noguchi,2025,all,,,,,,,,,,,,,,,,,,
n09u,rio-noguchi,Rio Noguchi,2025,Hard,,,,,,,,,,,,,,,,,,
n09u,rio-noguchi,Rio Noguchi,2025,Clay,,,,,,,,,,,,,,,,,,
n09u,rio-noguchi,Rio Noguchi,2025,Grass,,,,,,,,,,,,,,,,,,
n09u,rio-noguchi,Rio Noguchi,2025,Carpet,,,,,,,,,,,,,,,,,,
n09u,rio-noguchi,Rio Noguchi,2024,all,,,,,,,,,,,,,,,,,,
n09u,rio-noguchi,Rio Noguchi,2024,Hard,,,,,,,,,,,,,,,,,,
n09u,rio-noguchi,Rio Noguchi,2024,Clay,,,,,,,,,,,,,,,,,,
n09u,rio-noguchi,Rio Noguchi,2024,Grass,,,,,,,,,,,,,,,,,,
n09u,rio-noguchi,Rio Noguchi,2024,Carpet,,,,,,,,,,,,,,,,,,
n09u,rio-noguchi,Rio Noguchi,2023,all,,,,,,,,,,,,,,,,,,
n09u,rio-noguchi,Rio Noguchi,2023,Hard,,,,,,,,,,,,,,,,,,
n09u,rio-noguchi,Rio Noguchi,2023,Clay,,,,,,,,,,,,,,,,,,
n09u,rio-noguchi,Rio Noguchi,2023,Grass,,,,,,,,,,,,,,,,,,
n09u,rio-noguchi,Rio Noguchi,2023,Carpet,,,,,,,,,,,,,,,,,,
ga79,lorenzo-giustino,Lorenzo Giustino,all,all,21,30,59,60,44,83,43,106,56,53,26,37,29,45,103,13,30,42
ga79,lorenzo-giustino,Lorenzo Giustino,all,Hard,10,12,49,62,45,21,57,22,59,53,10,33,0,0,21,0,19,39
ga79,lorenzo-giustino,Lorenzo Giustino,all,Clay,11,18,62,59,43,62,39,84,55,53,29,39,29,45,82,16,32,43
ga79,lorenzo-giustino,Lorenzo Giustino,all,Grass,,,,,,,,,,,,,,,,,,
ga79,lorenzo-giustino,Lorenzo Giustino,all,Carpet,,,,,,,,,,,,,,,,,,
ga79,lorenzo-giustino,Lorenzo Giustino,2026,all,,,,,,,,,,,,,,,,,,
ga79,lorenzo-giustino,Lorenzo Giustino,2026,Hard,,,,,,,,,,,,,,,,,,
ga79,lorenzo-giustino,Lorenzo Giustino,2026,Clay,,,,,,,,,,,,,,,,,,
ga79,lorenzo-giustino,Lorenzo Giustino,2026,Grass,,,,,,,,,,,,,,,,,,
ga79,lorenzo-giustino,Lorenzo Giustino,2026,Carpet,,,,,,,,,,,,,,,,,,
ga79,lorenzo-giustino,Lorenzo Giustino,2025,all,,,,,,,,,,,,,,,,,,
ga79,lorenzo-giustino,Lorenzo Giustino,2025,Hard,,,,,,,,,,,,,,,,,,
ga79,lorenzo-giustino,Lorenzo Giustino,2025,Clay,,,,,,,,,,,,,,,,,,
ga79,lorenzo-giustino,Lorenzo Giustino,2025,Grass,,,,,,,,,,,,,,,,,,
ga79,lorenzo-giustino,Lorenzo Giustino,2025,Carpet,,,,,,,,,,,,,,,,,,
ga79,lorenzo-giustino,Lorenzo Giustino,2024,all,,,,,,,,,,,,,,,,,,
ga79,lorenzo-giustino,Lorenzo Giustino,2024,Hard,,,,,,,,,,,,,,,,,,
ga79,lorenzo-giustino,Lorenzo Giustino,2024,Clay,,,,,,,,,,,,,,,,,,
ga79,lorenzo-giustino,Lorenzo Giustino,2024,Grass,,,,,,,,,,,,,,,,,,
ga79,lorenzo-giustino,Lorenzo Giustino,2024,Carpet,,,,,,,,,,,,,,,,,,
ga79,lorenzo-giustino,Lorenzo Giustino,2023,all,1,2,67,65,27,4,0,8,50,52,17,37,0,0,8,0,26,39
ga79,lorenzo-giustino,Lorenzo Giustino,2023,Hard,,,,,,,,,,,,,,,,,,
ga79,lorenzo-giustino,Lorenzo Giustino,2023,Clay,1,2,67,65,27,4,0,8,50,52,17,37,0,0,8,0,26,39
ga79,lorenzo-giustino,Lorenzo Giustino,2023,Grass,,,,,,,,,,,,,,,,,,
ga79,lorenzo-giustino,Lorenzo Giustino,2023,Carpet,,,,,,,,,,,,,,,,,,
e687,daniel-evans,Daniel Evans,all,all,1343,946,60,70,51,2294,61,3924,77,63,30,50,2213,40,3961,23,37,50
e687,daniel-evans,Daniel Evans,all,Hard,944,624,60,72,51,1446,61,2639,78,63,29,51,1486,42,2659,23,38,50
e687,daniel-evans,Daniel Evans,all,Clay,149,138,63,65,49,488,62,637,71,59,33,49,399,39,647,24,38,49
e687,daniel-evans,Daniel Evans,all,Grass,250,184,60,72,52,360,61,648,79,64,27,49,328,37,655,18,35,49
e687,daniel-evans,Daniel Evans,all,Carpet,,,,,,,,,,,,,,,,,,
e687,daniel-evans,Daniel Evans,2026,all,,,,,,,,,,,,,,,,,,
e687,daniel-evans,Daniel Evans,2026,Hard,,,,,,,,,,,,,,,,,,
e687,daniel-evans,Daniel Evans,2026,Clay,,,,,,,,,,,,,,,,,,
e687,daniel-evans,Daniel Evans,2026,Grass,,,,,,,,,,,,,,,,,,
e687,daniel-evans,Daniel Evans,2026,Carpet,,,,,,,,,,,,,,,,,,
e687,daniel-evans,Daniel Evans,2025,all,47,40,57,68,49,87,53,151,73,60,26,50,79,44,150,23,36,48
e687,daniel-evans,Daniel Evans,2025,Hard,9,15,56,66,46,24,46,42,69,57,26,50,22,45,42,24,38,48
e687,daniel-evans,Daniel Evans,2025,Clay,,,,,,,,,,,,,,,,,,
e687,daniel-evans,Daniel Evans,2025,Grass,38,25,57,68,50,63,56,109,74,61,26,50,57,44,108,23,36,48
e687,daniel-evans,Daniel Evans,2025,Carpet,,,,,,,,,,,,,,,,,,
e687,daniel-evans,Daniel Evans,2024,all,112,112,55,71,49,219,60,340,74,61,27,48,172,33,338,17,35,48
e687,daniel-evans,Daniel Evans,2024,Hard,89,81,56,73,48,146,60,243,76,62,27,49,117,38,240,18,36,49
e687,daniel-evans,Daniel Evans,2024,Clay,15,21,56,62,54,57,61,74,70,59,26,46,38,26,73,14,34,47
e687,daniel-evans,Daniel Evans,2024,Grass,8,10,44,78,46,16,56,23,70,60,23,50,17,18,25,12,31,45
e687,daniel-evans,Daniel Evans,2024,Carpet,,,,,,,,,,,,,,,,,,
e687,daniel-evans,Daniel Evans,2023,all,167,121,59,71,52,272,61,479,78,63,30,48,270,37,485,21,37,50
e687,daniel-evans,Daniel Evans,2023,Hard,122,79,58,73,51,174,59,324,78,64,30,49,190,38,327,22,37,50
e687,daniel-evans,Daniel Evans,2023,Clay,31,30,62,67,52,85,66,125,77,61,31,51,75,39,127,23,38,49
e687,daniel-evans,Daniel Evans,2023,Grass,14,12,52,71,60,13,54,30,80,66,18,39,5,0,31,0,26,46
e687,daniel-evans,Daniel Evans,2023,Carpet,,,,,,,,,,,,,,,,,,
ci14,jay-clarke,Jay Clarke,all,all,74,59,54,69,52,120,60,182,74,61,24,41,60,33,188,11,30,46
ci14,jay-clarke,Jay Clarke,all,Hard,9,4,50,75,50,5,60,10,80,63,13,23,0,0,11,0,17,42
ci14,jay-clarke,Jay Clarke,all,Clay,,,,,,,,,,,,,,,,,,
ci14,jay-clarke,Jay Clarke,all,Grass,65,55,54,69,52,115,60,172,73,61,24,42,60,33,177,11,31,46
ci14,jay-clarke,Jay Clarke,all,Carpet,,,,,,,,,,,,,,,,,,
ci14,jay-clarke,Jay Clarke,2026,all,,,,,,,,,,,,,,,,,,
ci14,jay-clarke,Jay Clarke,2026,Hard,,,,,,,,,,,,,,,,,,
ci14,jay-clarke,Jay Clarke,2026,Clay,,,,,,,,,,,,,,,,,,
ci14,jay-clarke,Jay Clarke,2026,Grass,,,,,,,,,,,,,,,,,,
ci14,jay-clarke,Jay Clarke,2026,Carpet,,,,,,,,,,,,,,,,,,
ci14,jay-clarke,Jay Clarke,2025,all,6,6,57,70,34,7,14,13,54,55,20,39,3,33,14,7,28,41
ci14,jay-clarke,Jay Clarke,2025,Hard,,,,,,,,,,,,,,,,,,
ci14,jay-clarke,Jay Clarke,2025,Clay,,,,,,,,,,,,,,,,,,
ci14,jay-clarke,Jay Clarke,2025,Grass,6,6,57,70,34,7,14,13,54,55,20,39,3,33,14,7,28,41
ci14,jay-clarke,Jay Clarke,2025,Carpet,,,,,,,,,,,,,,,,,,
ci14,jay-clarke,Jay Clarke,2024,all,,,,,,,,,,,,,,,,,,
ci14,jay-clarke,Jay Clarke,2024,Hard,,,,,,,,,,,,,,,,,,
ci14,jay-clarke,Jay Clarke,2024,Clay,,,,,,,,,,,,,,,,,,
ci14,jay-clarke,Jay Clarke,2024,Grass,,,,,,,,,,,,,,,,,,
ci14,jay-clarke,Jay Clarke,2024,Carpet,,,,,,,,,,,,,,,,,,
ci14,jay-clarke,Jay Clarke,2023,all,,,,,,,,,,,,,,,,,,
ci14,jay-clarke,Jay Clarke,2023,Hard,,,,,,,,,,,,,,,,,,
ci14,jay-clarke,Jay Clarke,2023,Clay,,,,,,,,,,,,,,,,,,
ci14,jay-clarke,Jay Clarke,2023,Grass,,,,,,,,,,,,,,,,,,
ci14,jay-clarke,Jay Clarke,2023,Carpet,,,,,,,,,,,,,,,,,,
b0qc,gilles-arnaud-bailly,Gilles Arnaud Bailly,all,all,4,9,66,67,50,40,73,50,78,61,17,53,17,47,51,16,30,47
b0qc,gilles-arnaud-bailly,Gilles Arnaud Bailly,all,Hard,4,9,66,67,50,40,73,50,78,61,17,53,17,47,51,16,30,47
b0qc,gilles-arnaud-bailly,Gilles Arnaud Bailly,all,Clay,,,,,,,,,,,,,,,,,,
b0qc,gilles-arnaud-bailly,Gilles Arnaud Bailly,all,Grass,,,,,,,,,,,,,,,,,,
b0qc,gilles-arnaud-bailly,Gilles Arnaud Bailly,all,Carpet,,,,,,,,,,,,,,,,,,
b0qc,gilles-arnaud-bailly,Gilles Arnaud Bailly,2026,all,,,,,,,,,,,,,,,,,,
b0qc,gilles-arnaud-bailly,Gilles Arnaud Bailly,2026,Hard,,,,,,,,,,,,,,,,,,
b0qc,gilles-arnaud-bailly,Gilles Arnaud Bailly,2026,Clay,,,,,,,,,,,,,,,,,,
b0qc,gilles-arnaud-bailly,Gilles Arnaud Bailly,2026,Grass,,,,,,,,,,,,,,,,,,
b0qc,gilles-arnaud-bailly,Gilles Arnaud Bailly,2026,Carpet,,,,,,,,,,,,,,,,,,
b0qc,gilles-arnaud-bailly,Gilles Arnaud Bailly,2025,all,1,3,65,70,49,17,76,24,83,63,18,55,8,38,24,13,29,48
b0qc,gilles-arnaud-bailly,Gilles Arnaud Bailly,2025,Hard,1,3,65,70,49,17,76,24,83,63,18,55,8,38,24,13,29,48
b0qc,gilles-arnaud-bailly,Gilles Arnaud Bailly,2025,Clay,,,,,,,,,,,,,,,,,,
b0qc,gilles-arnaud-bailly,Gilles Arnaud Bailly,2025,Grass,,,,,,,,,,,,,,,,,,
b0qc,gilles-arnaud-bailly,Gilles Arnaud Bailly,2025,Carpet,,,,,,,,,,,,,,,,,,
b0qc,gilles-arnaud-bailly,Gilles Arnaud Bailly,2024,all,1,0,81,64,80,5,60,9,78,67,13,37,4,0,10,0,21,43
b0qc,gilles-arnaud-bailly,Gilles Arnaud Bailly,2024,Hard,1,0,81,64,80,5,60,9,78,67,13,37,4,0,10,0,21,43
b0qc,gilles-arnaud-bailly,Gilles Arnaud Bailly,2024,Clay,,,,,,,,,,,,,,,,,,
b0qc,gilles-arnaud-bailly,Gilles Arnaud Bailly,2024,Grass,,,,,,,,,,,,,,,,,,
b0qc,gilles-arnaud-bailly,Gilles Arnaud Bailly,2024,Carpet,,,,,,,,,,,,,,,,,,
b0qc,gilles-arnaud-bailly,Gilles Arnaud Bailly,2023,all,,,,,,,,,,,,,,,,,,
b0qc,gilles-arnaud-bailly,Gilles Arnaud Bailly,2023,Hard,,,,,,,,,,,,,,,,,,
b0qc,gilles-arnaud-bailly,Gilles Arnaud Bailly,2023,Clay,,,,,,,,,,,,,,,,,,
b0qc,gilles-arnaud-bailly,Gilles Arnaud Bailly,2023,Grass,,,,,,,,,,,,,,,,,,
b0qc,gilles-arnaud-bailly,Gilles Arnaud Bailly,2023,Carpet,,,,,,,,,,,,,,,,,,
h0du,gustavo-heide,Gustavo Heide,all,all,59,40,56,70,54,93,70,139,80,63,26,45,66,30,142,14,33,48
h0du,gustavo-heide,Gustavo Heide,all,Hard,0,0,0,0,0,0,0,0,0,0,0,0,0,0,0,0,0,0
h0du,gustavo-heide,Gustavo Heide,all,Clay,59,40,56,70,54,93,70,139,80,63,26,45,66,30,142,14,33,48
h0du,gustavo-heide,Gustavo Heide,all,Grass,,,,,,,,,,,,,,,,,,
h0du,gustavo-heide,Gustavo Heide,all,Carpet,,,,,,,,,,,,,,,,,,
h0du,gustavo-heide,Gustavo Heide,2026,all,1,1,55,64,53,5,40,10,70,59,29,26,8,13,10,10,28,44
h0du,gustavo-heide,Gustavo Heide,2026,Hard,0,0,0,0,0,0,0,0,0,0,0,0,0,0,0,0,0,0
h0du,gustavo-heide,Gustavo Heide,2026,Clay,1,1,55,64,53,5,40,10,70,59,29,26,8,13,10,10,28,44
h0du,gustavo-heide,Gustavo Heide,2026,Grass,,,,,,,,,,,,,,,,,,
h0du,gustavo-heide,Gustavo Heide,2026,Carpet,,,,,,,,,,,,,,,,,,
h0du,gustavo-heide,Gustavo Heide,2025,all,29,26,56,78,54,34,91,43,93,67,19,47,18,22,44,9,30,50
h0du,gustavo-heide,Gustavo Heide,2025,Hard,,,,,,,,,,,,,,,,,,
h0du,gustavo-heide,Gustavo Heide,2025,Clay,29,26,56,78,54,34,91,43,93,67,19,47,18,22,44,9,30,50
h0du,gustavo-heide,Gustavo Heide,2025,Grass,,,,,,,,,,,,,,,,,,
h0du,gustavo-heide,Gustavo Heide,2025,Carpet,,,,,,,,,,,,,,,,,,
h0du,gustavo-heide,Gustavo Heide,2024,all,29,13,56,66,54,54,59,86,74,61,30,46,40,38,88,17,36,48
h0du,gustavo-heide,Gustavo Heide,2024,Hard,0,0,0,0,0,0,0,0,0,0,0,0,0,0,0,0,0,0
h0du,gustavo-heide,Gustavo Heide,2024,Clay,29,13,56,66,54,54,59,86,74,61,30,46,40,38,88,17,36,48
h0du,gustavo-heide,Gustavo Heide,2024,Grass,,,,,,,,,,,,,,,,,,
h0du,gustavo-heide,Gustavo Heide,2024,Carpet,,,,,,,,,,,,,,,,,,
h0du,gustavo-heide,Gustavo Heide,2023,all,0,0,0,0,0,0,0,0,0,0,0,0,0,0,0,0,0,0
h0du,gustavo-heide,Gustavo Heide,2023,Hard,,,,,,,,,,,,,,,,,,
h0du,gustavo-heide,Gustavo Heide,2023,Clay,0,0,0,0,0,0,0,0,0,0,0,0,0,0,0,0,0,0
h0du,gustavo-heide,Gustavo Heide,2023,Grass,,,,,,,,,,,,,,,,,,
h0du,gustavo-heide,Gustavo Heide,2023,Carpet,,,,,,,,,,,,,,,,,,
m0g4,harold-mayot,Harold Mayot,all,all,123,51,63,68,51,188,63,302,77,62,26,47,145,34,307,16,34,48
m0g4,harold-mayot,Harold Mayot,all,Hard,65,35,62,68,49,122,66,165,75,61,23,50,86,29,169,15,34,48
m0g4,harold-mayot,Harold Mayot,all,Clay,20,7,63,65,53,50,56,90,76,60,30,45,41,39,91,18,36,48
m0g4,harold-mayot,Harold Mayot,all,Grass,38,9,64,75,53,16,63,47,87,67,29,42,18,44,47,17,33,50
m0g4,harold-mayot,Harold Mayot,all,Carpet,,,,,,,,,,,,,,,,,,
m0g4,harold-mayot,Harold Mayot,2026,all,,,,,,,,,,,,,,,,,,
m0g4,harold-mayot,Harold Mayot,2026,Hard,,,,,,,,,,,,,,,,,,
m0g4,harold-mayot,Harold Mayot,2026,Clay,,,,,,,,,,,,,,,,,,
m0g4,harold-mayot,Harold Mayot,2026,Grass,,,,,,,,,,,,,,,,,,
m0g4,harold-mayot,Harold Mayot,2026,Carpet,,,,,,,,,,,,,,,,,,
m0g4,harold-mayot,Harold Mayot,2025,all,13,6,65,69,48,38,68,53,77,62,24,49,38,24,56,16,35,48
m0g4,harold-mayot,Harold Mayot,2025,Hard,12,4,62,70,49,28,71,36,78,62,18,53,29,17,39,13,35,47
m0g4,harold-mayot,Harold Mayot,2025,Clay,1,2,71,69,44,10,60,17,76,62,37,36,9,44,17,24,37,50
m0g4,harold-mayot,Harold Mayot,2025,Grass,,,,,,,,,,,,,,,,,,
m0g4,harold-mayot,Harold Mayot,2025,Carpet,,,,,,,,,,,,,,,,,,
m0g4,harold-mayot,Harold Mayot,2024,all,55,35,63,68,50,86,60,146,77,61,26,47,55,40,147,15,34,48
m0g4,harold-mayot,Harold Mayot,2024,Hard,30,27,62,69,47,52,62,78,74,60,26,49,33,39,79,16,35,48
m0g4,harold-mayot,Harold Mayot,2024,Clay,15,4,65,65,54,31,58,57,77,61,28,48,22,41,57,16,36,48
m0g4,harold-mayot,Harold Mayot,2024,Grass,10,4,58,70,59,3,67,11,91,65,11,32,0,0,11,0,20,44
m0g4,harold-mayot,Harold Mayot,2024,Carpet,,,,,,,,,,,,,,,,,,
m0g4,harold-mayot,Harold Mayot,2023,all,48,7,66,71,52,49,67,76,79,64,29,47,40,35,76,18,35,50
m0g4,harold-mayot,Harold Mayot,2023,Hard,20,2,65,66,54,36,69,40,73,62,25,48,22,27,40,15,33,48
m0g4,harold-mayot,Harold Mayot,2023,Clay,,,,,,,,,,,,,,,,,,
m0g4,harold-mayot,Harold Mayot,2023,Grass,28,5,67,77,51,13,62,36,86,68,33,46,18,44,36,22,37,52
m0g4,harold-mayot,Harold Mayot,2023,Carpet,,,,,,,,,,,,,,,,,,
bu70,remy-bertola,Remy Bertola,all,all,3,3,54,66,52,4,25,9,67,59,20,50,1,0,9,0,29,44
bu70,remy-bertola,Remy Bertola,all,Hard,3,3,54,66,52,4,25,9,67,59,20,50,1,0,9,0,29,44
bu70,remy-bertola,Remy Bertola,all,Clay,,,,,,,,,,,,,,,,,,
bu70,remy-bertola,Remy Bertola,all,Grass,,,,,,,,,,,,,,,,,,
bu70,remy-bertola,Remy Bertola,all,Carpet,,,,,,,,,,,,,,,,,,
bu70,remy-bertola,Remy Bertola,2026,all,,,,,,,,,,,,,,,,,,
bu70,remy-bertola,Remy Bertola,2026,Hard,,,,,,,,,,,,,,,,,,
bu70,remy-bertola,Remy Bertola,2026,Clay,,,,,,,,,,,,,,,,,,
bu70,remy-bertola,Remy Bertola,2026,Grass,,,,,,,,,,,,,,,,,,
bu70,remy-bertola,Remy Bertola,2026,Carpet,,,,,,,,,,,,,,,,,,
bu70,remy-bertola,Remy Bertola,2025,all,3,3,54,66,52,4,25,9,67,59,20,50,1,0,9,0,29,44
bu70,remy-bertola,Remy Bertola,2025,Hard,3,3,54,66,52,4,25,9,67,59,20,50,1,0,9,0,29,44
bu70,remy-bertola,Remy Bertola,2025,Clay,,,,,,,,,,,,,,,,,,
bu70,remy-bertola,Remy Bertola,2025,Grass,,,,,,,,,,,,,,,,,,
bu70,remy-bertola,Remy Bertola,2025,Carpet,,,,,,,,,,,,,,,,,,
bu70,remy-bertola,Remy Bertola,2024,all,0,0,0,0,0,0,0,0,0,0,0,0,0,0,0,0,0,0
bu70,remy-bertola,Remy Bertola,2024,Hard,0,0,0,0,0,0,0,0,0,0,0,0,0,0,0,0,0,0
bu70,remy-bertola,Remy Bertola,2024,Clay,,,,,,,,,,,,,,,,,,
bu70,remy-bertola,Remy Bertola,2024,Grass,,,,,,,,,,,,,,,,,,
bu70,remy-bertola,Remy Bertola,2024,Carpet,,,,,,,,,,,,,,,,,,
bu70,remy-bertola,Remy Bertola,2023,all,,,,,,,,,,,,,,,,,,
bu70,remy-bertola,Remy Bertola,2023,Hard,,,,,,,,,,,,,,,,,,
bu70,remy-bertola,Remy Bertola,2023,Clay,,,,,,,,,,,,,,,,,,
bu70,remy-bertola,Remy Bertola,2023,Grass,,,,,,,,,,,,,,,,,,
bu70,remy-bertola,Remy Bertola,2023,Carpet,,,,,,,,,,,,,,,,,,
h09f,yu-hsiou-hsu,Yu Hsiou Hsu,all,all,23,15,69,66,49,57,60,83,72,61,28,53,62,27,82,21,37,49
h09f,yu-hsiou-hsu,Yu Hsiou Hsu,all,Hard,23,15,69,66,49,57,60,83,72,61,28,53,62,27,82,21,37,49
h09f,yu-hsiou-hsu,Yu Hsiou Hsu,all,Clay,0,0,0,0,0,0,0,0,0,0,0,0,0,0,0,0,0,0
h09f,yu-hsiou-hsu,Yu Hsiou Hsu,all,Grass,,,,,,,,,,,,,,,,,,
h09f,yu-hsiou-hsu,Yu Hsiou Hsu,all,Carpet,,,,,,,,,,,,,,,,,,
h09f,yu-hsiou-hsu,Yu Hsiou Hsu,2026,all,,,,,,,,,,,,,,,,,,
h09f,yu-hsiou-hsu,Yu Hsiou Hsu,2026,Hard,,,,,,,,,,,,,,,,,,
h09f,yu-hsiou-hsu,Yu Hsiou Hsu,2026,Clay,,,,,,,,,,,,,,,,,,
h09f,yu-hsiou-hsu,Yu Hsiou Hsu,2026,Grass,,,,,,,,,,,,,,,,,,
h09f,yu-hsiou-hsu,Yu Hsiou Hsu,2026,Carpet,,,,,,,,,,,,,,,,,,
h09f,yu-hsiou-hsu,Yu Hsiou Hsu,2025,all,,,,,,,,,,,,,,,,,,
h09f,yu-hsiou-hsu,Yu Hsiou Hsu,2025,Hard,,,,,,,,,,,,,,,,,,
h09f,yu-hsiou-hsu,Yu Hsiou Hsu,2025,Clay,,,,,,,,,,,,,,,,,,
h09f,yu-hsiou-hsu,Yu Hsiou Hsu,2025,Grass,,,,,,,,,,,,,,,,,,
h09f,yu-hsiou-hsu,Yu Hsiou Hsu,2025,Carpet,,,,,,,,,,,,,,,,,,
h09f,yu-hsiou-hsu,Yu Hsiou Hsu,2024,all,0,0,0,0,0,0,0,0,0,0,0,0,0,0,0,0,0,0
h09f,yu-hsiou-hsu,Yu Hsiou Hsu,2024,Hard,0,0,0,0,0,0,0,0,0,0,0,0,0,0,0,0,0,0
h09f,yu-hsiou-hsu,Yu Hsiou Hsu,2024,Clay,,,,,,,,,,,,,,,,,,
h09f,yu-hsiou-hsu,Yu Hsiou Hsu,2024,Grass,,,,,,,,,,,,,,,,,,
h09f,yu-hsiou-hsu,Yu Hsiou Hsu,2024,Carpet,,,,,,,,,,,,,,,,,,
h09f,yu-hsiou-hsu,Yu Hsiou Hsu,2023,all,23,15,69,66,49,57,60,83,72,61,28,53,62,27,82,21,37,49
h09f,yu-hsiou-hsu,Yu Hsiou Hsu,2023,Hard,23,15,69,66,49,57,60,83,72,61,28,53,62,27,82,21,37,49
h09f,yu-hsiou-hsu,Yu Hsiou Hsu,2023,Clay,0,0,0,0,0,0,0,0,0,0,0,0,0,0,0,0,0,0
h09f,yu-hsiou-hsu,Yu Hsiou Hsu,2023,Grass,,,,,,,,,,,,,,,,,,
h09f,yu-hsiou-hsu,Yu Hsiou Hsu,2023,Carpet,,,,,,,,,,,,,,,,,,
h996,pierre-hugues-herbert,Pierre Hugues Herbert,all,all,2090,1034,59,74,50,1585,62,3145,81,64,26,46,1364,38,3122,16,34,49
h996,pierre-hugues-herbert,Pierre Hugues Herbert,all,Hard,1414,627,59,74,50,998,62,2002,81,64,26,47,870,37,1986,16,34,49
h996,pierre-hugues-herbert,Pierre Hugues Herbert,all,Clay,345,208,59,72,50,373,63,689,80,63,28,46,292,43,686,18,34,49
h996,pierre-hugues-herbert,Pierre Hugues Herbert,all,Grass,331,199,59,74,50,214,57,454,80,64,27,43,202,33,450,15,33,49
h996,pierre-hugues-herbert,Pierre Hugues Herbert,all,Carpet,,,,,,,,,,,,,,,,,,
h996,pierre-hugues-herbert,Pierre Hugues Herbert,2026,all,4,4,69,54,13,6,17,7,29,41,20,56,2,50,8,13,33,37
h996,pierre-hugues-herbert,Pierre Hugues Herbert,2026,Hard,4,4,69,54,13,6,17,7,29,41,20,56,2,50,8,13,33,37
h996,pierre-hugues-herbert,Pierre Hugues Herbert,2026,Clay,,,,,,,,,,,,,,,,,,
h996,pierre-hugues-herbert,Pierre Hugues Herbert,2026,Grass,,,,,,,,,,,,,,,,,,
h996,pierre-hugues-herbert,Pierre Hugues Herbert,2026,Carpet,,,,,,,,,,,,,,,,,,
h996,pierre-hugues-herbert,Pierre Hugues Herbert,2025,all,91,100,55,75,45,81,58,151,77,61,26,46,64,42,147,18,33,48
h996,pierre-hugues-herbert,Pierre Hugues Herbert,2025,Hard,31,32,52,78,39,24,58,40,75,59,24,45,20,30,39,15,32,47
h996,pierre-hugues-herbert,Pierre Hugues Herbert,2025,Clay,45,57,58,72,45,50,54,92,75,61,28,48,37,51,90,21,34,48
h996,pierre-hugues-herbert,Pierre Hugues Herbert,2025,Grass,15,11,46,82,58,7,86,19,95,69,22,38,7,29,18,11,29,50
h996,pierre-hugues-herbert,Pierre Hugues Herbert,2025,Carpet,,,,,,,,,,,,,,,,,,
h996,pierre-hugues-herbert,Pierre Hugues Herbert,2024,all,50,21,66,75,42,23,52,55,80,64,24,46,24,25,56,11,31,48
h996,pierre-hugues-herbert,Pierre Hugues Herbert,2024,Hard,23,8,66,73,40,14,50,28,75,62,31,57,21,24,29,17,39,50
h996,pierre-hugues-herbert,Pierre Hugues Herbert,2024,Clay,7,7,64,71,51,7,57,16,81,64,16,27,1,100,16,6,20,44
h996,pierre-hugues-herbert,Pierre Hugues Herbert,2024,Grass,20,6,68,88,30,2,50,11,91,70,12,37,2,0,11,0,19,45
h996,pierre-hugues-herbert,Pierre Hugues Herbert,2024,Carpet,,,,,,,,,,,,,,,,,,
h996,pierre-hugues-herbert,Pierre Hugues Herbert,2023,all,47,9,70,76,47,17,71,48,90,67,26,54,34,21,47,15,36,51
h996,pierre-hugues-herbert,Pierre Hugues Herbert,2023,Hard,47,9,70,76,47,17,71,48,90,67,26,54,34,21,47,15,36,51
h996,pierre-hugues-herbert,Pierre Hugues Herbert,2023,Clay,,,,,,,,,,,,,,,,,,
h996,pierre-hugues-herbert,Pierre Hugues Herbert,2023,Grass,,,,,,,,,,,,,,,,,,
h996,pierre-hugues-herbert,Pierre Hugues Herbert,2023,Carpet,,,,,,,,,,,,,,,,,,
o660,genaro-alberto-olivieri,Genaro Alberto Olivieri,all,all,8,9,71,66,48,42,60,61,72,60,28,50,34,35,59,20,36,49
o660,genaro-alberto-olivieri,Genaro Alberto Olivieri,all,Hard,,,,,,,,,,,,,,,,,,
o660,genaro-alberto-olivieri,Genaro Alberto Olivieri,all,Clay,8,9,71,66,48,42,60,61,72,60,28,50,34,35,59,20,36,49
o660,genaro-alberto-olivieri,Genaro Alberto Olivieri,all,Grass,,,,,,,,,,,,,,,,,,
o660,genaro-alberto-olivieri,Genaro Alberto Olivieri,all,Carpet,,,,,,,,,,,,,,,,,,
o660,genaro-alberto-olivieri,Genaro Alberto Olivieri,2026,all,,,,,,,,,,,,,,,,,,
o660,genaro-alberto-olivieri,Genaro Alberto Olivieri,2026,Hard,,,,,,,,,,,,,,,,,,
o660,genaro-alberto-olivieri,Genaro Alberto Olivieri,2026,Clay,,,,,,,,,,,,,,,,,,
o660,genaro-alberto-olivieri,Genaro Alberto Olivieri,2026,Grass,,,,,,,,,,,,,,,,,,
o660,genaro-alberto-olivieri,Genaro Alberto Olivieri,2026,Carpet,,,,,,,,,,,,,,,,,,
o660,genaro-alberto-olivieri,Genaro Alberto Olivieri,2025,all,,,,,,,,,,,,,,,,,,
o660,genaro-alberto-olivieri,Genaro Alberto Olivieri,2025,Hard,,,,,,,,,,,,,,,,,,
o660,genaro-alberto-olivieri,Genaro Alberto Olivieri,2025,Clay,,,,,,,,,,,,,,,,,,
o660,genaro-alberto-olivieri,Genaro Alberto Olivieri,2025,Grass,,,,,,,,,,,,,,,,,,
o660,genaro-alberto-olivieri,Genaro Alberto Olivieri,2025,Carpet,,,,,,,,,,,,,,,,,,
o660,genaro-alberto-olivieri,Genaro Alberto Olivieri,2024,all,,,,,,,,,,,,,,,,,,
o660,genaro-alberto-olivieri,Genaro Alberto Olivieri,2024,Hard,,,,,,,,,,,,,,,,,,
o660,genaro-alberto-olivieri,Genaro Alberto Olivieri,2024,Clay,,,,,,,,,,,,,,,,,,
o660,genaro-alberto-olivieri,Genaro Alberto Olivieri,2024,Grass,,,,,,,,,,,,,,,,,,
o660,genaro-alberto-olivieri,Genaro Alberto Olivieri,2024,Carpet,,,,,,,,,,,,,,,,,,
o660,genaro-alberto-olivieri,Genaro Alberto Olivieri,2023,all,8,9,71,66,48,42,60,61,72,60,28,50,34,35,59,20,36,49
o660,genaro-alberto-olivieri,Genaro Alberto Olivieri,2023,Hard,,,,,,,,,,,,,,,,,,
o660,genaro-alberto-olivieri,Genaro Alberto Olivieri,2023,Clay,8,9,71,66,48,42,60,61,72,60,28,50,34,35,59,20,36,49
o660,genaro-alberto-olivieri,Genaro Alberto Olivieri,2023,Grass,,,,,,,,,,,,,,,,,,
o660,genaro-alberto-olivieri,Genaro Alberto Olivieri,2023,Carpet,,,,,,,,,,,,,,,,,,
ag08,andy-andrade,Andy Andrade,all,all,0,0,0,0,0,0,0,0,0,0,0,0,0,0,0,0,0,0
ag08,andy-andrade,Andy Andrade,all,Hard,0,0,0,0,0,0,0,0,0,0,0,0,0,0,0,0,0,0
ag08,andy-andrade,Andy Andrade,all,Clay,0,0,0,0,0,0,0,0,0,0,0,0,0,0,0,0,0,0
ag08,andy-andrade,Andy Andrade,all,Grass,,,,,,,,,,,,,,,,,,
ag08,andy-andrade,Andy Andrade,all,Carpet,,,,,,,,,,,,,,,,,,
ag08,andy-andrade,Andy Andrade,2026,all,0,0,0,0,0,0,0,0,0,0,0,0,0,0,0,0,0,0
ag08,andy-andrade,Andy Andrade,2026,Hard,,,,,,,,,,,,,,,,,,
ag08,andy-andrade,Andy Andrade,2026,Clay,0,0,0,0,0,0,0,0,0,0,0,0,0,0,0,0,0,0
ag08,andy-andrade,Andy Andrade,2026,Grass,,,,,,,,,,,,,,,,,,
ag08,andy-andrade,Andy Andrade,2026,Carpet,,,,,,,,,,,,,,,,,,
ag08,andy-andrade,Andy Andrade,2025,all,0,0,0,0,0,0,0,0,0,0,0,0,0,0,0,0,0,0
ag08,andy-andrade,Andy Andrade,2025,Hard,0,0,0,0,0,0,0,0,0,0,0,0,0,0,0,0,0,0
ag08,andy-andrade,Andy Andrade,2025,Clay,0,0,0,0,0,0,0,0,0,0,0,0,0,0,0,0,0,0
ag08,andy-andrade,Andy Andrade,2025,Grass,,,,,,,,,,,,,,,,,,
ag08,andy-andrade,Andy Andrade,2025,Carpet,,,,,,,,,,,,,,,,,,
ag08,andy-andrade,Andy Andrade,2024,all,0,0,0,0,0,0,0,0,0,0,0,0,0,0,0,0,0,0
ag08,andy-andrade,Andy Andrade,2024,Hard,0,0,0,0,0,0,0,0,0,0,0,0,0,0,0,0,0,0
ag08,andy-andrade,Andy Andrade,2024,Clay,0,0,0,0,0,0,0,0,0,0,0,0,0,0,0,0,0,0
ag08,andy-andrade,Andy Andrade,2024,Grass,,,,,,,,,,,,,,,,,,
ag08,andy-andrade,Andy Andrade,2024,Carpet,,,,,,,,,,,,,,,,,,
ag08,andy-andrade,Andy Andrade,2023,all,0,0,0,0,0,0,0,0,0,0,0,0,0,0,0,0,0,0
ag08,andy-andrade,Andy Andrade,2023,Hard,0,0,0,0,0,0,0,0,0,0,0,0,0,0,0,0,0,0
ag08,andy-andrade,Andy Andrade,2023,Clay,,,,,,,,,,,,,,,,,,
ag08,andy-andrade,Andy Andrade,2023,Grass,,,,,,,,,,,,,,,,,,
ag08,andy-andrade,Andy Andrade,2023,Carpet,,,,,,,,,,,,,,,,,,
m0oh,lautaro-midon,Lautaro Midon,all,all,3,1,56,54,45,11,55,9,44,50,19,71,5,20,8,13,35,43
m0oh,lautaro-midon,Lautaro Midon,all,Hard,,,,,,,,,,,,,,,,,,
m0oh,lautaro-midon,Lautaro Midon,all,Clay,3,1,56,54,45,11,55,9,44,50,19,71,5,20,8,13,35,43
m0oh,lautaro-midon,Lautaro Midon,all,Grass,,,,,,,,,,,,,,,,,,
m0oh,lautaro-midon,Lautaro Midon,all,Carpet,,,,,,,,,,,,,,,,,,
m0oh,lautaro-midon,Lautaro Midon,2026,all,3,1,56,54,45,11,55,9,44,50,19,71,5,20,8,13,35,43
m0oh,lautaro-midon,Lautaro Midon,2026,Hard,,,,,,,,,,,,,,,,,,
m0oh,lautaro-midon,Lautaro Midon,2026,Clay,3,1,56,54,45,11,55,9,44,50,19,71,5,20,8,13,35,43
m0oh,lautaro-midon,Lautaro Midon,2026,Grass,,,,,,,,,,,,,,,,,,
m0oh,lautaro-midon,Lautaro Midon,2026,Carpet,,,,,,,,,,,,,,,,,,
m0oh,lautaro-midon,Lautaro Midon,2025,all,,,,,,,,,,,,,,,,,,
m0oh,lautaro-midon,Lautaro Midon,2025,Hard,,,,,,,,,,,,,,,,,,
m0oh,lautaro-midon,Lautaro Midon,2025,Clay,,,,,,,,,,,,,,,,,,
m0oh,lautaro-midon,Lautaro Midon,2025,Grass,,,,,,,,,,,,,,,,,,
m0oh,lautaro-midon,Lautaro Midon,2025,Carpet,,,,,,,,,,,,,,,,,,
m0oh,lautaro-midon,Lautaro Midon,2024,all,,,,,,,,,,,,,,,,,,
m0oh,lautaro-midon,Lautaro Midon,2024,Hard,,,,,,,,,,,,,,,,,,
m0oh,lautaro-midon,Lautaro Midon,2024,Clay,,,,,,,,,,,,,,,,,,
m0oh,lautaro-midon,Lautaro Midon,2024,Grass,,,,,,,,,,,,,,,,,,
m0oh,lautaro-midon,Lautaro Midon,2024,Carpet,,,,,,,,,,,,,,,,,,
m0oh,lautaro-midon,Lautaro Midon,2023,all,,,,,,,,,,,,,,,,,,
m0oh,lautaro-midon,Lautaro Midon,2023,Hard,,,,,,,,,,,,,,,,,,
m0oh,lautaro-midon,Lautaro Midon,2023,Clay,,,,,,,,,,,,,,,,,,
m0oh,lautaro-midon,Lautaro Midon,2023,Grass,,,,,,,,,,,,,,,,,,
m0oh,lautaro-midon,Lautaro Midon,2023,Carpet,,,,,,,,,,,,,,,,,,
cg33,kimmer-coppejans,Kimmer Coppejans,all,all,79,32,64,65,49,134,60,180,70,59,25,45,80,34,184,15,32,46
cg33,kimmer-coppejans,Kimmer Coppejans,all,Hard,53,14,63,67,49,60,55,95,72,60,22,46,34,35,95,13,31,46
cg33,kimmer-coppejans,Kimmer Coppejans,all,Clay,18,13,64,63,48,43,58,51,65,58,31,50,36,28,54,19,36,46
cg33,kimmer-coppejans,Kimmer Coppejans,all,Grass,8,5,68,62,51,31,71,34,74,58,23,36,10,50,35,14,29,46
cg33,kimmer-coppejans,Kimmer Coppejans,all,Carpet,,,,,,,,,,,,,,,,,,
cg33,kimmer-coppejans,Kimmer Coppejans,2026,all,,,,,,,,,,,,,,,,,,
cg33,kimmer-coppejans,Kimmer Coppejans,2026,Hard,,,,,,,,,,,,,,,,,,
cg33,kimmer-coppejans,Kimmer Coppejans,2026,Clay,,,,,,,,,,,,,,,,,,
cg33,kimmer-coppejans,Kimmer Coppejans,2026,Grass,,,,,,,,,,,,,,,,,,
cg33,kimmer-coppejans,Kimmer Coppejans,2026,Carpet,,,,,,,,,,,,,,,,,,
cg33,kimmer-coppejans,Kimmer Coppejans,2025,all,,,,,,,,,,,,,,,,,,
cg33,kimmer-coppejans,Kimmer Coppejans,2025,Hard,,,,,,,,,,,,,,,,,,
cg33,kimmer-coppejans,Kimmer Coppejans,2025,Clay,,,,,,,,,,,,,,,,,,
cg33,kimmer-coppejans,Kimmer Coppejans,2025,Grass,,,,,,,,,,,,,,,,,,
cg33,kimmer-coppejans,Kimmer Coppejans,2025,Carpet,,,,,,,,,,,,,,,,,,
cg33,kimmer-coppejans,Kimmer Coppejans,2024,all,,,,,,,,,,,,,,,,,,
cg33,kimmer-coppejans,Kimmer Coppejans,2024,Hard,,,,,,,,,,,,,,,,,,
cg33,kimmer-coppejans,Kimmer Coppejans,2024,Clay,,,,,,,,,,,,,,,,,,
cg33,kimmer-coppejans,Kimmer Coppejans,2024,Grass,,,,,,,,,,,,,,,,,,
cg33,kimmer-coppejans,Kimmer Coppejans,2024,Carpet,,,,,,,,,,,,,,,,,,
cg33,kimmer-coppejans,Kimmer Coppejans,2023,all,27,6,64,67,51,38,74,44,77,61,19,42,10,70,44,16,29,47
cg33,kimmer-coppejans,Kimmer Coppejans,2023,Hard,23,4,57,75,56,16,75,23,83,67,15,51,4,100,23,17,30,49
cg33,kimmer-coppejans,Kimmer Coppejans,2023,Clay,,,,,,,,,,,,,,,,,,
cg33,kimmer-coppejans,Kimmer Coppejans,2023,Grass,4,2,70,61,46,22,73,21,71,57,24,33,6,50,21,14,28,45
cg33,kimmer-coppejans,Kimmer Coppejans,2023,Carpet,,,,,,,,,,,,,,,,,,
mp01,michael-mmoh,Michael Mmoh,all,all,453,279,66,69,47,590,60,954,75,61,28,48,481,40,965,20,35,49
mp01,michael-mmoh,Michael Mmoh,all,Hard,382,237,65,69,47,491,61,781,75,61,28,48,390,42,791,21,36,49
mp01,michael-mmoh,Michael Mmoh,all,Clay,33,24,70,64,44,68,54,101,69,58,29,51,74,28,101,21,37,48
mp01,michael-mmoh,Michael Mmoh,all,Grass,38,18,67,75,50,31,58,72,82,67,19,45,17,41,73,10,29,48
mp01,michael-mmoh,Michael Mmoh,all,Carpet,,,,,,,,,,,,,,,,,,
mp01,michael-mmoh,Michael Mmoh,2026,all,24,7,66,77,48,16,75,28,86,67,24,49,16,25,28,14,32,50
mp01,michael-mmoh,Michael Mmoh,2026,Hard,24,7,66,77,48,16,75,28,86,67,24,49,16,25,28,14,32,50
mp01,michael-mmoh,Michael Mmoh,2026,Clay,,,,,,,,,,,,,,,,,,
mp01,michael-mmoh,Michael Mmoh,2026,Grass,,,,,,,,,,,,,,,,,,
mp01,michael-mmoh,Michael Mmoh,2026,Carpet,,,,,,,,,,,,,,,,,,
mp01,michael-mmoh,Michael Mmoh,2025,all,31,13,67,60,44,40,53,51,63,55,32,59,30,53,52,31,41,48
mp01,michael-mmoh,Michael Mmoh,2025,Hard,26,9,68,60,48,35,60,41,66,56,34,54,22,55,41,29,41,49
mp01,michael-mmoh,Michael Mmoh,2025,Clay,5,4,61,59,29,5,0,10,50,48,22,77,8,50,11,36,42,45
mp01,michael-mmoh,Michael Mmoh,2025,Grass,,,,,,,,,,,,,,,,,,
mp01,michael-mmoh,Michael Mmoh,2025,Carpet,,,,,,,,,,,,,,,,,,
mp01,michael-mmoh,Michael Mmoh,2024,all,49,21,69,73,49,35,60,84,83,66,27,49,39,46,84,21,35,51
mp01,michael-mmoh,Michael Mmoh,2024,Hard,30,18,68,73,46,28,57,59,80,64,25,46,23,52,59,20,34,49
mp01,michael-mmoh,Michael Mmoh,2024,Clay,19,3,70,75,56,7,71,25,92,69,29,53,16,38,25,24,40,54
mp01,michael-mmoh,Michael Mmoh,2024,Grass,,,,,,,,,,,,,,,,,,
mp01,michael-mmoh,Michael Mmoh,2024,Carpet,,,,,,,,,,,,,,,,,,
mp01,michael-mmoh,Michael Mmoh,2023,all,159,83,64,72,49,167,65,293,80,63,26,53,151,40,300,20,36,50
mp01,michael-mmoh,Michael Mmoh,2023,Hard,128,71,64,70,51,140,66,242,80,63,28,55,142,41,249,23,38,50
mp01,michael-mmoh,Michael Mmoh,2023,Clay,2,6,58,58,19,16,56,11,36,42,6,45,0,0,11,0,21,33
mp01,michael-mmoh,Michael Mmoh,2023,Grass,29,6,68,82,48,11,64,40,90,71,18,45,9,33,40,8,28,50
mp01,michael-mmoh,Michael Mmoh,2023,Carpet,,,,,,,,,,,,,,,,,,
g0ib,tom-gentzsch,Tom Gentzsch,all,all,,,,,,,,,,,,,,,,,,
g0ib,tom-gentzsch,Tom Gentzsch,all,Hard,,,,,,,,,,,,,,,,,,
g0ib,tom-gentzsch,Tom Gentzsch,all,Clay,,,,,,,,,,,,,,,,,,
g0ib,tom-gentzsch,Tom Gentzsch,all,Grass,,,,,,,,,,,,,,,,,,
g0ib,tom-gentzsch,Tom Gentzsch,all,Carpet,,,,,,,,,,,,,,,,,,
g0ib,tom-gentzsch,Tom Gentzsch,2026,all,,,,,,,,,,,,,,,,,,
g0ib,tom-gentzsch,Tom Gentzsch,2026,Hard,,,,,,,,,,,,,,,,,,
g0ib,tom-gentzsch,Tom Gentzsch,2026,Clay,,,,,,,,,,,,,,,,,,
g0ib,tom-gentzsch,Tom Gentzsch,2026,Grass,,,,,,,,,,,,,,,,,,
g0ib,tom-gentzsch,Tom Gentzsch,2026,Carpet,,,,,,,,,,,,,,,,,,
g0ib,tom-gentzsch,Tom Gentzsch,2025,all,,,,,,,,,,,,,,,,,,
g0ib,tom-gentzsch,Tom Gentzsch,2025,Hard,,,,,,,,,,,,,,,,,,
g0ib,tom-gentzsch,Tom Gentzsch,2025,Clay,,,,,,,,,,,,,,,,,,
g0ib,tom-gentzsch,Tom Gentzsch,2025,Grass,,,,,,,,,,,,,,,,,,
g0ib,tom-gentzsch,Tom Gentzsch,2025,Carpet,,,,,,,,,,,,,,,,,,
g0ib,tom-gentzsch,Tom Gentzsch,2024,all,,,,,,,,,,,,,,,,,,
g0ib,tom-gentzsch,Tom Gentzsch,2024,Hard,,,,,,,,,,,,,,,,,,
g0ib,tom-gentzsch,Tom Gentzsch,2024,Clay,,,,,,,,,,,,,,,,,,
g0ib,tom-gentzsch,Tom Gentzsch,2024,Grass,,,,,,,,,,,,,,,,,,
g0ib,tom-gentzsch,Tom Gentzsch,2024,Carpet,,,,,,,,,,,,,,,,,,
g0ib,tom-gentzsch,Tom Gentzsch,2023,all,,,,,,,,,,,,,,,,,,
g0ib,tom-gentzsch,Tom Gentzsch,2023,Hard,,,,,,,,,,,,,,,,,,
g0ib,tom-gentzsch,Tom Gentzsch,2023,Clay,,,,,,,,,,,,,,,,,,
g0ib,tom-gentzsch,Tom Gentzsch,2023,Grass,,,,,,,,,,,,,,,,,,
g0ib,tom-gentzsch,Tom Gentzsch,2023,Carpet,,,,,,,,,,,,,,,,,,
z0cq,yi-zhou,Yi Zhou,all,all,79,14,63,70,49,67,55,115,74,62,25,48,54,33,114,16,34,48
z0cq,yi-zhou,Yi Zhou,all,Hard,79,14,63,70,49,67,55,115,74,62,25,48,54,33,114,16,34,48
z0cq,yi-zhou,Yi Zhou,all,Clay,0,0,0,0,0,0,0,0,0,0,0,0,0,0,0,0,0,0
z0cq,yi-zhou,Yi Zhou,all,Grass,,,,,,,,,,,,,,,,,,
z0cq,yi-zhou,Yi Zhou,all,Carpet,,,,,,,,,,,,,,,,,,
z0cq,yi-zhou,Yi Zhou,2026,all,,,,,,,,,,,,,,,,,,
z0cq,yi-zhou,Yi Zhou,2026,Hard,,,,,,,,,,,,,,,,,,
z0cq,yi-zhou,Yi Zhou,2026,Clay,,,,,,,,,,,,,,,,,,
z0cq,yi-zhou,Yi Zhou,2026,Grass,,,,,,,,,,,,,,,,,,
z0cq,yi-zhou,Yi Zhou,2026,Carpet,,,,,,,,,,,,,,,,,,
z0cq,yi-zhou,Yi Zhou,2025,all,43,3,68,74,46,20,65,42,83,65,22,49,14,21,42,7,32,48
z0cq,yi-zhou,Yi Zhou,2025,Hard,43,3,68,74,46,20,65,42,83,65,22,49,14,21,42,7,32,48
z0cq,yi-zhou,Yi Zhou,2025,Clay,,,,,,,,,,,,,,,,,,
z0cq,yi-zhou,Yi Zhou,2025,Grass,,,,,,,,,,,,,,,,,,
z0cq,yi-zhou,Yi Zhou,2025,Carpet,,,,,,,,,,,,,,,,,,
z0cq,yi-zhou,Yi Zhou,2024,all,24,7,60,71,50,32,56,51,73,62,31,51,30,40,50,24,39,50
z0cq,yi-zhou,Yi Zhou,2024,Hard,24,7,60,71,50,32,56,51,73,62,31,51,30,40,50,24,39,50
z0cq,yi-zhou,Yi Zhou,2024,Clay,0,0,0,0,0,0,0,0,0,0,0,0,0,0,0,0,0,0
z0cq,yi-zhou,Yi Zhou,2024,Grass,,,,,,,,,,,,,,,,,,
z0cq,yi-zhou,Yi Zhou,2024,Carpet,,,,,,,,,,,,,,,,,,
z0cq,yi-zhou,Yi Zhou,2023,all,12,4,61,59,54,15,40,22,59,57,14,39,10,30,22,14,26,43
z0cq,yi-zhou,Yi Zhou,2023,Hard,12,4,61,59,54,15,40,22,59,57,14,39,10,30,22,14,26,43
z0cq,yi-zhou,Yi Zhou,2023,Clay,,,,,,,,,,,,,,,,,,
z0cq,yi-zhou,Yi Zhou,2023,Grass,,,,,,,,,,,,,,,,,,
z0cq,yi-zhou,Yi Zhou,2023,Carpet,,,,,,,,,,,,,,,,,,
p0ay,luka-pavlovic,Luka Pavlovic,all,all,8,1,49,76,33,9,67,10,70,54,20,52,6,33,11,18,33,44
p0ay,luka-pavlovic,Luka Pavlovic,all,Hard,8,1,49,76,33,9,67,10,70,54,20,52,6,33,11,18,33,44
p0ay,luka-pavlovic,Luka Pavlovic,all,Clay,,,,,,,,,,,,,,,,,,
p0ay,luka-pavlovic,Luka Pavlovic,all,Grass,,,,,,,,,,,,,,,,,,
p0ay,luka-pavlovic,Luka Pavlovic,all,Carpet,,,,,,,,,,,,,,,,,,
p0ay,luka-pavlovic,Luka Pavlovic,2026,all,8,1,49,76,33,9,67,10,70,54,20,52,6,33,11,18,33,44
p0ay,luka-pavlovic,Luka Pavlovic,2026,Hard,8,1,49,76,33,9,67,10,70,54,20,52,6,33,11,18,33,44
p0ay,luka-pavlovic,Luka Pavlovic,2026,Clay,,,,,,,,,,,,,,,,,,
p0ay,luka-pavlovic,Luka Pavlovic,2026,Grass,,,,,,,,,,,,,,,,,,
p0ay,luka-pavlovic,Luka Pavlovic,2026,Carpet,,,,,,,,,,,,,,,,,,
p0ay,luka-pavlovic,Luka Pavlovic,2025,all,,,,,,,,,,,,,,,,,,
p0ay,luka-pavlovic,Luka Pavlovic,2025,Hard,,,,,,,,,,,,,,,,,,
p0ay,luka-pavlovic,Luka Pavlovic,2025,Clay,,,,,,,,,,,,,,,,,,
p0ay,luka-pavlovic,Luka Pavlovic,2025,Grass,,,,,,,,,,,,,,,,,,
p0ay,luka-pavlovic,Luka Pavlovic,2025,Carpet,,,,,,,,,,,,,,,,,,
p0ay,luka-pavlovic,Luka Pavlovic,2024,all,,,,,,,,,,,,,,,,,,
p0ay,luka-pavlovic,Luka Pavlovic,2024,Hard,,,,,,,,,,,,,,,,,,
p0ay,luka-pavlovic,Luka Pavlovic,2024,Clay,,,,,,,,,,,,,,,,,,
p0ay,luka-pavlovic,Luka Pavlovic,2024,Grass,,,,,,,,,,,,,,,,,,
p0ay,luka-pavlovic,Luka Pavlovic,2024,Carpet,,,,,,,,,,,,,,,,,,
p0ay,luka-pavlovic,Luka Pavlovic,2023,all,,,,,,,,,,,,,,,,,,
p0ay,luka-pavlovic,Luka Pavlovic,2023,Hard,,,,,,,,,,,,,,,,,,
p0ay,luka-pavlovic,Luka Pavlovic,2023,Clay,,,,,,,,,,,,,,,,,,
p0ay,luka-pavlovic,Luka Pavlovic,2023,Grass,,,,,,,,,,,,,,,,,,
p0ay,luka-pavlovic,Luka Pavlovic,2023,Carpet,,,,,,,,,,,,,,,,,,
mc65,gael-monfils,Gael Monfils,all,all,7699,3469,62,73,50,5826,62,11663,81,64,32,49,7016,41,11649,25,38,51
mc65,gael-monfils,Gael Monfils,all,Hard,5234,2264,61,74,50,3458,62,7377,82,65,31,49,4415,40,7361,24,38,51
mc65,gael-monfils,Gael Monfils,all,Clay,1359,843,63,69,48,1805,61,2957,76,62,35,49,1924,43,2956,28,40,51
mc65,gael-monfils,Gael Monfils,all,Grass,1006,333,64,76,51,509,61,1225,84,67,29,46,600,36,1224,18,35,51
mc65,gael-monfils,Gael Monfils,all,Carpet,100,29,56,79,44,54,59,104,79,63,32,50,77,35,108,25,39,50
mc65,gael-monfils,Gael Monfils,2026,all,73,39,62,73,46,81,68,117,78,63,30,45,51,37,118,16,35,49
mc65,gael-monfils,Gael Monfils,2026,Hard,55,29,62,74,47,55,67,83,78,64,29,45,35,34,84,14,35,49
mc65,gael-monfils,Gael Monfils,2026,Clay,18,10,62,73,42,26,69,34,76,61,32,46,16,44,34,21,37,50
mc65,gael-monfils,Gael Monfils,2026,Grass,,,,,,,,,,,,,,,,,,
mc65,gael-monfils,Gael Monfils,2026,Carpet,,,,,,,,,,,,,,,,,,
mc65,gael-monfils,Gael Monfils,2025,all,326,185,60,76,49,231,62,491,82,65,29,48,248,38,483,19,36,50
mc65,gael-monfils,Gael Monfils,2025,Hard,221,124,60,78,51,122,60,329,85,67,28,47,151,36,322,17,35,51
mc65,gael-monfils,Gael Monfils,2025,Clay,55,28,59,71,44,71,68,88,74,60,35,49,62,35,86,26,39,50
mc65,gael-monfils,Gael Monfils,2025,Grass,50,33,60,72,47,38,61,74,80,62,29,51,35,46,75,21,37,49
mc65,gael-monfils,Gael Monfils,2025,Carpet,,,,,,,,,,,,,,,,,,
mc65,gael-monfils,Gael Monfils,2024,all,407,187,60,74,51,277,61,595,82,65,30,44,305,38,588,20,35,50
mc65,gael-monfils,Gael Monfils,2024,Hard,273,134,60,74,52,194,65,392,83,65,31,46,212,38,387,21,36,51
mc65,gael-monfils,Gael Monfils,2024,Clay,40,23,62,67,48,54,46,101,71,60,30,44,50,46,103,22,35,47
mc65,gael-monfils,Gael Monfils,2024,Grass,94,30,60,81,53,29,62,102,89,70,28,36,43,30,98,13,31,51
mc65,gael-monfils,Gael Monfils,2024,Carpet,,,,,,,,,,,,,,,,,,
mc65,gael-monfils,Gael Monfils,2023,all,209,129,59,75,47,160,59,309,79,64,31,47,192,40,316,24,37,50
mc65,gael-monfils,Gael Monfils,2023,Hard,196,117,58,77,48,126,60,286,83,65,30,48,165,39,293,22,37,51
mc65,gael-monfils,Gael Monfils,2023,Clay,13,12,64,67,40,34,56,23,35,57,35,45,27,44,23,52,39,48
mc65,gael-monfils,Gael Monfils,2023,Grass,,,,,,,,,,,,,,,,,,
mc65,gael-monfils,Gael Monfils,2023,Carpet,,,,,,,,,,,,,,,,,,
bi23,liam-broady,Liam Broady,all,all,198,143,61,66,49,445,58,661,72,59,28,48,359,40,652,22,36,48
bi23,liam-broady,Liam Broady,all,Hard,75,46,60,66,51,165,56,258,72,60,29,48,144,45,249,26,36,49
bi23,liam-broady,Liam Broady,all,Clay,5,6,64,62,47,32,53,42,64,57,31,47,16,50,44,18,36,46
bi23,liam-broady,Liam Broady,all,Grass,118,91,61,67,48,248,60,361,72,59,27,48,199,35,359,19,35,48
bi23,liam-broady,Liam Broady,all,Carpet,,,,,,,,,,,,,,,,,,
bi23,liam-broady,Liam Broady,2026,all,,,,,,,,,,,,,,,,,,
bi23,liam-broady,Liam Broady,2026,Hard,,,,,,,,,,,,,,,,,,
bi23,liam-broady,Liam Broady,2026,Clay,,,,,,,,,,,,,,,,,,
bi23,liam-broady,Liam Broady,2026,Grass,,,,,,,,,,,,,,,,,,
bi23,liam-broady,Liam Broady,2026,Carpet,,,,,,,,,,,,,,,,,,
bi23,liam-broady,Liam Broady,2025,all,,,,,,,,,,,,,,,,,,
bi23,liam-broady,Liam Broady,2025,Hard,,,,,,,,,,,,,,,,,,
bi23,liam-broady,Liam Broady,2025,Clay,,,,,,,,,,,,,,,,,,
bi23,liam-broady,Liam Broady,2025,Grass,,,,,,,,,,,,,,,,,,
bi23,liam-broady,Liam Broady,2025,Carpet,,,,,,,,,,,,,,,,,,
bi23,liam-broady,Liam Broady,2024,all,18,25,59,63,47,64,70,57,67,56,27,47,33,39,57,23,35,47
bi23,liam-broady,Liam Broady,2024,Hard,10,8,64,64,51,30,73,30,73,59,33,49,21,43,30,30,39,50
bi23,liam-broady,Liam Broady,2024,Clay,,,,,,,,,,,,,,,,,,
bi23,liam-broady,Liam Broady,2024,Grass,8,17,55,63,43,34,68,27,59,54,19,45,12,33,27,15,30,44
bi23,liam-broady,Liam Broady,2024,Carpet,,,,,,,,,,,,,,,,,,
bi23,liam-broady,Liam Broady,2023,all,31,34,55,69,49,85,52,138,70,60,34,52,92,42,139,28,41,50
bi23,liam-broady,Liam Broady,2023,Hard,9,11,53,68,45,30,50,43,65,57,34,54,31,42,44,30,41,49
bi23,liam-broady,Liam Broady,2023,Clay,0,1,70,49,47,10,60,7,43,48,30,31,1,0,8,0,30,39
bi23,liam-broady,Liam Broady,2023,Grass,22,22,54,71,52,45,51,88,75,62,34,52,60,43,87,30,41,51
bi23,liam-broady,Liam Broady,2023,Carpet,,,,,,,,,,,,,,,,,,
gf95,hugo-grenier,Hugo Grenier,all,all,203,111,64,70,43,222,57,355,73,60,27,45,164,38,361,17,34,47
gf95,hugo-grenier,Hugo Grenier,all,Hard,153,73,64,73,42,133,61,225,77,62,28,45,106,39,229,18,35,48
gf95,hugo-grenier,Hugo Grenier,all,Clay,30,30,62,62,45,75,53,94,63,55,26,47,46,37,94,18,33,45
gf95,hugo-grenier,Hugo Grenier,all,Grass,20,8,71,71,45,14,36,36,75,64,21,45,12,33,38,11,32,47
gf95,hugo-grenier,Hugo Grenier,all,Carpet,,,,,,,,,,,,,,,,,,
gf95,hugo-grenier,Hugo Grenier,2026,all,1,3,50,68,24,12,58,8,38,46,17,36,2,50,8,13,27,37
gf95,hugo-grenier,Hugo Grenier,2026,Hard,1,3,50,68,24,12,58,8,38,46,17,36,2,50,8,13,27,37
gf95,hugo-grenier,Hugo Grenier,2026,Clay,,,,,,,,,,,,,,,,,,
gf95,hugo-grenier,Hugo Grenier,2026,Grass,,,,,,,,,,,,,,,,,,
gf95,hugo-grenier,Hugo Grenier,2026,Carpet,,,,,,,,,,,,,,,,,,
gf95,hugo-grenier,Hugo Grenier,2025,all,22,8,68,73,44,19,74,27,81,64,26,54,16,38,27,22,37,51
gf95,hugo-grenier,Hugo Grenier,2025,Hard,22,8,68,73,44,19,74,27,81,64,26,54,16,38,27,22,37,51
gf95,hugo-grenier,Hugo Grenier,2025,Clay,,,,,,,,,,,,,,,,,,
gf95,hugo-grenier,Hugo Grenier,2025,Grass,,,,,,,,,,,,,,,,,,
gf95,hugo-grenier,Hugo Grenier,2025,Carpet,,,,,,,,,,,,,,,,,,
gf95,hugo-grenier,Hugo Grenier,2024,all,80,45,61,70,40,71,55,109,71,58,30,42,48,38,112,16,34,46
gf95,hugo-grenier,Hugo Grenier,2024,Hard,79,37,62,70,41,63,57,100,73,59,31,42,42,38,103,16,35,47
gf95,hugo-grenier,Hugo Grenier,2024,Clay,1,8,55,59,29,8,38,9,44,45,17,53,6,33,9,22,30,38
gf95,hugo-grenier,Hugo Grenier,2024,Grass,,,,,,,,,,,,,,,,,,
gf95,hugo-grenier,Hugo Grenier,2024,Carpet,,,,,,,,,,,,,,,,,,
gf95,hugo-grenier,Hugo Grenier,2023,all,27,19,60,63,48,46,52,69,68,57,24,44,28,36,70,14,31,45
gf95,hugo-grenier,Hugo Grenier,2023,Hard,,,,,,,,,,,,,,,,,,
gf95,hugo-grenier,Hugo Grenier,2023,Clay,27,19,60,63,48,46,52,69,68,57,24,44,28,36,70,14,31,45
gf95,hugo-grenier,Hugo Grenier,2023,Grass,,,,,,,,,,,,,,,,,,
gf95,hugo-grenier,Hugo Grenier,2023,Carpet,,,,,,,,,,,,,,,,,,
c0nb,federico-cina,Federico Cina,all,all,19,24,67,68,43,56,59,87,74,60,25,43,31,32,87,11,31,46
c0nb,federico-cina,Federico Cina,all,Hard,13,6,69,67,45,24,67,36,78,60,22,39,9,33,37,8,28,46
c0nb,federico-cina,Federico Cina,all,Clay,6,18,65,69,42,32,53,51,71,59,27,45,22,32,50,14,33,47
c0nb,federico-cina,Federico Cina,all,Grass,,,,,,,,,,,,,,,,,,
c0nb,federico-cina,Federico Cina,all,Carpet,,,,,,,,,,,,,,,,,,
c0nb,federico-cina,Federico Cina,2026,all,3,11,61,67,33,20,60,20,60,54,26,47,9,33,19,16,34,45
c0nb,federico-cina,Federico Cina,2026,Hard,,,,,,,,,,,,,,,,,,
c0nb,federico-cina,Federico Cina,2026,Clay,3,11,61,67,33,20,60,20,60,54,26,47,9,33,19,16,34,45
c0nb,federico-cina,Federico Cina,2026,Grass,,,,,,,,,,,,,,,,,,
c0nb,federico-cina,Federico Cina,2026,Carpet,,,,,,,,,,,,,,,,,,
c0nb,federico-cina,Federico Cina,2025,all,16,13,69,68,47,36,58,67,78,62,24,41,22,32,68,10,30,47
c0nb,federico-cina,Federico Cina,2025,Hard,13,6,69,67,45,24,67,36,78,60,22,39,9,33,37,8,28,46
c0nb,federico-cina,Federico Cina,2025,Clay,3,7,68,70,51,12,42,31,77,64,27,44,13,31,31,13,33,48
c0nb,federico-cina,Federico Cina,2025,Grass,,,,,,,,,,,,,,,,,,
c0nb,federico-cina,Federico Cina,2025,Carpet,,,,,,,,,,,,,,,,,,
c0nb,federico-cina,Federico Cina,2024,all,,,,,,,,,,,,,,,,,,
c0nb,federico-cina,Federico Cina,2024,Hard,,,,,,,,,,,,,,,,,,
c0nb,federico-cina,Federico Cina,2024,Clay,,,,,,,,,,,,,,,,,,
c0nb,federico-cina,Federico Cina,2024,Grass,,,,,,,,,,,,,,,,,,
c0nb,federico-cina,Federico Cina,2024,Carpet,,,,,,,,,,,,,,,,,,
c0nb,federico-cina,Federico Cina,2023,all,,,,,,,,,,,,,,,,,,
c0nb,federico-cina,Federico Cina,2023,Hard,,,,,,,,,,,,,,,,,,
c0nb,federico-cina,Federico Cina,2023,Clay,,,,,,,,,,,,,,,,,,
c0nb,federico-cina,Federico Cina,2023,Grass,,,,,,,,,,,,,,,,,,
c0nb,federico-cina,Federico Cina,2023,Carpet,,,,,,,,,,,,,,,,,,
w0ah,harry-wendelken,Harry Wendelken,all,all,,,,,,,,,,,,,,,,,,
w0ah,harry-wendelken,Harry Wendelken,all,Hard,,,,,,,,,,,,,,,,,,
w0ah,harry-wendelken,Harry Wendelken,all,Clay,,,,,,,,,,,,,,,,,,
w0ah,harry-wendelken,Harry Wendelken,all,Grass,,,,,,,,,,,,,,,,,,
w0ah,harry-wendelken,Harry Wendelken,all,Carpet,,,,,,,,,,,,,,,,,,
w0ah,harry-wendelken,Harry Wendelken,2026,all,,,,,,,,,,,,,,,,,,
w0ah,harry-wendelken,Harry Wendelken,2026,Hard,,,,,,,,,,,,,,,,,,
w0ah,harry-wendelken,Harry Wendelken,2026,Clay,,,,,,,,,,,,,,,,,,
w0ah,harry-wendelken,Harry Wendelken,2026,Grass,,,,,,,,,,,,,,,,,,
w0ah,harry-wendelken,Harry Wendelken,2026,Carpet,,,,,,,,,,,,,,,,,,
w0ah,harry-wendelken,Harry Wendelken,2025,all,,,,,,,,,,,,,,,,,,
w0ah,harry-wendelken,Harry Wendelken,2025,Hard,,,,,,,,,,,,,,,,,,
w0ah,harry-wendelken,Harry Wendelken,2025,Clay,,,,,,,,,,,,,,,,,,
w0ah,harry-wendelken,Harry Wendelken,2025,Grass,,,,,,,,,,,,,,,,,,
w0ah,harry-wendelken,Harry Wendelken,2025,Carpet,,,,,,,,,,,,,,,,,,
w0ah,harry-wendelken,Harry Wendelken,2024,all,,,,,,,,,,,,,,,,,,
w0ah,harry-wendelken,Harry Wendelken,2024,Hard,,,,,,,,,,,,,,,,,,
w0ah,harry-wendelken,Harry Wendelken,2024,Clay,,,,,,,,,,,,,,,,,,
w0ah,harry-wendelken,Harry Wendelken,2024,Grass,,,,,,,,,,,,,,,,,,
w0ah,harry-wendelken,Harry Wendelken,2024,Carpet,,,,,,,,,,,,,,,,,,
w0ah,harry-wendelken,Harry Wendelken,2023,all,,,,,,,,,,,,,,,,,,
w0ah,harry-wendelken,Harry Wendelken,2023,Hard,,,,,,,,,,,,,,,,,,
w0ah,harry-wendelken,Harry Wendelken,2023,Clay,,,,,,,,,,,,,,,,,,
w0ah,harry-wendelken,Harry Wendelken,2023,Grass,,,,,,,,,,,,,,,,,,
w0ah,harry-wendelken,Harry Wendelken,2023,Carpet,,,,,,,,,,,,,,,,,,
a09t,dan-added,Dan Added,all,all,3,3,64,55,19,10,50,7,29,42,16,44,0,0,7,0,27,35
a09t,dan-added,Dan Added,all,Hard,3,3,64,55,19,10,50,7,29,42,16,44,0,0,7,0,27,35
a09t,dan-added,Dan Added,all,Clay,,,,,,,,,,,,,,,,,,
a09t,dan-added,Dan Added,all,Grass,,,,,,,,,,,,,,,,,,
a09t,dan-added,Dan Added,all,Carpet,,,,,,,,,,,,,,,,,,
a09t,dan-added,Dan Added,2026,all,,,,,,,,,,,,,,,,,,
a09t,dan-added,Dan Added,2026,Hard,,,,,,,,,,,,,,,,,,
a09t,dan-added,Dan Added,2026,Clay,,,,,,,,,,,,,,,,,,
a09t,dan-added,Dan Added,2026,Grass,,,,,,,,,,,,,,,,,,
a09t,dan-added,Dan Added,2026,Carpet,,,,,,,,,,,,,,,,,,
a09t,dan-added,Dan Added,2025,all,3,3,64,55,19,10,50,7,29,42,16,44,0,0,7,0,27,35
a09t,dan-added,Dan Added,2025,Hard,3,3,64,55,19,10,50,7,29,42,16,44,0,0,7,0,27,35
a09t,dan-added,Dan Added,2025,Clay,,,,,,,,,,,,,,,,,,
a09t,dan-added,Dan Added,2025,Grass,,,,,,,,,,,,,,,,,,
a09t,dan-added,Dan Added,2025,Carpet,,,,,,,,,,,,,,,,,,
a09t,dan-added,Dan Added,2024,all,,,,,,,,,,,,,,,,,,
a09t,dan-added,Dan Added,2024,Hard,,,,,,,,,,,,,,,,,,
a09t,dan-added,Dan Added,2024,Clay,,,,,,,,,,,,,,,,,,
a09t,dan-added,Dan Added,2024,Grass,,,,,,,,,,,,,,,,,,
a09t,dan-added,Dan Added,2024,Carpet,,,,,,,,,,,,,,,,,,
a09t,dan-added,Dan Added,2023,all,,,,,,,,,,,,,,,,,,
a09t,dan-added,Dan Added,2023,Hard,,,,,,,,,,,,,,,,,,
a09t,dan-added,Dan Added,2023,Clay,,,,,,,,,,,,,,,,,,
a09t,dan-added,Dan Added,2023,Grass,,,,,,,,,,,,,,,,,,
a09t,dan-added,Dan Added,2023,Carpet,,,,,,,,,,,,,,,,,,
b0no,darwin-blanch,Darwin Blanch,all,all,46,15,66,68,46,55,60,78,72,61,22,40,27,30,81,10,28,45
b0no,darwin-blanch,Darwin Blanch,all,Hard,44,13,66,70,48,46,63,72,76,62,22,41,27,30,74,11,29,46
b0no,darwin-blanch,Darwin Blanch,all,Clay,2,2,69,52,17,9,44,6,17,41,21,27,0,0,7,0,23,32
b0no,darwin-blanch,Darwin Blanch,all,Grass,,,,,,,,,,,,,,,,,,
b0no,darwin-blanch,Darwin Blanch,all,Carpet,,,,,,,,,,,,,,,,,,
b0no,darwin-blanch,Darwin Blanch,2026,all,12,2,67,75,41,15,67,22,77,64,25,37,10,30,22,14,29,48
b0no,darwin-blanch,Darwin Blanch,2026,Hard,12,2,67,75,41,15,67,22,77,64,25,37,10,30,22,14,29,48
b0no,darwin-blanch,Darwin Blanch,2026,Clay,,,,,,,,,,,,,,,,,,
b0no,darwin-blanch,Darwin Blanch,2026,Grass,,,,,,,,,,,,,,,,,,
b0no,darwin-blanch,Darwin Blanch,2026,Carpet,,,,,,,,,,,,,,,,,,
b0no,darwin-blanch,Darwin Blanch,2025,all,31,10,63,73,51,20,65,41,83,65,19,40,12,25,43,7,27,47
b0no,darwin-blanch,Darwin Blanch,2025,Hard,31,10,63,73,51,20,65,41,83,65,19,40,12,25,43,7,27,47
b0no,darwin-blanch,Darwin Blanch,2025,Clay,,,,,,,,,,,,,,,,,,
b0no,darwin-blanch,Darwin Blanch,2025,Grass,,,,,,,,,,,,,,,,,,
b0no,darwin-blanch,Darwin Blanch,2025,Carpet,,,,,,,,,,,,,,,,,,
b0no,darwin-blanch,Darwin Blanch,2024,all,3,3,74,50,36,20,50,15,33,46,24,45,5,40,16,13,31,39
b0no,darwin-blanch,Darwin Blanch,2024,Hard,1,1,77,49,50,11,55,9,44,49,26,63,5,40,9,22,37,44
b0no,darwin-blanch,Darwin Blanch,2024,Clay,2,2,69,52,17,9,44,6,17,41,21,27,0,0,7,0,23,32
b0no,darwin-blanch,Darwin Blanch,2024,Grass,,,,,,,,,,,,,,,,,,
b0no,darwin-blanch,Darwin Blanch,2024,Carpet,,,,,,,,,,,,,,,,,,
b0no,darwin-blanch,Darwin Blanch,2023,all,,,,,,,,,,,,,,,,,,
b0no,darwin-blanch,Darwin Blanch,2023,Hard,,,,,,,,,,,,,,,,,,
b0no,darwin-blanch,Darwin Blanch,2023,Clay,,,,,,,,,,,,,,,,,,
b0no,darwin-blanch,Darwin Blanch,2023,Grass,,,,,,,,,,,,,,,,,,
b0no,darwin-blanch,Darwin Blanch,2023,Carpet,,,,,,,,,,,,,,,,,,
b0fi,pedro-boscardin-dias,Pedro Boscardin Dias,all,all,,,,,,,,,,,,,,,,,,
b0fi,pedro-boscardin-dias,Pedro Boscardin Dias,all,Hard,,,,,,,,,,,,,,,,,,
b0fi,pedro-boscardin-dias,Pedro Boscardin Dias,all,Clay,,,,,,,,,,,,,,,,,,
b0fi,pedro-boscardin-dias,Pedro Boscardin Dias,all,Grass,,,,,,,,,,,,,,,,,,
b0fi,pedro-boscardin-dias,Pedro Boscardin Dias,all,Carpet,,,,,,,,,,,,,,,,,,
b0fi,pedro-boscardin-dias,Pedro Boscardin Dias,2026,all,,,,,,,,,,,,,,,,,,
b0fi,pedro-boscardin-dias,Pedro Boscardin Dias,2026,Hard,,,,,,,,,,,,,,,,,,
b0fi,pedro-boscardin-dias,Pedro Boscardin Dias,2026,Clay,,,,,,,,,,,,,,,,,,
b0fi,pedro-boscardin-dias,Pedro Boscardin Dias,2026,Grass,,,,,,,,,,,,,,,,,,
b0fi,pedro-boscardin-dias,Pedro Boscardin Dias,2026,Carpet,,,,,,,,,,,,,,,,,,
b0fi,pedro-boscardin-dias,Pedro Boscardin Dias,2025,all,,,,,,,,,,,,,,,,,,
b0fi,pedro-boscardin-dias,Pedro Boscardin Dias,2025,Hard,,,,,,,,,,,,,,,,,,
b0fi,pedro-boscardin-dias,Pedro Boscardin Dias,2025,Clay,,,,,,,,,,,,,,,,,,
b0fi,pedro-boscardin-dias,Pedro Boscardin Dias,2025,Grass,,,,,,,,,,,,,,,,,,
b0fi,pedro-boscardin-dias,Pedro Boscardin Dias,2025,Carpet,,,,,,,,,,,,,,,,,,
b0fi,pedro-boscardin-dias,Pedro Boscardin Dias,2024,all,,,,,,,,,,,,,,,,,,
b0fi,pedro-boscardin-dias,Pedro Boscardin Dias,2024,Hard,,,,,,,,,,,,,,,,,,
b0fi,pedro-boscardin-dias,Pedro Boscardin Dias,2024,Clay,,,,,,,,,,,,,,,,,,
b0fi,pedro-boscardin-dias,Pedro Boscardin Dias,2024,Grass,,,,,,,,,,,,,,,,,,
b0fi,pedro-boscardin-dias,Pedro Boscardin Dias,2024,Carpet,,,,,,,,,,,,,,,,,,
b0fi,pedro-boscardin-dias,Pedro Boscardin Dias,2023,all,,,,,,,,,,,,,,,,,,
b0fi,pedro-boscardin-dias,Pedro Boscardin Dias,2023,Hard,,,,,,,,,,,,,,,,,,
b0fi,pedro-boscardin-dias,Pedro Boscardin Dias,2023,Clay,,,,,,,,,,,,,,,,,,
b0fi,pedro-boscardin-dias,Pedro Boscardin Dias,2023,Grass,,,,,,,,,,,,,,,,,,
b0fi,pedro-boscardin-dias,Pedro Boscardin Dias,2023,Carpet,,,,,,,,,,,,,,,,,,
g0dh,alvaro-guillen-meza,Alvaro Guillen Meza,all,all,0,4,77,58,10,6,17,8,38,47,31,43,6,33,9,22,36,41
g0dh,alvaro-guillen-meza,Alvaro Guillen Meza,all,Hard,0,0,0,0,0,0,0,0,0,0,0,0,0,0,0,0,0,0
g0dh,alvaro-guillen-meza,Alvaro Guillen Meza,all,Clay,0,4,77,58,10,6,17,8,38,47,31,43,6,33,9,22,36,41
g0dh,alvaro-guillen-meza,Alvaro Guillen Meza,all,Grass,,,,,,,,,,,,,,,,,,
g0dh,alvaro-guillen-meza,Alvaro Guillen Meza,all,Carpet,,,,,,,,,,,,,,,,,,
g0dh,alvaro-guillen-meza,Alvaro Guillen Meza,2026,all,0,0,0,0,0,0,0,0,0,0,0,0,0,0,0,0,0,0
g0dh,alvaro-guillen-meza,Alvaro Guillen Meza,2026,Hard,,,,,,,,,,,,,,,,,,
g0dh,alvaro-guillen-meza,Alvaro Guillen Meza,2026,Clay,0,0,0,0,0,0,0,0,0,0,0,0,0,0,0,0,0,0
g0dh,alvaro-guillen-meza,Alvaro Guillen Meza,2026,Grass,,,,,,,,,,,,,,,,,,
g0dh,alvaro-guillen-meza,Alvaro Guillen Meza,2026,Carpet,,,,,,,,,,,,,,,,,,
g0dh,alvaro-guillen-meza,Alvaro Guillen Meza,2025,all,0,4,77,58,10,6,17,8,38,47,31,43,6,33,9,22,36,41
g0dh,alvaro-guillen-meza,Alvaro Guillen Meza,2025,Hard,0,0,0,0,0,0,0,0,0,0,0,0,0,0,0,0,0,0
g0dh,alvaro-guillen-meza,Alvaro Guillen Meza,2025,Clay,0,4,77,58,10,6,17,8,38,47,31,43,6,33,9,22,36,41
g0dh,alvaro-guillen-meza,Alvaro Guillen Meza,2025,Grass,,,,,,,,,,,,,,,,,,
g0dh,alvaro-guillen-meza,Alvaro Guillen Meza,2025,Carpet,,,,,,,,,,,,,,,,,,
g0dh,alvaro-guillen-meza,Alvaro Guillen Meza,2024,all,0,0,0,0,0,0,0,0,0,0,0,0,0,0,0,0,0,0
g0dh,alvaro-guillen-meza,Alvaro Guillen Meza,2024,Hard,,,,,,,,,,,,,,,,,,
g0dh,alvaro-guillen-meza,Alvaro Guillen Meza,2024,Clay,0,0,0,0,0,0,0,0,0,0,0,0,0,0,0,0,0,0
g0dh,alvaro-guillen-meza,Alvaro Guillen Meza,2024,Grass,,,,,,,,,,,,,,,,,,
g0dh,alvaro-guillen-meza,Alvaro Guillen Meza,2024,Carpet,,,,,,,,,,,,,,,,,,
g0dh,alvaro-guillen-meza,Alvaro Guillen Meza,2023,all,0,0,0,0,0,0,0,0,0,0,0,0,0,0,0,0,0,0
g0dh,alvaro-guillen-meza,Alvaro Guillen Meza,2023,Hard,0,0,0,0,0,0,0,0,0,0,0,0,0,0,0,0,0,0
g0dh,alvaro-guillen-meza,Alvaro Guillen Meza,2023,Clay,,,,,,,,,,,,,,,,,,
g0dh,alvaro-guillen-meza,Alvaro Guillen Meza,2023,Grass,,,,,,,,,,,,,,,,,,
g0dh,alvaro-guillen-meza,Alvaro Guillen Meza,2023,Carpet,,,,,,,,,,,,,,,,,,
c0ak,oliver-crawford,Oliver Crawford,all,all,5,3,54,72,57,10,70,20,85,65,8,38,0,0,21,0,21,45
c0ak,oliver-crawford,Oliver Crawford,all,Hard,,,,,,,,,,,,,,,,,,
c0ak,oliver-crawford,Oliver Crawford,all,Clay,,,,,,,,,,,,,,,,,,
c0ak,oliver-crawford,Oliver Crawford,all,Grass,5,3,54,72,57,10,70,20,85,65,8,38,0,0,21,0,21,45
c0ak,oliver-crawford,Oliver Crawford,all,Carpet,,,,,,,,,,,,,,,,,,
c0ak,oliver-crawford,Oliver Crawford,2026,all,,,,,,,,,,,,,,,,,,
c0ak,oliver-crawford,Oliver Crawford,2026,Hard,,,,,,,,,,,,,,,,,,
c0ak,oliver-crawford,Oliver Crawford,2026,Clay,,,,,,,,,,,,,,,,,,
c0ak,oliver-crawford,Oliver Crawford,2026,Grass,,,,,,,,,,,,,,,,,,
c0ak,oliver-crawford,Oliver Crawford,2026,Carpet,,,,,,,,,,,,,,,,,,
c0ak,oliver-crawford,Oliver Crawford,2025,all,5,3,54,72,57,10,70,20,85,65,8,38,0,0,21,0,21,45
c0ak,oliver-crawford,Oliver Crawford,2025,Hard,,,,,,,,,,,,,,,,,,
c0ak,oliver-crawford,Oliver Crawford,2025,Clay,,,,,,,,,,,,,,,,,,
c0ak,oliver-crawford,Oliver Crawford,2025,Grass,5,3,54,72,57,10,70,20,85,65,8,38,0,0,21,0,21,45
c0ak,oliver-crawford,Oliver Crawford,2025,Carpet,,,,,,,,,,,,,,,,,,
c0ak,oliver-crawford,Oliver Crawford,2024,all,,,,,,,,,,,,,,,,,,
c0ak,oliver-crawford,Oliver Crawford,2024,Hard,,,,,,,,,,,,,,,,,,
c0ak,oliver-crawford,Oliver Crawford,2024,Clay,,,,,,,,,,,,,,,,,,
c0ak,oliver-crawford,Oliver Crawford,2024,Grass,,,,,,,,,,,,,,,,,,
c0ak,oliver-crawford,Oliver Crawford,2024,Carpet,,,,,,,,,,,,,,,,,,
c0ak,oliver-crawford,Oliver Crawford,2023,all,,,,,,,,,,,,,,,,,,
c0ak,oliver-crawford,Oliver Crawford,2023,Hard,,,,,,,,,,,,,,,,,,
c0ak,oliver-crawford,Oliver Crawford,2023,Clay,,,,,,,,,,,,,,,,,,
c0ak,oliver-crawford,Oliver Crawford,2023,Grass,,,,,,,,,,,,,,,,,,
c0ak,oliver-crawford,Oliver Crawford,2023,Carpet,,,,,,,,,,,,,,,,,,
g0gd,matteo-gigante,Matteo Gigante,all,all,66,59,57,72,49,114,68,159,77,62,29,50,84,39,161,20,37,50
g0gd,matteo-gigante,Matteo Gigante,all,Hard,34,33,57,73,49,41,61,65,75,63,29,49,37,38,67,21,36,50
g0gd,matteo-gigante,Matteo Gigante,all,Clay,32,26,58,71,49,73,71,94,78,62,29,50,47,40,94,20,38,50
g0gd,matteo-gigante,Matteo Gigante,all,Grass,,,,,,,,,,,,,,,,,,
g0gd,matteo-gigante,Matteo Gigante,all,Carpet,,,,,,,,,,,,,,,,,,
g0gd,matteo-gigante,Matteo Gigante,2026,all,,,,,,,,,,,,,,,,,,
g0gd,matteo-gigante,Matteo Gigante,2026,Hard,,,,,,,,,,,,,,,,,,
g0gd,matteo-gigante,Matteo Gigante,2026,Clay,,,,,,,,,,,,,,,,,,
g0gd,matteo-gigante,Matteo Gigante,2026,Grass,,,,,,,,,,,,,,,,,,
g0gd,matteo-gigante,Matteo Gigante,2026,Carpet,,,,,,,,,,,,,,,,,,
g0gd,matteo-gigante,Matteo Gigante,2025,all,62,49,58,73,50,81,68,135,81,64,28,50,71,39,137,20,37,51
g0gd,matteo-gigante,Matteo Gigante,2025,Hard,34,33,57,73,49,41,61,65,75,63,29,49,37,38,67,21,36,50
g0gd,matteo-gigante,Matteo Gigante,2025,Clay,28,16,59,74,52,40,75,70,86,65,28,52,34,41,70,20,38,52
g0gd,matteo-gigante,Matteo Gigante,2025,Grass,,,,,,,,,,,,,,,,,,
g0gd,matteo-gigante,Matteo Gigante,2025,Carpet,,,,,,,,,,,,,,,,,,
g0gd,matteo-gigante,Matteo Gigante,2024,all,4,10,55,64,41,33,67,24,54,53,33,45,13,38,24,21,38,46
g0gd,matteo-gigante,Matteo Gigante,2024,Hard,,,,,,,,,,,,,,,,,,
g0gd,matteo-gigante,Matteo Gigante,2024,Clay,4,10,55,64,41,33,67,24,54,53,33,45,13,38,24,21,38,46
g0gd,matteo-gigante,Matteo Gigante,2024,Grass,,,,,,,,,,,,,,,,,,
g0gd,matteo-gigante,Matteo Gigante,2024,Carpet,,,,,,,,,,,,,,,,,,
g0gd,matteo-gigante,Matteo Gigante,2023,all,,,,,,,,,,,,,,,,,,
g0gd,matteo-gigante,Matteo Gigante,2023,Hard,,,,,,,,,,,,,,,,,,
g0gd,matteo-gigante,Matteo Gigante,2023,Clay,,,,,,,,,,,,,,,,,,
g0gd,matteo-gigante,Matteo Gigante,2023,Grass,,,,,,,,,,,,,,,,,,
g0gd,matteo-gigante,Matteo Gigante,2023,Carpet,,,,,,,,,,,,,,,,,,
m0oq,james-mccabe,James Mccabe,all,all,61,21,62,70,42,62,55,99,72,59,25,43,41,20,97,8,31,46
m0oq,james-mccabe,James Mccabe,all,Hard,50,15,58,71,44,44,55,76,74,60,24,43,32,22,74,9,31,46
m0oq,james-mccabe,James Mccabe,all,Clay,,,,,,,,,,,,,,,,,,
m0oq,james-mccabe,James Mccabe,all,Grass,11,6,73,67,33,18,56,23,65,57,29,43,9,11,23,4,34,45
m0oq,james-mccabe,James Mccabe,all,Carpet,,,,,,,,,,,,,,,,,,
m0oq,james-mccabe,James Mccabe,2026,all,,,,,,,,,,,,,,,,,,
m0oq,james-mccabe,James Mccabe,2026,Hard,,,,,,,,,,,,,,,,,,
m0oq,james-mccabe,James Mccabe,2026,Clay,,,,,,,,,,,,,,,,,,
m0oq,james-mccabe,James Mccabe,2026,Grass,,,,,,,,,,,,,,,,,,
m0oq,james-mccabe,James Mccabe,2026,Carpet,,,,,,,,,,,,,,,,,,
m0oq,james-mccabe,James Mccabe,2025,all,36,14,63,73,40,33,64,52,77,61,23,45,18,17,51,6,31,46
m0oq,james-mccabe,James Mccabe,2025,Hard,28,10,61,78,42,22,68,39,82,64,22,47,15,20,38,8,31,47
m0oq,james-mccabe,James Mccabe,2025,Clay,,,,,,,,,,,,,,,,,,
m0oq,james-mccabe,James Mccabe,2025,Grass,8,4,69,64,34,11,55,13,62,55,26,38,3,0,13,0,30,43
m0oq,james-mccabe,James Mccabe,2025,Carpet,,,,,,,,,,,,,,,,,,
m0oq,james-mccabe,James Mccabe,2024,all,25,7,61,66,44,29,45,47,66,58,27,41,23,22,46,11,32,45
m0oq,james-mccabe,James Mccabe,2024,Hard,22,5,56,65,46,22,41,37,65,57,26,39,17,24,36,11,30,44
m0oq,james-mccabe,James Mccabe,2024,Clay,,,,,,,,,,,,,,,,,,
m0oq,james-mccabe,James Mccabe,2024,Grass,3,2,78,70,29,7,57,10,70,61,31,50,6,17,10,10,37,48
m0oq,james-mccabe,James Mccabe,2024,Carpet,,,,,,,,,,,,,,,,,,
m0oq,james-mccabe,James Mccabe,2023,all,,,,,,,,,,,,,,,,,,
m0oq,james-mccabe,James Mccabe,2023,Hard,,,,,,,,,,,,,,,,,,
m0oq,james-mccabe,James Mccabe,2023,Clay,,,,,,,,,,,,,,,,,,
m0oq,james-mccabe,James Mccabe,2023,Grass,,,,,,,,,,,,,,,,,,
m0oq,james-mccabe,James Mccabe,2023,Carpet,,,,,,,,,,,,,,,,,,
g0eu,felix-gill,Felix Gill,all,all,,,,,,,,,,,,,,,,,,
g0eu,felix-gill,Felix Gill,all,Hard,,,,,,,,,,,,,,,,,,
g0eu,felix-gill,Felix Gill,all,Clay,,,,,,,,,,,,,,,,,,
g0eu,felix-gill,Felix Gill,all,Grass,,,,,,,,,,,,,,,,,,
g0eu,felix-gill,Felix Gill,all,Carpet,,,,,,,,,,,,,,,,,,
g0eu,felix-gill,Felix Gill,2026,all,,,,,,,,,,,,,,,,,,
g0eu,felix-gill,Felix Gill,2026,Hard,,,,,,,,,,,,,,,,,,
g0eu,felix-gill,Felix Gill,2026,Clay,,,,,,,,,,,,,,,,,,
g0eu,felix-gill,Felix Gill,2026,Grass,,,,,,,,,,,,,,,,,,
g0eu,felix-gill,Felix Gill,2026,Carpet,,,,,,,,,,,,,,,,,,
g0eu,felix-gill,Felix Gill,2025,all,,,,,,,,,,,,,,,,,,
g0eu,felix-gill,Felix Gill,2025,Hard,,,,,,,,,,,,,,,,,,
g0eu,felix-gill,Felix Gill,2025,Clay,,,,,,,,,,,,,,,,,,
g0eu,felix-gill,Felix Gill,2025,Grass,,,,,,,,,,,,,,,,,,
g0eu,felix-gill,Felix Gill,2025,Carpet,,,,,,,,,,,,,,,,,,
g0eu,felix-gill,Felix Gill,2024,all,,,,,,,,,,,,,,,,,,
g0eu,felix-gill,Felix Gill,2024,Hard,,,,,,,,,,,,,,,,,,
g0eu,felix-gill,Felix Gill,2024,Clay,,,,,,,,,,,,,,,,,,
g0eu,felix-gill,Felix Gill,2024,Grass,,,,,,,,,,,,,,,,,,
g0eu,felix-gill,Felix Gill,2024,Carpet,,,,,,,,,,,,,,,,,,
g0eu,felix-gill,Felix Gill,2023,all,,,,,,,,,,,,,,,,,,
g0eu,felix-gill,Felix Gill,2023,Hard,,,,,,,,,,,,,,,,,,
g0eu,felix-gill,Felix Gill,2023,Clay,,,,,,,,,,,,,,,,,,
g0eu,felix-gill,Felix Gill,2023,Grass,,,,,,,,,,,,,,,,,,
g0eu,felix-gill,Felix Gill,2023,Carpet,,,,,,,,,,,,,,,,,,
f840,nerman-fatic,Nerman Fatic,all,all,0,0,0,0,0,0,0,0,0,0,0,0,0,0,0,0,0,0
f840,nerman-fatic,Nerman Fatic,all,Hard,0,0,0,0,0,0,0,0,0,0,0,0,0,0,0,0,0,0
f840,nerman-fatic,Nerman Fatic,all,Clay,0,0,0,0,0,0,0,0,0,0,0,0,0,0,0,0,0,0
f840,nerman-fatic,Nerman Fatic,all,Grass,,,,,,,,,,,,,,,,,,
f840,nerman-fatic,Nerman Fatic,all,Carpet,,,,,,,,,,,,,,,,,,
f840,nerman-fatic,Nerman Fatic,2026,all,,,,,,,,,,,,,,,,,,
f840,nerman-fatic,Nerman Fatic,2026,Hard,,,,,,,,,,,,,,,,,,
f840,nerman-fatic,Nerman Fatic,2026,Clay,,,,,,,,,,,,,,,,,,
f840,nerman-fatic,Nerman Fatic,2026,Grass,,,,,,,,,,,,,,,,,,
f840,nerman-fatic,Nerman Fatic,2026,Carpet,,,,,,,,,,,,,,,,,,
f840,nerman-fatic,Nerman Fatic,2025,all,0,0,0,0,0,0,0,0,0,0,0,0,0,0,0,0,0,0
f840,nerman-fatic,Nerman Fatic,2025,Hard,,,,,,,,,,,,,,,,,,
f840,nerman-fatic,Nerman Fatic,2025,Clay,0,0,0,0,0,0,0,0,0,0,0,0,0,0,0,0,0,0
f840,nerman-fatic,Nerman Fatic,2025,Grass,,,,,,,,,,,,,,,,,,
f840,nerman-fatic,Nerman Fatic,2025,Carpet,,,,,,,,,,,,,,,,,,
f840,nerman-fatic,Nerman Fatic,2024,all,0,0,0,0,0,0,0,0,0,0,0,0,0,0,0,0,0,0
f840,nerman-fatic,Nerman Fatic,2024,Hard,0,0,0,0,0,0,0,0,0,0,0,0,0,0,0,0,0,0
f840,nerman-fatic,Nerman Fatic,2024,Clay,,,,,,,,,,,,,,,,,,
f840,nerman-fatic,Nerman Fatic,2024,Grass,,,,,,,,,,,,,,,,,,
f840,nerman-fatic,Nerman Fatic,2024,Carpet,,,,,,,,,,,,,,,,,,
f840,nerman-fatic,Nerman Fatic,2023,all,0,0,0,0,0,0,0,0,0,0,0,0,0,0,0,0,0,0
f840,nerman-fatic,Nerman Fatic,2023,Hard,,,,,,,,,,,,,,,,,,
f840,nerman-fatic,Nerman Fatic,2023,Clay,0,0,0,0,0,0,0,0,0,0,0,0,0,0,0,0,0,0
f840,nerman-fatic,Nerman Fatic,2023,Grass,,,,,,,,,,,,,,,,,,
f840,nerman-fatic,Nerman Fatic,2023,Carpet,,,,,,,,,,,,,,,,,,
h0cx,max-houkes,Max Houkes,all,all,,,,,,,,,,,,,,,,,,
h0cx,max-houkes,Max Houkes,all,Hard,,,,,,,,,,,,,,,,,,
h0cx,max-houkes,Max Houkes,all,Clay,,,,,,,,,,,,,,,,,,
h0cx,max-houkes,Max Houkes,all,Grass,,,,,,,,,,,,,,,,,,
h0cx,max-houkes,Max Houkes,all,Carpet,,,,,,,,,,,,,,,,,,
h0cx,max-houkes,Max Houkes,2026,all,,,,,,,,,,,,,,,,,,
h0cx,max-houkes,Max Houkes,2026,Hard,,,,,,,,,,,,,,,,,,
h0cx,max-houkes,Max Houkes,2026,Clay,,,,,,,,,,,,,,,,,,
h0cx,max-houkes,Max Houkes,2026,Grass,,,,,,,,,,,,,,,,,,
h0cx,max-houkes,Max Houkes,2026,Carpet,,,,,,,,,,,,,,,,,,
h0cx,max-houkes,Max Houkes,2025,all,,,,,,,,,,,,,,,,,,
h0cx,max-houkes,Max Houkes,2025,Hard,,,,,,,,,,,,,,,,,,
h0cx,max-houkes,Max Houkes,2025,Clay,,,,,,,,,,,,,,,,,,
h0cx,max-houkes,Max Houkes,2025,Grass,,,,,,,,,,,,,,,,,,
h0cx,max-houkes,Max Houkes,2025,Carpet,,,,,,,,,,,,,,,,,,
h0cx,max-houkes,Max Houkes,2024,all,,,,,,,,,,,,,,,,,,
h0cx,max-houkes,Max Houkes,2024,Hard,,,,,,,,,,,,,,,,,,
h0cx,max-houkes,Max Houkes,2024,Clay,,,,,,,,,,,,,,,,,,
h0cx,max-houkes,Max Houkes,2024,Grass,,,,,,,,,,,,,,,,,,
h0cx,max-houkes,Max Houkes,2024,Carpet,,,,,,,,,,,,,,,,,,
h0cx,max-houkes,Max Houkes,2023,all,,,,,,,,,,,,,,,,,,
h0cx,max-houkes,Max Houkes,2023,Hard,,,,,,,,,,,,,,,,,,
h0cx,max-houkes,Max Houkes,2023,Clay,,,,,,,,,,,,,,,,,,
h0cx,max-houkes,Max Houkes,2023,Grass,,,,,,,,,,,,,,,,,,
h0cx,max-houkes,Max Houkes,2023,Carpet,,,,,,,,,,,,,,,,,,
m0ea,pol-martin-tiffon,Pol Martin Tiffon,all,all,,,,,,,,,,,,,,,,,,
m0ea,pol-martin-tiffon,Pol Martin Tiffon,all,Hard,,,,,,,,,,,,,,,,,,
m0ea,pol-martin-tiffon,Pol Martin Tiffon,all,Clay,,,,,,,,,,,,,,,,,,
m0ea,pol-martin-tiffon,Pol Martin Tiffon,all,Grass,,,,,,,,,,,,,,,,,,
m0ea,pol-martin-tiffon,Pol Martin Tiffon,all,Carpet,,,,,,,,,,,,,,,,,,
m0ea,pol-martin-tiffon,Pol Martin Tiffon,2026,all,,,,,,,,,,,,,,,,,,
m0ea,pol-martin-tiffon,Pol Martin Tiffon,2026,Hard,,,,,,,,,,,,,,,,,,
m0ea,pol-martin-tiffon,Pol Martin Tiffon,2026,Clay,,,,,,,,,,,,,,,,,,
m0ea,pol-martin-tiffon,Pol Martin Tiffon,2026,Grass,,,,,,,,,,,,,,,,,,
m0ea,pol-martin-tiffon,Pol Martin Tiffon,2026,Carpet,,,,,,,,,,,,,,,,,,
m0ea,pol-martin-tiffon,Pol Martin Tiffon,2025,all,,,,,,,,,,,,,,,,,,
m0ea,pol-martin-tiffon,Pol Martin Tiffon,2025,Hard,,,,,,,,,,,,,,,,,,
m0ea,pol-martin-tiffon,Pol Martin Tiffon,2025,Clay,,,,,,,,,,,,,,,,,,
m0ea,pol-martin-tiffon,Pol Martin Tiffon,2025,Grass,,,,,,,,,,,,,,,,,,
m0ea,pol-martin-tiffon,Pol Martin Tiffon,2025,Carpet,,,,,,,,,,,,,,,,,,
m0ea,pol-martin-tiffon,Pol Martin Tiffon,2024,all,,,,,,,,,,,,,,,,,,
m0ea,pol-martin-tiffon,Pol Martin Tiffon,2024,Hard,,,,,,,,,,,,,,,,,,
m0ea,pol-martin-tiffon,Pol Martin Tiffon,2024,Clay,,,,,,,,,,,,,,,,,,
m0ea,pol-martin-tiffon,Pol Martin Tiffon,2024,Grass,,,,,,,,,,,,,,,,,,
m0ea,pol-martin-tiffon,Pol Martin Tiffon,2024,Carpet,,,,,,,,,,,,,,,,,,
m0ea,pol-martin-tiffon,Pol Martin Tiffon,2023,all,,,,,,,,,,,,,,,,,,
m0ea,pol-martin-tiffon,Pol Martin Tiffon,2023,Hard,,,,,,,,,,,,,,,,,,
m0ea,pol-martin-tiffon,Pol Martin Tiffon,2023,Clay,,,,,,,,,,,,,,,,,,
m0ea,pol-martin-tiffon,Pol Martin Tiffon,2023,Grass,,,,,,,,,,,,,,,,,,
m0ea,pol-martin-tiffon,Pol Martin Tiffon,2023,Carpet,,,,,,,,,,,,,,,,,,
sn54,frederico-ferreira-silva,Frederico Ferreira Silva,all,all,17,17,61,62,49,48,50,70,66,57,25,47,30,50,73,21,33,46
sn54,frederico-ferreira-silva,Frederico Ferreira Silva,all,Hard,8,5,67,63,50,18,67,22,73,59,14,38,2,100,22,9,19,43
sn54,frederico-ferreira-silva,Frederico Ferreira Silva,all,Clay,9,12,58,62,48,30,40,48,63,56,30,48,28,46,51,25,38,47
sn54,frederico-ferreira-silva,Frederico Ferreira Silva,all,Grass,,,,,,,,,,,,,,,,,,
sn54,frederico-ferreira-silva,Frederico Ferreira Silva,all,Carpet,,,,,,,,,,,,,,,,,,
sn54,frederico-ferreira-silva,Frederico Ferreira Silva,2026,all,,,,,,,,,,,,,,,,,,
sn54,frederico-ferreira-silva,Frederico Ferreira Silva,2026,Hard,,,,,,,,,,,,,,,,,,
sn54,frederico-ferreira-silva,Frederico Ferreira Silva,2026,Clay,,,,,,,,,,,,,,,,,,
sn54,frederico-ferreira-silva,Frederico Ferreira Silva,2026,Grass,,,,,,,,,,,,,,,,,,
sn54,frederico-ferreira-silva,Frederico Ferreira Silva,2026,Carpet,,,,,,,,,,,,,,,,,,
sn54,frederico-ferreira-silva,Frederico Ferreira Silva,2025,all,,,,,,,,,,,,,,,,,,
sn54,frederico-ferreira-silva,Frederico Ferreira Silva,2025,Hard,,,,,,,,,,,,,,,,,,
sn54,frederico-ferreira-silva,Frederico Ferreira Silva,2025,Clay,,,,,,,,,,,,,,,,,,
sn54,frederico-ferreira-silva,Frederico Ferreira Silva,2025,Grass,,,,,,,,,,,,,,,,,,
sn54,frederico-ferreira-silva,Frederico Ferreira Silva,2025,Carpet,,,,,,,,,,,,,,,,,,
sn54,frederico-ferreira-silva,Frederico Ferreira Silva,2024,all,,,,,,,,,,,,,,,,,,
sn54,frederico-ferreira-silva,Frederico Ferreira Silva,2024,Hard,,,,,,,,,,,,,,,,,,
sn54,frederico-ferreira-silva,Frederico Ferreira Silva,2024,Clay,,,,,,,,,,,,,,,,,,
sn54,frederico-ferreira-silva,Frederico Ferreira Silva,2024,Grass,,,,,,,,,,,,,,,,,,
sn54,frederico-ferreira-silva,Frederico Ferreira Silva,2024,Carpet,,,,,,,,,,,,,,,,,,
sn54,frederico-ferreira-silva,Frederico Ferreira Silva,2023,all,,,,,,,,,,,,,,,,,,
sn54,frederico-ferreira-silva,Frederico Ferreira Silva,2023,Hard,,,,,,,,,,,,,,,,,,
sn54,frederico-ferreira-silva,Frederico Ferreira Silva,2023,Clay,,,,,,,,,,,,,,,,,,
sn54,frederico-ferreira-silva,Frederico Ferreira Silva,2023,Grass,,,,,,,,,,,,,,,,,,
sn54,frederico-ferreira-silva,Frederico Ferreira Silva,2023,Carpet,,,,,,,,,,,,,,,,,,
z371,zhizhen-zhang,Zhizhen Zhang,all,all,937,248,63,73,51,735,60,1596,82,65,25,47,702,37,1614,16,33,49
z371,zhizhen-zhang,Zhizhen Zhang,all,Hard,594,151,64,72,51,473,61,1004,81,65,24,47,456,33,1015,15,33,49
z371,zhizhen-zhang,Zhizhen Zhang,all,Clay,198,71,62,72,53,197,58,411,80,65,28,47,185,45,418,20,35,50
z371,zhizhen-zhang,Zhizhen Zhang,all,Grass,145,26,65,75,48,65,60,181,86,66,25,44,61,39,181,13,32,49
z371,zhizhen-zhang,Zhizhen Zhang,all,Carpet,,,,,,,,,,,,,,,,,,
z371,zhizhen-zhang,Zhizhen Zhang,2026,all,78,18,64,71,48,65,63,121,80,63,23,41,33,36,122,10,29,47
z371,zhizhen-zhang,Zhizhen Zhang,2026,Hard,47,9,64,72,47,40,63,80,81,63,20,42,21,24,81,6,28,46
z371,zhizhen-zhang,Zhizhen Zhang,2026,Clay,31,9,63,69,51,25,64,41,78,63,28,38,12,58,41,17,31,48
z371,zhizhen-zhang,Zhizhen Zhang,2026,Grass,,,,,,,,,,,,,,,,,,
z371,zhizhen-zhang,Zhizhen Zhang,2026,Carpet,,,,,,,,,,,,,,,,,,
z371,zhizhen-zhang,Zhizhen Zhang,2025,all,131,36,65,73,50,108,68,191,82,65,21,45,68,35,194,12,30,48
z371,zhizhen-zhang,Zhizhen Zhang,2025,Hard,131,36,65,73,50,108,68,191,82,65,21,45,68,35,194,12,30,48
z371,zhizhen-zhang,Zhizhen Zhang,2025,Clay,,,,,,,,,,,,,,,,,,
z371,zhizhen-zhang,Zhizhen Zhang,2025,Grass,,,,,,,,,,,,,,,,,,
z371,zhizhen-zhang,Zhizhen Zhang,2025,Carpet,,,,,,,,,,,,,,,,,,
z371,zhizhen-zhang,Zhizhen Zhang,2024,all,373,94,63,73,52,230,55,592,83,65,25,47,267,36,595,16,34,49
z371,zhizhen-zhang,Zhizhen Zhang,2024,Hard,180,48,64,72,52,120,53,302,81,65,24,47,140,32,304,15,33,49
z371,zhizhen-zhang,Zhizhen Zhang,2024,Clay,84,26,60,73,52,78,58,167,80,64,29,50,84,44,169,22,37,51
z371,zhizhen-zhang,Zhizhen Zhang,2024,Grass,109,20,66,77,51,32,59,123,89,68,24,44,43,35,122,12,31,50
z371,zhizhen-zhang,Zhizhen Zhang,2024,Carpet,,,,,,,,,,,,,,,,,,
z371,zhizhen-zhang,Zhizhen Zhang,2023,all,213,70,64,72,51,206,58,440,80,65,27,48,213,41,449,19,34,50
z371,zhizhen-zhang,Zhizhen Zhang,2023,Hard,107,29,63,73,50,91,58,204,81,65,26,51,112,38,208,20,35,50
z371,zhizhen-zhang,Zhizhen Zhang,2023,Clay,83,36,64,71,55,94,57,203,80,65,27,46,89,44,208,19,34,50
z371,zhizhen-zhang,Zhizhen Zhang,2023,Grass,23,5,66,70,38,21,62,33,76,59,28,44,12,50,33,18,34,48
z371,zhizhen-zhang,Zhizhen Zhang,2023,Carpet,,,,,,,,,,,,,,,,,,
bv24,raul-brancaccio,Raul Brancaccio,all,all,1,6,57,63,59,6,50,10,70,61,29,40,6,33,11,18,31,46
bv24,raul-brancaccio,Raul Brancaccio,all,Hard,,,,,,,,,,,,,,,,,,
bv24,raul-brancaccio,Raul Brancaccio,all,Clay,1,6,57,63,59,6,50,10,70,61,29,40,6,33,11,18,31,46
bv24,raul-brancaccio,Raul Brancaccio,all,Grass,,,,,,,,,,,,,,,,,,
bv24,raul-brancaccio,Raul Brancaccio,all,Carpet,,,,,,,,,,,,,,,,,,
bv24,raul-brancaccio,Raul Brancaccio,2026,all,,,,,,,,,,,,,,,,,,
bv24,raul-brancaccio,Raul Brancaccio,2026,Hard,,,,,,,,,,,,,,,,,,
bv24,raul-brancaccio,Raul Brancaccio,2026,Clay,,,,,,,,,,,,,,,,,,
bv24,raul-brancaccio,Raul Brancaccio,2026,Grass,,,,,,,,,,,,,,,,,,
bv24,raul-brancaccio,Raul Brancaccio,2026,Carpet,,,,,,,,,,,,,,,,,,
bv24,raul-brancaccio,Raul Brancaccio,2025,all,,,,,,,,,,,,,,,,,,
bv24,raul-brancaccio,Raul Brancaccio,2025,Hard,,,,,,,,,,,,,,,,,,
bv24,raul-brancaccio,Raul Brancaccio,2025,Clay,,,,,,,,,,,,,,,,,,
bv24,raul-brancaccio,Raul Brancaccio,2025,Grass,,,,,,,,,,,,,,,,,,
bv24,raul-brancaccio,Raul Brancaccio,2025,Carpet,,,,,,,,,,,,,,,,,,
bv24,raul-brancaccio,Raul Brancaccio,2024,all,,,,,,,,,,,,,,,,,,
bv24,raul-brancaccio,Raul Brancaccio,2024,Hard,,,,,,,,,,,,,,,,,,
bv24,raul-brancaccio,Raul Brancaccio,2024,Clay,,,,,,,,,,,,,,,,,,
bv24,raul-brancaccio,Raul Brancaccio,2024,Grass,,,,,,,,,,,,,,,,,,
bv24,raul-brancaccio,Raul Brancaccio,2024,Carpet,,,,,,,,,,,,,,,,,,
bv24,raul-brancaccio,Raul Brancaccio,2023,all,,,,,,,,,,,,,,,,,,
bv24,raul-brancaccio,Raul Brancaccio,2023,Hard,,,,,,,,,,,,,,,,,,
bv24,raul-brancaccio,Raul Brancaccio,2023,Clay,,,,,,,,,,,,,,,,,,
bv24,raul-brancaccio,Raul Brancaccio,2023,Grass,,,,,,,,,,,,,,,,,,
bv24,raul-brancaccio,Raul Brancaccio,2023,Carpet,,,,,,,,,,,,,,,,,,
bv21,charles-broom,Charles Broom,all,all,8,6,69,61,48,27,63,28,64,57,27,49,14,29,28,14,36,47
bv21,charles-broom,Charles Broom,all,Hard,,,,,,,,,,,,,,,,,,
bv21,charles-broom,Charles Broom,all,Clay,,,,,,,,,,,,,,,,,,
bv21,charles-broom,Charles Broom,all,Grass,8,6,69,61,48,27,63,28,64,57,27,49,14,29,28,14,36,47
bv21,charles-broom,Charles Broom,all,Carpet,,,,,,,,,,,,,,,,,,
bv21,charles-broom,Charles Broom,2026,all,,,,,,,,,,,,,,,,,,
bv21,charles-broom,Charles Broom,2026,Hard,,,,,,,,,,,,,,,,,,
bv21,charles-broom,Charles Broom,2026,Clay,,,,,,,,,,,,,,,,,,
bv21,charles-broom,Charles Broom,2026,Grass,,,,,,,,,,,,,,,,,,
bv21,charles-broom,Charles Broom,2026,Carpet,,,,,,,,,,,,,,,,,,
bv21,charles-broom,Charles Broom,2025,all,,,,,,,,,,,,,,,,,,
bv21,charles-broom,Charles Broom,2025,Hard,,,,,,,,,,,,,,,,,,
bv21,charles-broom,Charles Broom,2025,Clay,,,,,,,,,,,,,,,,,,
bv21,charles-broom,Charles Broom,2025,Grass,,,,,,,,,,,,,,,,,,
bv21,charles-broom,Charles Broom,2025,Carpet,,,,,,,,,,,,,,,,,,
bv21,charles-broom,Charles Broom,2024,all,8,6,69,61,48,27,63,28,64,57,27,49,14,29,28,14,36,47
bv21,charles-broom,Charles Broom,2024,Hard,,,,,,,,,,,,,,,,,,
bv21,charles-broom,Charles Broom,2024,Clay,,,,,,,,,,,,,,,,,,
bv21,charles-broom,Charles Broom,2024,Grass,8,6,69,61,48,27,63,28,64,57,27,49,14,29,28,14,36,47
bv21,charles-broom,Charles Broom,2024,Carpet,,,,,,,,,,,,,,,,,,
bv21,charles-broom,Charles Broom,2023,all,,,,,,,,,,,,,,,,,,
bv21,charles-broom,Charles Broom,2023,Hard,,,,,,,,,,,,,,,,,,
bv21,charles-broom,Charles Broom,2023,Clay,,,,,,,,,,,,,,,,,,
bv21,charles-broom,Charles Broom,2023,Grass,,,,,,,,,,,,,,,,,,
bv21,charles-broom,Charles Broom,2023,Carpet,,,,,,,,,,,,,,,,,,
m0ht,alejandro-moro-canas,Alejandro Moro Canas,all,all,10,7,71,64,45,37,68,45,73,59,21,40,11,55,45,13,28,46
m0ht,alejandro-moro-canas,Alejandro Moro Canas,all,Hard,2,3,62,65,40,9,67,10,70,55,18,31,2,50,10,10,22,42
m0ht,alejandro-moro-canas,Alejandro Moro Canas,all,Clay,7,3,76,58,43,18,61,18,61,55,30,44,6,83,18,28,36,47
m0ht,alejandro-moro-canas,Alejandro Moro Canas,all,Grass,1,1,71,71,50,10,80,17,88,65,15,40,3,0,17,0,24,47
m0ht,alejandro-moro-canas,Alejandro Moro Canas,all,Carpet,,,,,,,,,,,,,,,,,,
m0ht,alejandro-moro-canas,Alejandro Moro Canas,2026,all,,,,,,,,,,,,,,,,,,
m0ht,alejandro-moro-canas,Alejandro Moro Canas,2026,Hard,,,,,,,,,,,,,,,,,,
m0ht,alejandro-moro-canas,Alejandro Moro Canas,2026,Clay,,,,,,,,,,,,,,,,,,
m0ht,alejandro-moro-canas,Alejandro Moro Canas,2026,Grass,,,,,,,,,,,,,,,,,,
m0ht,alejandro-moro-canas,Alejandro Moro Canas,2026,Carpet,,,,,,,,,,,,,,,,,,
m0ht,alejandro-moro-canas,Alejandro Moro Canas,2025,all,2,3,62,65,40,9,67,10,70,55,18,31,2,50,10,10,22,42
m0ht,alejandro-moro-canas,Alejandro Moro Canas,2025,Hard,2,3,62,65,40,9,67,10,70,55,18,31,2,50,10,10,22,42
m0ht,alejandro-moro-canas,Alejandro Moro Canas,2025,Clay,,,,,,,,,,,,,,,,,,
m0ht,alejandro-moro-canas,Alejandro Moro Canas,2025,Grass,,,,,,,,,,,,,,,,,,
m0ht,alejandro-moro-canas,Alejandro Moro Canas,2025,Carpet,,,,,,,,,,,,,,,,,,
m0ht,alejandro-moro-canas,Alejandro Moro Canas,2024,all,8,4,73,64,47,28,68,35,74,60,21,42,9,56,35,14,30,47
m0ht,alejandro-moro-canas,Alejandro Moro Canas,2024,Hard,,,,,,,,,,,,,,,,,,
m0ht,alejandro-moro-canas,Alejandro Moro Canas,2024,Clay,7,3,76,58,43,18,61,18,61,55,30,44,6,83,18,28,36,47
m0ht,alejandro-moro-canas,Alejandro Moro Canas,2024,Grass,1,1,71,71,50,10,80,17,88,65,15,40,3,0,17,0,24,47
m0ht,alejandro-moro-canas,Alejandro Moro Canas,2024,Carpet,,,,,,,,,,,,,,,,,,
m0ht,alejandro-moro-canas,Alejandro Moro Canas,2023,all,,,,,,,,,,,,,,,,,,
m0ht,alejandro-moro-canas,Alejandro Moro Canas,2023,Hard,,,,,,,,,,,,,,,,,,
m0ht,alejandro-moro-canas,Alejandro Moro Canas,2023,Clay,,,,,,,,,,,,,,,,,,
m0ht,alejandro-moro-canas,Alejandro Moro Canas,2023,Grass,,,,,,,,,,,,,,,,,,
m0ht,alejandro-moro-canas,Alejandro Moro Canas,2023,Carpet,,,,,,,,,,,,,,,,,,
u120,kaichi-uchida,Kaichi Uchida,all,all,18,11,53,69,54,26,65,44,80,62,22,53,17,24,43,9,33,47
u120,kaichi-uchida,Kaichi Uchida,all,Hard,18,11,53,69,54,26,65,44,80,62,22,53,17,24,43,9,33,47
u120,kaichi-uchida,Kaichi Uchida,all,Clay,,,,,,,,,,,,,,,,,,
u120,kaichi-uchida,Kaichi Uchida,all,Grass,0,0,0,0,0,0,0,0,0,0,0,0,0,0,0,0,0,0
u120,kaichi-uchida,Kaichi Uchida,all,Carpet,,,,,,,,,,,,,,,,,,
u120,kaichi-uchida,Kaichi Uchida,2026,all,,,,,,,,,,,,,,,,,,
u120,kaichi-uchida,Kaichi Uchida,2026,Hard,,,,,,,,,,,,,,,,,,
u120,kaichi-uchida,Kaichi Uchida,2026,Clay,,,,,,,,,,,,,,,,,,
u120,kaichi-uchida,Kaichi Uchida,2026,Grass,,,,,,,,,,,,,,,,,,
u120,kaichi-uchida,Kaichi Uchida,2026,Carpet,,,,,,,,,,,,,,,,,,
u120,kaichi-uchida,Kaichi Uchida,2025,all,,,,,,,,,,,,,,,,,,
u120,kaichi-uchida,Kaichi Uchida,2025,Hard,,,,,,,,,,,,,,,,,,
u120,kaichi-uchida,Kaichi Uchida,2025,Clay,,,,,,,,,,,,,,,,,,
u120,kaichi-uchida,Kaichi Uchida,2025,Grass,,,,,,,,,,,,,,,,,,
u120,kaichi-uchida,Kaichi Uchida,2025,Carpet,,,,,,,,,,,,,,,,,,
u120,kaichi-uchida,Kaichi Uchida,2024,all,,,,,,,,,,,,,,,,,,
u120,kaichi-uchida,Kaichi Uchida,2024,Hard,,,,,,,,,,,,,,,,,,
u120,kaichi-uchida,Kaichi Uchida,2024,Clay,,,,,,,,,,,,,,,,,,
u120,kaichi-uchida,Kaichi Uchida,2024,Grass,,,,,,,,,,,,,,,,,,
u120,kaichi-uchida,Kaichi Uchida,2024,Carpet,,,,,,,,,,,,,,,,,,
u120,kaichi-uchida,Kaichi Uchida,2023,all,0,0,0,0,0,0,0,0,0,0,0,0,0,0,0,0,0,0
u120,kaichi-uchida,Kaichi Uchida,2023,Hard,0,0,0,0,0,0,0,0,0,0,0,0,0,0,0,0,0,0
u120,kaichi-uchida,Kaichi Uchida,2023,Clay,,,,,,,,,,,,,,,,,,
u120,kaichi-uchida,Kaichi Uchida,2023,Grass,,,,,,,,,,,,,,,,,,
u120,kaichi-uchida,Kaichi Uchida,2023,Carpet,,,,,,,,,,,,,,,,,,
s0gz,nikolas-sanchez-izquierdo,Nikolas Sanchez Izquierdo,all,all,2,4,64,62,28,10,40,12,50,49,33,59,11,36,11,36,44,47
s0gz,nikolas-sanchez-izquierdo,Nikolas Sanchez Izquierdo,all,Hard,,,,,,,,,,,,,,,,,,
s0gz,nikolas-sanchez-izquierdo,Nikolas Sanchez Izquierdo,all,Clay,2,4,64,62,28,10,40,12,50,49,33,59,11,36,11,36,44,47
s0gz,nikolas-sanchez-izquierdo,Nikolas Sanchez Izquierdo,all,Grass,,,,,,,,,,,,,,,,,,
s0gz,nikolas-sanchez-izquierdo,Nikolas Sanchez Izquierdo,all,Carpet,,,,,,,,,,,,,,,,,,
s0gz,nikolas-sanchez-izquierdo,Nikolas Sanchez Izquierdo,2026,all,,,,,,,,,,,,,,,,,,
s0gz,nikolas-sanchez-izquierdo,Nikolas Sanchez Izquierdo,2026,Hard,,,,,,,,,,,,,,,,,,
s0gz,nikolas-sanchez-izquierdo,Nikolas Sanchez Izquierdo,2026,Clay,,,,,,,,,,,,,,,,,,
s0gz,nikolas-sanchez-izquierdo,Nikolas Sanchez Izquierdo,2026,Grass,,,,,,,,,,,,,,,,,,
s0gz,nikolas-sanchez-izquierdo,Nikolas Sanchez Izquierdo,2026,Carpet,,,,,,,,,,,,,,,,,,
s0gz,nikolas-sanchez-izquierdo,Nikolas Sanchez Izquierdo,2025,all,,,,,,,,,,,,,,,,,,
s0gz,nikolas-sanchez-izquierdo,Nikolas Sanchez Izquierdo,2025,Hard,,,,,,,,,,,,,,,,,,
s0gz,nikolas-sanchez-izquierdo,Nikolas Sanchez Izquierdo,2025,Clay,,,,,,,,,,,,,,,,,,
s0gz,nikolas-sanchez-izquierdo,Nikolas Sanchez Izquierdo,2025,Grass,,,,,,,,,,,,,,,,,,
s0gz,nikolas-sanchez-izquierdo,Nikolas Sanchez Izquierdo,2025,Carpet,,,,,,,,,,,,,,,,,,
s0gz,nikolas-sanchez-izquierdo,Nikolas Sanchez Izquierdo,2024,all,2,4,64,62,28,10,40,12,50,49,33,59,11,36,11,36,44,47
s0gz,nikolas-sanchez-izquierdo,Nikolas Sanchez Izquierdo,2024,Hard,,,,,,,,,,,,,,,,,,
s0gz,nikolas-sanchez-izquierdo,Nikolas Sanchez Izquierdo,2024,Clay,2,4,64,62,28,10,40,12,50,49,33,59,11,36,11,36,44,47
s0gz,nikolas-sanchez-izquierdo,Nikolas Sanchez Izquierdo,2024,Grass,,,,,,,,,,,,,,,,,,
s0gz,nikolas-sanchez-izquierdo,Nikolas Sanchez Izquierdo,2024,Carpet,,,,,,,,,,,,,,,,,,
s0gz,nikolas-sanchez-izquierdo,Nikolas Sanchez Izquierdo,2023,all,,,,,,,,,,,,,,,,,,
s0gz,nikolas-sanchez-izquierdo,Nikolas Sanchez Izquierdo,2023,Hard,,,,,,,,,,,,,,,,,,
s0gz,nikolas-sanchez-izquierdo,Nikolas Sanchez Izquierdo,2023,Clay,,,,,,,,,,,,,,,,,,
s0gz,nikolas-sanchez-izquierdo,Nikolas Sanchez Izquierdo,2023,Grass,,,,,,,,,,,,,,,,,,
s0gz,nikolas-sanchez-izquierdo,Nikolas Sanchez Izquierdo,2023,Carpet,,,,,,,,,,,,,,,,,,
s0o6,ilia-simakin,Ilia Simakin,all,all,,,,,,,,,,,,,,,,,,
s0o6,ilia-simakin,Ilia Simakin,all,Hard,,,,,,,,,,,,,,,,,,
s0o6,ilia-simakin,Ilia Simakin,all,Clay,,,,,,,,,,,,,,,,,,
s0o6,ilia-simakin,Ilia Simakin,all,Grass,,,,,,,,,,,,,,,,,,
s0o6,ilia-simakin,Ilia Simakin,all,Carpet,,,,,,,,,,,,,,,,,,
s0o6,ilia-simakin,Ilia Simakin,2026,all,,,,,,,,,,,,,,,,,,
s0o6,ilia-simakin,Ilia Simakin,2026,Hard,,,,,,,,,,,,,,,,,,
s0o6,ilia-simakin,Ilia Simakin,2026,Clay,,,,,,,,,,,,,,,,,,
s0o6,ilia-simakin,Ilia Simakin,2026,Grass,,,,,,,,,,,,,,,,,,
s0o6,ilia-simakin,Ilia Simakin,2026,Carpet,,,,,,,,,,,,,,,,,,
s0o6,ilia-simakin,Ilia Simakin,2025,all,,,,,,,,,,,,,,,,,,
s0o6,ilia-simakin,Ilia Simakin,2025,Hard,,,,,,,,,,,,,,,,,,
s0o6,ilia-simakin,Ilia Simakin,2025,Clay,,,,,,,,,,,,,,,,,,
s0o6,ilia-simakin,Ilia Simakin,2025,Grass,,,,,,,,,,,,,,,,,,
s0o6,ilia-simakin,Ilia Simakin,2025,Carpet,,,,,,,,,,,,,,,,,,
s0o6,ilia-simakin,Ilia Simakin,2024,all,,,,,,,,,,,,,,,,,,
s0o6,ilia-simakin,Ilia Simakin,2024,Hard,,,,,,,,,,,,,,,,,,
s0o6,ilia-simakin,Ilia Simakin,2024,Clay,,,,,,,,,,,,,,,,,,
s0o6,ilia-simakin,Ilia Simakin,2024,Grass,,,,,,,,,,,,,,,,,,
s0o6,ilia-simakin,Ilia Simakin,2024,Carpet,,,,,,,,,,,,,,,,,,
s0o6,ilia-simakin,Ilia Simakin,2023,all,,,,,,,,,,,,,,,,,,
s0o6,ilia-simakin,Ilia Simakin,2023,Hard,,,,,,,,,,,,,,,,,,
s0o6,ilia-simakin,Ilia Simakin,2023,Clay,,,,,,,,,,,,,,,,,,
s0o6,ilia-simakin,Ilia Simakin,2023,Grass,,,,,,,,,,,,,,,,,,
s0o6,ilia-simakin,Ilia Simakin,2023,Carpet,,,,,,,,,,,,,,,,,,
n679,stefano-napolitano,Stefano Napolitano,all,all,67,23,60,69,55,76,64,141,81,63,27,51,79,35,139,20,36,50
n679,stefano-napolitano,Stefano Napolitano,all,Hard,9,4,65,67,55,12,83,12,83,63,18,35,3,0,12,0,24,46
n679,stefano-napolitano,Stefano Napolitano,all,Clay,47,18,58,69,56,58,64,114,82,64,27,53,66,38,113,22,37,50
n679,stefano-napolitano,Stefano Napolitano,all,Grass,11,1,69,68,47,6,33,15,73,61,32,53,10,30,14,21,41,51
n679,stefano-napolitano,Stefano Napolitano,all,Carpet,,,,,,,,,,,,,,,,,,
n679,stefano-napolitano,Stefano Napolitano,2026,all,,,,,,,,,,,,,,,,,,
n679,stefano-napolitano,Stefano Napolitano,2026,Hard,,,,,,,,,,,,,,,,,,
n679,stefano-napolitano,Stefano Napolitano,2026,Clay,,,,,,,,,,,,,,,,,,
n679,stefano-napolitano,Stefano Napolitano,2026,Grass,,,,,,,,,,,,,,,,,,
n679,stefano-napolitano,Stefano Napolitano,2026,Carpet,,,,,,,,,,,,,,,,,,
n679,stefano-napolitano,Stefano Napolitano,2025,all,,,,,,,,,,,,,,,,,,
n679,stefano-napolitano,Stefano Napolitano,2025,Hard,,,,,,,,,,,,,,,,,,
n679,stefano-napolitano,Stefano Napolitano,2025,Clay,,,,,,,,,,,,,,,,,,
n679,stefano-napolitano,Stefano Napolitano,2025,Grass,,,,,,,,,,,,,,,,,,
n679,stefano-napolitano,Stefano Napolitano,2025,Carpet,,,,,,,,,,,,,,,,,,
n679,stefano-napolitano,Stefano Napolitano,2024,all,34,11,59,71,56,32,66,70,84,65,28,52,37,43,68,24,38,52
n679,stefano-napolitano,Stefano Napolitano,2024,Hard,,,,,,,,,,,,,,,,,,
n679,stefano-napolitano,Stefano Napolitano,2024,Clay,23,10,56,71,58,26,73,55,87,66,26,51,27,48,54,24,37,52
n679,stefano-napolitano,Stefano Napolitano,2024,Grass,11,1,69,68,47,6,33,15,73,61,32,53,10,30,14,21,41,51
n679,stefano-napolitano,Stefano Napolitano,2024,Carpet,,,,,,,,,,,,,,,,,,
n679,stefano-napolitano,Stefano Napolitano,2023,all,19,6,64,68,59,14,71,28,86,64,24,42,10,20,27,7,30,48
n679,stefano-napolitano,Stefano Napolitano,2023,Hard,9,4,65,67,55,12,83,12,83,63,18,35,3,0,12,0,24,46
n679,stefano-napolitano,Stefano Napolitano,2023,Clay,10,2,63,68,62,2,0,16,88,66,28,47,7,29,15,13,35,50
n679,stefano-napolitano,Stefano Napolitano,2023,Grass,,,,,,,,,,,,,,,,,,
n679,stefano-napolitano,Stefano Napolitano,2023,Carpet,,,,,,,,,,,,,,,,,,
sx91,thiago-seyboth-wild,Thiago Seyboth Wild,all,all,490,267,62,70,51,639,62,1101,78,62,28,47,545,37,1097,18,35,49
sx91,thiago-seyboth-wild,Thiago Seyboth Wild,all,Hard,204,83,63,72,48,196,63,356,80,63,25,43,118,37,354,12,31,48
sx91,thiago-seyboth-wild,Thiago Seyboth Wild,all,Clay,251,167,61,68,52,408,62,683,77,62,30,49,394,38,680,22,37,50
sx91,thiago-seyboth-wild,Thiago Seyboth Wild,all,Grass,35,17,63,68,53,35,60,62,77,63,24,47,33,27,63,14,32,47
sx91,thiago-seyboth-wild,Thiago Seyboth Wild,all,Carpet,,,,,,,,,,,,,,,,,,
sx91,thiago-seyboth-wild,Thiago Seyboth Wild,2026,all,8,3,65,59,54,10,70,10,70,57,35,48,7,57,11,36,40,50
sx91,thiago-seyboth-wild,Thiago Seyboth Wild,2026,Hard,,,,,,,,,,,,,,,,,,
sx91,thiago-seyboth-wild,Thiago Seyboth Wild,2026,Clay,8,3,65,59,54,10,70,10,70,57,35,48,7,57,11,36,40,50
sx91,thiago-seyboth-wild,Thiago Seyboth Wild,2026,Grass,,,,,,,,,,,,,,,,,,
sx91,thiago-seyboth-wild,Thiago Seyboth Wild,2026,Carpet,,,,,,,,,,,,,,,,,,
sx91,thiago-seyboth-wild,Thiago Seyboth Wild,2025,all,82,37,64,72,47,100,63,179,79,63,29,46,92,34,181,17,35,49
sx91,thiago-seyboth-wild,Thiago Seyboth Wild,2025,Hard,47,18,65,77,39,45,71,63,79,64,29,36,22,27,65,9,31,48
sx91,thiago-seyboth-wild,Thiago Seyboth Wild,2025,Clay,35,19,64,69,51,55,56,116,79,62,29,51,70,36,116,22,37,50
sx91,thiago-seyboth-wild,Thiago Seyboth Wild,2025,Grass,,,,,,,,,,,,,,,,,,
sx91,thiago-seyboth-wild,Thiago Seyboth Wild,2025,Carpet,,,,,,,,,,,,,,,,,,
sx91,thiago-seyboth-wild,Thiago Seyboth Wild,2024,all,242,132,63,69,50,330,64,536,78,62,27,47,231,42,529,18,34,49
sx91,thiago-seyboth-wild,Thiago Seyboth Wild,2024,Hard,128,51,64,71,50,127,65,236,81,64,24,44,66,50,230,14,31,49
sx91,thiago-seyboth-wild,Thiago Seyboth Wild,2024,Clay,79,64,62,67,48,168,64,238,74,60,30,50,132,42,236,23,37,49
sx91,thiago-seyboth-wild,Thiago Seyboth Wild,2024,Grass,35,17,63,68,53,35,60,62,77,63,24,47,33,27,63,14,32,47
sx91,thiago-seyboth-wild,Thiago Seyboth Wild,2024,Carpet,,,,,,,,,,,,,,,,,,
sx91,thiago-seyboth-wild,Thiago Seyboth Wild,2023,all,56,39,61,69,55,62,60,133,81,64,30,48,71,34,132,18,36,50
sx91,thiago-seyboth-wild,Thiago Seyboth Wild,2023,Hard,23,10,66,72,48,10,40,34,82,64,21,51,23,17,36,11,32,47
sx91,thiago-seyboth-wild,Thiago Seyboth Wild,2023,Clay,33,29,59,68,57,52,63,99,81,64,34,46,48,42,96,21,38,51
sx91,thiago-seyboth-wild,Thiago Seyboth Wild,2023,Grass,,,,,,,,,,,,,,,,,,
sx91,thiago-seyboth-wild,Thiago Seyboth Wild,2023,Carpet,,,,,,,,,,,,,,,,,,
g0a0,andrea-guerrieri,Andrea Guerrieri,all,all,,,,,,,,,,,,,,,,,,
g0a0,andrea-guerrieri,Andrea Guerrieri,all,Hard,,,,,,,,,,,,,,,,,,
g0a0,andrea-guerrieri,Andrea Guerrieri,all,Clay,,,,,,,,,,,,,,,,,,
g0a0,andrea-guerrieri,Andrea Guerrieri,all,Grass,,,,,,,,,,,,,,,,,,
g0a0,andrea-guerrieri,Andrea Guerrieri,all,Carpet,,,,,,,,,,,,,,,,,,
g0a0,andrea-guerrieri,Andrea Guerrieri,2026,all,,,,,,,,,,,,,,,,,,
g0a0,andrea-guerrieri,Andrea Guerrieri,2026,Hard,,,,,,,,,,,,,,,,,,
g0a0,andrea-guerrieri,Andrea Guerrieri,2026,Clay,,,,,,,,,,,,,,,,,,
g0a0,andrea-guerrieri,Andrea Guerrieri,2026,Grass,,,,,,,,,,,,,,,,,,
g0a0,andrea-guerrieri,Andrea Guerrieri,2026,Carpet,,,,,,,,,,,,,,,,,,
g0a0,andrea-guerrieri,Andrea Guerrieri,2025,all,,,,,,,,,,,,,,,,,,
g0a0,andrea-guerrieri,Andrea Guerrieri,2025,Hard,,,,,,,,,,,,,,,,,,
g0a0,andrea-guerrieri,Andrea Guerrieri,2025,Clay,,,,,,,,,,,,,,,,,,
g0a0,andrea-guerrieri,Andrea Guerrieri,2025,Grass,,,,,,,,,,,,,,,,,,
g0a0,andrea-guerrieri,Andrea Guerrieri,2025,Carpet,,,,,,,,,,,,,,,,,,
g0a0,andrea-guerrieri,Andrea Guerrieri,2024,all,,,,,,,,,,,,,,,,,,
g0a0,andrea-guerrieri,Andrea Guerrieri,2024,Hard,,,,,,,,,,,,,,,,,,
g0a0,andrea-guerrieri,Andrea Guerrieri,2024,Clay,,,,,,,,,,,,,,,,,,
g0a0,andrea-guerrieri,Andrea Guerrieri,2024,Grass,,,,,,,,,,,,,,,,,,
g0a0,andrea-guerrieri,Andrea Guerrieri,2024,Carpet,,,,,,,,,,,,,,,,,,
g0a0,andrea-guerrieri,Andrea Guerrieri,2023,all,,,,,,,,,,,,,,,,,,
g0a0,andrea-guerrieri,Andrea Guerrieri,2023,Hard,,,,,,,,,,,,,,,,,,
g0a0,andrea-guerrieri,Andrea Guerrieri,2023,Clay,,,,,,,,,,,,,,,,,,
g0a0,andrea-guerrieri,Andrea Guerrieri,2023,Grass,,,,,,,,,,,,,,,,,,
g0a0,andrea-guerrieri,Andrea Guerrieri,2023,Carpet,,,,,,,,,,,,,,,,,,
gb88,david-goffin,David Goffin,all,all,3120,2036,58,71,50,4200,59,7213,76,62,31,52,4825,41,7306,27,39,51
gb88,david-goffin,David Goffin,all,Hard,2110,1350,58,71,49,2592,59,4480,76,62,30,53,2951,40,4529,26,39,51
gb88,david-goffin,David Goffin,all,Clay,634,464,58,69,51,1194,59,1917,75,61,34,52,1387,42,1956,30,41,51
gb88,david-goffin,David Goffin,all,Grass,376,222,59,73,53,414,61,816,80,65,30,51,487,40,821,24,38,51
gb88,david-goffin,David Goffin,all,Carpet,,,,,,,,,,,,,,,,,,
gb88,david-goffin,David Goffin,2026,all,,,,,,,,,,,,,,,,,,
gb88,david-goffin,David Goffin,2026,Hard,,,,,,,,,,,,,,,,,,
gb88,david-goffin,David Goffin,2026,Clay,,,,,,,,,,,,,,,,,,
gb88,david-goffin,David Goffin,2026,Grass,,,,,,,,,,,,,,,,,,
gb88,david-goffin,David Goffin,2026,Carpet,,,,,,,,,,,,,,,,,,
gb88,david-goffin,David Goffin,2025,all,170,110,55,70,48,240,53,367,69,60,29,49,235,35,374,22,37,48
gb88,david-goffin,David Goffin,2025,Hard,144,86,54,70,48,176,51,285,69,60,28,50,178,35,291,22,37,48
gb88,david-goffin,David Goffin,2025,Clay,23,19,57,70,49,53,62,71,72,61,35,50,55,35,71,27,41,50
gb88,david-goffin,David Goffin,2025,Grass,3,5,49,65,34,11,45,11,45,49,18,26,2,0,12,0,22,35
gb88,david-goffin,David Goffin,2025,Carpet,,,,,,,,,,,,,,,,,,
gb88,david-goffin,David Goffin,2024,all,164,107,59,69,47,259,59,399,73,60,31,51,269,39,405,26,39,50
gb88,david-goffin,David Goffin,2024,Hard,121,78,61,69,47,192,61,286,74,60,30,52,206,39,287,28,39,50
gb88,david-goffin,David Goffin,2024,Clay,26,19,54,75,50,34,47,78,77,63,29,47,38,34,82,16,35,49
gb88,david-goffin,David Goffin,2024,Grass,17,10,59,63,41,33,58,35,60,54,40,49,25,48,36,33,44,49
gb88,david-goffin,David Goffin,2024,Carpet,,,,,,,,,,,,,,,,,,
gb88,david-goffin,David Goffin,2023,all,99,53,59,69,50,174,59,264,73,61,30,52,176,43,273,27,39,50
gb88,david-goffin,David Goffin,2023,Hard,42,9,61,70,46,64,61,83,70,61,30,56,53,49,88,30,39,50
gb88,david-goffin,David Goffin,2023,Clay,31,27,57,66,51,76,58,113,72,60,29,52,73,40,116,25,38,49
gb88,david-goffin,David Goffin,2023,Grass,26,17,58,72,52,34,56,68,78,64,34,49,50,40,69,29,40,52
gb88,david-goffin,David Goffin,2023,Carpet,,,,,,,,,,,,,,,,,,
l0cf,george-loffhagen,George Loffhagen,all,all,36,17,61,74,42,29,59,48,75,62,28,36,23,30,48,15,31,47
l0cf,george-loffhagen,George Loffhagen,all,Hard,,,,,,,,,,,,,,,,,,
l0cf,george-loffhagen,George Loffhagen,all,Clay,,,,,,,,,,,,,,,,,,
l0cf,george-loffhagen,George Loffhagen,all,Grass,36,17,61,74,42,29,59,48,75,62,28,36,23,30,48,15,31,47
l0cf,george-loffhagen,George Loffhagen,all,Carpet,,,,,,,,,,,,,,,,,,
l0cf,george-loffhagen,George Loffhagen,2026,all,,,,,,,,,,,,,,,,,,
l0cf,george-loffhagen,George Loffhagen,2026,Hard,,,,,,,,,,,,,,,,,,
l0cf,george-loffhagen,George Loffhagen,2026,Clay,,,,,,,,,,,,,,,,,,
l0cf,george-loffhagen,George Loffhagen,2026,Grass,,,,,,,,,,,,,,,,,,
l0cf,george-loffhagen,George Loffhagen,2026,Carpet,,,,,,,,,,,,,,,,,,
l0cf,george-loffhagen,George Loffhagen,2025,all,27,11,59,73,44,18,50,34,74,61,32,39,18,39,33,21,34,48
l0cf,george-loffhagen,George Loffhagen,2025,Hard,,,,,,,,,,,,,,,,,,
l0cf,george-loffhagen,George Loffhagen,2025,Clay,,,,,,,,,,,,,,,,,,
l0cf,george-loffhagen,George Loffhagen,2025,Grass,27,11,59,73,44,18,50,34,74,61,32,39,18,39,33,21,34,48
l0cf,george-loffhagen,George Loffhagen,2025,Carpet,,,,,,,,,,,,,,,,,,
l0cf,george-loffhagen,George Loffhagen,2024,all,,,,,,,,,,,,,,,,,,
l0cf,george-loffhagen,George Loffhagen,2024,Hard,,,,,,,,,,,,,,,,,,
l0cf,george-loffhagen,George Loffhagen,2024,Clay,,,,,,,,,,,,,,,,,,
l0cf,george-loffhagen,George Loffhagen,2024,Grass,,,,,,,,,,,,,,,,,,
l0cf,george-loffhagen,George Loffhagen,2024,Carpet,,,,,,,,,,,,,,,,,,
l0cf,george-loffhagen,George Loffhagen,2023,all,9,6,64,76,38,11,73,14,79,62,19,31,5,0,15,0,23,44
l0cf,george-loffhagen,George Loffhagen,2023,Hard,,,,,,,,,,,,,,,,,,
l0cf,george-loffhagen,George Loffhagen,2023,Clay,,,,,,,,,,,,,,,,,,
l0cf,george-loffhagen,George Loffhagen,2023,Grass,9,6,64,76,38,11,73,14,79,62,19,31,5,0,15,0,23,44
l0cf,george-loffhagen,George Loffhagen,2023,Carpet,,,,,,,,,,,,,,,,,,
t0fi,marko-topo,Marko Topo,all,all,14,26,54,62,42,72,57,73,58,53,28,39,25,36,73,12,33,44
t0fi,marko-topo,Marko Topo,all,Hard,2,3,50,60,52,17,76,13,69,56,23,51,4,50,13,15,35,47
t0fi,marko-topo,Marko Topo,all,Clay,12,23,55,63,39,55,51,60,55,52,29,36,21,33,60,12,32,43
t0fi,marko-topo,Marko Topo,all,Grass,,,,,,,,,,,,,,,,,,
t0fi,marko-topo,Marko Topo,all,Carpet,,,,,,,,,,,,,,,,,,
t0fi,marko-topo,Marko Topo,2026,all,2,4,67,55,27,8,38,8,38,46,41,34,4,50,9,22,38,41
t0fi,marko-topo,Marko Topo,2026,Hard,,,,,,,,,,,,,,,,,,
t0fi,marko-topo,Marko Topo,2026,Clay,2,4,67,55,27,8,38,8,38,46,41,34,4,50,9,22,38,41
t0fi,marko-topo,Marko Topo,2026,Grass,,,,,,,,,,,,,,,,,,
t0fi,marko-topo,Marko Topo,2026,Carpet,,,,,,,,,,,,,,,,,,
t0fi,marko-topo,Marko Topo,2025,all,2,3,50,60,52,17,76,13,69,56,23,51,4,50,13,15,35,47
t0fi,marko-topo,Marko Topo,2025,Hard,2,3,50,60,52,17,76,13,69,56,23,51,4,50,13,15,35,47
t0fi,marko-topo,Marko Topo,2025,Clay,,,,,,,,,,,,,,,,,,
t0fi,marko-topo,Marko Topo,2025,Grass,,,,,,,,,,,,,,,,,,
t0fi,marko-topo,Marko Topo,2025,Carpet,,,,,,,,,,,,,,,,,,
t0fi,marko-topo,Marko Topo,2024,all,1,3,58,60,44,11,55,13,62,53,36,32,4,50,12,17,34,45
t0fi,marko-topo,Marko Topo,2024,Hard,,,,,,,,,,,,,,,,,,
t0fi,marko-topo,Marko Topo,2024,Clay,1,3,58,60,44,11,55,13,62,53,36,32,4,50,12,17,34,45
t0fi,marko-topo,Marko Topo,2024,Grass,,,,,,,,,,,,,,,,,,
t0fi,marko-topo,Marko Topo,2024,Carpet,,,,,,,,,,,,,,,,,,
t0fi,marko-topo,Marko Topo,2023,all,4,2,58,61,40,8,50,9,56,52,20,58,2,50,9,11,37,46
t0fi,marko-topo,Marko Topo,2023,Hard,,,,,,,,,,,,,,,,,,
t0fi,marko-topo,Marko Topo,2023,Clay,4,2,58,61,40,8,50,9,56,52,20,58,2,50,9,11,37,46
t0fi,marko-topo,Marko Topo,2023,Grass,,,,,,,,,,,,,,,,,,
t0fi,marko-topo,Marko Topo,2023,Carpet,,,,,,,,,,,,,,,,,,
kf17,soonwoo-kwon,Soonwoo Kwon,all,all,592,394,60,70,51,874,60,1548,77,62,28,51,873,37,1567,21,37,49
kf17,soonwoo-kwon,Soonwoo Kwon,all,Hard,455,290,60,71,51,619,61,1121,78,63,28,51,630,38,1138,21,37,50
kf17,soonwoo-kwon,Soonwoo Kwon,all,Clay,87,69,59,66,52,172,57,281,74,60,28,53,174,34,281,21,38,49
kf17,soonwoo-kwon,Soonwoo Kwon,all,Grass,50,35,64,70,48,83,59,146,77,62,24,48,69,38,148,18,33,48
kf17,soonwoo-kwon,Soonwoo Kwon,all,Carpet,,,,,,,,,,,,,,,,,,
kf17,soonwoo-kwon,Soonwoo Kwon,2026,all,0,0,0,0,0,0,0,0,0,0,0,0,0,0,0,0,0,0
kf17,soonwoo-kwon,Soonwoo Kwon,2026,Hard,0,0,0,0,0,0,0,0,0,0,0,0,0,0,0,0,0,0
kf17,soonwoo-kwon,Soonwoo Kwon,2026,Clay,,,,,,,,,,,,,,,,,,
kf17,soonwoo-kwon,Soonwoo Kwon,2026,Grass,,,,,,,,,,,,,,,,,,
kf17,soonwoo-kwon,Soonwoo Kwon,2026,Carpet,,,,,,,,,,,,,,,,,,
kf17,soonwoo-kwon,Soonwoo Kwon,2025,all,0,0,0,0,0,0,0,0,0,0,0,0,0,0,0,0,0,0
kf17,soonwoo-kwon,Soonwoo Kwon,2025,Hard,0,0,0,0,0,0,0,0,0,0,0,0,0,0,0,0,0,0
kf17,soonwoo-kwon,Soonwoo Kwon,2025,Clay,,,,,,,,,,,,,,,,,,
kf17,soonwoo-kwon,Soonwoo Kwon,2025,Grass,,,,,,,,,,,,,,,,,,
kf17,soonwoo-kwon,Soonwoo Kwon,2025,Carpet,,,,,,,,,,,,,,,,,,
kf17,soonwoo-kwon,Soonwoo Kwon,2024,all,34,36,60,66,51,76,61,118,75,60,27,46,62,31,117,16,34,48
kf17,soonwoo-kwon,Soonwoo Kwon,2024,Hard,18,25,58,68,48,32,53,56,73,60,22,47,22,32,54,13,31,47
kf17,soonwoo-kwon,Soonwoo Kwon,2024,Clay,14,8,60,65,56,31,65,49,78,61,36,47,40,30,49,24,40,50
kf17,soonwoo-kwon,Soonwoo Kwon,2024,Grass,2,3,62,66,42,13,69,13,69,57,5,38,0,0,14,0,18,40
kf17,soonwoo-kwon,Soonwoo Kwon,2024,Carpet,,,,,,,,,,,,,,,,,,
kf17,soonwoo-kwon,Soonwoo Kwon,2023,all,87,33,59,75,50,83,69,144,82,65,27,53,69,38,151,17,36,50
kf17,soonwoo-kwon,Soonwoo Kwon,2023,Hard,87,33,59,75,50,83,69,144,82,65,27,53,69,38,151,17,36,50
kf17,soonwoo-kwon,Soonwoo Kwon,2023,Clay,,,,,,,,,,,,,,,,,,
kf17,soonwoo-kwon,Soonwoo Kwon,2023,Grass,,,,,,,,,,,,,,,,,,
kf17,soonwoo-kwon,Soonwoo Kwon,2023,Carpet,,,,,,,,,,,,,,,,,,
k09f,pavel-kotov,Pavel Kotov,all,all,297,216,65,69,48,607,62,1008,77,62,28,47,487,41,1020,20,35,49
k09f,pavel-kotov,Pavel Kotov,all,Hard,165,129,64,69,46,358,64,546,76,61,26,47,242,38,556,17,34,48
k09f,pavel-kotov,Pavel Kotov,all,Clay,107,70,66,69,50,213,58,400,78,63,30,49,231,44,404,25,37,50
k09f,pavel-kotov,Pavel Kotov,all,Grass,25,17,64,72,51,36,72,62,84,64,23,40,14,50,60,12,29,48
k09f,pavel-kotov,Pavel Kotov,all,Carpet,,,,,,,,,,,,,,,,,,
k09f,pavel-kotov,Pavel Kotov,2026,all,,,,,,,,,,,,,,,,,,
k09f,pavel-kotov,Pavel Kotov,2026,Hard,,,,,,,,,,,,,,,,,,
k09f,pavel-kotov,Pavel Kotov,2026,Clay,,,,,,,,,,,,,,,,,,
k09f,pavel-kotov,Pavel Kotov,2026,Grass,,,,,,,,,,,,,,,,,,
k09f,pavel-kotov,Pavel Kotov,2026,Carpet,,,,,,,,,,,,,,,,,,
k09f,pavel-kotov,Pavel Kotov,2025,all,12,9,59,68,37,17,47,23,61,55,21,30,4,25,23,4,25,41
k09f,pavel-kotov,Pavel Kotov,2025,Hard,9,7,50,69,36,10,40,13,54,52,23,23,2,0,13,0,23,39
k09f,pavel-kotov,Pavel Kotov,2025,Clay,3,2,72,67,39,7,57,10,70,59,19,38,2,50,10,10,27,44
k09f,pavel-kotov,Pavel Kotov,2025,Grass,,,,,,,,,,,,,,,,,,
k09f,pavel-kotov,Pavel Kotov,2025,Carpet,,,,,,,,,,,,,,,,,,
k09f,pavel-kotov,Pavel Kotov,2024,all,159,109,66,70,48,321,65,529,79,63,28,48,263,41,534,20,35,49
k09f,pavel-kotov,Pavel Kotov,2024,Hard,82,61,65,71,44,172,66,256,77,61,26,48,126,37,264,17,34,48
k09f,pavel-kotov,Pavel Kotov,2024,Clay,66,44,66,70,51,131,63,246,80,63,30,49,134,44,243,24,37,51
k09f,pavel-kotov,Pavel Kotov,2024,Grass,11,4,68,68,59,18,78,27,85,65,20,43,3,100,27,11,28,48
k09f,pavel-kotov,Pavel Kotov,2024,Carpet,,,,,,,,,,,,,,,,,,
k09f,pavel-kotov,Pavel Kotov,2023,all,103,74,66,70,50,188,62,350,80,63,28,48,160,43,353,19,35,49
k09f,pavel-kotov,Pavel Kotov,2023,Hard,58,46,67,70,51,119,65,212,80,63,26,48,82,43,212,17,35,49
k09f,pavel-kotov,Pavel Kotov,2023,Clay,31,15,68,69,50,51,55,103,78,63,31,50,67,43,108,27,39,50
k09f,pavel-kotov,Pavel Kotov,2023,Grass,14,13,61,75,46,18,67,35,83,64,25,38,11,36,33,12,30,48
k09f,pavel-kotov,Pavel Kotov,2023,Carpet,,,,,,,,,,,,,,,,,,
b0bu,florent-bax,Florent Bax,all,all,,,,,,,,,,,,,,,,,,
b0bu,florent-bax,Florent Bax,all,Hard,,,,,,,,,,,,,,,,,,
b0bu,florent-bax,Florent Bax,all,Clay,,,,,,,,,,,,,,,,,,
b0bu,florent-bax,Florent Bax,all,Grass,,,,,,,,,,,,,,,,,,
b0bu,florent-bax,Florent Bax,all,Carpet,,,,,,,,,,,,,,,,,,
b0bu,florent-bax,Florent Bax,2026,all,,,,,,,,,,,,,,,,,,
b0bu,florent-bax,Florent Bax,2026,Hard,,,,,,,,,,,,,,,,,,
b0bu,florent-bax,Florent Bax,2026,Clay,,,,,,,,,,,,,,,,,,
b0bu,florent-bax,Florent Bax,2026,Grass,,,,,,,,,,,,,,,,,,
b0bu,florent-bax,Florent Bax,2026,Carpet,,,,,,,,,,,,,,,,,,
b0bu,florent-bax,Florent Bax,2025,all,,,,,,,,,,,,,,,,,,
b0bu,florent-bax,Florent Bax,2025,Hard,,,,,,,,,,,,,,,,,,
b0bu,florent-bax,Florent Bax,2025,Clay,,,,,,,,,,,,,,,,,,
b0bu,florent-bax,Florent Bax,2025,Grass,,,,,,,,,,,,,,,,,,
b0bu,florent-bax,Florent Bax,2025,Carpet,,,,,,,,,,,,,,,,,,
b0bu,florent-bax,Florent Bax,2024,all,,,,,,,,,,,,,,,,,,
b0bu,florent-bax,Florent Bax,2024,Hard,,,,,,,,,,,,,,,,,,
b0bu,florent-bax,Florent Bax,2024,Clay,,,,,,,,,,,,,,,,,,
b0bu,florent-bax,Florent Bax,2024,Grass,,,,,,,,,,,,,,,,,,
b0bu,florent-bax,Florent Bax,2024,Carpet,,,,,,,,,,,,,,,,,,
b0bu,florent-bax,Florent Bax,2023,all,,,,,,,,,,,,,,,,,,
b0bu,florent-bax,Florent Bax,2023,Hard,,,,,,,,,,,,,,,,,,
b0bu,florent-bax,Florent Bax,2023,Clay,,,,,,,,,,,,,,,,,,
b0bu,florent-bax,Florent Bax,2023,Grass,,,,,,,,,,,,,,,,,,
b0bu,florent-bax,Florent Bax,2023,Carpet,,,,,,,,,,,,,,,,,,
p0j1,rodrigo-pacheco-mendez,Rodrigo Pacheco Mendez,all,all,23,20,67,62,46,60,43,90,62,57,24,49,31,35,88,13,34,46
p0j1,rodrigo-pacheco-mendez,Rodrigo Pacheco Mendez,all,Hard,23,20,67,62,46,60,43,90,62,57,24,49,31,35,88,13,34,46
p0j1,rodrigo-pacheco-mendez,Rodrigo Pacheco Mendez,all,Clay,0,0,0,0,0,0,0,0,0,0,0,0,0,0,0,0,0,0
p0j1,rodrigo-pacheco-mendez,Rodrigo Pacheco Mendez,all,Grass,,,,,,,,,,,,,,,,,,
p0j1,rodrigo-pacheco-mendez,Rodrigo Pacheco Mendez,all,Carpet,,,,,,,,,,,,,,,,,,
p0j1,rodrigo-pacheco-mendez,Rodrigo Pacheco Mendez,2026,all,5,1,68,67,56,9,67,12,75,63,14,48,5,60,12,25,32,47
p0j1,rodrigo-pacheco-mendez,Rodrigo Pacheco Mendez,2026,Hard,5,1,68,67,56,9,67,12,75,63,14,48,5,60,12,25,32,47
p0j1,rodrigo-pacheco-mendez,Rodrigo Pacheco Mendez,2026,Clay,,,,,,,,,,,,,,,,,,
p0j1,rodrigo-pacheco-mendez,Rodrigo Pacheco Mendez,2026,Grass,,,,,,,,,,,,,,,,,,
p0j1,rodrigo-pacheco-mendez,Rodrigo Pacheco Mendez,2026,Carpet,,,,,,,,,,,,,,,,,,
p0j1,rodrigo-pacheco-mendez,Rodrigo Pacheco Mendez,2025,all,15,6,68,69,44,20,50,35,71,61,26,52,15,27,35,11,36,48
p0j1,rodrigo-pacheco-mendez,Rodrigo Pacheco Mendez,2025,Hard,15,6,68,69,44,20,50,35,71,61,26,52,15,27,35,11,36,48
p0j1,rodrigo-pacheco-mendez,Rodrigo Pacheco Mendez,2025,Clay,,,,,,,,,,,,,,,,,,
p0j1,rodrigo-pacheco-mendez,Rodrigo Pacheco Mendez,2025,Grass,,,,,,,,,,,,,,,,,,
p0j1,rodrigo-pacheco-mendez,Rodrigo Pacheco Mendez,2025,Carpet,,,,,,,,,,,,,,,,,,
p0j1,rodrigo-pacheco-mendez,Rodrigo Pacheco Mendez,2024,all,3,8,60,60,46,10,20,20,60,54,28,54,7,57,20,20,39,46
p0j1,rodrigo-pacheco-mendez,Rodrigo Pacheco Mendez,2024,Hard,3,8,60,60,46,10,20,20,60,54,28,54,7,57,20,20,39,46
p0j1,rodrigo-pacheco-mendez,Rodrigo Pacheco Mendez,2024,Clay,0,0,0,0,0,0,0,0,0,0,0,0,0,0,0,0,0,0
p0j1,rodrigo-pacheco-mendez,Rodrigo Pacheco Mendez,2024,Grass,,,,,,,,,,,,,,,,,,
p0j1,rodrigo-pacheco-mendez,Rodrigo Pacheco Mendez,2024,Carpet,,,,,,,,,,,,,,,,,,
p0j1,rodrigo-pacheco-mendez,Rodrigo Pacheco Mendez,2023,all,0,2,71,52,47,17,47,16,44,51,20,36,2,0,15,0,26,41
p0j1,rodrigo-pacheco-mendez,Rodrigo Pacheco Mendez,2023,Hard,0,2,71,52,47,17,47,16,44,51,20,36,2,0,15,0,26,41
p0j1,rodrigo-pacheco-mendez,Rodrigo Pacheco Mendez,2023,Clay,,,,,,,,,,,,,,,,,,
p0j1,rodrigo-pacheco-mendez,Rodrigo Pacheco Mendez,2023,Grass,,,,,,,,,,,,,,,,,,
p0j1,rodrigo-pacheco-mendez,Rodrigo Pacheco Mendez,2023,Carpet,,,,,,,,,,,,,,,,,,
b0mm,edas-butvilas,Edas Butvilas,all,all,0,0,0,0,0,0,0,0,0,0,0,0,0,0,0,0,0,0
b0mm,edas-butvilas,Edas Butvilas,all,Hard,0,0,0,0,0,0,0,0,0,0,0,0,0,0,0,0,0,0
b0mm,edas-butvilas,Edas Butvilas,all,Clay,0,0,0,0,0,0,0,0,0,0,0,0,0,0,0,0,0,0
b0mm,edas-butvilas,Edas Butvilas,all,Grass,0,0,0,0,0,0,0,0,0,0,0,0,0,0,0,0,0,0
b0mm,edas-butvilas,Edas Butvilas,all,Carpet,,,,,,,,,,,,,,,,,,
b0mm,edas-butvilas,Edas Butvilas,2026,all,0,0,0,0,0,0,0,0,0,0,0,0,0,0,0,0,0,0
b0mm,edas-butvilas,Edas Butvilas,2026,Hard,0,0,0,0,0,0,0,0,0,0,0,0,0,0,0,0,0,0
b0mm,edas-butvilas,Edas Butvilas,2026,Clay,,,,,,,,,,,,,,,,,,
b0mm,edas-butvilas,Edas Butvilas,2026,Grass,,,,,,,,,,,,,,,,,,
b0mm,edas-butvilas,Edas Butvilas,2026,Carpet,,,,,,,,,,,,,,,,,,
b0mm,edas-butvilas,Edas Butvilas,2025,all,0,0,0,0,0,0,0,0,0,0,0,0,0,0,0,0,0,0
b0mm,edas-butvilas,Edas Butvilas,2025,Hard,0,0,0,0,0,0,0,0,0,0,0,0,0,0,0,0,0,0
b0mm,edas-butvilas,Edas Butvilas,2025,Clay,,,,,,,,,,,,,,,,,,
b0mm,edas-butvilas,Edas Butvilas,2025,Grass,,,,,,,,,,,,,,,,,,
b0mm,edas-butvilas,Edas Butvilas,2025,Carpet,,,,,,,,,,,,,,,,,,
b0mm,edas-butvilas,Edas Butvilas,2024,all,0,0,0,0,0,0,0,0,0,0,0,0,0,0,0,0,0,0
b0mm,edas-butvilas,Edas Butvilas,2024,Hard,0,0,0,0,0,0,0,0,0,0,0,0,0,0,0,0,0,0
b0mm,edas-butvilas,Edas Butvilas,2024,Clay,,,,,,,,,,,,,,,,,,
b0mm,edas-butvilas,Edas Butvilas,2024,Grass,,,,,,,,,,,,,,,,,,
b0mm,edas-butvilas,Edas Butvilas,2024,Carpet,,,,,,,,,,,,,,,,,,
b0mm,edas-butvilas,Edas Butvilas,2023,all,0,0,0,0,0,0,0,0,0,0,0,0,0,0,0,0,0,0
b0mm,edas-butvilas,Edas Butvilas,2023,Hard,0,0,0,0,0,0,0,0,0,0,0,0,0,0,0,0,0,0
b0mm,edas-butvilas,Edas Butvilas,2023,Clay,0,0,0,0,0,0,0,0,0,0,0,0,0,0,0,0,0,0
b0mm,edas-butvilas,Edas Butvilas,2023,Grass,,,,,,,,,,,,,,,,,,
b0mm,edas-butvilas,Edas Butvilas,2023,Carpet,,,,,,,,,,,,,,,,,,
b0ej,tristan-boyer,Tristan Boyer,all,all,60,30,61,71,51,89,52,195,78,63,24,49,98,31,192,16,34,48
b0ej,tristan-boyer,Tristan Boyer,all,Hard,52,26,61,72,50,71,51,162,78,64,24,50,85,32,158,17,35,49
b0ej,tristan-boyer,Tristan Boyer,all,Clay,8,4,61,64,57,18,56,33,76,61,23,44,13,23,34,9,31,45
b0ej,tristan-boyer,Tristan Boyer,all,Grass,,,,,,,,,,,,,,,,,,
b0ej,tristan-boyer,Tristan Boyer,all,Carpet,,,,,,,,,,,,,,,,,,
b0ej,tristan-boyer,Tristan Boyer,2026,all,,,,,,,,,,,,,,,,,,
b0ej,tristan-boyer,Tristan Boyer,2026,Hard,,,,,,,,,,,,,,,,,,
b0ej,tristan-boyer,Tristan Boyer,2026,Clay,,,,,,,,,,,,,,,,,,
b0ej,tristan-boyer,Tristan Boyer,2026,Grass,,,,,,,,,,,,,,,,,,
b0ej,tristan-boyer,Tristan Boyer,2026,Carpet,,,,,,,,,,,,,,,,,,
b0ej,tristan-boyer,Tristan Boyer,2025,all,60,30,61,71,51,89,52,195,78,63,24,49,98,31,192,16,34,48
b0ej,tristan-boyer,Tristan Boyer,2025,Hard,52,26,61,72,50,71,51,162,78,64,24,50,85,32,158,17,35,49
b0ej,tristan-boyer,Tristan Boyer,2025,Clay,8,4,61,64,57,18,56,33,76,61,23,44,13,23,34,9,31,45
b0ej,tristan-boyer,Tristan Boyer,2025,Grass,,,,,,,,,,,,,,,,,,
b0ej,tristan-boyer,Tristan Boyer,2025,Carpet,,,,,,,,,,,,,,,,,,
b0ej,tristan-boyer,Tristan Boyer,2024,all,,,,,,,,,,,,,,,,,,
b0ej,tristan-boyer,Tristan Boyer,2024,Hard,,,,,,,,,,,,,,,,,,
b0ej,tristan-boyer,Tristan Boyer,2024,Clay,,,,,,,,,,,,,,,,,,
b0ej,tristan-boyer,Tristan Boyer,2024,Grass,,,,,,,,,,,,,,,,,,
b0ej,tristan-boyer,Tristan Boyer,2024,Carpet,,,,,,,,,,,,,,,,,,
b0ej,tristan-boyer,Tristan Boyer,2023,all,,,,,,,,,,,,,,,,,,
b0ej,tristan-boyer,Tristan Boyer,2023,Hard,,,,,,,,,,,,,,,,,,
b0ej,tristan-boyer,Tristan Boyer,2023,Clay,,,,,,,,,,,,,,,,,,
b0ej,tristan-boyer,Tristan Boyer,2023,Grass,,,,,,,,,,,,,,,,,,
b0ej,tristan-boyer,Tristan Boyer,2023,Carpet,,,,,,,,,,,,,,,,,,
s0ak,henri-squire,Henri Squire,all,all,30,17,63,75,45,31,48,66,76,64,25,40,21,52,67,16,31,48
s0ak,henri-squire,Henri Squire,all,Hard,0,0,0,0,0,0,0,0,0,0,0,0,0,0,0,0,0,0
s0ak,henri-squire,Henri Squire,all,Clay,15,11,62,71,45,24,50,41,71,62,29,45,21,52,43,26,37,49
s0ak,henri-squire,Henri Squire,all,Grass,15,6,66,81,44,7,43,25,84,69,18,23,0,0,24,0,19,45
s0ak,henri-squire,Henri Squire,all,Carpet,,,,,,,,,,,,,,,,,,
s0ak,henri-squire,Henri Squire,2026,all,,,,,,,,,,,,,,,,,,
s0ak,henri-squire,Henri Squire,2026,Hard,,,,,,,,,,,,,,,,,,
s0ak,henri-squire,Henri Squire,2026,Clay,,,,,,,,,,,,,,,,,,
s0ak,henri-squire,Henri Squire,2026,Grass,,,,,,,,,,,,,,,,,,
s0ak,henri-squire,Henri Squire,2026,Carpet,,,,,,,,,,,,,,,,,,
s0ak,henri-squire,Henri Squire,2025,all,,,,,,,,,,,,,,,,,,
s0ak,henri-squire,Henri Squire,2025,Hard,,,,,,,,,,,,,,,,,,
s0ak,henri-squire,Henri Squire,2025,Clay,,,,,,,,,,,,,,,,,,
s0ak,henri-squire,Henri Squire,2025,Grass,,,,,,,,,,,,,,,,,,
s0ak,henri-squire,Henri Squire,2025,Carpet,,,,,,,,,,,,,,,,,,
s0ak,henri-squire,Henri Squire,2024,all,27,17,64,74,45,30,50,62,76,64,25,40,21,52,64,17,31,47
s0ak,henri-squire,Henri Squire,2024,Hard,0,0,0,0,0,0,0,0,0,0,0,0,0,0,0,0,0,0
s0ak,henri-squire,Henri Squire,2024,Clay,15,11,62,71,45,24,50,41,71,62,29,45,21,52,43,26,37,49
s0ak,henri-squire,Henri Squire,2024,Grass,12,6,68,80,44,6,50,21,86,69,17,21,0,0,21,0,18,44
s0ak,henri-squire,Henri Squire,2024,Carpet,,,,,,,,,,,,,,,,,,
s0ak,henri-squire,Henri Squire,2023,all,,,,,,,,,,,,,,,,,,
s0ak,henri-squire,Henri Squire,2023,Hard,,,,,,,,,,,,,,,,,,
s0ak,henri-squire,Henri Squire,2023,Clay,,,,,,,,,,,,,,,,,,
s0ak,henri-squire,Henri Squire,2023,Grass,,,,,,,,,,,,,,,,,,
s0ak,henri-squire,Henri Squire,2023,Carpet,,,,,,,,,,,,,,,,,,
g0gw,sascha-gueymard-wayenburg,Sascha Gueymard Wayenburg,all,all,,,,,,,,,,,,,,,,,,
g0gw,sascha-gueymard-wayenburg,Sascha Gueymard Wayenburg,all,Hard,,,,,,,,,,,,,,,,,,
g0gw,sascha-gueymard-wayenburg,Sascha Gueymard Wayenburg,all,Clay,,,,,,,,,,,,,,,,,,
g0gw,sascha-gueymard-wayenburg,Sascha Gueymard Wayenburg,all,Grass,,,,,,,,,,,,,,,,,,
g0gw,sascha-gueymard-wayenburg,Sascha Gueymard Wayenburg,all,Carpet,,,,,,,,,,,,,,,,,,
g0gw,sascha-gueymard-wayenburg,Sascha Gueymard Wayenburg,2026,all,,,,,,,,,,,,,,,,,,
g0gw,sascha-gueymard-wayenburg,Sascha Gueymard Wayenburg,2026,Hard,,,,,,,,,,,,,,,,,,
g0gw,sascha-gueymard-wayenburg,Sascha Gueymard Wayenburg,2026,Clay,,,,,,,,,,,,,,,,,,
g0gw,sascha-gueymard-wayenburg,Sascha Gueymard Wayenburg,2026,Grass,,,,,,,,,,,,,,,,,,
g0gw,sascha-gueymard-wayenburg,Sascha Gueymard Wayenburg,2026,Carpet,,,,,,,,,,,,,,,,,,
g0gw,sascha-gueymard-wayenburg,Sascha Gueymard Wayenburg,2025,all,,,,,,,,,,,,,,,,,,
g0gw,sascha-gueymard-wayenburg,Sascha Gueymard Wayenburg,2025,Hard,,,,,,,,,,,,,,,,,,
g0gw,sascha-gueymard-wayenburg,Sascha Gueymard Wayenburg,2025,Clay,,,,,,,,,,,,,,,,,,
g0gw,sascha-gueymard-wayenburg,Sascha Gueymard Wayenburg,2025,Grass,,,,,,,,,,,,,,,,,,
g0gw,sascha-gueymard-wayenburg,Sascha Gueymard Wayenburg,2025,Carpet,,,,,,,,,,,,,,,,,,
g0gw,sascha-gueymard-wayenburg,Sascha Gueymard Wayenburg,2024,all,,,,,,,,,,,,,,,,,,
g0gw,sascha-gueymard-wayenburg,Sascha Gueymard Wayenburg,2024,Hard,,,,,,,,,,,,,,,,,,
g0gw,sascha-gueymard-wayenburg,Sascha Gueymard Wayenburg,2024,Clay,,,,,,,,,,,,,,,,,,
g0gw,sascha-gueymard-wayenburg,Sascha Gueymard Wayenburg,2024,Grass,,,,,,,,,,,,,,,,,,
g0gw,sascha-gueymard-wayenburg,Sascha Gueymard Wayenburg,2024,Carpet,,,,,,,,,,,,,,,,,,
g0gw,sascha-gueymard-wayenburg,Sascha Gueymard Wayenburg,2023,all,,,,,,,,,,,,,,,,,,
g0gw,sascha-gueymard-wayenburg,Sascha Gueymard Wayenburg,2023,Hard,,,,,,,,,,,,,,,,,,
g0gw,sascha-gueymard-wayenburg,Sascha Gueymard Wayenburg,2023,Clay,,,,,,,,,,,,,,,,,,
g0gw,sascha-gueymard-wayenburg,Sascha Gueymard Wayenburg,2023,Grass,,,,,,,,,,,,,,,,,,
g0gw,sascha-gueymard-wayenburg,Sascha Gueymard Wayenburg,2023,Carpet,,,,,,,,,,,,,,,,,,
d0cn,miguel-damas,Miguel Damas,all,all,,,,,,,,,,,,,,,,,,
d0cn,miguel-damas,Miguel Damas,all,Hard,,,,,,,,,,,,,,,,,,
d0cn,miguel-damas,Miguel Damas,all,Clay,,,,,,,,,,,,,,,,,,
d0cn,miguel-damas,Miguel Damas,all,Grass,,,,,,,,,,,,,,,,,,
d0cn,miguel-damas,Miguel Damas,all,Carpet,,,,,,,,,,,,,,,,,,
d0cn,miguel-damas,Miguel Damas,2026,all,,,,,,,,,,,,,,,,,,
d0cn,miguel-damas,Miguel Damas,2026,Hard,,,,,,,,,,,,,,,,,,
d0cn,miguel-damas,Miguel Damas,2026,Clay,,,,,,,,,,,,,,,,,,
d0cn,miguel-damas,Miguel Damas,2026,Grass,,,,,,,,,,,,,,,,,,
d0cn,miguel-damas,Miguel Damas,2026,Carpet,,,,,,,,,,,,,,,,,,
d0cn,miguel-damas,Miguel Damas,2025,all,,,,,,,,,,,,,,,,,,
d0cn,miguel-damas,Miguel Damas,2025,Hard,,,,,,,,,,,,,,,,,,
d0cn,miguel-damas,Miguel Damas,2025,Clay,,,,,,,,,,,,,,,,,,
d0cn,miguel-damas,Miguel Damas,2025,Grass,,,,,,,,,,,,,,,,,,
d0cn,miguel-damas,Miguel Damas,2025,Carpet,,,,,,,,,,,,,,,,,,
d0cn,miguel-damas,Miguel Damas,2024,all,,,,,,,,,,,,,,,,,,
d0cn,miguel-damas,Miguel Damas,2024,Hard,,,,,,,,,,,,,,,,,,
d0cn,miguel-damas,Miguel Damas,2024,Clay,,,,,,,,,,,,,,,,,,
d0cn,miguel-damas,Miguel Damas,2024,Grass,,,,,,,,,,,,,,,,,,
d0cn,miguel-damas,Miguel Damas,2024,Carpet,,,,,,,,,,,,,,,,,,
d0cn,miguel-damas,Miguel Damas,2023,all,,,,,,,,,,,,,,,,,,
d0cn,miguel-damas,Miguel Damas,2023,Hard,,,,,,,,,,,,,,,,,,
d0cn,miguel-damas,Miguel Damas,2023,Clay,,,,,,,,,,,,,,,,,,
d0cn,miguel-damas,Miguel Damas,2023,Grass,,,,,,,,,,,,,,,,,,
d0cn,miguel-damas,Miguel Damas,2023,Carpet,,,,,,,,,,,,,,,,,,
s0re,juncheng-shang,Juncheng Shang,all,all,356,203,63,70,52,559,62,1032,80,63,27,50,550,36,1037,19,35,49
s0re,juncheng-shang,Juncheng Shang,all,Hard,292,172,63,70,52,476,62,869,79,63,27,50,480,36,871,20,36,50
s0re,juncheng-shang,Juncheng Shang,all,Clay,6,15,65,62,50,53,53,78,68,58,29,45,46,28,81,16,35,47
s0re,juncheng-shang,Juncheng Shang,all,Grass,58,16,65,76,59,30,77,85,92,70,16,48,24,33,85,9,27,50
s0re,juncheng-shang,Juncheng Shang,all,Carpet,,,,,,,,,,,,,,,,,,
s0re,juncheng-shang,Juncheng Shang,2026,all,30,17,64,72,51,40,65,80,83,64,23,44,25,40,79,13,29,48
s0re,juncheng-shang,Juncheng Shang,2026,Hard,30,17,64,72,51,40,65,80,83,64,23,44,25,40,79,13,29,48
s0re,juncheng-shang,Juncheng Shang,2026,Clay,,,,,,,,,,,,,,,,,,
s0re,juncheng-shang,Juncheng Shang,2026,Grass,,,,,,,,,,,,,,,,,,
s0re,juncheng-shang,Juncheng Shang,2026,Carpet,,,,,,,,,,,,,,,,,,
s0re,juncheng-shang,Juncheng Shang,2025,all,74,31,65,73,48,71,59,168,83,65,26,50,88,38,168,20,35,50
s0re,juncheng-shang,Juncheng Shang,2025,Hard,74,31,65,73,48,71,59,168,83,65,26,50,88,38,168,20,35,50
s0re,juncheng-shang,Juncheng Shang,2025,Clay,,,,,,,,,,,,,,,,,,
s0re,juncheng-shang,Juncheng Shang,2025,Grass,,,,,,,,,,,,,,,,,,
s0re,juncheng-shang,Juncheng Shang,2025,Carpet,,,,,,,,,,,,,,,,,,
s0re,juncheng-shang,Juncheng Shang,2024,all,197,109,62,71,54,293,63,557,80,64,27,50,332,33,559,20,36,50
s0re,juncheng-shang,Juncheng Shang,2024,Hard,136,85,61,71,53,227,62,424,80,64,29,51,275,34,424,22,37,51
s0re,juncheng-shang,Juncheng Shang,2024,Clay,3,8,65,63,51,36,56,48,67,59,31,46,33,27,50,18,37,48
s0re,juncheng-shang,Juncheng Shang,2024,Grass,58,16,65,76,59,30,77,85,92,70,16,48,24,33,85,9,27,50
s0re,juncheng-shang,Juncheng Shang,2024,Carpet,,,,,,,,,,,,,,,,,,
s0re,juncheng-shang,Juncheng Shang,2023,all,37,29,65,66,54,99,61,166,77,62,26,48,79,42,167,20,34,48
s0re,juncheng-shang,Juncheng Shang,2023,Hard,36,23,65,67,55,86,63,145,78,63,25,49,69,42,146,20,34,49
s0re,juncheng-shang,Juncheng Shang,2023,Clay,1,6,65,59,48,13,46,21,67,55,27,42,10,40,21,19,34,46
s0re,juncheng-shang,Juncheng Shang,2023,Grass,,,,,,,,,,,,,,,,,,
s0re,juncheng-shang,Juncheng Shang,2023,Carpet,,,,,,,,,,,,,,,,,,
wb08,yosuke-watanuki,Yosuke Watanuki,all,all,396,173,55,76,51,259,63,518,82,65,27,47,268,32,519,17,34,49
wb08,yosuke-watanuki,Yosuke Watanuki,all,Hard,267,119,54,75,51,192,60,378,80,64,27,48,218,30,383,17,35,49
wb08,yosuke-watanuki,Yosuke Watanuki,all,Clay,46,29,54,73,45,41,71,64,81,60,32,45,34,47,62,26,37,50
wb08,yosuke-watanuki,Yosuke Watanuki,all,Grass,83,25,59,81,55,26,73,76,91,70,19,43,16,31,74,7,28,50
wb08,yosuke-watanuki,Yosuke Watanuki,all,Carpet,,,,,,,,,,,,,,,,,,
wb08,yosuke-watanuki,Yosuke Watanuki,2026,all,0,0,0,0,0,0,0,0,0,0,0,0,0,0,0,0,0,0
wb08,yosuke-watanuki,Yosuke Watanuki,2026,Hard,0,0,0,0,0,0,0,0,0,0,0,0,0,0,0,0,0,0
wb08,yosuke-watanuki,Yosuke Watanuki,2026,Clay,,,,,,,,,,,,,,,,,,
wb08,yosuke-watanuki,Yosuke Watanuki,2026,Grass,,,,,,,,,,,,,,,,,,
wb08,yosuke-watanuki,Yosuke Watanuki,2026,Carpet,,,,,,,,,,,,,,,,,,
wb08,yosuke-watanuki,Yosuke Watanuki,2025,all,73,21,51,78,57,36,61,83,83,67,25,51,49,33,83,19,36,51
wb08,yosuke-watanuki,Yosuke Watanuki,2025,Hard,73,21,51,78,57,36,61,83,83,67,25,51,49,33,83,19,36,51
wb08,yosuke-watanuki,Yosuke Watanuki,2025,Clay,,,,,,,,,,,,,,,,,,
wb08,yosuke-watanuki,Yosuke Watanuki,2025,Grass,,,,,,,,,,,,,,,,,,
wb08,yosuke-watanuki,Yosuke Watanuki,2025,Carpet,,,,,,,,,,,,,,,,,,
wb08,yosuke-watanuki,Yosuke Watanuki,2024,all,28,17,61,75,51,19,53,57,84,66,30,45,32,25,58,14,35,50
wb08,yosuke-watanuki,Yosuke Watanuki,2024,Hard,28,17,61,75,51,19,53,57,84,66,30,45,32,25,58,14,35,50
wb08,yosuke-watanuki,Yosuke Watanuki,2024,Clay,0,0,0,0,0,0,0,0,0,0,0,0,0,0,0,0,0,0
wb08,yosuke-watanuki,Yosuke Watanuki,2024,Grass,,,,,,,,,,,,,,,,,,
wb08,yosuke-watanuki,Yosuke Watanuki,2024,Carpet,,,,,,,,,,,,,,,,,,
wb08,yosuke-watanuki,Yosuke Watanuki,2023,all,229,81,55,76,50,141,65,267,81,65,27,44,134,28,264,14,33,49
wb08,yosuke-watanuki,Yosuke Watanuki,2023,Hard,123,43,53,76,49,88,60,157,78,63,29,45,96,26,157,16,35,49
wb08,yosuke-watanuki,Yosuke Watanuki,2023,Clay,23,13,56,70,43,27,70,34,76,58,30,46,22,36,33,24,36,48
wb08,yosuke-watanuki,Yosuke Watanuki,2023,Grass,83,25,59,81,55,26,73,76,91,70,19,43,16,31,74,7,28,50
wb08,yosuke-watanuki,Yosuke Watanuki,2023,Carpet,,,,,,,,,,,,,,,,,,
j0aw,guido-ivan-justo,Guido Ivan Justo,all,all,,,,,,,,,,,,,,,,,,
j0aw,guido-ivan-justo,Guido Ivan Justo,all,Hard,,,,,,,,,,,,,,,,,,
j0aw,guido-ivan-justo,Guido Ivan Justo,all,Clay,,,,,,,,,,,,,,,,,,
j0aw,guido-ivan-justo,Guido Ivan Justo,all,Grass,,,,,,,,,,,,,,,,,,
j0aw,guido-ivan-justo,Guido Ivan Justo,all,Carpet,,,,,,,,,,,,,,,,,,
j0aw,guido-ivan-justo,Guido Ivan Justo,2026,all,,,,,,,,,,,,,,,,,,
j0aw,guido-ivan-justo,Guido Ivan Justo,2026,Hard,,,,,,,,,,,,,,,,,,
j0aw,guido-ivan-justo,Guido Ivan Justo,2026,Clay,,,,,,,,,,,,,,,,,,
j0aw,guido-ivan-justo,Guido Ivan Justo,2026,Grass,,,,,,,,,,,,,,,,,,
j0aw,guido-ivan-justo,Guido Ivan Justo,2026,Carpet,,,,,,,,,,,,,,,,,,
j0aw,guido-ivan-justo,Guido Ivan Justo,2025,all,,,,,,,,,,,,,,,,,,
j0aw,guido-ivan-justo,Guido Ivan Justo,2025,Hard,,,,,,,,,,,,,,,,,,
j0aw,guido-ivan-justo,Guido Ivan Justo,2025,Clay,,,,,,,,,,,,,,,,,,
j0aw,guido-ivan-justo,Guido Ivan Justo,2025,Grass,,,,,,,,,,,,,,,,,,
j0aw,guido-ivan-justo,Guido Ivan Justo,2025,Carpet,,,,,,,,,,,,,,,,,,
j0aw,guido-ivan-justo,Guido Ivan Justo,2024,all,,,,,,,,,,,,,,,,,,
j0aw,guido-ivan-justo,Guido Ivan Justo,2024,Hard,,,,,,,,,,,,,,,,,,
j0aw,guido-ivan-justo,Guido Ivan Justo,2024,Clay,,,,,,,,,,,,,,,,,,
j0aw,guido-ivan-justo,Guido Ivan Justo,2024,Grass,,,,,,,,,,,,,,,,,,
j0aw,guido-ivan-justo,Guido Ivan Justo,2024,Carpet,,,,,,,,,,,,,,,,,,
j0aw,guido-ivan-justo,Guido Ivan Justo,2023,all,,,,,,,,,,,,,,,,,,
j0aw,guido-ivan-justo,Guido Ivan Justo,2023,Hard,,,,,,,,,,,,,,,,,,
j0aw,guido-ivan-justo,Guido Ivan Justo,2023,Clay,,,,,,,,,,,,,,,,,,
j0aw,guido-ivan-justo,Guido Ivan Justo,2023,Grass,,,,,,,,,,,,,,,,,,
j0aw,guido-ivan-justo,Guido Ivan Justo,2023,Carpet,,,,,,,,,,,,,,,,,,
c0ht,murphy-cassone,Murphy Cassone,all,all,11,8,56,82,55,6,67,16,88,70,13,43,4,25,17,6,26,47
c0ht,murphy-cassone,Murphy Cassone,all,Hard,11,8,56,82,55,6,67,16,88,70,13,43,4,25,17,6,26,47
c0ht,murphy-cassone,Murphy Cassone,all,Clay,,,,,,,,,,,,,,,,,,
c0ht,murphy-cassone,Murphy Cassone,all,Grass,,,,,,,,,,,,,,,,,,
c0ht,murphy-cassone,Murphy Cassone,all,Carpet,,,,,,,,,,,,,,,,,,
c0ht,murphy-cassone,Murphy Cassone,2026,all,,,,,,,,,,,,,,,,,,
c0ht,murphy-cassone,Murphy Cassone,2026,Hard,,,,,,,,,,,,,,,,,,
c0ht,murphy-cassone,Murphy Cassone,2026,Clay,,,,,,,,,,,,,,,,,,
c0ht,murphy-cassone,Murphy Cassone,2026,Grass,,,,,,,,,,,,,,,,,,
c0ht,murphy-cassone,Murphy Cassone,2026,Carpet,,,,,,,,,,,,,,,,,,
c0ht,murphy-cassone,Murphy Cassone,2025,all,11,8,56,82,55,6,67,16,88,70,13,43,4,25,17,6,26,47
c0ht,murphy-cassone,Murphy Cassone,2025,Hard,11,8,56,82,55,6,67,16,88,70,13,43,4,25,17,6,26,47
c0ht,murphy-cassone,Murphy Cassone,2025,Clay,,,,,,,,,,,,,,,,,,
c0ht,murphy-cassone,Murphy Cassone,2025,Grass,,,,,,,,,,,,,,,,,,
c0ht,murphy-cassone,Murphy Cassone,2025,Carpet,,,,,,,,,,,,,,,,,,
c0ht,murphy-cassone,Murphy Cassone,2024,all,,,,,,,,,,,,,,,,,,
c0ht,murphy-cassone,Murphy Cassone,2024,Hard,,,,,,,,,,,,,,,,,,
c0ht,murphy-cassone,Murphy Cassone,2024,Clay,,,,,,,,,,,,,,,,,,
c0ht,murphy-cassone,Murphy Cassone,2024,Grass,,,,,,,,,,,,,,,,,,
c0ht,murphy-cassone,Murphy Cassone,2024,Carpet,,,,,,,,,,,,,,,,,,
c0ht,murphy-cassone,Murphy Cassone,2023,all,,,,,,,,,,,,,,,,,,
c0ht,murphy-cassone,Murphy Cassone,2023,Hard,,,,,,,,,,,,,,,,,,
c0ht,murphy-cassone,Murphy Cassone,2023,Clay,,,,,,,,,,,,,,,,,,
c0ht,murphy-cassone,Murphy Cassone,2023,Grass,,,,,,,,,,,,,,,,,,
c0ht,murphy-cassone,Murphy Cassone,2023,Carpet,,,,,,,,,,,,,,,,,,
ke64,stefan-kozlov,Stefan Kozlov,all,all,91,150,63,63,44,322,56,370,62,56,27,50,212,37,373,21,36,46
ke64,stefan-kozlov,Stefan Kozlov,all,Hard,41,86,66,60,45,204,55,228,60,55,27,49,125,36,229,20,36,46
ke64,stefan-kozlov,Stefan Kozlov,all,Clay,2,5,51,66,36,5,20,8,50,51,21,44,2,50,9,11,28,40
ke64,stefan-kozlov,Stefan Kozlov,all,Grass,48,59,58,69,43,113,59,134,66,58,27,51,85,38,135,24,37,47
ke64,stefan-kozlov,Stefan Kozlov,all,Carpet,,,,,,,,,,,,,,,,,,
ke64,stefan-kozlov,Stefan Kozlov,2026,all,,,,,,,,,,,,,,,,,,
ke64,stefan-kozlov,Stefan Kozlov,2026,Hard,,,,,,,,,,,,,,,,,,
ke64,stefan-kozlov,Stefan Kozlov,2026,Clay,,,,,,,,,,,,,,,,,,
ke64,stefan-kozlov,Stefan Kozlov,2026,Grass,,,,,,,,,,,,,,,,,,
ke64,stefan-kozlov,Stefan Kozlov,2026,Carpet,,,,,,,,,,,,,,,,,,
ke64,stefan-kozlov,Stefan Kozlov,2025,all,,,,,,,,,,,,,,,,,,
ke64,stefan-kozlov,Stefan Kozlov,2025,Hard,,,,,,,,,,,,,,,,,,
ke64,stefan-kozlov,Stefan Kozlov,2025,Clay,,,,,,,,,,,,,,,,,,
ke64,stefan-kozlov,Stefan Kozlov,2025,Grass,,,,,,,,,,,,,,,,,,
ke64,stefan-kozlov,Stefan Kozlov,2025,Carpet,,,,,,,,,,,,,,,,,,
ke64,stefan-kozlov,Stefan Kozlov,2024,all,,,,,,,,,,,,,,,,,,
ke64,stefan-kozlov,Stefan Kozlov,2024,Hard,,,,,,,,,,,,,,,,,,
ke64,stefan-kozlov,Stefan Kozlov,2024,Clay,,,,,,,,,,,,,,,,,,
ke64,stefan-kozlov,Stefan Kozlov,2024,Grass,,,,,,,,,,,,,,,,,,
ke64,stefan-kozlov,Stefan Kozlov,2024,Carpet,,,,,,,,,,,,,,,,,,
ke64,stefan-kozlov,Stefan Kozlov,2023,all,,,,,,,,,,,,,,,,,,
ke64,stefan-kozlov,Stefan Kozlov,2023,Hard,,,,,,,,,,,,,,,,,,
ke64,stefan-kozlov,Stefan Kozlov,2023,Clay,,,,,,,,,,,,,,,,,,
ke64,stefan-kozlov,Stefan Kozlov,2023,Grass,,,,,,,,,,,,,,,,,,
ke64,stefan-kozlov,Stefan Kozlov,2023,Carpet,,,,,,,,,,,,,,,,,,
d0d4,stefan-dostanic,Stefan Dostanic,all,all,22,12,69,68,48,25,68,42,81,62,30,51,24,33,43,19,36,49
d0d4,stefan-dostanic,Stefan Dostanic,all,Hard,22,12,69,68,48,25,68,42,81,62,30,51,24,33,43,19,36,49
d0d4,stefan-dostanic,Stefan Dostanic,all,Clay,,,,,,,,,,,,,,,,,,
d0d4,stefan-dostanic,Stefan Dostanic,all,Grass,,,,,,,,,,,,,,,,,,
d0d4,stefan-dostanic,Stefan Dostanic,all,Carpet,,,,,,,,,,,,,,,,,,
d0d4,stefan-dostanic,Stefan Dostanic,2026,all,,,,,,,,,,,,,,,,,,
d0d4,stefan-dostanic,Stefan Dostanic,2026,Hard,,,,,,,,,,,,,,,,,,
d0d4,stefan-dostanic,Stefan Dostanic,2026,Clay,,,,,,,,,,,,,,,,,,
d0d4,stefan-dostanic,Stefan Dostanic,2026,Grass,,,,,,,,,,,,,,,,,,
d0d4,stefan-dostanic,Stefan Dostanic,2026,Carpet,,,,,,,,,,,,,,,,,,
d0d4,stefan-dostanic,Stefan Dostanic,2025,all,22,12,69,68,48,25,68,42,81,62,30,51,24,33,43,19,36,49
d0d4,stefan-dostanic,Stefan Dostanic,2025,Hard,22,12,69,68,48,25,68,42,81,62,30,51,24,33,43,19,36,49
d0d4,stefan-dostanic,Stefan Dostanic,2025,Clay,,,,,,,,,,,,,,,,,,
d0d4,stefan-dostanic,Stefan Dostanic,2025,Grass,,,,,,,,,,,,,,,,,,
d0d4,stefan-dostanic,Stefan Dostanic,2025,Carpet,,,,,,,,,,,,,,,,,,
d0d4,stefan-dostanic,Stefan Dostanic,2024,all,,,,,,,,,,,,,,,,,,
d0d4,stefan-dostanic,Stefan Dostanic,2024,Hard,,,,,,,,,,,,,,,,,,
d0d4,stefan-dostanic,Stefan Dostanic,2024,Clay,,,,,,,,,,,,,,,,,,
d0d4,stefan-dostanic,Stefan Dostanic,2024,Grass,,,,,,,,,,,,,,,,,,
d0d4,stefan-dostanic,Stefan Dostanic,2024,Carpet,,,,,,,,,,,,,,,,,,
d0d4,stefan-dostanic,Stefan Dostanic,2023,all,,,,,,,,,,,,,,,,,,
d0d4,stefan-dostanic,Stefan Dostanic,2023,Hard,,,,,,,,,,,,,,,,,,
d0d4,stefan-dostanic,Stefan Dostanic,2023,Clay,,,,,,,,,,,,,,,,,,
d0d4,stefan-dostanic,Stefan Dostanic,2023,Grass,,,,,,,,,,,,,,,,,,
d0d4,stefan-dostanic,Stefan Dostanic,2023,Carpet,,,,,,,,,,,,,,,,,,
n0db,andrej-nedic,Andrej Nedic,all,all,0,0,0,0,0,0,0,0,0,0,0,0,0,0,0,0,0,0
n0db,andrej-nedic,Andrej Nedic,all,Hard,0,0,0,0,0,0,0,0,0,0,0,0,0,0,0,0,0,0
n0db,andrej-nedic,Andrej Nedic,all,Clay,0,0,0,0,0,0,0,0,0,0,0,0,0,0,0,0,0,0
n0db,andrej-nedic,Andrej Nedic,all,Grass,,,,,,,,,,,,,,,,,,
n0db,andrej-nedic,Andrej Nedic,all,Carpet,,,,,,,,,,,,,,,,,,
n0db,andrej-nedic,Andrej Nedic,2026,all,0,0,0,0,0,0,0,0,0,0,0,0,0,0,0,0,0,0
n0db,andrej-nedic,Andrej Nedic,2026,Hard,0,0,0,0,0,0,0,0,0,0,0,0,0,0,0,0,0,0
n0db,andrej-nedic,Andrej Nedic,2026,Clay,,,,,,,,,,,,,,,,,,
n0db,andrej-nedic,Andrej Nedic,2026,Grass,,,,,,,,,,,,,,,,,,
n0db,andrej-nedic,Andrej Nedic,2026,Carpet,,,,,,,,,,,,,,,,,,
n0db,andrej-nedic,Andrej Nedic,2025,all,0,0,0,0,0,0,0,0,0,0,0,0,0,0,0,0,0,0
n0db,andrej-nedic,Andrej Nedic,2025,Hard,,,,,,,,,,,,,,,,,,
n0db,andrej-nedic,Andrej Nedic,2025,Clay,0,0,0,0,0,0,0,0,0,0,0,0,0,0,0,0,0,0
n0db,andrej-nedic,Andrej Nedic,2025,Grass,,,,,,,,,,,,,,,,,,
n0db,andrej-nedic,Andrej Nedic,2025,Carpet,,,,,,,,,,,,,,,,,,
n0db,andrej-nedic,Andrej Nedic,2024,all,0,0,0,0,0,0,0,0,0,0,0,0,0,0,0,0,0,0
n0db,andrej-nedic,Andrej Nedic,2024,Hard,0,0,0,0,0,0,0,0,0,0,0,0,0,0,0,0,0,0
n0db,andrej-nedic,Andrej Nedic,2024,Clay,,,,,,,,,,,,,,,,,,
n0db,andrej-nedic,Andrej Nedic,2024,Grass,,,,,,,,,,,,,,,,,,
n0db,andrej-nedic,Andrej Nedic,2024,Carpet,,,,,,,,,,,,,,,,,,
n0db,andrej-nedic,Andrej Nedic,2023,all,0,0,0,0,0,0,0,0,0,0,0,0,0,0,0,0,0,0
n0db,andrej-nedic,Andrej Nedic,2023,Hard,,,,,,,,,,,,,,,,,,
n0db,andrej-nedic,Andrej Nedic,2023,Clay,0,0,0,0,0,0,0,0,0,0,0,0,0,0,0,0,0,0
n0db,andrej-nedic,Andrej Nedic,2023,Grass,,,,,,,,,,,,,,,,,,
n0db,andrej-nedic,Andrej Nedic,2023,Carpet,,,,,,,,,,,,,,,,,,
cc66,andrea-collarini,Andrea Collarini,all,all,0,4,68,57,44,13,38,18,56,53,27,38,4,75,19,16,32,43
cc66,andrea-collarini,Andrea Collarini,all,Hard,,,,,,,,,,,,,,,,,,
cc66,andrea-collarini,Andrea Collarini,all,Clay,0,4,68,57,44,13,38,18,56,53,27,38,4,75,19,16,32,43
cc66,andrea-collarini,Andrea Collarini,all,Grass,,,,,,,,,,,,,,,,,,
cc66,andrea-collarini,Andrea Collarini,all,Carpet,,,,,,,,,,,,,,,,,,
cc66,andrea-collarini,Andrea Collarini,2026,all,,,,,,,,,,,,,,,,,,
cc66,andrea-collarini,Andrea Collarini,2026,Hard,,,,,,,,,,,,,,,,,,
cc66,andrea-collarini,Andrea Collarini,2026,Clay,,,,,,,,,,,,,,,,,,
cc66,andrea-collarini,Andrea Collarini,2026,Grass,,,,,,,,,,,,,,,,,,
cc66,andrea-collarini,Andrea Collarini,2026,Carpet,,,,,,,,,,,,,,,,,,
cc66,andrea-collarini,Andrea Collarini,2025,all,,,,,,,,,,,,,,,,,,
cc66,andrea-collarini,Andrea Collarini,2025,Hard,,,,,,,,,,,,,,,,,,
cc66,andrea-collarini,Andrea Collarini,2025,Clay,,,,,,,,,,,,,,,,,,
cc66,andrea-collarini,Andrea Collarini,2025,Grass,,,,,,,,,,,,,,,,,,
cc66,andrea-collarini,Andrea Collarini,2025,Carpet,,,,,,,,,,,,,,,,,,
cc66,andrea-collarini,Andrea Collarini,2024,all,0,2,65,62,48,5,40,10,70,57,20,31,2,50,10,10,25,43
cc66,andrea-collarini,Andrea Collarini,2024,Hard,,,,,,,,,,,,,,,,,,
cc66,andrea-collarini,Andrea Collarini,2024,Clay,0,2,65,62,48,5,40,10,70,57,20,31,2,50,10,10,25,43
cc66,andrea-collarini,Andrea Collarini,2024,Grass,,,,,,,,,,,,,,,,,,
cc66,andrea-collarini,Andrea Collarini,2024,Carpet,,,,,,,,,,,,,,,,,,
cc66,andrea-collarini,Andrea Collarini,2023,all,,,,,,,,,,,,,,,,,,
cc66,andrea-collarini,Andrea Collarini,2023,Hard,,,,,,,,,,,,,,,,,,
cc66,andrea-collarini,Andrea Collarini,2023,Clay,,,,,,,,,,,,,,,,,,
cc66,andrea-collarini,Andrea Collarini,2023,Grass,,,,,,,,,,,,,,,,,,
cc66,andrea-collarini,Andrea Collarini,2023,Carpet,,,,,,,,,,,,,,,,,,
ge28,ivan-gakhov,Ivan Gakhov,all,all,23,22,55,65,46,51,59,62,66,57,27,46,37,27,60,17,35,46
ge28,ivan-gakhov,Ivan Gakhov,all,Hard,,,,,,,,,,,,,,,,,,
ge28,ivan-gakhov,Ivan Gakhov,all,Clay,23,22,55,65,46,51,59,62,66,57,27,46,37,27,60,17,35,46
ge28,ivan-gakhov,Ivan Gakhov,all,Grass,,,,,,,,,,,,,,,,,,
ge28,ivan-gakhov,Ivan Gakhov,all,Carpet,,,,,,,,,,,,,,,,,,
ge28,ivan-gakhov,Ivan Gakhov,2026,all,,,,,,,,,,,,,,,,,,
ge28,ivan-gakhov,Ivan Gakhov,2026,Hard,,,,,,,,,,,,,,,,,,
ge28,ivan-gakhov,Ivan Gakhov,2026,Clay,,,,,,,,,,,,,,,,,,
ge28,ivan-gakhov,Ivan Gakhov,2026,Grass,,,,,,,,,,,,,,,,,,
ge28,ivan-gakhov,Ivan Gakhov,2026,Carpet,,,,,,,,,,,,,,,,,,
ge28,ivan-gakhov,Ivan Gakhov,2025,all,3,2,63,56,37,7,29,8,38,49,12,32,2,0,7,0,23,38
ge28,ivan-gakhov,Ivan Gakhov,2025,Hard,,,,,,,,,,,,,,,,,,
ge28,ivan-gakhov,Ivan Gakhov,2025,Clay,3,2,63,56,37,7,29,8,38,49,12,32,2,0,7,0,23,38
ge28,ivan-gakhov,Ivan Gakhov,2025,Grass,,,,,,,,,,,,,,,,,,
ge28,ivan-gakhov,Ivan Gakhov,2025,Carpet,,,,,,,,,,,,,,,,,,
ge28,ivan-gakhov,Ivan Gakhov,2024,all,2,4,52,58,42,21,71,13,54,50,40,53,15,40,14,43,46,48
ge28,ivan-gakhov,Ivan Gakhov,2024,Hard,,,,,,,,,,,,,,,,,,
ge28,ivan-gakhov,Ivan Gakhov,2024,Clay,2,4,52,58,42,21,71,13,54,50,40,53,15,40,14,43,46,48
ge28,ivan-gakhov,Ivan Gakhov,2024,Grass,,,,,,,,,,,,,,,,,,
ge28,ivan-gakhov,Ivan Gakhov,2024,Carpet,,,,,,,,,,,,,,,,,,
ge28,ivan-gakhov,Ivan Gakhov,2023,all,12,11,54,68,49,15,53,25,72,59,24,48,10,40,24,17,32,47
ge28,ivan-gakhov,Ivan Gakhov,2023,Hard,,,,,,,,,,,,,,,,,,
ge28,ivan-gakhov,Ivan Gakhov,2023,Clay,12,11,54,68,49,15,53,25,72,59,24,48,10,40,24,17,32,47
ge28,ivan-gakhov,Ivan Gakhov,2023,Grass,,,,,,,,,,,,,,,,,,
ge28,ivan-gakhov,Ivan Gakhov,2023,Carpet,,,,,,,,,,,,,,,,,,
kc12,mitchell-krueger,Mitchell Krueger,all,all,167,88,62,68,50,244,57,418,75,62,26,49,200,38,428,18,35,48
kc12,mitchell-krueger,Mitchell Krueger,all,Hard,148,63,62,69,51,196,61,338,77,62,25,51,167,37,344,18,35,49
kc12,mitchell-krueger,Mitchell Krueger,all,Clay,5,2,65,65,57,11,36,25,72,62,30,48,10,50,26,19,35,48
kc12,mitchell-krueger,Mitchell Krueger,all,Grass,14,23,62,64,47,37,46,55,64,57,24,42,23,43,58,17,32,44
kc12,mitchell-krueger,Mitchell Krueger,all,Carpet,,,,,,,,,,,,,,,,,,
kc12,mitchell-krueger,Mitchell Krueger,2026,all,,,,,,,,,,,,,,,,,,
kc12,mitchell-krueger,Mitchell Krueger,2026,Hard,,,,,,,,,,,,,,,,,,
kc12,mitchell-krueger,Mitchell Krueger,2026,Clay,,,,,,,,,,,,,,,,,,
kc12,mitchell-krueger,Mitchell Krueger,2026,Grass,,,,,,,,,,,,,,,,,,
kc12,mitchell-krueger,Mitchell Krueger,2026,Carpet,,,,,,,,,,,,,,,,,,
kc12,mitchell-krueger,Mitchell Krueger,2025,all,15,11,64,67,52,33,55,53,72,62,29,54,30,43,55,24,39,49
kc12,mitchell-krueger,Mitchell Krueger,2025,Hard,13,9,64,68,53,26,58,44,75,63,31,53,26,46,46,26,40,51
kc12,mitchell-krueger,Mitchell Krueger,2025,Clay,2,2,65,61,47,7,43,9,56,56,23,62,4,25,9,11,32,43
kc12,mitchell-krueger,Mitchell Krueger,2025,Grass,,,,,,,,,,,,,,,,,,
kc12,mitchell-krueger,Mitchell Krueger,2025,Carpet,,,,,,,,,,,,,,,,,,
kc12,mitchell-krueger,Mitchell Krueger,2024,all,50,22,61,71,53,47,66,98,84,64,28,50,50,38,99,19,37,50
kc12,mitchell-krueger,Mitchell Krueger,2024,Hard,50,22,61,71,53,47,66,98,84,64,28,50,50,38,99,19,37,50
kc12,mitchell-krueger,Mitchell Krueger,2024,Clay,,,,,,,,,,,,,,,,,,
kc12,mitchell-krueger,Mitchell Krueger,2024,Grass,,,,,,,,,,,,,,,,,,
kc12,mitchell-krueger,Mitchell Krueger,2024,Carpet,,,,,,,,,,,,,,,,,,
kc12,mitchell-krueger,Mitchell Krueger,2023,all,0,0,0,0,0,0,0,0,0,0,0,0,0,0,0,0,0,0
kc12,mitchell-krueger,Mitchell Krueger,2023,Hard,0,0,0,0,0,0,0,0,0,0,0,0,0,0,0,0,0,0
kc12,mitchell-krueger,Mitchell Krueger,2023,Clay,,,,,,,,,,,,,,,,,,
kc12,mitchell-krueger,Mitchell Krueger,2023,Grass,,,,,,,,,,,,,,,,,,
kc12,mitchell-krueger,Mitchell Krueger,2023,Carpet,,,,,,,,,,,,,,,,,,
ge33,daniel-elahi-galan,Daniel Elahi Galan,all,all,584,200,63,68,48,947,59,1470,74,61,29,48,769,39,1467,20,36,49
ge33,daniel-elahi-galan,Daniel Elahi Galan,all,Hard,229,76,63,68,46,365,58,563,72,60,28,48,303,36,559,20,36,48
ge33,daniel-elahi-galan,Daniel Elahi Galan,all,Clay,282,101,62,67,49,482,59,749,74,61,30,48,402,38,746,21,37,49
ge33,daniel-elahi-galan,Daniel Elahi Galan,all,Grass,73,23,63,72,49,100,67,158,79,63,27,48,64,55,162,22,35,50
ge33,daniel-elahi-galan,Daniel Elahi Galan,all,Carpet,,,,,,,,,,,,,,,,,,
ge33,daniel-elahi-galan,Daniel Elahi Galan,2026,all,,,,,,,,,,,,,,,,,,
ge33,daniel-elahi-galan,Daniel Elahi Galan,2026,Hard,,,,,,,,,,,,,,,,,,
ge33,daniel-elahi-galan,Daniel Elahi Galan,2026,Clay,,,,,,,,,,,,,,,,,,
ge33,daniel-elahi-galan,Daniel Elahi Galan,2026,Grass,,,,,,,,,,,,,,,,,,
ge33,daniel-elahi-galan,Daniel Elahi Galan,2026,Carpet,,,,,,,,,,,,,,,,,,
ge33,daniel-elahi-galan,Daniel Elahi Galan,2025,all,49,30,61,69,44,82,61,108,70,59,28,43,45,40,110,16,34,47
ge33,daniel-elahi-galan,Daniel Elahi Galan,2025,Hard,19,13,53,70,42,30,63,31,65,56,28,45,18,33,31,19,36,47
ge33,daniel-elahi-galan,Daniel Elahi Galan,2025,Clay,30,17,64,68,45,52,60,77,73,60,28,42,27,44,79,15,34,47
ge33,daniel-elahi-galan,Daniel Elahi Galan,2025,Grass,,,,,,,,,,,,,,,,,,
ge33,daniel-elahi-galan,Daniel Elahi Galan,2025,Carpet,,,,,,,,,,,,,,,,,,
ge33,daniel-elahi-galan,Daniel Elahi Galan,2024,all,133,38,61,66,46,221,61,293,70,58,29,49,161,35,294,19,37,48
ge33,daniel-elahi-galan,Daniel Elahi Galan,2024,Hard,54,16,62,68,43,79,62,95,68,58,29,53,51,43,96,23,39,49
ge33,daniel-elahi-galan,Daniel Elahi Galan,2024,Clay,69,20,61,64,48,133,59,183,70,58,30,49,110,32,182,19,37,48
ge33,daniel-elahi-galan,Daniel Elahi Galan,2024,Grass,10,2,67,76,62,9,78,15,87,72,17,35,0,0,16,0,25,47
ge33,daniel-elahi-galan,Daniel Elahi Galan,2024,Carpet,,,,,,,,,,,,,,,,,,
ge33,daniel-elahi-galan,Daniel Elahi Galan,2023,all,180,58,63,69,47,213,60,337,74,61,28,48,172,35,334,18,36,49
ge33,daniel-elahi-galan,Daniel Elahi Galan,2023,Hard,53,16,63,66,45,63,51,97,68,58,25,48,62,19,94,13,34,46
ge33,daniel-elahi-galan,Daniel Elahi Galan,2023,Clay,83,32,63,69,48,98,58,167,75,62,29,47,74,38,167,17,36,49
ge33,daniel-elahi-galan,Daniel Elahi Galan,2023,Grass,44,10,64,72,47,52,73,73,81,63,29,51,36,56,73,27,37,51
ge33,daniel-elahi-galan,Daniel Elahi Galan,2023,Carpet,,,,,,,,,,,,,,,,,,
j09x,filip-cristian-jianu,Filip Cristian Jianu,all,all,1,0,70,62,47,33,67,39,72,57,34,51,15,80,39,31,40,50
j09x,filip-cristian-jianu,Filip Cristian Jianu,all,Hard,0,0,0,0,0,0,0,0,0,0,0,0,0,0,0,0,0,0
j09x,filip-cristian-jianu,Filip Cristian Jianu,all,Clay,1,0,70,62,47,33,67,39,72,57,34,51,15,80,39,31,40,50
j09x,filip-cristian-jianu,Filip Cristian Jianu,all,Grass,,,,,,,,,,,,,,,,,,
j09x,filip-cristian-jianu,Filip Cristian Jianu,all,Carpet,,,,,,,,,,,,,,,,,,
j09x,filip-cristian-jianu,Filip Cristian Jianu,2026,all,0,0,66,64,41,16,69,16,69,56,31,46,5,80,15,27,36,48
j09x,filip-cristian-jianu,Filip Cristian Jianu,2026,Hard,,,,,,,,,,,,,,,,,,
j09x,filip-cristian-jianu,Filip Cristian Jianu,2026,Clay,0,0,66,64,41,16,69,16,69,56,31,46,5,80,15,27,36,48
j09x,filip-cristian-jianu,Filip Cristian Jianu,2026,Grass,,,,,,,,,,,,,,,,,,
j09x,filip-cristian-jianu,Filip Cristian Jianu,2026,Carpet,,,,,,,,,,,,,,,,,,
j09x,filip-cristian-jianu,Filip Cristian Jianu,2025,all,1,0,72,61,52,17,65,23,74,58,35,52,10,80,24,33,43,51
j09x,filip-cristian-jianu,Filip Cristian Jianu,2025,Hard,0,0,0,0,0,0,0,0,0,0,0,0,0,0,0,0,0,0
j09x,filip-cristian-jianu,Filip Cristian Jianu,2025,Clay,1,0,72,61,52,17,65,23,74,58,35,52,10,80,24,33,43,51
j09x,filip-cristian-jianu,Filip Cristian Jianu,2025,Grass,,,,,,,,,,,,,,,,,,
j09x,filip-cristian-jianu,Filip Cristian Jianu,2025,Carpet,,,,,,,,,,,,,,,,,,
j09x,filip-cristian-jianu,Filip Cristian Jianu,2024,all,,,,,,,,,,,,,,,,,,
j09x,filip-cristian-jianu,Filip Cristian Jianu,2024,Hard,,,,,,,,,,,,,,,,,,
j09x,filip-cristian-jianu,Filip Cristian Jianu,2024,Clay,,,,,,,,,,,,,,,,,,
j09x,filip-cristian-jianu,Filip Cristian Jianu,2024,Grass,,,,,,,,,,,,,,,,,,
j09x,filip-cristian-jianu,Filip Cristian Jianu,2024,Carpet,,,,,,,,,,,,,,,,,,
j09x,filip-cristian-jianu,Filip Cristian Jianu,2023,all,0,0,0,0,0,0,0,0,0,0,0,0,0,0,0,0,0,0
j09x,filip-cristian-jianu,Filip Cristian Jianu,2023,Hard,0,0,0,0,0,0,0,0,0,0,0,0,0,0,0,0,0,0
j09x,filip-cristian-jianu,Filip Cristian Jianu,2023,Clay,,,,,,,,,,,,,,,,,,
j09x,filip-cristian-jianu,Filip Cristian Jianu,2023,Grass,,,,,,,,,,,,,,,,,,
j09x,filip-cristian-jianu,Filip Cristian Jianu,2023,Carpet,,,,,,,,,,,,,,,,,,
aa27,franco-agamenone,Franco Agamenone,all,all,6,13,65,63,50,46,54,63,67,59,35,55,50,44,64,34,42,50
aa27,franco-agamenone,Franco Agamenone,all,Hard,,,,,,,,,,,,,,,,,,
aa27,franco-agamenone,Franco Agamenone,all,Clay,6,13,65,63,50,46,54,63,67,59,35,55,50,44,64,34,42,50
aa27,franco-agamenone,Franco Agamenone,all,Grass,,,,,,,,,,,,,,,,,,
aa27,franco-agamenone,Franco Agamenone,all,Carpet,,,,,,,,,,,,,,,,,,
aa27,franco-agamenone,Franco Agamenone,2026,all,,,,,,,,,,,,,,,,,,
aa27,franco-agamenone,Franco Agamenone,2026,Hard,,,,,,,,,,,,,,,,,,
aa27,franco-agamenone,Franco Agamenone,2026,Clay,,,,,,,,,,,,,,,,,,
aa27,franco-agamenone,Franco Agamenone,2026,Grass,,,,,,,,,,,,,,,,,,
aa27,franco-agamenone,Franco Agamenone,2026,Carpet,,,,,,,,,,,,,,,,,,
aa27,franco-agamenone,Franco Agamenone,2025,all,,,,,,,,,,,,,,,,,,
aa27,franco-agamenone,Franco Agamenone,2025,Hard,,,,,,,,,,,,,,,,,,
aa27,franco-agamenone,Franco Agamenone,2025,Clay,,,,,,,,,,,,,,,,,,
aa27,franco-agamenone,Franco Agamenone,2025,Grass,,,,,,,,,,,,,,,,,,
aa27,franco-agamenone,Franco Agamenone,2025,Carpet,,,,,,,,,,,,,,,,,,
aa27,franco-agamenone,Franco Agamenone,2024,all,,,,,,,,,,,,,,,,,,
aa27,franco-agamenone,Franco Agamenone,2024,Hard,,,,,,,,,,,,,,,,,,
aa27,franco-agamenone,Franco Agamenone,2024,Clay,,,,,,,,,,,,,,,,,,
aa27,franco-agamenone,Franco Agamenone,2024,Grass,,,,,,,,,,,,,,,,,,
aa27,franco-agamenone,Franco Agamenone,2024,Carpet,,,,,,,,,,,,,,,,,,
aa27,franco-agamenone,Franco Agamenone,2023,all,,,,,,,,,,,,,,,,,,
aa27,franco-agamenone,Franco Agamenone,2023,Hard,,,,,,,,,,,,,,,,,,
aa27,franco-agamenone,Franco Agamenone,2023,Clay,,,,,,,,,,,,,,,,,,
aa27,franco-agamenone,Franco Agamenone,2023,Grass,,,,,,,,,,,,,,,,,,
aa27,franco-agamenone,Franco Agamenone,2023,Carpet,,,,,,,,,,,,,,,,,,
r0bt,franco-roncadelli,Franco Roncadelli,all,all,0,2,69,50,25,16,31,16,31,42,23,25,3,33,14,7,23,34
r0bt,franco-roncadelli,Franco Roncadelli,all,Hard,0,2,69,50,25,16,31,16,31,42,23,25,3,33,14,7,23,34
r0bt,franco-roncadelli,Franco Roncadelli,all,Clay,0,0,0,0,0,0,0,0,0,0,0,0,0,0,0,0,0,0
r0bt,franco-roncadelli,Franco Roncadelli,all,Grass,,,,,,,,,,,,,,,,,,
r0bt,franco-roncadelli,Franco Roncadelli,all,Carpet,,,,,,,,,,,,,,,,,,
r0bt,franco-roncadelli,Franco Roncadelli,2026,all,0,0,0,0,0,0,0,0,0,0,0,0,0,0,0,0,0,0
r0bt,franco-roncadelli,Franco Roncadelli,2026,Hard,0,0,0,0,0,0,0,0,0,0,0,0,0,0,0,0,0,0
r0bt,franco-roncadelli,Franco Roncadelli,2026,Clay,,,,,,,,,,,,,,,,,,
r0bt,franco-roncadelli,Franco Roncadelli,2026,Grass,,,,,,,,,,,,,,,,,,
r0bt,franco-roncadelli,Franco Roncadelli,2026,Carpet,,,,,,,,,,,,,,,,,,
r0bt,franco-roncadelli,Franco Roncadelli,2025,all,0,0,0,0,0,0,0,0,0,0,0,0,0,0,0,0,0,0
r0bt,franco-roncadelli,Franco Roncadelli,2025,Hard,0,0,0,0,0,0,0,0,0,0,0,0,0,0,0,0,0,0
r0bt,franco-roncadelli,Franco Roncadelli,2025,Clay,,,,,,,,,,,,,,,,,,
r0bt,franco-roncadelli,Franco Roncadelli,2025,Grass,,,,,,,,,,,,,,,,,,
r0bt,franco-roncadelli,Franco Roncadelli,2025,Carpet,,,,,,,,,,,,,,,,,,
r0bt,franco-roncadelli,Franco Roncadelli,2024,all,0,0,0,0,0,0,0,0,0,0,0,0,0,0,0,0,0,0
r0bt,franco-roncadelli,Franco Roncadelli,2024,Hard,,,,,,,,,,,,,,,,,,
r0bt,franco-roncadelli,Franco Roncadelli,2024,Clay,0,0,0,0,0,0,0,0,0,0,0,0,0,0,0,0,0,0
r0bt,franco-roncadelli,Franco Roncadelli,2024,Grass,,,,,,,,,,,,,,,,,,
r0bt,franco-roncadelli,Franco Roncadelli,2024,Carpet,,,,,,,,,,,,,,,,,,
r0bt,franco-roncadelli,Franco Roncadelli,2023,all,,,,,,,,,,,,,,,,,,
r0bt,franco-roncadelli,Franco Roncadelli,2023,Hard,,,,,,,,,,,,,,,,,,
r0bt,franco-roncadelli,Franco Roncadelli,2023,Clay,,,,,,,,,,,,,,,,,,
r0bt,franco-roncadelli,Franco Roncadelli,2023,Grass,,,,,,,,,,,,,,,,,,
r0bt,franco-roncadelli,Franco Roncadelli,2023,Carpet,,,,,,,,,,,,,,,,,,
j0a4,paul-jubb,Paul Jubb,all,all,35,44,59,72,48,68,53,131,76,62,30,48,83,33,133,20,37,49
j0a4,paul-jubb,Paul Jubb,all,Hard,,,,,,,,,,,,,,,,,,
j0a4,paul-jubb,Paul Jubb,all,Clay,,,,,,,,,,,,,,,,,,
j0a4,paul-jubb,Paul Jubb,all,Grass,35,44,59,72,48,68,53,131,76,62,30,48,83,33,133,20,37,49
j0a4,paul-jubb,Paul Jubb,all,Carpet,,,,,,,,,,,,,,,,,,
j0a4,paul-jubb,Paul Jubb,2026,all,,,,,,,,,,,,,,,,,,
j0a4,paul-jubb,Paul Jubb,2026,Hard,,,,,,,,,,,,,,,,,,
j0a4,paul-jubb,Paul Jubb,2026,Clay,,,,,,,,,,,,,,,,,,
j0a4,paul-jubb,Paul Jubb,2026,Grass,,,,,,,,,,,,,,,,,,
j0a4,paul-jubb,Paul Jubb,2026,Carpet,,,,,,,,,,,,,,,,,,
j0a4,paul-jubb,Paul Jubb,2025,all,,,,,,,,,,,,,,,,,,
j0a4,paul-jubb,Paul Jubb,2025,Hard,,,,,,,,,,,,,,,,,,
j0a4,paul-jubb,Paul Jubb,2025,Clay,,,,,,,,,,,,,,,,,,
j0a4,paul-jubb,Paul Jubb,2025,Grass,,,,,,,,,,,,,,,,,,
j0a4,paul-jubb,Paul Jubb,2025,Carpet,,,,,,,,,,,,,,,,,,
j0a4,paul-jubb,Paul Jubb,2024,all,23,25,59,75,51,36,72,66,85,65,34,53,51,37,66,29,41,53
j0a4,paul-jubb,Paul Jubb,2024,Hard,,,,,,,,,,,,,,,,,,
j0a4,paul-jubb,Paul Jubb,2024,Clay,,,,,,,,,,,,,,,,,,
j0a4,paul-jubb,Paul Jubb,2024,Grass,23,25,59,75,51,36,72,66,85,65,34,53,51,37,66,29,41,53
j0a4,paul-jubb,Paul Jubb,2024,Carpet,,,,,,,,,,,,,,,,,,
j0a4,paul-jubb,Paul Jubb,2023,all,,,,,,,,,,,,,,,,,,
j0a4,paul-jubb,Paul Jubb,2023,Hard,,,,,,,,,,,,,,,,,,
j0a4,paul-jubb,Paul Jubb,2023,Clay,,,,,,,,,,,,,,,,,,
j0a4,paul-jubb,Paul Jubb,2023,Grass,,,,,,,,,,,,,,,,,,
j0a4,paul-jubb,Paul Jubb,2023,Carpet,,,,,,,,,,,,,,,,,,
n897,sumit-nagal,Sumit Nagal,all,all,59,100,70,61,49,393,58,482,66,57,28,49,296,31,490,19,36,47
n897,sumit-nagal,Sumit Nagal,all,Hard,32,54,68,61,48,205,56,254,65,57,26,48,130,31,258,16,34,46
n897,sumit-nagal,Sumit Nagal,all,Clay,24,42,72,60,50,169,59,210,67,57,30,53,155,32,214,23,38,48
n897,sumit-nagal,Sumit Nagal,all,Grass,3,4,65,66,36,19,63,18,61,55,32,40,11,36,18,22,35,46
n897,sumit-nagal,Sumit Nagal,all,Carpet,,,,,,,,,,,,,,,,,,
n897,sumit-nagal,Sumit Nagal,2026,all,0,1,74,57,46,10,60,8,50,54,25,50,8,0,8,0,35,44
n897,sumit-nagal,Sumit Nagal,2026,Hard,0,0,0,0,0,0,0,0,0,0,0,0,0,0,0,0,0,0
n897,sumit-nagal,Sumit Nagal,2026,Clay,0,1,74,57,46,10,60,8,50,54,25,50,8,0,8,0,35,44
n897,sumit-nagal,Sumit Nagal,2026,Grass,,,,,,,,,,,,,,,,,,
n897,sumit-nagal,Sumit Nagal,2026,Carpet,,,,,,,,,,,,,,,,,,
n897,sumit-nagal,Sumit Nagal,2025,all,1,11,68,60,33,37,51,39,54,51,29,48,23,30,39,18,36,44
n897,sumit-nagal,Sumit Nagal,2025,Hard,0,8,69,58,35,28,54,29,55,51,26,48,17,29,29,17,34,43
n897,sumit-nagal,Sumit Nagal,2025,Clay,1,3,64,65,28,9,44,10,50,51,37,47,6,33,10,20,39,46
n897,sumit-nagal,Sumit Nagal,2025,Grass,,,,,,,,,,,,,,,,,,
n897,sumit-nagal,Sumit Nagal,2025,Carpet,,,,,,,,,,,,,,,,,,
n897,sumit-nagal,Sumit Nagal,2024,all,35,37,69,62,53,193,61,246,69,59,27,49,137,33,248,18,35,47
n897,sumit-nagal,Sumit Nagal,2024,Hard,18,16,67,60,54,84,57,106,66,58,24,47,38,39,106,14,33,46
n897,sumit-nagal,Sumit Nagal,2024,Clay,14,17,70,62,56,90,63,122,73,60,29,52,88,30,124,21,37,48
n897,sumit-nagal,Sumit Nagal,2024,Grass,3,4,65,66,36,19,63,18,61,55,32,40,11,36,18,22,35,46
n897,sumit-nagal,Sumit Nagal,2024,Carpet,,,,,,,,,,,,,,,,,,
n897,sumit-nagal,Sumit Nagal,2023,all,3,2,73,69,58,7,71,15,87,66,19,45,3,33,15,7,28,48
n897,sumit-nagal,Sumit Nagal,2023,Hard,3,2,73,69,58,7,71,15,87,66,19,45,3,33,15,7,28,48
n897,sumit-nagal,Sumit Nagal,2023,Clay,,,,,,,,,,,,,,,,,,
n897,sumit-nagal,Sumit Nagal,2023,Grass,,,,,,,,,,,,,,,,,,
n897,sumit-nagal,Sumit Nagal,2023,Carpet,,,,,,,,,,,,,,,,,,
m0np,andres-martin,Andres Martin,all,all,14,3,63,69,42,27,56,36,67,59,21,38,14,29,34,12,28,44
m0np,andres-martin,Andres Martin,all,Hard,14,3,63,69,42,27,56,36,67,59,21,38,14,29,34,12,28,44
m0np,andres-martin,Andres Martin,all,Clay,,,,,,,,,,,,,,,,,,
m0np,andres-martin,Andres Martin,all,Grass,,,,,,,,,,,,,,,,,,
m0np,andres-martin,Andres Martin,all,Carpet,,,,,,,,,,,,,,,,,,
m0np,andres-martin,Andres Martin,2026,all,,,,,,,,,,,,,,,,,,
m0np,andres-martin,Andres Martin,2026,Hard,,,,,,,,,,,,,,,,,,
m0np,andres-martin,Andres Martin,2026,Clay,,,,,,,,,,,,,,,,,,
m0np,andres-martin,Andres Martin,2026,Grass,,,,,,,,,,,,,,,,,,
m0np,andres-martin,Andres Martin,2026,Carpet,,,,,,,,,,,,,,,,,,
m0np,andres-martin,Andres Martin,2025,all,,,,,,,,,,,,,,,,,,
m0np,andres-martin,Andres Martin,2025,Hard,,,,,,,,,,,,,,,,,,
m0np,andres-martin,Andres Martin,2025,Clay,,,,,,,,,,,,,,,,,,
m0np,andres-martin,Andres Martin,2025,Grass,,,,,,,,,,,,,,,,,,
m0np,andres-martin,Andres Martin,2025,Carpet,,,,,,,,,,,,,,,,,,
m0np,andres-martin,Andres Martin,2024,all,4,1,57,50,13,9,44,7,29,34,14,53,2,0,7,0,28,31
m0np,andres-martin,Andres Martin,2024,Hard,4,1,57,50,13,9,44,7,29,34,14,53,2,0,7,0,28,31
m0np,andres-martin,Andres Martin,2024,Clay,,,,,,,,,,,,,,,,,,
m0np,andres-martin,Andres Martin,2024,Grass,,,,,,,,,,,,,,,,,,
m0np,andres-martin,Andres Martin,2024,Carpet,,,,,,,,,,,,,,,,,,
m0np,andres-martin,Andres Martin,2023,all,3,1,69,64,45,10,70,9,67,58,10,21,3,0,9,0,14,40
m0np,andres-martin,Andres Martin,2023,Hard,3,1,69,64,45,10,70,9,67,58,10,21,3,0,9,0,14,40
m0np,andres-martin,Andres Martin,2023,Clay,,,,,,,,,,,,,,,,,,
m0np,andres-martin,Andres Martin,2023,Grass,,,,,,,,,,,,,,,,,,
m0np,andres-martin,Andres Martin,2023,Carpet,,,,,,,,,,,,,,,,,,
b0jj,robin-bertrand,Robin Bertrand,all,all,,,,,,,,,,,,,,,,,,
b0jj,robin-bertrand,Robin Bertrand,all,Hard,,,,,,,,,,,,,,,,,,
b0jj,robin-bertrand,Robin Bertrand,all,Clay,,,,,,,,,,,,,,,,,,
b0jj,robin-bertrand,Robin Bertrand,all,Grass,,,,,,,,,,,,,,,,,,
b0jj,robin-bertrand,Robin Bertrand,all,Carpet,,,,,,,,,,,,,,,,,,
b0jj,robin-bertrand,Robin Bertrand,2026,all,,,,,,,,,,,,,,,,,,
b0jj,robin-bertrand,Robin Bertrand,2026,Hard,,,,,,,,,,,,,,,,,,
b0jj,robin-bertrand,Robin Bertrand,2026,Clay,,,,,,,,,,,,,,,,,,
b0jj,robin-bertrand,Robin Bertrand,2026,Grass,,,,,,,,,,,,,,,,,,
b0jj,robin-bertrand,Robin Bertrand,2026,Carpet,,,,,,,,,,,,,,,,,,
b0jj,robin-bertrand,Robin Bertrand,2025,all,,,,,,,,,,,,,,,,,,
b0jj,robin-bertrand,Robin Bertrand,2025,Hard,,,,,,,,,,,,,,,,,,
b0jj,robin-bertrand,Robin Bertrand,2025,Clay,,,,,,,,,,,,,,,,,,
b0jj,robin-bertrand,Robin Bertrand,2025,Grass,,,,,,,,,,,,,,,,,,
b0jj,robin-bertrand,Robin Bertrand,2025,Carpet,,,,,,,,,,,,,,,,,,
b0jj,robin-bertrand,Robin Bertrand,2024,all,,,,,,,,,,,,,,,,,,
b0jj,robin-bertrand,Robin Bertrand,2024,Hard,,,,,,,,,,,,,,,,,,
b0jj,robin-bertrand,Robin Bertrand,2024,Clay,,,,,,,,,,,,,,,,,,
b0jj,robin-bertrand,Robin Bertrand,2024,Grass,,,,,,,,,,,,,,,,,,
b0jj,robin-bertrand,Robin Bertrand,2024,Carpet,,,,,,,,,,,,,,,,,,
b0jj,robin-bertrand,Robin Bertrand,2023,all,,,,,,,,,,,,,,,,,,
b0jj,robin-bertrand,Robin Bertrand,2023,Hard,,,,,,,,,,,,,,,,,,
b0jj,robin-bertrand,Robin Bertrand,2023,Clay,,,,,,,,,,,,,,,,,,
b0jj,robin-bertrand,Robin Bertrand,2023,Grass,,,,,,,,,,,,,,,,,,
b0jj,robin-bertrand,Robin Bertrand,2023,Carpet,,,,,,,,,,,,,,,,,,
db63,laslo-djere,Laslo Djere,all,all,1678,1009,61,71,50,2154,62,3790,78,63,28,49,2057,38,3808,21,36,50
db63,laslo-djere,Laslo Djere,all,Hard,752,378,61,70,48,843,61,1362,76,62,25,48,642,38,1375,18,34,48
db63,laslo-djere,Laslo Djere,all,Clay,707,523,61,71,52,1102,62,2035,80,63,31,50,1250,39,2032,24,38,51
db63,laslo-djere,Laslo Djere,all,Grass,219,108,60,74,50,209,64,393,81,64,23,46,165,33,401,13,32,48
db63,laslo-djere,Laslo Djere,all,Carpet,,,,,,,,,,,,,,,,,,
db63,laslo-djere,Laslo Djere,2026,all,16,10,62,66,44,34,68,37,70,57,16,37,5,40,38,5,25,43
db63,laslo-djere,Laslo Djere,2026,Hard,13,7,62,67,43,25,68,28,71,58,17,38,4,50,29,7,27,44
db63,laslo-djere,Laslo Djere,2026,Clay,3,3,61,62,46,9,67,9,67,56,13,33,1,0,9,0,20,40
db63,laslo-djere,Laslo Djere,2026,Grass,,,,,,,,,,,,,,,,,,
db63,laslo-djere,Laslo Djere,2026,Carpet,,,,,,,,,,,,,,,,,,
db63,laslo-djere,Laslo Djere,2025,all,134,74,61,73,53,140,62,310,83,65,28,50,157,41,316,20,36,50
db63,laslo-djere,Laslo Djere,2025,Hard,15,3,67,71,53,11,45,35,83,65,23,47,9,44,35,11,31,48
db63,laslo-djere,Laslo Djere,2025,Clay,86,51,61,73,54,95,64,209,84,66,31,52,122,45,212,26,39,52
db63,laslo-djere,Laslo Djere,2025,Grass,33,20,59,75,49,34,62,66,80,64,21,45,26,19,69,7,29,47
db63,laslo-djere,Laslo Djere,2025,Carpet,,,,,,,,,,,,,,,,,,
db63,laslo-djere,Laslo Djere,2024,all,171,68,63,69,49,215,64,337,77,62,27,52,179,41,337,22,36,49
db63,laslo-djere,Laslo Djere,2024,Hard,113,41,64,70,46,110,67,165,78,62,25,55,91,40,163,22,36,49
db63,laslo-djere,Laslo Djere,2024,Clay,42,19,63,70,51,78,62,137,78,63,30,49,67,43,137,21,36,50
db63,laslo-djere,Laslo Djere,2024,Grass,16,8,59,63,52,27,59,35,69,59,27,48,21,38,37,22,35,47
db63,laslo-djere,Laslo Djere,2024,Carpet,,,,,,,,,,,,,,,,,,
db63,laslo-djere,Laslo Djere,2023,all,335,152,61,72,52,358,65,667,81,64,27,50,356,38,672,20,36,50
db63,laslo-djere,Laslo Djere,2023,Hard,157,54,61,70,50,162,62,262,77,62,26,53,149,41,265,23,37,50
db63,laslo-djere,Laslo Djere,2023,Clay,120,76,60,72,54,151,68,298,84,65,30,48,165,38,298,21,37,51
db63,laslo-djere,Laslo Djere,2023,Grass,58,22,63,78,53,45,69,107,87,69,22,48,42,29,109,11,32,50
db63,laslo-djere,Laslo Djere,2023,Carpet,,,,,,,,,,,,,,,,,,
g0cv,buvaysar-gadamauri,Buvaysar Gadamauri,all,all,,,,,,,,,,,,,,,,,,
g0cv,buvaysar-gadamauri,Buvaysar Gadamauri,all,Hard,,,,,,,,,,,,,,,,,,
g0cv,buvaysar-gadamauri,Buvaysar Gadamauri,all,Clay,,,,,,,,,,,,,,,,,,
g0cv,buvaysar-gadamauri,Buvaysar Gadamauri,all,Grass,,,,,,,,,,,,,,,,,,
g0cv,buvaysar-gadamauri,Buvaysar Gadamauri,all,Carpet,,,,,,,,,,,,,,,,,,
g0cv,buvaysar-gadamauri,Buvaysar Gadamauri,2026,all,,,,,,,,,,,,,,,,,,
g0cv,buvaysar-gadamauri,Buvaysar Gadamauri,2026,Hard,,,,,,,,,,,,,,,,,,
g0cv,buvaysar-gadamauri,Buvaysar Gadamauri,2026,Clay,,,,,,,,,,,,,,,,,,
g0cv,buvaysar-gadamauri,Buvaysar Gadamauri,2026,Grass,,,,,,,,,,,,,,,,,,
g0cv,buvaysar-gadamauri,Buvaysar Gadamauri,2026,Carpet,,,,,,,,,,,,,,,,,,
g0cv,buvaysar-gadamauri,Buvaysar Gadamauri,2025,all,,,,,,,,,,,,,,,,,,
g0cv,buvaysar-gadamauri,Buvaysar Gadamauri,2025,Hard,,,,,,,,,,,,,,,,,,
g0cv,buvaysar-gadamauri,Buvaysar Gadamauri,2025,Clay,,,,,,,,,,,,,,,,,,
g0cv,buvaysar-gadamauri,Buvaysar Gadamauri,2025,Grass,,,,,,,,,,,,,,,,,,
g0cv,buvaysar-gadamauri,Buvaysar Gadamauri,2025,Carpet,,,,,,,,,,,,,,,,,,
g0cv,buvaysar-gadamauri,Buvaysar Gadamauri,2024,all,,,,,,,,,,,,,,,,,,
g0cv,buvaysar-gadamauri,Buvaysar Gadamauri,2024,Hard,,,,,,,,,,,,,,,,,,
g0cv,buvaysar-gadamauri,Buvaysar Gadamauri,2024,Clay,,,,,,,,,,,,,,,,,,
g0cv,buvaysar-gadamauri,Buvaysar Gadamauri,2024,Grass,,,,,,,,,,,,,,,,,,
g0cv,buvaysar-gadamauri,Buvaysar Gadamauri,2024,Carpet,,,,,,,,,,,,,,,,,,
g0cv,buvaysar-gadamauri,Buvaysar Gadamauri,2023,all,,,,,,,,,,,,,,,,,,
g0cv,buvaysar-gadamauri,Buvaysar Gadamauri,2023,Hard,,,,,,,,,,,,,,,,,,
g0cv,buvaysar-gadamauri,Buvaysar Gadamauri,2023,Clay,,,,,,,,,,,,,,,,,,
g0cv,buvaysar-gadamauri,Buvaysar Gadamauri,2023,Grass,,,,,,,,,,,,,,,,,,
g0cv,buvaysar-gadamauri,Buvaysar Gadamauri,2023,Carpet,,,,,,,,,,,,,,,,,,
k926,mikhail-kukushkin,Mikhail Kukushkin,all,all,1173,572,61,66,51,2944,60,4458,74,60,27,51,2422,41,4522,22,37,49
k926,mikhail-kukushkin,Mikhail Kukushkin,all,Hard,832,422,60,67,51,1872,60,2895,74,61,27,52,1567,42,2940,22,37,49
k926,mikhail-kukushkin,Mikhail Kukushkin,all,Clay,178,106,63,63,51,735,59,1039,71,59,29,51,597,41,1054,23,37,48
k926,mikhail-kukushkin,Mikhail Kukushkin,all,Grass,158,43,64,68,52,332,66,514,78,62,28,47,258,36,517,18,35,49
k926,mikhail-kukushkin,Mikhail Kukushkin,all,Carpet,5,1,73,78,35,5,60,10,80,66,5,67,0,0,11,0,29,47
k926,mikhail-kukushkin,Mikhail Kukushkin,2026,all,,,,,,,,,,,,,,,,,,
k926,mikhail-kukushkin,Mikhail Kukushkin,2026,Hard,,,,,,,,,,,,,,,,,,
k926,mikhail-kukushkin,Mikhail Kukushkin,2026,Clay,,,,,,,,,,,,,,,,,,
k926,mikhail-kukushkin,Mikhail Kukushkin,2026,Grass,,,,,,,,,,,,,,,,,,
k926,mikhail-kukushkin,Mikhail Kukushkin,2026,Carpet,,,,,,,,,,,,,,,,,,
k926,mikhail-kukushkin,Mikhail Kukushkin,2025,all,10,3,59,61,55,12,50,22,73,59,21,46,6,50,23,13,32,45
k926,mikhail-kukushkin,Mikhail Kukushkin,2025,Hard,10,3,59,61,55,12,50,22,73,59,21,46,6,50,23,13,32,45
k926,mikhail-kukushkin,Mikhail Kukushkin,2025,Clay,,,,,,,,,,,,,,,,,,
k926,mikhail-kukushkin,Mikhail Kukushkin,2025,Grass,,,,,,,,,,,,,,,,,,
k926,mikhail-kukushkin,Mikhail Kukushkin,2025,Carpet,,,,,,,,,,,,,,,,,,
k926,mikhail-kukushkin,Mikhail Kukushkin,2024,all,14,7,65,65,43,42,60,54,69,57,25,54,23,52,54,22,36,48
k926,mikhail-kukushkin,Mikhail Kukushkin,2024,Hard,13,7,64,69,46,27,63,42,76,61,26,56,18,56,41,24,38,50
k926,mikhail-kukushkin,Mikhail Kukushkin,2024,Clay,1,0,68,50,33,15,53,12,42,45,22,45,5,40,13,15,29,37
k926,mikhail-kukushkin,Mikhail Kukushkin,2024,Grass,,,,,,,,,,,,,,,,,,
k926,mikhail-kukushkin,Mikhail Kukushkin,2024,Carpet,,,,,,,,,,,,,,,,,,
k926,mikhail-kukushkin,Mikhail Kukushkin,2023,all,4,4,68,65,58,20,65,38,82,63,27,47,8,75,36,17,34,49
k926,mikhail-kukushkin,Mikhail Kukushkin,2023,Hard,4,4,68,65,58,20,65,38,82,63,27,47,8,75,36,17,34,49
k926,mikhail-kukushkin,Mikhail Kukushkin,2023,Clay,,,,,,,,,,,,,,,,,,
k926,mikhail-kukushkin,Mikhail Kukushkin,2023,Grass,,,,,,,,,,,,,,,,,,
k926,mikhail-kukushkin,Mikhail Kukushkin,2023,Carpet,,,,,,,,,,,,,,,,,,
r0jw,michele-ribecai,Michele Ribecai,all,all,,,,,,,,,,,,,,,,,,
r0jw,michele-ribecai,Michele Ribecai,all,Hard,,,,,,,,,,,,,,,,,,
r0jw,michele-ribecai,Michele Ribecai,all,Clay,,,,,,,,,,,,,,,,,,
r0jw,michele-ribecai,Michele Ribecai,all,Grass,,,,,,,,,,,,,,,,,,
r0jw,michele-ribecai,Michele Ribecai,all,Carpet,,,,,,,,,,,,,,,,,,
r0jw,michele-ribecai,Michele Ribecai,2026,all,,,,,,,,,,,,,,,,,,
r0jw,michele-ribecai,Michele Ribecai,2026,Hard,,,,,,,,,,,,,,,,,,
r0jw,michele-ribecai,Michele Ribecai,2026,Clay,,,,,,,,,,,,,,,,,,
r0jw,michele-ribecai,Michele Ribecai,2026,Grass,,,,,,,,,,,,,,,,,,
r0jw,michele-ribecai,Michele Ribecai,2026,Carpet,,,,,,,,,,,,,,,,,,
r0jw,michele-ribecai,Michele Ribecai,2025,all,,,,,,,,,,,,,,,,,,
r0jw,michele-ribecai,Michele Ribecai,2025,Hard,,,,,,,,,,,,,,,,,,
r0jw,michele-ribecai,Michele Ribecai,2025,Clay,,,,,,,,,,,,,,,,,,
r0jw,michele-ribecai,Michele Ribecai,2025,Grass,,,,,,,,,,,,,,,,,,
r0jw,michele-ribecai,Michele Ribecai,2025,Carpet,,,,,,,,,,,,,,,,,,
r0jw,michele-ribecai,Michele Ribecai,2024,all,,,,,,,,,,,,,,,,,,
r0jw,michele-ribecai,Michele Ribecai,2024,Hard,,,,,,,,,,,,,,,,,,
r0jw,michele-ribecai,Michele Ribecai,2024,Clay,,,,,,,,,,,,,,,,,,
r0jw,michele-ribecai,Michele Ribecai,2024,Grass,,,,,,,,,,,,,,,,,,
r0jw,michele-ribecai,Michele Ribecai,2024,Carpet,,,,,,,,,,,,,,,,,,
r0jw,michele-ribecai,Michele Ribecai,2023,all,,,,,,,,,,,,,,,,,,
r0jw,michele-ribecai,Michele Ribecai,2023,Hard,,,,,,,,,,,,,,,,,,
r0jw,michele-ribecai,Michele Ribecai,2023,Clay,,,,,,,,,,,,,,,,,,
r0jw,michele-ribecai,Michele Ribecai,2023,Grass,,,,,,,,,,,,,,,,,,
r0jw,michele-ribecai,Michele Ribecai,2023,Carpet,,,,,,,,,,,,,,,,,,
d0lj,diego-dedura,Diego Dedura,all,all,1,6,71,65,48,22,50,34,68,60,19,48,12,17,34,6,32,46
d0lj,diego-dedura,Diego Dedura,all,Hard,,,,,,,,,,,,,,,,,,
d0lj,diego-dedura,Diego Dedura,all,Clay,1,6,71,65,48,22,50,34,68,60,19,48,12,17,34,6,32,46
d0lj,diego-dedura,Diego Dedura,all,Grass,,,,,,,,,,,,,,,,,,
d0lj,diego-dedura,Diego Dedura,all,Carpet,,,,,,,,,,,,,,,,,,
d0lj,diego-dedura,Diego Dedura,2026,all,0,3,78,66,44,9,67,11,73,61,23,44,1,100,11,9,32,47
d0lj,diego-dedura,Diego Dedura,2026,Hard,,,,,,,,,,,,,,,,,,
d0lj,diego-dedura,Diego Dedura,2026,Clay,0,3,78,66,44,9,67,11,73,61,23,44,1,100,11,9,32,47
d0lj,diego-dedura,Diego Dedura,2026,Grass,,,,,,,,,,,,,,,,,,
d0lj,diego-dedura,Diego Dedura,2026,Carpet,,,,,,,,,,,,,,,,,,
d0lj,diego-dedura,Diego Dedura,2025,all,1,3,67,65,49,13,38,23,65,59,18,49,11,9,23,4,32,45
d0lj,diego-dedura,Diego Dedura,2025,Hard,,,,,,,,,,,,,,,,,,
d0lj,diego-dedura,Diego Dedura,2025,Clay,1,3,67,65,49,13,38,23,65,59,18,49,11,9,23,4,32,45
d0lj,diego-dedura,Diego Dedura,2025,Grass,,,,,,,,,,,,,,,,,,
d0lj,diego-dedura,Diego Dedura,2025,Carpet,,,,,,,,,,,,,,,,,,
d0lj,diego-dedura,Diego Dedura,2024,all,,,,,,,,,,,,,,,,,,
d0lj,diego-dedura,Diego Dedura,2024,Hard,,,,,,,,,,,,,,,,,,
d0lj,diego-dedura,Diego Dedura,2024,Clay,,,,,,,,,,,,,,,,,,
d0lj,diego-dedura,Diego Dedura,2024,Grass,,,,,,,,,,,,,,,,,,
d0lj,diego-dedura,Diego Dedura,2024,Carpet,,,,,,,,,,,,,,,,,,
d0lj,diego-dedura,Diego Dedura,2023,all,,,,,,,,,,,,,,,,,,
d0lj,diego-dedura,Diego Dedura,2023,Hard,,,,,,,,,,,,,,,,,,
d0lj,diego-dedura,Diego Dedura,2023,Clay,,,,,,,,,,,,,,,,,,
d0lj,diego-dedura,Diego Dedura,2023,Grass,,,,,,,,,,,,,,,,,,
d0lj,diego-dedura,Diego Dedura,2023,Carpet,,,,,,,,,,,,,,,,,,
m0on,johannus-monday,Johannus Monday,all,all,7,2,59,73,50,6,33,14,71,63,13,35,2,0,14,0,21,44
m0on,johannus-monday,Johannus Monday,all,Hard,,,,,,,,,,,,,,,,,,
m0on,johannus-monday,Johannus Monday,all,Clay,,,,,,,,,,,,,,,,,,
m0on,johannus-monday,Johannus Monday,all,Grass,7,2,59,73,50,6,33,14,71,63,13,35,2,0,14,0,21,44
m0on,johannus-monday,Johannus Monday,all,Carpet,,,,,,,,,,,,,,,,,,
m0on,johannus-monday,Johannus Monday,2026,all,,,,,,,,,,,,,,,,,,
m0on,johannus-monday,Johannus Monday,2026,Hard,,,,,,,,,,,,,,,,,,
m0on,johannus-monday,Johannus Monday,2026,Clay,,,,,,,,,,,,,,,,,,
m0on,johannus-monday,Johannus Monday,2026,Grass,,,,,,,,,,,,,,,,,,
m0on,johannus-monday,Johannus Monday,2026,Carpet,,,,,,,,,,,,,,,,,,
m0on,johannus-monday,Johannus Monday,2025,all,7,2,59,73,50,6,33,14,71,63,13,35,2,0,14,0,21,44
m0on,johannus-monday,Johannus Monday,2025,Hard,,,,,,,,,,,,,,,,,,
m0on,johannus-monday,Johannus Monday,2025,Clay,,,,,,,,,,,,,,,,,,
m0on,johannus-monday,Johannus Monday,2025,Grass,7,2,59,73,50,6,33,14,71,63,13,35,2,0,14,0,21,44
m0on,johannus-monday,Johannus Monday,2025,Carpet,,,,,,,,,,,,,,,,,,
m0on,johannus-monday,Johannus Monday,2024,all,,,,,,,,,,,,,,,,,,
m0on,johannus-monday,Johannus Monday,2024,Hard,,,,,,,,,,,,,,,,,,
m0on,johannus-monday,Johannus Monday,2024,Clay,,,,,,,,,,,,,,,,,,
m0on,johannus-monday,Johannus Monday,2024,Grass,,,,,,,,,,,,,,,,,,
m0on,johannus-monday,Johannus Monday,2024,Carpet,,,,,,,,,,,,,,,,,,
m0on,johannus-monday,Johannus Monday,2023,all,,,,,,,,,,,,,,,,,,
m0on,johannus-monday,Johannus Monday,2023,Hard,,,,,,,,,,,,,,,,,,
m0on,johannus-monday,Johannus Monday,2023,Clay,,,,,,,,,,,,,,,,,,
m0on,johannus-monday,Johannus Monday,2023,Grass,,,,,,,,,,,,,,,,,,
m0on,johannus-monday,Johannus Monday,2023,Carpet,,,,,,,,,,,,,,,,,,
b0ou,hynek-barton,Hynek Barton,all,all,,,,,,,,,,,,,,,,,,
b0ou,hynek-barton,Hynek Barton,all,Hard,,,,,,,,,,,,,,,,,,
b0ou,hynek-barton,Hynek Barton,all,Clay,,,,,,,,,,,,,,,,,,
b0ou,hynek-barton,Hynek Barton,all,Grass,,,,,,,,,,,,,,,,,,
b0ou,hynek-barton,Hynek Barton,all,Carpet,,,,,,,,,,,,,,,,,,
b0ou,hynek-barton,Hynek Barton,2026,all,,,,,,,,,,,,,,,,,,
b0ou,hynek-barton,Hynek Barton,2026,Hard,,,,,,,,,,,,,,,,,,
b0ou,hynek-barton,Hynek Barton,2026,Clay,,,,,,,,,,,,,,,,,,
b0ou,hynek-barton,Hynek Barton,2026,Grass,,,,,,,,,,,,,,,,,,
b0ou,hynek-barton,Hynek Barton,2026,Carpet,,,,,,,,,,,,,,,,,,
b0ou,hynek-barton,Hynek Barton,2025,all,,,,,,,,,,,,,,,,,,
b0ou,hynek-barton,Hynek Barton,2025,Hard,,,,,,,,,,,,,,,,,,
b0ou,hynek-barton,Hynek Barton,2025,Clay,,,,,,,,,,,,,,,,,,
b0ou,hynek-barton,Hynek Barton,2025,Grass,,,,,,,,,,,,,,,,,,
b0ou,hynek-barton,Hynek Barton,2025,Carpet,,,,,,,,,,,,,,,,,,
b0ou,hynek-barton,Hynek Barton,2024,all,,,,,,,,,,,,,,,,,,
b0ou,hynek-barton,Hynek Barton,2024,Hard,,,,,,,,,,,,,,,,,,
b0ou,hynek-barton,Hynek Barton,2024,Clay,,,,,,,,,,,,,,,,,,
b0ou,hynek-barton,Hynek Barton,2024,Grass,,,,,,,,,,,,,,,,,,
b0ou,hynek-barton,Hynek Barton,2024,Carpet,,,,,,,,,,,,,,,,,,
b0ou,hynek-barton,Hynek Barton,2023,all,,,,,,,,,,,,,,,,,,
b0ou,hynek-barton,Hynek Barton,2023,Hard,,,,,,,,,,,,,,,,,,
b0ou,hynek-barton,Hynek Barton,2023,Clay,,,,,,,,,,,,,,,,,,
b0ou,hynek-barton,Hynek Barton,2023,Grass,,,,,,,,,,,,,,,,,,
b0ou,hynek-barton,Hynek Barton,2023,Carpet,,,,,,,,,,,,,,,,,,
f0bt,jonas-forejtek,Jonas Forejtek,all,all,9,2,63,75,41,12,67,18,78,62,15,55,7,57,17,24,32,49
f0bt,jonas-forejtek,Jonas Forejtek,all,Hard,9,2,63,75,41,12,67,18,78,62,15,55,7,57,17,24,32,49
f0bt,jonas-forejtek,Jonas Forejtek,all,Clay,,,,,,,,,,,,,,,,,,
f0bt,jonas-forejtek,Jonas Forejtek,all,Grass,,,,,,,,,,,,,,,,,,
f0bt,jonas-forejtek,Jonas Forejtek,all,Carpet,,,,,,,,,,,,,,,,,,
f0bt,jonas-forejtek,Jonas Forejtek,2026,all,,,,,,,,,,,,,,,,,,
f0bt,jonas-forejtek,Jonas Forejtek,2026,Hard,,,,,,,,,,,,,,,,,,
f0bt,jonas-forejtek,Jonas Forejtek,2026,Clay,,,,,,,,,,,,,,,,,,
f0bt,jonas-forejtek,Jonas Forejtek,2026,Grass,,,,,,,,,,,,,,,,,,
f0bt,jonas-forejtek,Jonas Forejtek,2026,Carpet,,,,,,,,,,,,,,,,,,
f0bt,jonas-forejtek,Jonas Forejtek,2025,all,,,,,,,,,,,,,,,,,,
f0bt,jonas-forejtek,Jonas Forejtek,2025,Hard,,,,,,,,,,,,,,,,,,
f0bt,jonas-forejtek,Jonas Forejtek,2025,Clay,,,,,,,,,,,,,,,,,,
f0bt,jonas-forejtek,Jonas Forejtek,2025,Grass,,,,,,,,,,,,,,,,,,
f0bt,jonas-forejtek,Jonas Forejtek,2025,Carpet,,,,,,,,,,,,,,,,,,
f0bt,jonas-forejtek,Jonas Forejtek,2024,all,,,,,,,,,,,,,,,,,,
f0bt,jonas-forejtek,Jonas Forejtek,2024,Hard,,,,,,,,,,,,,,,,,,
f0bt,jonas-forejtek,Jonas Forejtek,2024,Clay,,,,,,,,,,,,,,,,,,
f0bt,jonas-forejtek,Jonas Forejtek,2024,Grass,,,,,,,,,,,,,,,,,,
f0bt,jonas-forejtek,Jonas Forejtek,2024,Carpet,,,,,,,,,,,,,,,,,,
f0bt,jonas-forejtek,Jonas Forejtek,2023,all,,,,,,,,,,,,,,,,,,
f0bt,jonas-forejtek,Jonas Forejtek,2023,Hard,,,,,,,,,,,,,,,,,,
f0bt,jonas-forejtek,Jonas Forejtek,2023,Clay,,,,,,,,,,,,,,,,,,
f0bt,jonas-forejtek,Jonas Forejtek,2023,Grass,,,,,,,,,,,,,,,,,,
f0bt,jonas-forejtek,Jonas Forejtek,2023,Carpet,,,,,,,,,,,,,,,,,,
g0iw,antoine-ghibaudo,Antoine Ghibaudo,all,all,,,,,,,,,,,,,,,,,,
g0iw,antoine-ghibaudo,Antoine Ghibaudo,all,Hard,,,,,,,,,,,,,,,,,,
g0iw,antoine-ghibaudo,Antoine Ghibaudo,all,Clay,,,,,,,,,,,,,,,,,,
g0iw,antoine-ghibaudo,Antoine Ghibaudo,all,Grass,,,,,,,,,,,,,,,,,,
g0iw,antoine-ghibaudo,Antoine Ghibaudo,all,Carpet,,,,,,,,,,,,,,,,,,
g0iw,antoine-ghibaudo,Antoine Ghibaudo,2026,all,,,,,,,,,,,,,,,,,,
g0iw,antoine-ghibaudo,Antoine Ghibaudo,2026,Hard,,,,,,,,,,,,,,,,,,
g0iw,antoine-ghibaudo,Antoine Ghibaudo,2026,Clay,,,,,,,,,,,,,,,,,,
g0iw,antoine-ghibaudo,Antoine Ghibaudo,2026,Grass,,,,,,,,,,,,,,,,,,
g0iw,antoine-ghibaudo,Antoine Ghibaudo,2026,Carpet,,,,,,,,,,,,,,,,,,
g0iw,antoine-ghibaudo,Antoine Ghibaudo,2025,all,,,,,,,,,,,,,,,,,,
g0iw,antoine-ghibaudo,Antoine Ghibaudo,2025,Hard,,,,,,,,,,,,,,,,,,
g0iw,antoine-ghibaudo,Antoine Ghibaudo,2025,Clay,,,,,,,,,,,,,,,,,,
g0iw,antoine-ghibaudo,Antoine Ghibaudo,2025,Grass,,,,,,,,,,,,,,,,,,
g0iw,antoine-ghibaudo,Antoine Ghibaudo,2025,Carpet,,,,,,,,,,,,,,,,,,
g0iw,antoine-ghibaudo,Antoine Ghibaudo,2024,all,,,,,,,,,,,,,,,,,,
g0iw,antoine-ghibaudo,Antoine Ghibaudo,2024,Hard,,,,,,,,,,,,,,,,,,
g0iw,antoine-ghibaudo,Antoine Ghibaudo,2024,Clay,,,,,,,,,,,,,,,,,,
g0iw,antoine-ghibaudo,Antoine Ghibaudo,2024,Grass,,,,,,,,,,,,,,,,,,
g0iw,antoine-ghibaudo,Antoine Ghibaudo,2024,Carpet,,,,,,,,,,,,,,,,,,
g0iw,antoine-ghibaudo,Antoine Ghibaudo,2023,all,,,,,,,,,,,,,,,,,,
g0iw,antoine-ghibaudo,Antoine Ghibaudo,2023,Hard,,,,,,,,,,,,,,,,,,
g0iw,antoine-ghibaudo,Antoine Ghibaudo,2023,Clay,,,,,,,,,,,,,,,,,,
g0iw,antoine-ghibaudo,Antoine Ghibaudo,2023,Grass,,,,,,,,,,,,,,,,,,
g0iw,antoine-ghibaudo,Antoine Ghibaudo,2023,Carpet,,,,,,,,,,,,,,,,,,
a0cj,duje-ajdukovic,Duje Ajdukovic,all,all,42,23,55,67,49,69,41,124,67,59,33,44,70,43,128,23,36,47
a0cj,duje-ajdukovic,Duje Ajdukovic,all,Hard,5,0,66,67,50,7,57,9,67,61,22,48,2,50,10,10,32,46
a0cj,duje-ajdukovic,Duje Ajdukovic,all,Clay,37,23,54,67,49,62,39,115,67,58,33,43,68,43,118,25,37,47
a0cj,duje-ajdukovic,Duje Ajdukovic,all,Grass,,,,,,,,,,,,,,,,,,
a0cj,duje-ajdukovic,Duje Ajdukovic,all,Carpet,,,,,,,,,,,,,,,,,,
a0cj,duje-ajdukovic,Duje Ajdukovic,2026,all,,,,,,,,,,,,,,,,,,
a0cj,duje-ajdukovic,Duje Ajdukovic,2026,Hard,,,,,,,,,,,,,,,,,,
a0cj,duje-ajdukovic,Duje Ajdukovic,2026,Clay,,,,,,,,,,,,,,,,,,
a0cj,duje-ajdukovic,Duje Ajdukovic,2026,Grass,,,,,,,,,,,,,,,,,,
a0cj,duje-ajdukovic,Duje Ajdukovic,2026,Carpet,,,,,,,,,,,,,,,,,,
a0cj,duje-ajdukovic,Duje Ajdukovic,2025,all,0,0,0,0,0,0,0,0,0,0,0,0,0,0,0,0,0,0
a0cj,duje-ajdukovic,Duje Ajdukovic,2025,Hard,0,0,0,0,0,0,0,0,0,0,0,0,0,0,0,0,0,0
a0cj,duje-ajdukovic,Duje Ajdukovic,2025,Clay,,,,,,,,,,,,,,,,,,
a0cj,duje-ajdukovic,Duje Ajdukovic,2025,Grass,,,,,,,,,,,,,,,,,,
a0cj,duje-ajdukovic,Duje Ajdukovic,2025,Carpet,,,,,,,,,,,,,,,,,,
a0cj,duje-ajdukovic,Duje Ajdukovic,2024,all,28,14,56,70,51,44,43,87,71,61,32,42,44,43,91,21,35,48
a0cj,duje-ajdukovic,Duje Ajdukovic,2024,Hard,5,0,66,67,50,7,57,9,67,61,22,48,2,50,10,10,32,46
a0cj,duje-ajdukovic,Duje Ajdukovic,2024,Clay,23,14,55,70,51,37,41,78,72,61,33,41,42,43,81,22,35,48
a0cj,duje-ajdukovic,Duje Ajdukovic,2024,Grass,,,,,,,,,,,,,,,,,,
a0cj,duje-ajdukovic,Duje Ajdukovic,2024,Carpet,,,,,,,,,,,,,,,,,,
a0cj,duje-ajdukovic,Duje Ajdukovic,2023,all,4,3,48,65,41,5,20,7,43,52,21,35,1,0,8,0,28,39
a0cj,duje-ajdukovic,Duje Ajdukovic,2023,Hard,0,0,0,0,0,0,0,0,0,0,0,0,0,0,0,0,0,0
a0cj,duje-ajdukovic,Duje Ajdukovic,2023,Clay,4,3,48,65,41,5,20,7,43,52,21,35,1,0,8,0,28,39
a0cj,duje-ajdukovic,Duje Ajdukovic,2023,Grass,,,,,,,,,,,,,,,,,,
a0cj,duje-ajdukovic,Duje Ajdukovic,2023,Carpet,,,,,,,,,,,,,,,,,,
s0dq,keegan-smith,Keegan Smith,all,all,,,,,,,,,,,,,,,,,,
s0dq,keegan-smith,Keegan Smith,all,Hard,,,,,,,,,,,,,,,,,,
s0dq,keegan-smith,Keegan Smith,all,Clay,,,,,,,,,,,,,,,,,,
s0dq,keegan-smith,Keegan Smith,all,Grass,,,,,,,,,,,,,,,,,,
s0dq,keegan-smith,Keegan Smith,all,Carpet,,,,,,,,,,,,,,,,,,
s0dq,keegan-smith,Keegan Smith,2026,all,,,,,,,,,,,,,,,,,,
s0dq,keegan-smith,Keegan Smith,2026,Hard,,,,,,,,,,,,,,,,,,
s0dq,keegan-smith,Keegan Smith,2026,Clay,,,,,,,,,,,,,,,,,,
s0dq,keegan-smith,Keegan Smith,2026,Grass,,,,,,,,,,,,,,,,,,
s0dq,keegan-smith,Keegan Smith,2026,Carpet,,,,,,,,,,,,,,,,,,
s0dq,keegan-smith,Keegan Smith,2025,all,,,,,,,,,,,,,,,,,,
s0dq,keegan-smith,Keegan Smith,2025,Hard,,,,,,,,,,,,,,,,,,
s0dq,keegan-smith,Keegan Smith,2025,Clay,,,,,,,,,,,,,,,,,,
s0dq,keegan-smith,Keegan Smith,2025,Grass,,,,,,,,,,,,,,,,,,
s0dq,keegan-smith,Keegan Smith,2025,Carpet,,,,,,,,,,,,,,,,,,
s0dq,keegan-smith,Keegan Smith,2024,all,,,,,,,,,,,,,,,,,,
s0dq,keegan-smith,Keegan Smith,2024,Hard,,,,,,,,,,,,,,,,,,
s0dq,keegan-smith,Keegan Smith,2024,Clay,,,,,,,,,,,,,,,,,,
s0dq,keegan-smith,Keegan Smith,2024,Grass,,,,,,,,,,,,,,,,,,
s0dq,keegan-smith,Keegan Smith,2024,Carpet,,,,,,,,,,,,,,,,,,
s0dq,keegan-smith,Keegan Smith,2023,all,,,,,,,,,,,,,,,,,,
s0dq,keegan-smith,Keegan Smith,2023,Hard,,,,,,,,,,,,,,,,,,
s0dq,keegan-smith,Keegan Smith,2023,Clay,,,,,,,,,,,,,,,,,,
s0dq,keegan-smith,Keegan Smith,2023,Grass,,,,,,,,,,,,,,,,,,
s0dq,keegan-smith,Keegan Smith,2023,Carpet,,,,,,,,,,,,,,,,,,
f0a3,sergey-fomin,Sergey Fomin,all,all,0,0,0,0,0,0,0,0,0,0,0,0,0,0,0,0,0,0
f0a3,sergey-fomin,Sergey Fomin,all,Hard,0,0,0,0,0,0,0,0,0,0,0,0,0,0,0,0,0,0
f0a3,sergey-fomin,Sergey Fomin,all,Clay,,,,,,,,,,,,,,,,,,
f0a3,sergey-fomin,Sergey Fomin,all,Grass,,,,,,,,,,,,,,,,,,
f0a3,sergey-fomin,Sergey Fomin,all,Carpet,,,,,,,,,,,,,,,,,,
f0a3,sergey-fomin,Sergey Fomin,2026,all,,,,,,,,,,,,,,,,,,
f0a3,sergey-fomin,Sergey Fomin,2026,Hard,,,,,,,,,,,,,,,,,,
f0a3,sergey-fomin,Sergey Fomin,2026,Clay,,,,,,,,,,,,,,,,,,
f0a3,sergey-fomin,Sergey Fomin,2026,Grass,,,,,,,,,,,,,,,,,,
f0a3,sergey-fomin,Sergey Fomin,2026,Carpet,,,,,,,,,,,,,,,,,,
f0a3,sergey-fomin,Sergey Fomin,2025,all,0,0,0,0,0,0,0,0,0,0,0,0,0,0,0,0,0,0
f0a3,sergey-fomin,Sergey Fomin,2025,Hard,0,0,0,0,0,0,0,0,0,0,0,0,0,0,0,0,0,0
f0a3,sergey-fomin,Sergey Fomin,2025,Clay,,,,,,,,,,,,,,,,,,
f0a3,sergey-fomin,Sergey Fomin,2025,Grass,,,,,,,,,,,,,,,,,,
f0a3,sergey-fomin,Sergey Fomin,2025,Carpet,,,,,,,,,,,,,,,,,,
f0a3,sergey-fomin,Sergey Fomin,2024,all,0,0,0,0,0,0,0,0,0,0,0,0,0,0,0,0,0,0
f0a3,sergey-fomin,Sergey Fomin,2024,Hard,0,0,0,0,0,0,0,0,0,0,0,0,0,0,0,0,0,0
f0a3,sergey-fomin,Sergey Fomin,2024,Clay,,,,,,,,,,,,,,,,,,
f0a3,sergey-fomin,Sergey Fomin,2024,Grass,,,,,,,,,,,,,,,,,,
f0a3,sergey-fomin,Sergey Fomin,2024,Carpet,,,,,,,,,,,,,,,,,,
f0a3,sergey-fomin,Sergey Fomin,2023,all,0,0,0,0,0,0,0,0,0,0,0,0,0,0,0,0,0,0
f0a3,sergey-fomin,Sergey Fomin,2023,Hard,0,0,0,0,0,0,0,0,0,0,0,0,0,0,0,0,0,0
f0a3,sergey-fomin,Sergey Fomin,2023,Clay,,,,,,,,,,,,,,,,,,
f0a3,sergey-fomin,Sergey Fomin,2023,Grass,,,,,,,,,,,,,,,,,,
f0a3,sergey-fomin,Sergey Fomin,2023,Carpet,,,,,,,,,,,,,,,,,,
s0ek,matias-soto,Matias Soto,all,all,1,6,43,50,49,8,50,8,50,49,33,31,3,33,9,11,33,41
s0ek,matias-soto,Matias Soto,all,Hard,,,,,,,,,,,,,,,,,,
s0ek,matias-soto,Matias Soto,all,Clay,1,6,43,50,49,8,50,8,50,49,33,31,3,33,9,11,33,41
s0ek,matias-soto,Matias Soto,all,Grass,,,,,,,,,,,,,,,,,,
s0ek,matias-soto,Matias Soto,all,Carpet,,,,,,,,,,,,,,,,,,
s0ek,matias-soto,Matias Soto,2026,all,1,6,43,50,49,8,50,8,50,49,33,31,3,33,9,11,33,41
s0ek,matias-soto,Matias Soto,2026,Hard,,,,,,,,,,,,,,,,,,
s0ek,matias-soto,Matias Soto,2026,Clay,1,6,43,50,49,8,50,8,50,49,33,31,3,33,9,11,33,41
s0ek,matias-soto,Matias Soto,2026,Grass,,,,,,,,,,,,,,,,,,
s0ek,matias-soto,Matias Soto,2026,Carpet,,,,,,,,,,,,,,,,,,
s0ek,matias-soto,Matias Soto,2025,all,,,,,,,,,,,,,,,,,,
s0ek,matias-soto,Matias Soto,2025,Hard,,,,,,,,,,,,,,,,,,
s0ek,matias-soto,Matias Soto,2025,Clay,,,,,,,,,,,,,,,,,,
s0ek,matias-soto,Matias Soto,2025,Grass,,,,,,,,,,,,,,,,,,
s0ek,matias-soto,Matias Soto,2025,Carpet,,,,,,,,,,,,,,,,,,
s0ek,matias-soto,Matias Soto,2024,all,,,,,,,,,,,,,,,,,,
s0ek,matias-soto,Matias Soto,2024,Hard,,,,,,,,,,,,,,,,,,
s0ek,matias-soto,Matias Soto,2024,Clay,,,,,,,,,,,,,,,,,,
s0ek,matias-soto,Matias Soto,2024,Grass,,,,,,,,,,,,,,,,,,
s0ek,matias-soto,Matias Soto,2024,Carpet,,,,,,,,,,,,,,,,,,
s0ek,matias-soto,Matias Soto,2023,all,,,,,,,,,,,,,,,,,,
s0ek,matias-soto,Matias Soto,2023,Hard,,,,,,,,,,,,,,,,,,
s0ek,matias-soto,Matias Soto,2023,Clay,,,,,,,,,,,,,,,,,,
s0ek,matias-soto,Matias Soto,2023,Grass,,,,,,,,,,,,,,,,,,
s0ek,matias-soto,Matias Soto,2023,Carpet,,,,,,,,,,,,,,,,,,
mj08,thiago-monteiro,Thiago Monteiro,all,all,1132,469,65,72,52,1369,62,2636,80,65,25,47,1143,39,2654,17,33,49
mj08,thiago-monteiro,Thiago Monteiro,all,Hard,443,149,65,73,52,447,65,851,82,66,23,46,299,36,863,13,31,49
mj08,thiago-monteiro,Thiago Monteiro,all,Clay,616,298,65,71,51,861,61,1629,79,64,27,48,806,40,1634,20,35,50
mj08,thiago-monteiro,Thiago Monteiro,all,Grass,73,22,62,73,55,61,59,156,84,66,18,41,38,26,157,6,26,47
mj08,thiago-monteiro,Thiago Monteiro,all,Carpet,,,,,,,,,,,,,,,,,,
mj08,thiago-monteiro,Thiago Monteiro,2026,all,9,2,69,74,26,5,60,9,78,59,16,41,0,0,10,0,23,41
mj08,thiago-monteiro,Thiago Monteiro,2026,Hard,,,,,,,,,,,,,,,,,,
mj08,thiago-monteiro,Thiago Monteiro,2026,Clay,9,2,69,74,26,5,60,9,78,59,16,41,0,0,10,0,23,41
mj08,thiago-monteiro,Thiago Monteiro,2026,Grass,,,,,,,,,,,,,,,,,,
mj08,thiago-monteiro,Thiago Monteiro,2026,Carpet,,,,,,,,,,,,,,,,,,
mj08,thiago-monteiro,Thiago Monteiro,2025,all,61,33,61,72,47,73,56,146,78,63,21,49,53,28,145,10,31,47
mj08,thiago-monteiro,Thiago Monteiro,2025,Hard,29,8,63,72,47,28,61,43,74,63,16,40,7,14,43,2,23,44
mj08,thiago-monteiro,Thiago Monteiro,2025,Clay,32,25,60,72,47,45,53,103,80,62,23,51,46,30,102,14,33,48
mj08,thiago-monteiro,Thiago Monteiro,2025,Grass,,,,,,,,,,,,,,,,,,
mj08,thiago-monteiro,Thiago Monteiro,2025,Carpet,,,,,,,,,,,,,,,,,,
mj08,thiago-monteiro,Thiago Monteiro,2024,all,107,43,66,74,54,97,63,237,85,67,25,45,98,42,239,17,33,50
mj08,thiago-monteiro,Thiago Monteiro,2024,Hard,31,11,66,75,49,24,75,45,87,66,17,40,8,38,47,6,26,47
mj08,thiago-monteiro,Thiago Monteiro,2024,Clay,69,28,66,74,54,69,61,172,84,67,29,47,90,42,171,22,36,51
mj08,thiago-monteiro,Thiago Monteiro,2024,Grass,7,4,60,74,66,4,25,20,85,71,10,33,0,0,21,0,14,44
mj08,thiago-monteiro,Thiago Monteiro,2024,Carpet,,,,,,,,,,,,,,,,,,
mj08,thiago-monteiro,Thiago Monteiro,2023,all,165,63,61,72,52,155,59,327,81,65,23,46,128,33,336,13,31,48
mj08,thiago-monteiro,Thiago Monteiro,2023,Hard,50,16,62,73,48,44,68,80,83,64,21,45,20,30,85,7,29,47
mj08,thiago-monteiro,Thiago Monteiro,2023,Clay,105,43,61,72,52,106,57,226,80,64,25,46,106,33,229,15,33,49
mj08,thiago-monteiro,Thiago Monteiro,2023,Grass,10,4,52,78,69,5,40,21,86,73,15,57,2,50,22,5,25,48
mj08,thiago-monteiro,Thiago Monteiro,2023,Carpet,,,,,,,,,,,,,,,,,,
g0ao,alastair-gray,Alastair Gray,all,all,21,19,60,70,44,34,65,48,75,60,29,47,33,27,51,18,35,47
g0ao,alastair-gray,Alastair Gray,all,Hard,,,,,,,,,,,,,,,,,,
g0ao,alastair-gray,Alastair Gray,all,Clay,,,,,,,,,,,,,,,,,,
g0ao,alastair-gray,Alastair Gray,all,Grass,21,19,60,70,44,34,65,48,75,60,29,47,33,27,51,18,35,47
g0ao,alastair-gray,Alastair Gray,all,Carpet,,,,,,,,,,,,,,,,,,
g0ao,alastair-gray,Alastair Gray,2026,all,,,,,,,,,,,,,,,,,,
g0ao,alastair-gray,Alastair Gray,2026,Hard,,,,,,,,,,,,,,,,,,
g0ao,alastair-gray,Alastair Gray,2026,Clay,,,,,,,,,,,,,,,,,,
g0ao,alastair-gray,Alastair Gray,2026,Grass,,,,,,,,,,,,,,,,,,
g0ao,alastair-gray,Alastair Gray,2026,Carpet,,,,,,,,,,,,,,,,,,
g0ao,alastair-gray,Alastair Gray,2025,all,,,,,,,,,,,,,,,,,,
g0ao,alastair-gray,Alastair Gray,2025,Hard,,,,,,,,,,,,,,,,,,
g0ao,alastair-gray,Alastair Gray,2025,Clay,,,,,,,,,,,,,,,,,,
g0ao,alastair-gray,Alastair Gray,2025,Grass,,,,,,,,,,,,,,,,,,
g0ao,alastair-gray,Alastair Gray,2025,Carpet,,,,,,,,,,,,,,,,,,
g0ao,alastair-gray,Alastair Gray,2024,all,,,,,,,,,,,,,,,,,,
g0ao,alastair-gray,Alastair Gray,2024,Hard,,,,,,,,,,,,,,,,,,
g0ao,alastair-gray,Alastair Gray,2024,Clay,,,,,,,,,,,,,,,,,,
g0ao,alastair-gray,Alastair Gray,2024,Grass,,,,,,,,,,,,,,,,,,
g0ao,alastair-gray,Alastair Gray,2024,Carpet,,,,,,,,,,,,,,,,,,
g0ao,alastair-gray,Alastair Gray,2023,all,,,,,,,,,,,,,,,,,,
g0ao,alastair-gray,Alastair Gray,2023,Hard,,,,,,,,,,,,,,,,,,
g0ao,alastair-gray,Alastair Gray,2023,Clay,,,,,,,,,,,,,,,,,,
g0ao,alastair-gray,Alastair Gray,2023,Grass,,,,,,,,,,,,,,,,,,
g0ao,alastair-gray,Alastair Gray,2023,Carpet,,,,,,,,,,,,,,,,,,
m0e1,daniel-michalski,Daniel Michalski,all,all,3,5,69,59,44,22,55,25,60,54,15,42,5,0,26,0,25,40
m0e1,daniel-michalski,Daniel Michalski,all,Hard,3,5,69,59,44,22,55,25,60,54,15,42,5,0,26,0,25,40
m0e1,daniel-michalski,Daniel Michalski,all,Clay,,,,,,,,,,,,,,,,,,
m0e1,daniel-michalski,Daniel Michalski,all,Grass,,,,,,,,,,,,,,,,,,
m0e1,daniel-michalski,Daniel Michalski,all,Carpet,,,,,,,,,,,,,,,,,,
m0e1,daniel-michalski,Daniel Michalski,2026,all,,,,,,,,,,,,,,,,,,
m0e1,daniel-michalski,Daniel Michalski,2026,Hard,,,,,,,,,,,,,,,,,,
m0e1,daniel-michalski,Daniel Michalski,2026,Clay,,,,,,,,,,,,,,,,,,
m0e1,daniel-michalski,Daniel Michalski,2026,Grass,,,,,,,,,,,,,,,,,,
m0e1,daniel-michalski,Daniel Michalski,2026,Carpet,,,,,,,,,,,,,,,,,,
m0e1,daniel-michalski,Daniel Michalski,2025,all,,,,,,,,,,,,,,,,,,
m0e1,daniel-michalski,Daniel Michalski,2025,Hard,,,,,,,,,,,,,,,,,,
m0e1,daniel-michalski,Daniel Michalski,2025,Clay,,,,,,,,,,,,,,,,,,
m0e1,daniel-michalski,Daniel Michalski,2025,Grass,,,,,,,,,,,,,,,,,,
m0e1,daniel-michalski,Daniel Michalski,2025,Carpet,,,,,,,,,,,,,,,,,,
m0e1,daniel-michalski,Daniel Michalski,2024,all,,,,,,,,,,,,,,,,,,
m0e1,daniel-michalski,Daniel Michalski,2024,Hard,,,,,,,,,,,,,,,,,,
m0e1,daniel-michalski,Daniel Michalski,2024,Clay,,,,,,,,,,,,,,,,,,
m0e1,daniel-michalski,Daniel Michalski,2024,Grass,,,,,,,,,,,,,,,,,,
m0e1,daniel-michalski,Daniel Michalski,2024,Carpet,,,,,,,,,,,,,,,,,,
m0e1,daniel-michalski,Daniel Michalski,2023,all,3,5,69,59,44,22,55,25,60,54,15,42,5,0,26,0,25,40
m0e1,daniel-michalski,Daniel Michalski,2023,Hard,3,5,69,59,44,22,55,25,60,54,15,42,5,0,26,0,25,40
m0e1,daniel-michalski,Daniel Michalski,2023,Clay,,,,,,,,,,,,,,,,,,
m0e1,daniel-michalski,Daniel Michalski,2023,Grass,,,,,,,,,,,,,,,,,,
m0e1,daniel-michalski,Daniel Michalski,2023,Carpet,,,,,,,,,,,,,,,,,,
rd48,igor-marcondes,Igor Marcondes,all,all,6,2,62,75,58,6,50,16,81,69,28,51,14,14,16,13,35,50
rd48,igor-marcondes,Igor Marcondes,all,Hard,,,,,,,,,,,,,,,,,,
rd48,igor-marcondes,Igor Marcondes,all,Clay,6,2,62,75,58,6,50,16,81,69,28,51,14,14,16,13,35,50
rd48,igor-marcondes,Igor Marcondes,all,Grass,,,,,,,,,,,,,,,,,,
rd48,igor-marcondes,Igor Marcondes,all,Carpet,,,,,,,,,,,,,,,,,,
rd48,igor-marcondes,Igor Marcondes,2026,all,6,2,62,75,58,6,50,16,81,69,28,51,14,14,16,13,35,50
rd48,igor-marcondes,Igor Marcondes,2026,Hard,,,,,,,,,,,,,,,,,,
rd48,igor-marcondes,Igor Marcondes,2026,Clay,6,2,62,75,58,6,50,16,81,69,28,51,14,14,16,13,35,50
rd48,igor-marcondes,Igor Marcondes,2026,Grass,,,,,,,,,,,,,,,,,,
rd48,igor-marcondes,Igor Marcondes,2026,Carpet,,,,,,,,,,,,,,,,,,
rd48,igor-marcondes,Igor Marcondes,2025,all,,,,,,,,,,,,,,,,,,
rd48,igor-marcondes,Igor Marcondes,2025,Hard,,,,,,,,,,,,,,,,,,
rd48,igor-marcondes,Igor Marcondes,2025,Clay,,,,,,,,,,,,,,,,,,
rd48,igor-marcondes,Igor Marcondes,2025,Grass,,,,,,,,,,,,,,,,,,
rd48,igor-marcondes,Igor Marcondes,2025,Carpet,,,,,,,,,,,,,,,,,,
rd48,igor-marcondes,Igor Marcondes,2024,all,,,,,,,,,,,,,,,,,,
rd48,igor-marcondes,Igor Marcondes,2024,Hard,,,,,,,,,,,,,,,,,,
rd48,igor-marcondes,Igor Marcondes,2024,Clay,,,,,,,,,,,,,,,,,,
rd48,igor-marcondes,Igor Marcondes,2024,Grass,,,,,,,,,,,,,,,,,,
rd48,igor-marcondes,Igor Marcondes,2024,Carpet,,,,,,,,,,,,,,,,,,
rd48,igor-marcondes,Igor Marcondes,2023,all,,,,,,,,,,,,,,,,,,
rd48,igor-marcondes,Igor Marcondes,2023,Hard,,,,,,,,,,,,,,,,,,
rd48,igor-marcondes,Igor Marcondes,2023,Clay,,,,,,,,,,,,,,,,,,
rd48,igor-marcondes,Igor Marcondes,2023,Grass,,,,,,,,,,,,,,,,,,
rd48,igor-marcondes,Igor Marcondes,2023,Carpet,,,,,,,,,,,,,,,,,,
mj98,facundo-mena,Facundo Mena,all,all,3,2,54,79,48,7,71,10,80,65,36,36,6,17,11,9,36,50
mj98,facundo-mena,Facundo Mena,all,Hard,3,2,54,79,48,7,71,10,80,65,36,36,6,17,11,9,36,50
mj98,facundo-mena,Facundo Mena,all,Clay,,,,,,,,,,,,,,,,,,
mj98,facundo-mena,Facundo Mena,all,Grass,,,,,,,,,,,,,,,,,,
mj98,facundo-mena,Facundo Mena,all,Carpet,,,,,,,,,,,,,,,,,,
mj98,facundo-mena,Facundo Mena,2026,all,,,,,,,,,,,,,,,,,,
mj98,facundo-mena,Facundo Mena,2026,Hard,,,,,,,,,,,,,,,,,,
mj98,facundo-mena,Facundo Mena,2026,Clay,,,,,,,,,,,,,,,,,,
mj98,facundo-mena,Facundo Mena,2026,Grass,,,,,,,,,,,,,,,,,,
mj98,facundo-mena,Facundo Mena,2026,Carpet,,,,,,,,,,,,,,,,,,
mj98,facundo-mena,Facundo Mena,2025,all,,,,,,,,,,,,,,,,,,
mj98,facundo-mena,Facundo Mena,2025,Hard,,,,,,,,,,,,,,,,,,
mj98,facundo-mena,Facundo Mena,2025,Clay,,,,,,,,,,,,,,,,,,
mj98,facundo-mena,Facundo Mena,2025,Grass,,,,,,,,,,,,,,,,,,
mj98,facundo-mena,Facundo Mena,2025,Carpet,,,,,,,,,,,,,,,,,,
mj98,facundo-mena,Facundo Mena,2024,all,,,,,,,,,,,,,,,,,,
mj98,facundo-mena,Facundo Mena,2024,Hard,,,,,,,,,,,,,,,,,,
mj98,facundo-mena,Facundo Mena,2024,Clay,,,,,,,,,,,,,,,,,,
mj98,facundo-mena,Facundo Mena,2024,Grass,,,,,,,,,,,,,,,,,,
mj98,facundo-mena,Facundo Mena,2024,Carpet,,,,,,,,,,,,,,,,,,
mj98,facundo-mena,Facundo Mena,2023,all,,,,,,,,,,,,,,,,,,
mj98,facundo-mena,Facundo Mena,2023,Hard,,,,,,,,,,,,,,,,,,
mj98,facundo-mena,Facundo Mena,2023,Clay,,,,,,,,,,,,,,,,,,
mj98,facundo-mena,Facundo Mena,2023,Grass,,,,,,,,,,,,,,,,,,
mj98,facundo-mena,Facundo Mena,2023,Carpet,,,,,,,,,,,,,,,,,,
z09z,beibit-zhukayev,Beibit Zhukayev,all,all,110,31,63,75,43,60,58,111,77,63,25,40,48,27,113,12,30,47
z09z,beibit-zhukayev,Beibit Zhukayev,all,Hard,96,25,63,75,43,52,58,98,78,63,25,42,46,28,98,13,32,47
z09z,beibit-zhukayev,Beibit Zhukayev,all,Clay,,,,,,,,,,,,,,,,,,
z09z,beibit-zhukayev,Beibit Zhukayev,all,Grass,14,6,63,75,45,8,63,13,77,64,19,25,2,0,15,0,21,43
z09z,beibit-zhukayev,Beibit Zhukayev,all,Carpet,,,,,,,,,,,,,,,,,,
z09z,beibit-zhukayev,Beibit Zhukayev,2026,all,,,,,,,,,,,,,,,,,,
z09z,beibit-zhukayev,Beibit Zhukayev,2026,Hard,,,,,,,,,,,,,,,,,,
z09z,beibit-zhukayev,Beibit Zhukayev,2026,Clay,,,,,,,,,,,,,,,,,,
z09z,beibit-zhukayev,Beibit Zhukayev,2026,Grass,,,,,,,,,,,,,,,,,,
z09z,beibit-zhukayev,Beibit Zhukayev,2026,Carpet,,,,,,,,,,,,,,,,,,
z09z,beibit-zhukayev,Beibit Zhukayev,2025,all,34,15,62,73,37,24,58,31,68,59,27,31,10,20,34,6,28,43
z09z,beibit-zhukayev,Beibit Zhukayev,2025,Hard,20,9,61,71,30,16,56,18,61,55,32,35,8,25,19,11,33,43
z09z,beibit-zhukayev,Beibit Zhukayev,2025,Clay,,,,,,,,,,,,,,,,,,
z09z,beibit-zhukayev,Beibit Zhukayev,2025,Grass,14,6,63,75,45,8,63,13,77,64,19,25,2,0,15,0,21,43
z09z,beibit-zhukayev,Beibit Zhukayev,2025,Carpet,,,,,,,,,,,,,,,,,,
z09z,beibit-zhukayev,Beibit Zhukayev,2024,all,40,4,65,78,46,13,62,31,84,67,24,44,14,36,30,17,31,49
z09z,beibit-zhukayev,Beibit Zhukayev,2024,Hard,40,4,65,78,46,13,62,31,84,67,24,44,14,36,30,17,31,49
z09z,beibit-zhukayev,Beibit Zhukayev,2024,Clay,,,,,,,,,,,,,,,,,,
z09z,beibit-zhukayev,Beibit Zhukayev,2024,Grass,,,,,,,,,,,,,,,,,,
z09z,beibit-zhukayev,Beibit Zhukayev,2024,Carpet,,,,,,,,,,,,,,,,,,
z09z,beibit-zhukayev,Beibit Zhukayev,2023,all,33,9,63,80,48,9,56,42,90,68,25,41,23,22,42,12,32,49
z09z,beibit-zhukayev,Beibit Zhukayev,2023,Hard,33,9,63,80,48,9,56,42,90,68,25,41,23,22,42,12,32,49
z09z,beibit-zhukayev,Beibit Zhukayev,2023,Clay,,,,,,,,,,,,,,,,,,
z09z,beibit-zhukayev,Beibit Zhukayev,2023,Grass,,,,,,,,,,,,,,,,,,
z09z,beibit-zhukayev,Beibit Zhukayev,2023,Carpet,,,,,,,,,,,,,,,,,,
z0ak,tyler-zink,Tyler Zink,all,all,,,,,,,,,,,,,,,,,,
z0ak,tyler-zink,Tyler Zink,all,Hard,,,,,,,,,,,,,,,,,,
z0ak,tyler-zink,Tyler Zink,all,Clay,,,,,,,,,,,,,,,,,,
z0ak,tyler-zink,Tyler Zink,all,Grass,,,,,,,,,,,,,,,,,,
z0ak,tyler-zink,Tyler Zink,all,Carpet,,,,,,,,,,,,,,,,,,
z0ak,tyler-zink,Tyler Zink,2026,all,,,,,,,,,,,,,,,,,,
z0ak,tyler-zink,Tyler Zink,2026,Hard,,,,,,,,,,,,,,,,,,
z0ak,tyler-zink,Tyler Zink,2026,Clay,,,,,,,,,,,,,,,,,,
z0ak,tyler-zink,Tyler Zink,2026,Grass,,,,,,,,,,,,,,,,,,
z0ak,tyler-zink,Tyler Zink,2026,Carpet,,,,,,,,,,,,,,,,,,
z0ak,tyler-zink,Tyler Zink,2025,all,,,,,,,,,,,,,,,,,,
z0ak,tyler-zink,Tyler Zink,2025,Hard,,,,,,,,,,,,,,,,,,
z0ak,tyler-zink,Tyler Zink,2025,Clay,,,,,,,,,,,,,,,,,,
z0ak,tyler-zink,Tyler Zink,2025,Grass,,,,,,,,,,,,,,,,,,
z0ak,tyler-zink,Tyler Zink,2025,Carpet,,,,,,,,,,,,,,,,,,
z0ak,tyler-zink,Tyler Zink,2024,all,,,,,,,,,,,,,,,,,,
z0ak,tyler-zink,Tyler Zink,2024,Hard,,,,,,,,,,,,,,,,,,
z0ak,tyler-zink,Tyler Zink,2024,Clay,,,,,,,,,,,,,,,,,,
z0ak,tyler-zink,Tyler Zink,2024,Grass,,,,,,,,,,,,,,,,,,
z0ak,tyler-zink,Tyler Zink,2024,Carpet,,,,,,,,,,,,,,,,,,
z0ak,tyler-zink,Tyler Zink,2023,all,,,,,,,,,,,,,,,,,,
z0ak,tyler-zink,Tyler Zink,2023,Hard,,,,,,,,,,,,,,,,,,
z0ak,tyler-zink,Tyler Zink,2023,Clay,,,,,,,,,,,,,,,,,,
z0ak,tyler-zink,Tyler Zink,2023,Grass,,,,,,,,,,,,,,,,,,
z0ak,tyler-zink,Tyler Zink,2023,Carpet,,,,,,,,,,,,,,,,,,
ph78,ryan-peniston,Ryan Peniston,all,all,54,38,63,70,50,78,58,143,77,62,27,53,77,34,146,18,36,49
ph78,ryan-peniston,Ryan Peniston,all,Hard,0,3,69,72,62,4,75,10,90,69,10,69,0,0,11,0,24,47
ph78,ryan-peniston,Ryan Peniston,all,Clay,,,,,,,,,,,,,,,,,,
ph78,ryan-peniston,Ryan Peniston,all,Grass,54,35,62,70,49,74,57,133,76,62,28,52,77,34,135,19,37,49
ph78,ryan-peniston,Ryan Peniston,all,Carpet,,,,,,,,,,,,,,,,,,
ph78,ryan-peniston,Ryan Peniston,2026,all,,,,,,,,,,,,,,,,,,
ph78,ryan-peniston,Ryan Peniston,2026,Hard,,,,,,,,,,,,,,,,,,
ph78,ryan-peniston,Ryan Peniston,2026,Clay,,,,,,,,,,,,,,,,,,
ph78,ryan-peniston,Ryan Peniston,2026,Grass,,,,,,,,,,,,,,,,,,
ph78,ryan-peniston,Ryan Peniston,2026,Carpet,,,,,,,,,,,,,,,,,,
ph78,ryan-peniston,Ryan Peniston,2025,all,,,,,,,,,,,,,,,,,,
ph78,ryan-peniston,Ryan Peniston,2025,Hard,,,,,,,,,,,,,,,,,,
ph78,ryan-peniston,Ryan Peniston,2025,Clay,,,,,,,,,,,,,,,,,,
ph78,ryan-peniston,Ryan Peniston,2025,Grass,,,,,,,,,,,,,,,,,,
ph78,ryan-peniston,Ryan Peniston,2025,Carpet,,,,,,,,,,,,,,,,,,
ph78,ryan-peniston,Ryan Peniston,2024,all,,,,,,,,,,,,,,,,,,
ph78,ryan-peniston,Ryan Peniston,2024,Hard,,,,,,,,,,,,,,,,,,
ph78,ryan-peniston,Ryan Peniston,2024,Clay,,,,,,,,,,,,,,,,,,
ph78,ryan-peniston,Ryan Peniston,2024,Grass,,,,,,,,,,,,,,,,,,
ph78,ryan-peniston,Ryan Peniston,2024,Carpet,,,,,,,,,,,,,,,,,,
ph78,ryan-peniston,Ryan Peniston,2023,all,6,11,55,70,49,20,50,29,66,61,21,58,16,25,30,13,35,47
ph78,ryan-peniston,Ryan Peniston,2023,Hard,,,,,,,,,,,,,,,,,,
ph78,ryan-peniston,Ryan Peniston,2023,Clay,,,,,,,,,,,,,,,,,,
ph78,ryan-peniston,Ryan Peniston,2023,Grass,6,11,55,70,49,20,50,29,66,61,21,58,16,25,30,13,35,47
ph78,ryan-peniston,Ryan Peniston,2023,Carpet,,,,,,,,,,,,,,,,,,
v836,juan-pablo-varillas,Juan Pablo Varillas,all,all,241,86,57,68,51,439,59,708,74,61,29,51,382,42,718,22,37,49
v836,juan-pablo-varillas,Juan Pablo Varillas,all,Hard,79,21,58,67,48,108,58,163,72,59,24,51,69,46,169,19,34,47
v836,juan-pablo-varillas,Juan Pablo Varillas,all,Clay,158,62,57,68,52,319,59,531,75,61,31,52,309,41,535,24,39,50
v836,juan-pablo-varillas,Juan Pablo Varillas,all,Grass,4,3,62,62,47,12,50,14,57,56,20,48,4,25,14,7,30,42
v836,juan-pablo-varillas,Juan Pablo Varillas,all,Carpet,,,,,,,,,,,,,,,,,,
v836,juan-pablo-varillas,Juan Pablo Varillas,2026,all,0,0,0,0,0,0,0,0,0,0,0,0,0,0,0,0,0,0
v836,juan-pablo-varillas,Juan Pablo Varillas,2026,Hard,0,0,0,0,0,0,0,0,0,0,0,0,0,0,0,0,0,0
v836,juan-pablo-varillas,Juan Pablo Varillas,2026,Clay,,,,,,,,,,,,,,,,,,
v836,juan-pablo-varillas,Juan Pablo Varillas,2026,Grass,,,,,,,,,,,,,,,,,,
v836,juan-pablo-varillas,Juan Pablo Varillas,2026,Carpet,,,,,,,,,,,,,,,,,,
v836,juan-pablo-varillas,Juan Pablo Varillas,2025,all,,,,,,,,,,,,,,,,,,
v836,juan-pablo-varillas,Juan Pablo Varillas,2025,Hard,,,,,,,,,,,,,,,,,,
v836,juan-pablo-varillas,Juan Pablo Varillas,2025,Clay,,,,,,,,,,,,,,,,,,
v836,juan-pablo-varillas,Juan Pablo Varillas,2025,Grass,,,,,,,,,,,,,,,,,,
v836,juan-pablo-varillas,Juan Pablo Varillas,2025,Carpet,,,,,,,,,,,,,,,,,,
v836,juan-pablo-varillas,Juan Pablo Varillas,2024,all,29,17,55,65,53,87,59,125,71,60,29,50,71,39,124,23,37,49
v836,juan-pablo-varillas,Juan Pablo Varillas,2024,Hard,2,4,48,55,54,13,62,14,64,54,18,43,4,25,14,7,30,43
v836,juan-pablo-varillas,Juan Pablo Varillas,2024,Clay,27,13,56,66,52,74,58,111,72,60,30,51,67,40,110,25,38,49
v836,juan-pablo-varillas,Juan Pablo Varillas,2024,Grass,,,,,,,,,,,,,,,,,,
v836,juan-pablo-varillas,Juan Pablo Varillas,2024,Carpet,,,,,,,,,,,,,,,,,,
v836,juan-pablo-varillas,Juan Pablo Varillas,2023,all,161,47,59,68,50,268,59,426,74,60,30,52,238,41,437,22,38,49
v836,juan-pablo-varillas,Juan Pablo Varillas,2023,Hard,77,17,59,68,48,95,58,149,73,60,24,52,65,48,155,20,35,48
v836,juan-pablo-varillas,Juan Pablo Varillas,2023,Clay,80,27,59,68,51,161,60,263,76,61,33,52,169,39,268,25,40,50
v836,juan-pablo-varillas,Juan Pablo Varillas,2023,Grass,4,3,62,62,47,12,50,14,57,56,20,48,4,25,14,7,30,42
v836,juan-pablo-varillas,Juan Pablo Varillas,2023,Carpet,,,,,,,,,,,,,,,,,,
hh06,marc-andrea-huesler,Marc Andrea Huesler,all,all,616,192,60,74,53,451,63,939,82,65,25,47,348,41,951,15,33,49
hh06,marc-andrea-huesler,Marc Andrea Huesler,all,Hard,341,84,62,75,53,216,66,501,85,67,24,46,162,42,509,13,32,49
hh06,marc-andrea-huesler,Marc Andrea Huesler,all,Clay,189,78,57,70,52,197,58,339,76,62,27,48,160,39,342,18,35,49
hh06,marc-andrea-huesler,Marc Andrea Huesler,all,Grass,86,30,56,79,54,38,68,99,88,68,22,46,26,38,100,10,30,49
hh06,marc-andrea-huesler,Marc Andrea Huesler,all,Carpet,,,,,,,,,,,,,,,,,,
hh06,marc-andrea-huesler,Marc Andrea Huesler,2026,all,3,2,53,59,47,10,60,11,64,53,32,50,5,40,10,20,38,46
hh06,marc-andrea-huesler,Marc Andrea Huesler,2026,Hard,,,,,,,,,,,,,,,,,,
hh06,marc-andrea-huesler,Marc Andrea Huesler,2026,Clay,3,2,53,59,47,10,60,11,64,53,32,50,5,40,10,20,38,46
hh06,marc-andrea-huesler,Marc Andrea Huesler,2026,Grass,,,,,,,,,,,,,,,,,,
hh06,marc-andrea-huesler,Marc Andrea Huesler,2026,Carpet,,,,,,,,,,,,,,,,,,
hh06,marc-andrea-huesler,Marc Andrea Huesler,2025,all,8,3,49,85,37,8,63,13,77,60,34,50,9,33,14,21,38,48
hh06,marc-andrea-huesler,Marc Andrea Huesler,2025,Hard,8,3,49,85,37,8,63,13,77,60,34,50,9,33,14,21,38,48
hh06,marc-andrea-huesler,Marc Andrea Huesler,2025,Clay,,,,,,,,,,,,,,,,,,
hh06,marc-andrea-huesler,Marc Andrea Huesler,2025,Grass,,,,,,,,,,,,,,,,,,
hh06,marc-andrea-huesler,Marc Andrea Huesler,2025,Carpet,,,,,,,,,,,,,,,,,,
hh06,marc-andrea-huesler,Marc Andrea Huesler,2024,all,64,14,61,71,56,43,72,92,87,65,27,44,30,43,94,14,32,49
hh06,marc-andrea-huesler,Marc Andrea Huesler,2024,Hard,22,6,62,69,55,20,75,34,85,63,22,44,11,36,34,12,30,48
hh06,marc-andrea-huesler,Marc Andrea Huesler,2024,Clay,27,8,61,70,62,18,72,48,90,67,29,46,19,47,50,18,35,50
hh06,marc-andrea-huesler,Marc Andrea Huesler,2024,Grass,15,0,60,80,38,5,60,10,80,63,26,33,0,0,10,0,27,47
hh06,marc-andrea-huesler,Marc Andrea Huesler,2024,Carpet,,,,,,,,,,,,,,,,,,
hh06,marc-andrea-huesler,Marc Andrea Huesler,2023,all,251,86,60,73,51,217,62,415,80,64,26,47,145,42,421,14,33,49
hh06,marc-andrea-huesler,Marc Andrea Huesler,2023,Hard,140,45,61,75,51,105,66,226,84,65,24,45,62,47,229,13,32,49
hh06,marc-andrea-huesler,Marc Andrea Huesler,2023,Clay,63,27,59,68,50,93,55,137,69,61,29,48,65,38,138,18,36,48
hh06,marc-andrea-huesler,Marc Andrea Huesler,2023,Grass,48,14,57,79,57,19,74,52,90,69,23,49,18,39,54,13,33,50
hh06,marc-andrea-huesler,Marc Andrea Huesler,2023,Carpet,,,,,,,,,,,,,,,,,,
p0gq,mili-poljicak,Mili Poljicak,all,all,9,8,50,69,48,38,68,38,68,58,32,37,16,25,39,10,34,46
p0gq,mili-poljicak,Mili Poljicak,all,Hard,,,,,,,,,,,,,,,,,,
p0gq,mili-poljicak,Mili Poljicak,all,Clay,9,8,50,69,48,38,68,38,68,58,32,37,16,25,39,10,34,46
p0gq,mili-poljicak,Mili Poljicak,all,Grass,,,,,,,,,,,,,,,,,,
p0gq,mili-poljicak,Mili Poljicak,all,Carpet,,,,,,,,,,,,,,,,,,
p0gq,mili-poljicak,Mili Poljicak,2026,all,,,,,,,,,,,,,,,,,,
p0gq,mili-poljicak,Mili Poljicak,2026,Hard,,,,,,,,,,,,,,,,,,
p0gq,mili-poljicak,Mili Poljicak,2026,Clay,,,,,,,,,,,,,,,,,,
p0gq,mili-poljicak,Mili Poljicak,2026,Grass,,,,,,,,,,,,,,,,,,
p0gq,mili-poljicak,Mili Poljicak,2026,Carpet,,,,,,,,,,,,,,,,,,
p0gq,mili-poljicak,Mili Poljicak,2025,all,1,1,46,71,54,7,57,9,67,62,15,35,0,0,9,0,24,44
p0gq,mili-poljicak,Mili Poljicak,2025,Hard,,,,,,,,,,,,,,,,,,
p0gq,mili-poljicak,Mili Poljicak,2025,Clay,1,1,46,71,54,7,57,9,67,62,15,35,0,0,9,0,24,44
p0gq,mili-poljicak,Mili Poljicak,2025,Grass,,,,,,,,,,,,,,,,,,
p0gq,mili-poljicak,Mili Poljicak,2025,Carpet,,,,,,,,,,,,,,,,,,
p0gq,mili-poljicak,Mili Poljicak,2024,all,5,3,48,73,54,7,57,16,81,63,25,39,3,33,16,6,29,47
p0gq,mili-poljicak,Mili Poljicak,2024,Hard,,,,,,,,,,,,,,,,,,
p0gq,mili-poljicak,Mili Poljicak,2024,Clay,5,3,48,73,54,7,57,16,81,63,25,39,3,33,16,6,29,47
p0gq,mili-poljicak,Mili Poljicak,2024,Grass,,,,,,,,,,,,,,,,,,
p0gq,mili-poljicak,Mili Poljicak,2024,Carpet,,,,,,,,,,,,,,,,,,
p0gq,mili-poljicak,Mili Poljicak,2023,all,,,,,,,,,,,,,,,,,,
p0gq,mili-poljicak,Mili Poljicak,2023,Hard,,,,,,,,,,,,,,,,,,
p0gq,mili-poljicak,Mili Poljicak,2023,Clay,,,,,,,,,,,,,,,,,,
p0gq,mili-poljicak,Mili Poljicak,2023,Grass,,,,,,,,,,,,,,,,,,
p0gq,mili-poljicak,Mili Poljicak,2023,Carpet,,,,,,,,,,,,,,,,,,
s0nv,abdullah-shelbayh,Abdullah Shelbayh,all,all,59,53,58,67,45,117,60,151,69,58,29,47,84,37,157,20,35,47
s0nv,abdullah-shelbayh,Abdullah Shelbayh,all,Hard,46,30,60,68,47,69,62,97,73,60,29,48,64,30,100,19,35,48
s0nv,abdullah-shelbayh,Abdullah Shelbayh,all,Clay,9,15,55,65,39,34,59,36,61,53,32,47,17,65,39,28,38,46
s0nv,abdullah-shelbayh,Abdullah Shelbayh,all,Grass,4,8,57,62,47,14,50,18,61,55,21,45,3,33,18,6,31,43
s0nv,abdullah-shelbayh,Abdullah Shelbayh,all,Carpet,,,,,,,,,,,,,,,,,,
s0nv,abdullah-shelbayh,Abdullah Shelbayh,2026,all,,,,,,,,,,,,,,,,,,
s0nv,abdullah-shelbayh,Abdullah Shelbayh,2026,Hard,,,,,,,,,,,,,,,,,,
s0nv,abdullah-shelbayh,Abdullah Shelbayh,2026,Clay,,,,,,,,,,,,,,,,,,
s0nv,abdullah-shelbayh,Abdullah Shelbayh,2026,Grass,,,,,,,,,,,,,,,,,,
s0nv,abdullah-shelbayh,Abdullah Shelbayh,2026,Carpet,,,,,,,,,,,,,,,,,,
s0nv,abdullah-shelbayh,Abdullah Shelbayh,2025,all,1,4,53,59,47,10,60,10,60,53,26,47,4,50,11,18,32,43
s0nv,abdullah-shelbayh,Abdullah Shelbayh,2025,Hard,1,4,53,59,47,10,60,10,60,53,26,47,4,50,11,18,32,43
s0nv,abdullah-shelbayh,Abdullah Shelbayh,2025,Clay,,,,,,,,,,,,,,,,,,
s0nv,abdullah-shelbayh,Abdullah Shelbayh,2025,Grass,,,,,,,,,,,,,,,,,,
s0nv,abdullah-shelbayh,Abdullah Shelbayh,2025,Carpet,,,,,,,,,,,,,,,,,,
s0nv,abdullah-shelbayh,Abdullah Shelbayh,2024,all,7,10,62,63,47,24,63,29,69,57,23,39,7,43,30,10,29,44
s0nv,abdullah-shelbayh,Abdullah Shelbayh,2024,Hard,6,9,62,63,49,16,63,21,71,58,30,39,7,43,21,14,33,46
s0nv,abdullah-shelbayh,Abdullah Shelbayh,2024,Clay,1,1,59,63,41,8,63,8,63,54,4,40,0,0,9,0,16,37
s0nv,abdullah-shelbayh,Abdullah Shelbayh,2024,Grass,,,,,,,,,,,,,,,,,,
s0nv,abdullah-shelbayh,Abdullah Shelbayh,2024,Carpet,,,,,,,,,,,,,,,,,,
s0nv,abdullah-shelbayh,Abdullah Shelbayh,2023,all,51,39,58,68,44,83,59,112,70,58,30,49,73,36,116,22,37,48
s0nv,abdullah-shelbayh,Abdullah Shelbayh,2023,Hard,39,17,60,71,47,43,63,66,76,61,29,51,53,26,68,21,36,49
s0nv,abdullah-shelbayh,Abdullah Shelbayh,2023,Clay,8,14,54,66,38,26,58,28,61,53,39,48,17,65,30,37,43,48
s0nv,abdullah-shelbayh,Abdullah Shelbayh,2023,Grass,4,8,57,62,47,14,50,18,61,55,21,45,3,33,18,6,31,43
s0nv,abdullah-shelbayh,Abdullah Shelbayh,2023,Carpet,,,,,,,,,,,,,,,,,,
p0k4,tiago-pereira,Tiago Pereira,all,all,,,,,,,,,,,,,,,,,,
p0k4,tiago-pereira,Tiago Pereira,all,Hard,,,,,,,,,,,,,,,,,,
p0k4,tiago-pereira,Tiago Pereira,all,Clay,,,,,,,,,,,,,,,,,,
p0k4,tiago-pereira,Tiago Pereira,all,Grass,,,,,,,,,,,,,,,,,,
p0k4,tiago-pereira,Tiago Pereira,all,Carpet,,,,,,,,,,,,,,,,,,
p0k4,tiago-pereira,Tiago Pereira,2026,all,,,,,,,,,,,,,,,,,,
p0k4,tiago-pereira,Tiago Pereira,2026,Hard,,,,,,,,,,,,,,,,,,
p0k4,tiago-pereira,Tiago Pereira,2026,Clay,,,,,,,,,,,,,,,,,,
p0k4,tiago-pereira,Tiago Pereira,2026,Grass,,,,,,,,,,,,,,,,,,
p0k4,tiago-pereira,Tiago Pereira,2026,Carpet,,,,,,,,,,,,,,,,,,
p0k4,tiago-pereira,Tiago Pereira,2025,all,,,,,,,,,,,,,,,,,,
p0k4,tiago-pereira,Tiago Pereira,2025,Hard,,,,,,,,,,,,,,,,,,
p0k4,tiago-pereira,Tiago Pereira,2025,Clay,,,,,,,,,,,,,,,,,,
p0k4,tiago-pereira,Tiago Pereira,2025,Grass,,,,,,,,,,,,,,,,,,
p0k4,tiago-pereira,Tiago Pereira,2025,Carpet,,,,,,,,,,,,,,,,,,
p0k4,tiago-pereira,Tiago Pereira,2024,all,,,,,,,,,,,,,,,,,,
p0k4,tiago-pereira,Tiago Pereira,2024,Hard,,,,,,,,,,,,,,,,,,
p0k4,tiago-pereira,Tiago Pereira,2024,Clay,,,,,,,,,,,,,,,,,,
p0k4,tiago-pereira,Tiago Pereira,2024,Grass,,,,,,,,,,,,,,,,,,
p0k4,tiago-pereira,Tiago Pereira,2024,Carpet,,,,,,,,,,,,,,,,,,
p0k4,tiago-pereira,Tiago Pereira,2023,all,,,,,,,,,,,,,,,,,,
p0k4,tiago-pereira,Tiago Pereira,2023,Hard,,,,,,,,,,,,,,,,,,
p0k4,tiago-pereira,Tiago Pereira,2023,Clay,,,,,,,,,,,,,,,,,,
p0k4,tiago-pereira,Tiago Pereira,2023,Grass,,,,,,,,,,,,,,,,,,
p0k4,tiago-pereira,Tiago Pereira,2023,Carpet,,,,,,,,,,,,,,,,,,
gg65,michael-geerts,Michael Geerts,all,all,1,2,55,57,37,5,20,8,50,48,14,57,0,0,8,0,21,35
gg65,michael-geerts,Michael Geerts,all,Hard,1,2,55,57,37,5,20,8,50,48,14,57,0,0,8,0,21,35
gg65,michael-geerts,Michael Geerts,all,Clay,0,0,0,0,0,0,0,0,0,0,0,0,0,0,0,0,0,0
gg65,michael-geerts,Michael Geerts,all,Grass,,,,,,,,,,,,,,,,,,
gg65,michael-geerts,Michael Geerts,all,Carpet,,,,,,,,,,,,,,,,,,
gg65,michael-geerts,Michael Geerts,2026,all,,,,,,,,,,,,,,,,,,
gg65,michael-geerts,Michael Geerts,2026,Hard,,,,,,,,,,,,,,,,,,
gg65,michael-geerts,Michael Geerts,2026,Clay,,,,,,,,,,,,,,,,,,
gg65,michael-geerts,Michael Geerts,2026,Grass,,,,,,,,,,,,,,,,,,
gg65,michael-geerts,Michael Geerts,2026,Carpet,,,,,,,,,,,,,,,,,,
gg65,michael-geerts,Michael Geerts,2025,all,,,,,,,,,,,,,,,,,,
gg65,michael-geerts,Michael Geerts,2025,Hard,,,,,,,,,,,,,,,,,,
gg65,michael-geerts,Michael Geerts,2025,Clay,,,,,,,,,,,,,,,,,,
gg65,michael-geerts,Michael Geerts,2025,Grass,,,,,,,,,,,,,,,,,,
gg65,michael-geerts,Michael Geerts,2025,Carpet,,,,,,,,,,,,,,,,,,
gg65,michael-geerts,Michael Geerts,2024,all,,,,,,,,,,,,,,,,,,
gg65,michael-geerts,Michael Geerts,2024,Hard,,,,,,,,,,,,,,,,,,
gg65,michael-geerts,Michael Geerts,2024,Clay,,,,,,,,,,,,,,,,,,
gg65,michael-geerts,Michael Geerts,2024,Grass,,,,,,,,,,,,,,,,,,
gg65,michael-geerts,Michael Geerts,2024,Carpet,,,,,,,,,,,,,,,,,,
gg65,michael-geerts,Michael Geerts,2023,all,,,,,,,,,,,,,,,,,,
gg65,michael-geerts,Michael Geerts,2023,Hard,,,,,,,,,,,,,,,,,,
gg65,michael-geerts,Michael Geerts,2023,Clay,,,,,,,,,,,,,,,,,,
gg65,michael-geerts,Michael Geerts,2023,Grass,,,,,,,,,,,,,,,,,,
gg65,michael-geerts,Michael Geerts,2023,Carpet,,,,,,,,,,,,,,,,,,
u134,yasutaka-uchiyama,Yasutaka Uchiyama,all,all,263,83,61,72,50,249,60,455,78,64,25,47,227,29,462,14,33,48
u134,yasutaka-uchiyama,Yasutaka Uchiyama,all,Hard,236,70,62,74,51,184,61,372,81,65,24,48,195,28,379,14,34,49
u134,yasutaka-uchiyama,Yasutaka Uchiyama,all,Clay,10,6,63,58,48,28,61,31,65,54,21,43,5,60,32,9,28,43
u134,yasutaka-uchiyama,Yasutaka Uchiyama,all,Grass,17,7,55,67,46,37,51,52,65,58,29,43,27,33,51,18,34,46
u134,yasutaka-uchiyama,Yasutaka Uchiyama,all,Carpet,,,,,,,,,,,,,,,,,,
u134,yasutaka-uchiyama,Yasutaka Uchiyama,2026,all,,,,,,,,,,,,,,,,,,
u134,yasutaka-uchiyama,Yasutaka Uchiyama,2026,Hard,,,,,,,,,,,,,,,,,,
u134,yasutaka-uchiyama,Yasutaka Uchiyama,2026,Clay,,,,,,,,,,,,,,,,,,
u134,yasutaka-uchiyama,Yasutaka Uchiyama,2026,Grass,,,,,,,,,,,,,,,,,,
u134,yasutaka-uchiyama,Yasutaka Uchiyama,2026,Carpet,,,,,,,,,,,,,,,,,,
u134,yasutaka-uchiyama,Yasutaka Uchiyama,2025,all,,,,,,,,,,,,,,,,,,
u134,yasutaka-uchiyama,Yasutaka Uchiyama,2025,Hard,,,,,,,,,,,,,,,,,,
u134,yasutaka-uchiyama,Yasutaka Uchiyama,2025,Clay,,,,,,,,,,,,,,,,,,
u134,yasutaka-uchiyama,Yasutaka Uchiyama,2025,Grass,,,,,,,,,,,,,,,,,,
u134,yasutaka-uchiyama,Yasutaka Uchiyama,2025,Carpet,,,,,,,,,,,,,,,,,,
u134,yasutaka-uchiyama,Yasutaka Uchiyama,2024,all,19,4,61,77,56,13,62,37,86,69,27,53,31,23,37,19,37,52
u134,yasutaka-uchiyama,Yasutaka Uchiyama,2024,Hard,19,4,61,77,56,13,62,37,86,69,27,53,31,23,37,19,37,52
u134,yasutaka-uchiyama,Yasutaka Uchiyama,2024,Clay,,,,,,,,,,,,,,,,,,
u134,yasutaka-uchiyama,Yasutaka Uchiyama,2024,Grass,,,,,,,,,,,,,,,,,,
u134,yasutaka-uchiyama,Yasutaka Uchiyama,2024,Carpet,,,,,,,,,,,,,,,,,,
u134,yasutaka-uchiyama,Yasutaka Uchiyama,2023,all,,,,,,,,,,,,,,,,,,
u134,yasutaka-uchiyama,Yasutaka Uchiyama,2023,Hard,,,,,,,,,,,,,,,,,,
u134,yasutaka-uchiyama,Yasutaka Uchiyama,2023,Clay,,,,,,,,,,,,,,,,,,
u134,yasutaka-uchiyama,Yasutaka Uchiyama,2023,Grass,,,,,,,,,,,,,,,,,,
u134,yasutaka-uchiyama,Yasutaka Uchiyama,2023,Carpet,,,,,,,,,,,,,,,,,,
h0bf,philip-henning,Philip Henning,all,all,0,0,0,0,0,0,0,0,0,0,0,0,0,0,0,0,0,0
h0bf,philip-henning,Philip Henning,all,Hard,0,0,0,0,0,0,0,0,0,0,0,0,0,0,0,0,0,0
h0bf,philip-henning,Philip Henning,all,Clay,0,0,0,0,0,0,0,0,0,0,0,0,0,0,0,0,0,0
h0bf,philip-henning,Philip Henning,all,Grass,,,,,,,,,,,,,,,,,,
h0bf,philip-henning,Philip Henning,all,Carpet,,,,,,,,,,,,,,,,,,
h0bf,philip-henning,Philip Henning,2026,all,0,0,0,0,0,0,0,0,0,0,0,0,0,0,0,0,0,0
h0bf,philip-henning,Philip Henning,2026,Hard,0,0,0,0,0,0,0,0,0,0,0,0,0,0,0,0,0,0
h0bf,philip-henning,Philip Henning,2026,Clay,,,,,,,,,,,,,,,,,,
h0bf,philip-henning,Philip Henning,2026,Grass,,,,,,,,,,,,,,,,,,
h0bf,philip-henning,Philip Henning,2026,Carpet,,,,,,,,,,,,,,,,,,
h0bf,philip-henning,Philip Henning,2025,all,0,0,0,0,0,0,0,0,0,0,0,0,0,0,0,0,0,0
h0bf,philip-henning,Philip Henning,2025,Hard,0,0,0,0,0,0,0,0,0,0,0,0,0,0,0,0,0,0
h0bf,philip-henning,Philip Henning,2025,Clay,,,,,,,,,,,,,,,,,,
h0bf,philip-henning,Philip Henning,2025,Grass,,,,,,,,,,,,,,,,,,
h0bf,philip-henning,Philip Henning,2025,Carpet,,,,,,,,,,,,,,,,,,
h0bf,philip-henning,Philip Henning,2024,all,0,0,0,0,0,0,0,0,0,0,0,0,0,0,0,0,0,0
h0bf,philip-henning,Philip Henning,2024,Hard,0,0,0,0,0,0,0,0,0,0,0,0,0,0,0,0,0,0
h0bf,philip-henning,Philip Henning,2024,Clay,0,0,0,0,0,0,0,0,0,0,0,0,0,0,0,0,0,0
h0bf,philip-henning,Philip Henning,2024,Grass,,,,,,,,,,,,,,,,,,
h0bf,philip-henning,Philip Henning,2024,Carpet,,,,,,,,,,,,,,,,,,
h0bf,philip-henning,Philip Henning,2023,all,,,,,,,,,,,,,,,,,,
h0bf,philip-henning,Philip Henning,2023,Hard,,,,,,,,,,,,,,,,,,
h0bf,philip-henning,Philip Henning,2023,Clay,,,,,,,,,,,,,,,,,,
h0bf,philip-henning,Philip Henning,2023,Grass,,,,,,,,,,,,,,,,,,
h0bf,philip-henning,Philip Henning,2023,Carpet,,,,,,,,,,,,,,,,,,
k0hc,maks-kasnikowski,Maks Kasnikowski,all,all,6,5,59,62,46,16,50,24,67,55,32,43,9,56,24,21,36,46
k0hc,maks-kasnikowski,Maks Kasnikowski,all,Hard,6,5,59,62,46,16,50,24,67,55,32,43,9,56,24,21,36,46
k0hc,maks-kasnikowski,Maks Kasnikowski,all,Clay,0,0,0,0,0,0,0,0,0,0,0,0,0,0,0,0,0,0
k0hc,maks-kasnikowski,Maks Kasnikowski,all,Grass,,,,,,,,,,,,,,,,,,
k0hc,maks-kasnikowski,Maks Kasnikowski,all,Carpet,,,,,,,,,,,,,,,,,,
k0hc,maks-kasnikowski,Maks Kasnikowski,2026,all,0,0,0,0,0,0,0,0,0,0,0,0,0,0,0,0,0,0
k0hc,maks-kasnikowski,Maks Kasnikowski,2026,Hard,,,,,,,,,,,,,,,,,,
k0hc,maks-kasnikowski,Maks Kasnikowski,2026,Clay,0,0,0,0,0,0,0,0,0,0,0,0,0,0,0,0,0,0
k0hc,maks-kasnikowski,Maks Kasnikowski,2026,Grass,,,,,,,,,,,,,,,,,,
k0hc,maks-kasnikowski,Maks Kasnikowski,2026,Carpet,,,,,,,,,,,,,,,,,,
k0hc,maks-kasnikowski,Maks Kasnikowski,2025,all,0,0,0,0,0,0,0,0,0,0,0,0,0,0,0,0,0,0
k0hc,maks-kasnikowski,Maks Kasnikowski,2025,Hard,0,0,0,0,0,0,0,0,0,0,0,0,0,0,0,0,0,0
k0hc,maks-kasnikowski,Maks Kasnikowski,2025,Clay,,,,,,,,,,,,,,,,,,
k0hc,maks-kasnikowski,Maks Kasnikowski,2025,Grass,,,,,,,,,,,,,,,,,,
k0hc,maks-kasnikowski,Maks Kasnikowski,2025,Carpet,,,,,,,,,,,,,,,,,,
k0hc,maks-kasnikowski,Maks Kasnikowski,2024,all,6,5,59,62,46,16,50,24,67,55,32,43,9,56,24,21,36,46
k0hc,maks-kasnikowski,Maks Kasnikowski,2024,Hard,6,5,59,62,46,16,50,24,67,55,32,43,9,56,24,21,36,46
k0hc,maks-kasnikowski,Maks Kasnikowski,2024,Clay,,,,,,,,,,,,,,,,,,
k0hc,maks-kasnikowski,Maks Kasnikowski,2024,Grass,,,,,,,,,,,,,,,,,,
k0hc,maks-kasnikowski,Maks Kasnikowski,2024,Carpet,,,,,,,,,,,,,,,,,,
k0hc,maks-kasnikowski,Maks Kasnikowski,2023,all,0,0,0,0,0,0,0,0,0,0,0,0,0,0,0,0,0,0
k0hc,maks-kasnikowski,Maks Kasnikowski,2023,Hard,0,0,0,0,0,0,0,0,0,0,0,0,0,0,0,0,0,0
k0hc,maks-kasnikowski,Maks Kasnikowski,2023,Clay,,,,,,,,,,,,,,,,,,
k0hc,maks-kasnikowski,Maks Kasnikowski,2023,Grass,,,,,,,,,,,,,,,,,,
k0hc,maks-kasnikowski,Maks Kasnikowski,2023,Carpet,,,,,,,,,,,,,,,,,,
r0fp,daniel-rincon,Daniel Rincon,all,all,9,16,53,65,45,20,40,30,60,56,30,41,15,27,32,13,34,44
r0fp,daniel-rincon,Daniel Rincon,all,Hard,,,,,,,,,,,,,,,,,,
r0fp,daniel-rincon,Daniel Rincon,all,Clay,9,16,53,65,45,20,40,30,60,56,30,41,15,27,32,13,34,44
r0fp,daniel-rincon,Daniel Rincon,all,Grass,,,,,,,,,,,,,,,,,,
r0fp,daniel-rincon,Daniel Rincon,all,Carpet,,,,,,,,,,,,,,,,,,
r0fp,daniel-rincon,Daniel Rincon,2026,all,,,,,,,,,,,,,,,,,,
r0fp,daniel-rincon,Daniel Rincon,2026,Hard,,,,,,,,,,,,,,,,,,
r0fp,daniel-rincon,Daniel Rincon,2026,Clay,,,,,,,,,,,,,,,,,,
r0fp,daniel-rincon,Daniel Rincon,2026,Grass,,,,,,,,,,,,,,,,,,
r0fp,daniel-rincon,Daniel Rincon,2026,Carpet,,,,,,,,,,,,,,,,,,
r0fp,daniel-rincon,Daniel Rincon,2025,all,,,,,,,,,,,,,,,,,,
r0fp,daniel-rincon,Daniel Rincon,2025,Hard,,,,,,,,,,,,,,,,,,
r0fp,daniel-rincon,Daniel Rincon,2025,Clay,,,,,,,,,,,,,,,,,,
r0fp,daniel-rincon,Daniel Rincon,2025,Grass,,,,,,,,,,,,,,,,,,
r0fp,daniel-rincon,Daniel Rincon,2025,Carpet,,,,,,,,,,,,,,,,,,
r0fp,daniel-rincon,Daniel Rincon,2024,all,3,3,51,58,56,5,40,8,63,57,17,31,1,0,9,0,24,41
r0fp,daniel-rincon,Daniel Rincon,2024,Hard,,,,,,,,,,,,,,,,,,
r0fp,daniel-rincon,Daniel Rincon,2024,Clay,3,3,51,58,56,5,40,8,63,57,17,31,1,0,9,0,24,41
r0fp,daniel-rincon,Daniel Rincon,2024,Grass,,,,,,,,,,,,,,,,,,
r0fp,daniel-rincon,Daniel Rincon,2024,Carpet,,,,,,,,,,,,,,,,,,
r0fp,daniel-rincon,Daniel Rincon,2023,all,6,13,54,68,41,15,40,22,59,55,33,47,14,29,23,17,37,46
r0fp,daniel-rincon,Daniel Rincon,2023,Hard,,,,,,,,,,,,,,,,,,
r0fp,daniel-rincon,Daniel Rincon,2023,Clay,6,13,54,68,41,15,40,22,59,55,33,47,14,29,23,17,37,46
r0fp,daniel-rincon,Daniel Rincon,2023,Grass,,,,,,,,,,,,,,,,,,
r0fp,daniel-rincon,Daniel Rincon,2023,Carpet,,,,,,,,,,,,,,,,,,
k0fy,martin-krumich,Martin Krumich,all,all,,,,,,,,,,,,,,,,,,
k0fy,martin-krumich,Martin Krumich,all,Hard,,,,,,,,,,,,,,,,,,
k0fy,martin-krumich,Martin Krumich,all,Clay,,,,,,,,,,,,,,,,,,
k0fy,martin-krumich,Martin Krumich,all,Grass,,,,,,,,,,,,,,,,,,
k0fy,martin-krumich,Martin Krumich,all,Carpet,,,,,,,,,,,,,,,,,,
k0fy,martin-krumich,Martin Krumich,2026,all,,,,,,,,,,,,,,,,,,
k0fy,martin-krumich,Martin Krumich,2026,Hard,,,,,,,,,,,,,,,,,,
k0fy,martin-krumich,Martin Krumich,2026,Clay,,,,,,,,,,,,,,,,,,
k0fy,martin-krumich,Martin Krumich,2026,Grass,,,,,,,,,,,,,,,,,,
k0fy,martin-krumich,Martin Krumich,2026,Carpet,,,,,,,,,,,,,,,,,,
k0fy,martin-krumich,Martin Krumich,2025,all,,,,,,,,,,,,,,,,,,
k0fy,martin-krumich,Martin Krumich,2025,Hard,,,,,,,,,,,,,,,,,,
k0fy,martin-krumich,Martin Krumich,2025,Clay,,,,,,,,,,,,,,,,,,
k0fy,martin-krumich,Martin Krumich,2025,Grass,,,,,,,,,,,,,,,,,,
k0fy,martin-krumich,Martin Krumich,2025,Carpet,,,,,,,,,,,,,,,,,,
k0fy,martin-krumich,Martin Krumich,2024,all,,,,,,,,,,,,,,,,,,
k0fy,martin-krumich,Martin Krumich,2024,Hard,,,,,,,,,,,,,,,,,,
k0fy,martin-krumich,Martin Krumich,2024,Clay,,,,,,,,,,,,,,,,,,
k0fy,martin-krumich,Martin Krumich,2024,Grass,,,,,,,,,,,,,,,,,,
k0fy,martin-krumich,Martin Krumich,2024,Carpet,,,,,,,,,,,,,,,,,,
k0fy,martin-krumich,Martin Krumich,2023,all,,,,,,,,,,,,,,,,,,
k0fy,martin-krumich,Martin Krumich,2023,Hard,,,,,,,,,,,,,,,,,,
k0fy,martin-krumich,Martin Krumich,2023,Clay,,,,,,,,,,,,,,,,,,
k0fy,martin-krumich,Martin Krumich,2023,Grass,,,,,,,,,,,,,,,,,,
k0fy,martin-krumich,Martin Krumich,2023,Carpet,,,,,,,,,,,,,,,,,,
s0la,dominic-stricker,Dominic Stricker,all,all,462,150,57,77,51,290,57,675,81,66,24,50,322,31,682,15,34,49
s0la,dominic-stricker,Dominic Stricker,all,Hard,266,76,58,76,52,155,55,395,83,66,25,50,204,29,400,15,34,50
s0la,dominic-stricker,Dominic Stricker,all,Clay,95,37,53,75,49,79,52,156,76,63,28,46,76,36,156,17,35,49
s0la,dominic-stricker,Dominic Stricker,all,Grass,101,37,59,79,49,56,66,124,85,67,19,53,42,29,126,10,32,49
s0la,dominic-stricker,Dominic Stricker,all,Carpet,,,,,,,,,,,,,,,,,,
s0la,dominic-stricker,Dominic Stricker,2026,all,,,,,,,,,,,,,,,,,,
s0la,dominic-stricker,Dominic Stricker,2026,Hard,,,,,,,,,,,,,,,,,,
s0la,dominic-stricker,Dominic Stricker,2026,Clay,,,,,,,,,,,,,,,,,,
s0la,dominic-stricker,Dominic Stricker,2026,Grass,,,,,,,,,,,,,,,,,,
s0la,dominic-stricker,Dominic Stricker,2026,Carpet,,,,,,,,,,,,,,,,,,
s0la,dominic-stricker,Dominic Stricker,2025,all,47,8,58,74,49,25,28,71,75,63,24,38,24,33,70,11,30,47
s0la,dominic-stricker,Dominic Stricker,2025,Hard,23,4,63,73,44,12,17,34,71,62,17,34,7,14,34,3,24,44
s0la,dominic-stricker,Dominic Stricker,2025,Clay,24,4,54,75,52,13,38,37,78,64,29,41,17,41,36,19,34,49
s0la,dominic-stricker,Dominic Stricker,2025,Grass,,,,,,,,,,,,,,,,,,
s0la,dominic-stricker,Dominic Stricker,2025,Carpet,,,,,,,,,,,,,,,,,,
s0la,dominic-stricker,Dominic Stricker,2024,all,88,38,54,78,49,49,57,119,82,65,23,54,64,22,124,11,34,48
s0la,dominic-stricker,Dominic Stricker,2024,Hard,70,26,55,79,50,32,56,92,85,66,23,55,54,24,97,13,35,49
s0la,dominic-stricker,Dominic Stricker,2024,Clay,7,6,42,76,43,7,57,9,67,57,22,48,4,0,9,0,32,44
s0la,dominic-stricker,Dominic Stricker,2024,Grass,11,6,59,77,44,10,60,18,78,64,20,48,6,17,18,6,28,46
s0la,dominic-stricker,Dominic Stricker,2024,Carpet,,,,,,,,,,,,,,,,,,
s0la,dominic-stricker,Dominic Stricker,2023,all,129,48,56,76,52,116,60,234,80,65,25,52,123,32,236,17,36,50
s0la,dominic-stricker,Dominic Stricker,2023,Hard,86,26,57,75,53,75,60,161,81,66,27,51,89,34,161,19,36,51
s0la,dominic-stricker,Dominic Stricker,2023,Clay,16,12,53,74,47,21,57,34,74,61,25,46,15,20,36,8,33,46
s0la,dominic-stricker,Dominic Stricker,2023,Grass,27,10,56,78,50,20,65,39,82,66,19,58,19,32,39,15,35,50
s0la,dominic-stricker,Dominic Stricker,2023,Carpet,,,,,,,,,,,,,,,,,,
m0se,maxim-mrva,Maxim Mrva,all,all,0,0,0,0,0,0,0,0,0,0,0,0,0,0,0,0,0,0
m0se,maxim-mrva,Maxim Mrva,all,Hard,0,0,0,0,0,0,0,0,0,0,0,0,0,0,0,0,0,0
m0se,maxim-mrva,Maxim Mrva,all,Clay,,,,,,,,,,,,,,,,,,
m0se,maxim-mrva,Maxim Mrva,all,Grass,,,,,,,,,,,,,,,,,,
m0se,maxim-mrva,Maxim Mrva,all,Carpet,,,,,,,,,,,,,,,,,,
m0se,maxim-mrva,Maxim Mrva,2026,all,0,0,0,0,0,0,0,0,0,0,0,0,0,0,0,0,0,0
m0se,maxim-mrva,Maxim Mrva,2026,Hard,0,0,0,0,0,0,0,0,0,0,0,0,0,0,0,0,0,0
m0se,maxim-mrva,Maxim Mrva,2026,Clay,,,,,,,,,,,,,,,,,,
m0se,maxim-mrva,Maxim Mrva,2026,Grass,,,,,,,,,,,,,,,,,,
m0se,maxim-mrva,Maxim Mrva,2026,Carpet,,,,,,,,,,,,,,,,,,
m0se,maxim-mrva,Maxim Mrva,2025,all,0,0,0,0,0,0,0,0,0,0,0,0,0,0,0,0,0,0
m0se,maxim-mrva,Maxim Mrva,2025,Hard,0,0,0,0,0,0,0,0,0,0,0,0,0,0,0,0,0,0
m0se,maxim-mrva,Maxim Mrva,2025,Clay,,,,,,,,,,,,,,,,,,
m0se,maxim-mrva,Maxim Mrva,2025,Grass,,,,,,,,,,,,,,,,,,
m0se,maxim-mrva,Maxim Mrva,2025,Carpet,,,,,,,,,,,,,,,,,,
m0se,maxim-mrva,Maxim Mrva,2024,all,,,,,,,,,,,,,,,,,,
m0se,maxim-mrva,Maxim Mrva,2024,Hard,,,,,,,,,,,,,,,,,,
m0se,maxim-mrva,Maxim Mrva,2024,Clay,,,,,,,,,,,,,,,,,,
m0se,maxim-mrva,Maxim Mrva,2024,Grass,,,,,,,,,,,,,,,,,,
m0se,maxim-mrva,Maxim Mrva,2024,Carpet,,,,,,,,,,,,,,,,,,
m0se,maxim-mrva,Maxim Mrva,2023,all,,,,,,,,,,,,,,,,,,
m0se,maxim-mrva,Maxim Mrva,2023,Hard,,,,,,,,,,,,,,,,,,
m0se,maxim-mrva,Maxim Mrva,2023,Clay,,,,,,,,,,,,,,,,,,
m0se,maxim-mrva,Maxim Mrva,2023,Grass,,,,,,,,,,,,,,,,,,
m0se,maxim-mrva,Maxim Mrva,2023,Carpet,,,,,,,,,,,,,,,,,,
k0o4,moise-kouame,Moise Kouame,all,all,25,24,58,68,50,39,64,50,72,60,24,45,18,33,51,12,33,47
k0o4,moise-kouame,Moise Kouame,all,Hard,24,22,56,71,51,30,70,40,78,62,20,43,8,38,40,8,30,47
k0o4,moise-kouame,Moise Kouame,all,Clay,1,2,65,54,48,9,44,10,50,52,35,50,10,30,11,27,42,46
k0o4,moise-kouame,Moise Kouame,all,Grass,,,,,,,,,,,,,,,,,,
k0o4,moise-kouame,Moise Kouame,all,Carpet,,,,,,,,,,,,,,,,,,
k0o4,moise-kouame,Moise Kouame,2026,all,25,24,58,68,50,39,64,50,72,60,24,45,18,33,51,12,33,47
k0o4,moise-kouame,Moise Kouame,2026,Hard,24,22,56,71,51,30,70,40,78,62,20,43,8,38,40,8,30,47
k0o4,moise-kouame,Moise Kouame,2026,Clay,1,2,65,54,48,9,44,10,50,52,35,50,10,30,11,27,42,46
k0o4,moise-kouame,Moise Kouame,2026,Grass,,,,,,,,,,,,,,,,,,
k0o4,moise-kouame,Moise Kouame,2026,Carpet,,,,,,,,,,,,,,,,,,
k0o4,moise-kouame,Moise Kouame,2025,all,,,,,,,,,,,,,,,,,,
k0o4,moise-kouame,Moise Kouame,2025,Hard,,,,,,,,,,,,,,,,,,
k0o4,moise-kouame,Moise Kouame,2025,Clay,,,,,,,,,,,,,,,,,,
k0o4,moise-kouame,Moise Kouame,2025,Grass,,,,,,,,,,,,,,,,,,
k0o4,moise-kouame,Moise Kouame,2025,Carpet,,,,,,,,,,,,,,,,,,
k0o4,moise-kouame,Moise Kouame,2024,all,,,,,,,,,,,,,,,,,,
k0o4,moise-kouame,Moise Kouame,2024,Hard,,,,,,,,,,,,,,,,,,
k0o4,moise-kouame,Moise Kouame,2024,Clay,,,,,,,,,,,,,,,,,,
k0o4,moise-kouame,Moise Kouame,2024,Grass,,,,,,,,,,,,,,,,,,
k0o4,moise-kouame,Moise Kouame,2024,Carpet,,,,,,,,,,,,,,,,,,
k0o4,moise-kouame,Moise Kouame,2023,all,,,,,,,,,,,,,,,,,,
k0o4,moise-kouame,Moise Kouame,2023,Hard,,,,,,,,,,,,,,,,,,
k0o4,moise-kouame,Moise Kouame,2023,Clay,,,,,,,,,,,,,,,,,,
k0o4,moise-kouame,Moise Kouame,2023,Grass,,,,,,,,,,,,,,,,,,
k0o4,moise-kouame,Moise Kouame,2023,Carpet,,,,,,,,,,,,,,,,,,
m0gy,lilian-marmousez,Lilian Marmousez,all,all,,,,,,,,,,,,,,,,,,
m0gy,lilian-marmousez,Lilian Marmousez,all,Hard,,,,,,,,,,,,,,,,,,
m0gy,lilian-marmousez,Lilian Marmousez,all,Clay,,,,,,,,,,,,,,,,,,
m0gy,lilian-marmousez,Lilian Marmousez,all,Grass,,,,,,,,,,,,,,,,,,
m0gy,lilian-marmousez,Lilian Marmousez,all,Carpet,,,,,,,,,,,,,,,,,,
m0gy,lilian-marmousez,Lilian Marmousez,2026,all,,,,,,,,,,,,,,,,,,
m0gy,lilian-marmousez,Lilian Marmousez,2026,Hard,,,,,,,,,,,,,,,,,,
m0gy,lilian-marmousez,Lilian Marmousez,2026,Clay,,,,,,,,,,,,,,,,,,
m0gy,lilian-marmousez,Lilian Marmousez,2026,Grass,,,,,,,,,,,,,,,,,,
m0gy,lilian-marmousez,Lilian Marmousez,2026,Carpet,,,,,,,,,,,,,,,,,,
m0gy,lilian-marmousez,Lilian Marmousez,2025,all,,,,,,,,,,,,,,,,,,
m0gy,lilian-marmousez,Lilian Marmousez,2025,Hard,,,,,,,,,,,,,,,,,,
m0gy,lilian-marmousez,Lilian Marmousez,2025,Clay,,,,,,,,,,,,,,,,,,
m0gy,lilian-marmousez,Lilian Marmousez,2025,Grass,,,,,,,,,,,,,,,,,,
m0gy,lilian-marmousez,Lilian Marmousez,2025,Carpet,,,,,,,,,,,,,,,,,,
m0gy,lilian-marmousez,Lilian Marmousez,2024,all,,,,,,,,,,,,,,,,,,
m0gy,lilian-marmousez,Lilian Marmousez,2024,Hard,,,,,,,,,,,,,,,,,,
m0gy,lilian-marmousez,Lilian Marmousez,2024,Clay,,,,,,,,,,,,,,,,,,
m0gy,lilian-marmousez,Lilian Marmousez,2024,Grass,,,,,,,,,,,,,,,,,,
m0gy,lilian-marmousez,Lilian Marmousez,2024,Carpet,,,,,,,,,,,,,,,,,,
m0gy,lilian-marmousez,Lilian Marmousez,2023,all,,,,,,,,,,,,,,,,,,
m0gy,lilian-marmousez,Lilian Marmousez,2023,Hard,,,,,,,,,,,,,,,,,,
m0gy,lilian-marmousez,Lilian Marmousez,2023,Clay,,,,,,,,,,,,,,,,,,
m0gy,lilian-marmousez,Lilian Marmousez,2023,Grass,,,,,,,,,,,,,,,,,,
m0gy,lilian-marmousez,Lilian Marmousez,2023,Carpet,,,,,,,,,,,,,,,,,,
kc33,dimitar-kuzmanov,Dimitar Kuzmanov,all,all,50,47,63,65,49,133,64,173,72,59,31,52,95,45,165,26,39,50
kc33,dimitar-kuzmanov,Dimitar Kuzmanov,all,Hard,49,46,62,65,49,131,64,162,71,59,31,52,91,45,155,26,39,49
kc33,dimitar-kuzmanov,Dimitar Kuzmanov,all,Clay,1,1,69,69,65,2,50,11,91,68,29,48,4,50,10,20,38,54
kc33,dimitar-kuzmanov,Dimitar Kuzmanov,all,Grass,,,,,,,,,,,,,,,,,,
kc33,dimitar-kuzmanov,Dimitar Kuzmanov,all,Carpet,0,0,0,0,0,0,0,0,0,0,0,0,0,0,0,0,0,0
kc33,dimitar-kuzmanov,Dimitar Kuzmanov,2026,all,,,,,,,,,,,,,,,,,,
kc33,dimitar-kuzmanov,Dimitar Kuzmanov,2026,Hard,,,,,,,,,,,,,,,,,,
kc33,dimitar-kuzmanov,Dimitar Kuzmanov,2026,Clay,,,,,,,,,,,,,,,,,,
kc33,dimitar-kuzmanov,Dimitar Kuzmanov,2026,Grass,,,,,,,,,,,,,,,,,,
kc33,dimitar-kuzmanov,Dimitar Kuzmanov,2026,Carpet,,,,,,,,,,,,,,,,,,
kc33,dimitar-kuzmanov,Dimitar Kuzmanov,2025,all,,,,,,,,,,,,,,,,,,
kc33,dimitar-kuzmanov,Dimitar Kuzmanov,2025,Hard,,,,,,,,,,,,,,,,,,
kc33,dimitar-kuzmanov,Dimitar Kuzmanov,2025,Clay,,,,,,,,,,,,,,,,,,
kc33,dimitar-kuzmanov,Dimitar Kuzmanov,2025,Grass,,,,,,,,,,,,,,,,,,
kc33,dimitar-kuzmanov,Dimitar Kuzmanov,2025,Carpet,,,,,,,,,,,,,,,,,,
kc33,dimitar-kuzmanov,Dimitar Kuzmanov,2024,all,0,0,0,0,0,0,0,0,0,0,0,0,0,0,0,0,0,0
kc33,dimitar-kuzmanov,Dimitar Kuzmanov,2024,Hard,0,0,0,0,0,0,0,0,0,0,0,0,0,0,0,0,0,0
kc33,dimitar-kuzmanov,Dimitar Kuzmanov,2024,Clay,,,,,,,,,,,,,,,,,,
kc33,dimitar-kuzmanov,Dimitar Kuzmanov,2024,Grass,,,,,,,,,,,,,,,,,,
kc33,dimitar-kuzmanov,Dimitar Kuzmanov,2024,Carpet,,,,,,,,,,,,,,,,,,
kc33,dimitar-kuzmanov,Dimitar Kuzmanov,2023,all,10,4,67,64,63,20,70,33,82,63,38,56,19,63,31,39,46,55
kc33,dimitar-kuzmanov,Dimitar Kuzmanov,2023,Hard,9,3,66,61,62,18,72,22,77,62,41,59,15,67,21,48,49,56
kc33,dimitar-kuzmanov,Dimitar Kuzmanov,2023,Clay,1,1,69,69,65,2,50,11,91,68,29,48,4,50,10,20,38,54
kc33,dimitar-kuzmanov,Dimitar Kuzmanov,2023,Grass,,,,,,,,,,,,,,,,,,
kc33,dimitar-kuzmanov,Dimitar Kuzmanov,2023,Carpet,,,,,,,,,,,,,,,,,,
hb48,calvin-hemery,Calvin Hemery,all,all,71,69,61,67,40,85,49,134,68,57,25,46,47,36,138,12,32,45
hb48,calvin-hemery,Calvin Hemery,all,Hard,20,17,59,64,42,22,41,32,59,55,18,44,7,0,36,0,28,41
hb48,calvin-hemery,Calvin Hemery,all,Clay,51,52,62,68,40,63,52,102,71,57,27,48,40,43,102,17,34,46
hb48,calvin-hemery,Calvin Hemery,all,Grass,,,,,,,,,,,,,,,,,,
hb48,calvin-hemery,Calvin Hemery,all,Carpet,,,,,,,,,,,,,,,,,,
hb48,calvin-hemery,Calvin Hemery,2026,all,,,,,,,,,,,,,,,,,,
hb48,calvin-hemery,Calvin Hemery,2026,Hard,,,,,,,,,,,,,,,,,,
hb48,calvin-hemery,Calvin Hemery,2026,Clay,,,,,,,,,,,,,,,,,,
hb48,calvin-hemery,Calvin Hemery,2026,Grass,,,,,,,,,,,,,,,,,,
hb48,calvin-hemery,Calvin Hemery,2026,Carpet,,,,,,,,,,,,,,,,,,
hb48,calvin-hemery,Calvin Hemery,2025,all,10,10,69,77,31,9,67,17,82,63,12,60,2,100,17,12,28,47
hb48,calvin-hemery,Calvin Hemery,2025,Hard,,,,,,,,,,,,,,,,,,
hb48,calvin-hemery,Calvin Hemery,2025,Clay,10,10,69,77,31,9,67,17,82,63,12,60,2,100,17,12,28,47
hb48,calvin-hemery,Calvin Hemery,2025,Grass,,,,,,,,,,,,,,,,,,
hb48,calvin-hemery,Calvin Hemery,2025,Carpet,,,,,,,,,,,,,,,,,,
hb48,calvin-hemery,Calvin Hemery,2024,all,,,,,,,,,,,,,,,,,,
hb48,calvin-hemery,Calvin Hemery,2024,Hard,,,,,,,,,,,,,,,,,,
hb48,calvin-hemery,Calvin Hemery,2024,Clay,,,,,,,,,,,,,,,,,,
hb48,calvin-hemery,Calvin Hemery,2024,Grass,,,,,,,,,,,,,,,,,,
hb48,calvin-hemery,Calvin Hemery,2024,Carpet,,,,,,,,,,,,,,,,,,
hb48,calvin-hemery,Calvin Hemery,2023,all,4,2,60,60,47,3,0,8,63,55,19,53,0,0,9,0,30,41
hb48,calvin-hemery,Calvin Hemery,2023,Hard,4,2,60,60,47,3,0,8,63,55,19,53,0,0,9,0,30,41
hb48,calvin-hemery,Calvin Hemery,2023,Clay,,,,,,,,,,,,,,,,,,
hb48,calvin-hemery,Calvin Hemery,2023,Grass,,,,,,,,,,,,,,,,,,
hb48,calvin-hemery,Calvin Hemery,2023,Carpet,,,,,,,,,,,,,,,,,,
dc48,murkel-dellien,Murkel Dellien,all,all,0,0,0,0,0,0,0,0,0,0,0,0,0,0,0,0,0,0
dc48,murkel-dellien,Murkel Dellien,all,Hard,0,0,0,0,0,0,0,0,0,0,0,0,0,0,0,0,0,0
dc48,murkel-dellien,Murkel Dellien,all,Clay,0,0,0,0,0,0,0,0,0,0,0,0,0,0,0,0,0,0
dc48,murkel-dellien,Murkel Dellien,all,Grass,,,,,,,,,,,,,,,,,,
dc48,murkel-dellien,Murkel Dellien,all,Carpet,,,,,,,,,,,,,,,,,,
dc48,murkel-dellien,Murkel Dellien,2026,all,0,0,0,0,0,0,0,0,0,0,0,0,0,0,0,0,0,0
dc48,murkel-dellien,Murkel Dellien,2026,Hard,0,0,0,0,0,0,0,0,0,0,0,0,0,0,0,0,0,0
dc48,murkel-dellien,Murkel Dellien,2026,Clay,,,,,,,,,,,,,,,,,,
dc48,murkel-dellien,Murkel Dellien,2026,Grass,,,,,,,,,,,,,,,,,,
dc48,murkel-dellien,Murkel Dellien,2026,Carpet,,,,,,,,,,,,,,,,,,
dc48,murkel-dellien,Murkel Dellien,2025,all,,,,,,,,,,,,,,,,,,
dc48,murkel-dellien,Murkel Dellien,2025,Hard,,,,,,,,,,,,,,,,,,
dc48,murkel-dellien,Murkel Dellien,2025,Clay,,,,,,,,,,,,,,,,,,
dc48,murkel-dellien,Murkel Dellien,2025,Grass,,,,,,,,,,,,,,,,,,
dc48,murkel-dellien,Murkel Dellien,2025,Carpet,,,,,,,,,,,,,,,,,,
dc48,murkel-dellien,Murkel Dellien,2024,all,0,0,0,0,0,0,0,0,0,0,0,0,0,0,0,0,0,0
dc48,murkel-dellien,Murkel Dellien,2024,Hard,,,,,,,,,,,,,,,,,,
dc48,murkel-dellien,Murkel Dellien,2024,Clay,0,0,0,0,0,0,0,0,0,0,0,0,0,0,0,0,0,0
dc48,murkel-dellien,Murkel Dellien,2024,Grass,,,,,,,,,,,,,,,,,,
dc48,murkel-dellien,Murkel Dellien,2024,Carpet,,,,,,,,,,,,,,,,,,
dc48,murkel-dellien,Murkel Dellien,2023,all,,,,,,,,,,,,,,,,,,
dc48,murkel-dellien,Murkel Dellien,2023,Hard,,,,,,,,,,,,,,,,,,
dc48,murkel-dellien,Murkel Dellien,2023,Clay,,,,,,,,,,,,,,,,,,
dc48,murkel-dellien,Murkel Dellien,2023,Grass,,,,,,,,,,,,,,,,,,
dc48,murkel-dellien,Murkel Dellien,2023,Carpet,,,,,,,,,,,,,,,,,,
m0gb,alex-martinez,Alex Martinez,all,all,,,,,,,,,,,,,,,,,,
m0gb,alex-martinez,Alex Martinez,all,Hard,,,,,,,,,,,,,,,,,,
m0gb,alex-martinez,Alex Martinez,all,Clay,,,,,,,,,,,,,,,,,,
m0gb,alex-martinez,Alex Martinez,all,Grass,,,,,,,,,,,,,,,,,,
m0gb,alex-martinez,Alex Martinez,all,Carpet,,,,,,,,,,,,,,,,,,
m0gb,alex-martinez,Alex Martinez,2026,all,,,,,,,,,,,,,,,,,,
m0gb,alex-martinez,Alex Martinez,2026,Hard,,,,,,,,,,,,,,,,,,
m0gb,alex-martinez,Alex Martinez,2026,Clay,,,,,,,,,,,,,,,,,,
m0gb,alex-martinez,Alex Martinez,2026,Grass,,,,,,,,,,,,,,,,,,
m0gb,alex-martinez,Alex Martinez,2026,Carpet,,,,,,,,,,,,,,,,,,
m0gb,alex-martinez,Alex Martinez,2025,all,,,,,,,,,,,,,,,,,,
m0gb,alex-martinez,Alex Martinez,2025,Hard,,,,,,,,,,,,,,,,,,
m0gb,alex-martinez,Alex Martinez,2025,Clay,,,,,,,,,,,,,,,,,,
m0gb,alex-martinez,Alex Martinez,2025,Grass,,,,,,,,,,,,,,,,,,
m0gb,alex-martinez,Alex Martinez,2025,Carpet,,,,,,,,,,,,,,,,,,
m0gb,alex-martinez,Alex Martinez,2024,all,,,,,,,,,,,,,,,,,,
m0gb,alex-martinez,Alex Martinez,2024,Hard,,,,,,,,,,,,,,,,,,
m0gb,alex-martinez,Alex Martinez,2024,Clay,,,,,,,,,,,,,,,,,,
m0gb,alex-martinez,Alex Martinez,2024,Grass,,,,,,,,,,,,,,,,,,
m0gb,alex-martinez,Alex Martinez,2024,Carpet,,,,,,,,,,,,,,,,,,
m0gb,alex-martinez,Alex Martinez,2023,all,,,,,,,,,,,,,,,,,,
m0gb,alex-martinez,Alex Martinez,2023,Hard,,,,,,,,,,,,,,,,,,
m0gb,alex-martinez,Alex Martinez,2023,Clay,,,,,,,,,,,,,,,,,,
m0gb,alex-martinez,Alex Martinez,2023,Grass,,,,,,,,,,,,,,,,,,
m0gb,alex-martinez,Alex Martinez,2023,Carpet,,,,,,,,,,,,,,,,,,
c0hb,eliakim-coulibaly,Eliakim Coulibaly,all,all,0,0,0,0,0,0,0,0,0,0,0,0,0,0,0,0,0,0
c0hb,eliakim-coulibaly,Eliakim Coulibaly,all,Hard,0,0,0,0,0,0,0,0,0,0,0,0,0,0,0,0,0,0
c0hb,eliakim-coulibaly,Eliakim Coulibaly,all,Clay,,,,,,,,,,,,,,,,,,
c0hb,eliakim-coulibaly,Eliakim Coulibaly,all,Grass,,,,,,,,,,,,,,,,,,
c0hb,eliakim-coulibaly,Eliakim Coulibaly,all,Carpet,,,,,,,,,,,,,,,,,,
c0hb,eliakim-coulibaly,Eliakim Coulibaly,2026,all,,,,,,,,,,,,,,,,,,
c0hb,eliakim-coulibaly,Eliakim Coulibaly,2026,Hard,,,,,,,,,,,,,,,,,,
c0hb,eliakim-coulibaly,Eliakim Coulibaly,2026,Clay,,,,,,,,,,,,,,,,,,
c0hb,eliakim-coulibaly,Eliakim Coulibaly,2026,Grass,,,,,,,,,,,,,,,,,,
c0hb,eliakim-coulibaly,Eliakim Coulibaly,2026,Carpet,,,,,,,,,,,,,,,,,,
c0hb,eliakim-coulibaly,Eliakim Coulibaly,2025,all,,,,,,,,,,,,,,,,,,
c0hb,eliakim-coulibaly,Eliakim Coulibaly,2025,Hard,,,,,,,,,,,,,,,,,,
c0hb,eliakim-coulibaly,Eliakim Coulibaly,2025,Clay,,,,,,,,,,,,,,,,,,
c0hb,eliakim-coulibaly,Eliakim Coulibaly,2025,Grass,,,,,,,,,,,,,,,,,,
c0hb,eliakim-coulibaly,Eliakim Coulibaly,2025,Carpet,,,,,,,,,,,,,,,,,,
c0hb,eliakim-coulibaly,Eliakim Coulibaly,2024,all,,,,,,,,,,,,,,,,,,
c0hb,eliakim-coulibaly,Eliakim Coulibaly,2024,Hard,,,,,,,,,,,,,,,,,,
c0hb,eliakim-coulibaly,Eliakim Coulibaly,2024,Clay,,,,,,,,,,,,,,,,,,
c0hb,eliakim-coulibaly,Eliakim Coulibaly,2024,Grass,,,,,,,,,,,,,,,,,,
c0hb,eliakim-coulibaly,Eliakim Coulibaly,2024,Carpet,,,,,,,,,,,,,,,,,,
c0hb,eliakim-coulibaly,Eliakim Coulibaly,2023,all,0,0,0,0,0,0,0,0,0,0,0,0,0,0,0,0,0,0
c0hb,eliakim-coulibaly,Eliakim Coulibaly,2023,Hard,0,0,0,0,0,0,0,0,0,0,0,0,0,0,0,0,0,0
c0hb,eliakim-coulibaly,Eliakim Coulibaly,2023,Clay,,,,,,,,,,,,,,,,,,
c0hb,eliakim-coulibaly,Eliakim Coulibaly,2023,Grass,,,,,,,,,,,,,,,,,,
c0hb,eliakim-coulibaly,Eliakim Coulibaly,2023,Carpet,,,,,,,,,,,,,,,,,,
sq80,akira-santillan,Akira Santillan,all,all,46,24,54,70,51,42,45,90,74,61,25,46,39,41,87,18,34,48
sq80,akira-santillan,Akira Santillan,all,Hard,26,12,51,71,52,23,48,50,76,62,24,45,17,47,48,17,33,48
sq80,akira-santillan,Akira Santillan,all,Clay,11,7,51,61,55,11,45,18,67,58,19,38,9,0,18,0,26,42
sq80,akira-santillan,Akira Santillan,all,Grass,9,5,60,74,47,8,38,22,77,63,34,55,13,62,21,38,43,53
sq80,akira-santillan,Akira Santillan,all,Carpet,,,,,,,,,,,,,,,,,,
sq80,akira-santillan,Akira Santillan,2026,all,,,,,,,,,,,,,,,,,,
sq80,akira-santillan,Akira Santillan,2026,Hard,,,,,,,,,,,,,,,,,,
sq80,akira-santillan,Akira Santillan,2026,Clay,,,,,,,,,,,,,,,,,,
sq80,akira-santillan,Akira Santillan,2026,Grass,,,,,,,,,,,,,,,,,,
sq80,akira-santillan,Akira Santillan,2026,Carpet,,,,,,,,,,,,,,,,,,
sq80,akira-santillan,Akira Santillan,2025,all,,,,,,,,,,,,,,,,,,
sq80,akira-santillan,Akira Santillan,2025,Hard,,,,,,,,,,,,,,,,,,
sq80,akira-santillan,Akira Santillan,2025,Clay,,,,,,,,,,,,,,,,,,
sq80,akira-santillan,Akira Santillan,2025,Grass,,,,,,,,,,,,,,,,,,
sq80,akira-santillan,Akira Santillan,2025,Carpet,,,,,,,,,,,,,,,,,,
sq80,akira-santillan,Akira Santillan,2024,all,,,,,,,,,,,,,,,,,,
sq80,akira-santillan,Akira Santillan,2024,Hard,,,,,,,,,,,,,,,,,,
sq80,akira-santillan,Akira Santillan,2024,Clay,,,,,,,,,,,,,,,,,,
sq80,akira-santillan,Akira Santillan,2024,Grass,,,,,,,,,,,,,,,,,,
sq80,akira-santillan,Akira Santillan,2024,Carpet,,,,,,,,,,,,,,,,,,
sq80,akira-santillan,Akira Santillan,2023,all,,,,,,,,,,,,,,,,,,
sq80,akira-santillan,Akira Santillan,2023,Hard,,,,,,,,,,,,,,,,,,
sq80,akira-santillan,Akira Santillan,2023,Clay,,,,,,,,,,,,,,,,,,
sq80,akira-santillan,Akira Santillan,2023,Grass,,,,,,,,,,,,,,,,,,
sq80,akira-santillan,Akira Santillan,2023,Carpet,,,,,,,,,,,,,,,,,,
b0je,max-basing,Max Basing,all,all,,,,,,,,,,,,,,,,,,
b0je,max-basing,Max Basing,all,Hard,,,,,,,,,,,,,,,,,,
b0je,max-basing,Max Basing,all,Clay,,,,,,,,,,,,,,,,,,
b0je,max-basing,Max Basing,all,Grass,,,,,,,,,,,,,,,,,,
b0je,max-basing,Max Basing,all,Carpet,,,,,,,,,,,,,,,,,,
b0je,max-basing,Max Basing,2026,all,,,,,,,,,,,,,,,,,,
b0je,max-basing,Max Basing,2026,Hard,,,,,,,,,,,,,,,,,,
b0je,max-basing,Max Basing,2026,Clay,,,,,,,,,,,,,,,,,,
b0je,max-basing,Max Basing,2026,Grass,,,,,,,,,,,,,,,,,,
b0je,max-basing,Max Basing,2026,Carpet,,,,,,,,,,,,,,,,,,
b0je,max-basing,Max Basing,2025,all,,,,,,,,,,,,,,,,,,
b0je,max-basing,Max Basing,2025,Hard,,,,,,,,,,,,,,,,,,
b0je,max-basing,Max Basing,2025,Clay,,,,,,,,,,,,,,,,,,
b0je,max-basing,Max Basing,2025,Grass,,,,,,,,,,,,,,,,,,
b0je,max-basing,Max Basing,2025,Carpet,,,,,,,,,,,,,,,,,,
b0je,max-basing,Max Basing,2024,all,,,,,,,,,,,,,,,,,,
b0je,max-basing,Max Basing,2024,Hard,,,,,,,,,,,,,,,,,,
b0je,max-basing,Max Basing,2024,Clay,,,,,,,,,,,,,,,,,,
b0je,max-basing,Max Basing,2024,Grass,,,,,,,,,,,,,,,,,,
b0je,max-basing,Max Basing,2024,Carpet,,,,,,,,,,,,,,,,,,
b0je,max-basing,Max Basing,2023,all,,,,,,,,,,,,,,,,,,
b0je,max-basing,Max Basing,2023,Hard,,,,,,,,,,,,,,,,,,
b0je,max-basing,Max Basing,2023,Clay,,,,,,,,,,,,,,,,,,
b0je,max-basing,Max Basing,2023,Grass,,,,,,,,,,,,,,,,,,
b0je,max-basing,Max Basing,2023,Carpet,,,,,,,,,,,,,,,,,,
b0i5,blaise-bicknell,Blaise Bicknell,all,all,0,0,0,0,0,0,0,0,0,0,0,0,0,0,0,0,0,0
b0i5,blaise-bicknell,Blaise Bicknell,all,Hard,0,0,0,0,0,0,0,0,0,0,0,0,0,0,0,0,0,0
b0i5,blaise-bicknell,Blaise Bicknell,all,Clay,0,0,0,0,0,0,0,0,0,0,0,0,0,0,0,0,0,0
b0i5,blaise-bicknell,Blaise Bicknell,all,Grass,,,,,,,,,,,,,,,,,,
b0i5,blaise-bicknell,Blaise Bicknell,all,Carpet,,,,,,,,,,,,,,,,,,
b0i5,blaise-bicknell,Blaise Bicknell,2026,all,0,0,0,0,0,0,0,0,0,0,0,0,0,0,0,0,0,0
b0i5,blaise-bicknell,Blaise Bicknell,2026,Hard,0,0,0,0,0,0,0,0,0,0,0,0,0,0,0,0,0,0
b0i5,blaise-bicknell,Blaise Bicknell,2026,Clay,,,,,,,,,,,,,,,,,,
b0i5,blaise-bicknell,Blaise Bicknell,2026,Grass,,,,,,,,,,,,,,,,,,
b0i5,blaise-bicknell,Blaise Bicknell,2026,Carpet,,,,,,,,,,,,,,,,,,
b0i5,blaise-bicknell,Blaise Bicknell,2025,all,0,0,0,0,0,0,0,0,0,0,0,0,0,0,0,0,0,0
b0i5,blaise-bicknell,Blaise Bicknell,2025,Hard,0,0,0,0,0,0,0,0,0,0,0,0,0,0,0,0,0,0
b0i5,blaise-bicknell,Blaise Bicknell,2025,Clay,,,,,,,,,,,,,,,,,,
b0i5,blaise-bicknell,Blaise Bicknell,2025,Grass,,,,,,,,,,,,,,,,,,
b0i5,blaise-bicknell,Blaise Bicknell,2025,Carpet,,,,,,,,,,,,,,,,,,
b0i5,blaise-bicknell,Blaise Bicknell,2024,all,0,0,0,0,0,0,0,0,0,0,0,0,0,0,0,0,0,0
b0i5,blaise-bicknell,Blaise Bicknell,2024,Hard,0,0,0,0,0,0,0,0,0,0,0,0,0,0,0,0,0,0
b0i5,blaise-bicknell,Blaise Bicknell,2024,Clay,,,,,,,,,,,,,,,,,,
b0i5,blaise-bicknell,Blaise Bicknell,2024,Grass,,,,,,,,,,,,,,,,,,
b0i5,blaise-bicknell,Blaise Bicknell,2024,Carpet,,,,,,,,,,,,,,,,,,
b0i5,blaise-bicknell,Blaise Bicknell,2023,all,0,0,0,0,0,0,0,0,0,0,0,0,0,0,0,0,0,0
b0i5,blaise-bicknell,Blaise Bicknell,2023,Hard,0,0,0,0,0,0,0,0,0,0,0,0,0,0,0,0,0,0
b0i5,blaise-bicknell,Blaise Bicknell,2023,Clay,,,,,,,,,,,,,,,,,,
b0i5,blaise-bicknell,Blaise Bicknell,2023,Grass,,,,,,,,,,,,,,,,,,
b0i5,blaise-bicknell,Blaise Bicknell,2023,Carpet,,,,,,,,,,,,,,,,,,
w857,tung-lin-wu,Tung Lin Wu,all,all,13,9,64,64,53,39,64,57,75,60,25,51,39,23,57,16,36,48
w857,tung-lin-wu,Tung Lin Wu,all,Hard,13,9,64,64,53,39,64,57,75,60,25,51,39,23,57,16,36,48
w857,tung-lin-wu,Tung Lin Wu,all,Clay,0,0,0,0,0,0,0,0,0,0,0,0,0,0,0,0,0,0
w857,tung-lin-wu,Tung Lin Wu,all,Grass,,,,,,,,,,,,,,,,,,
w857,tung-lin-wu,Tung Lin Wu,all,Carpet,,,,,,,,,,,,,,,,,,
w857,tung-lin-wu,Tung Lin Wu,2026,all,0,0,0,0,0,0,0,0,0,0,0,0,0,0,0,0,0,0
w857,tung-lin-wu,Tung Lin Wu,2026,Hard,0,0,0,0,0,0,0,0,0,0,0,0,0,0,0,0,0,0
w857,tung-lin-wu,Tung Lin Wu,2026,Clay,,,,,,,,,,,,,,,,,,
w857,tung-lin-wu,Tung Lin Wu,2026,Grass,,,,,,,,,,,,,,,,,,
w857,tung-lin-wu,Tung Lin Wu,2026,Carpet,,,,,,,,,,,,,,,,,,
w857,tung-lin-wu,Tung Lin Wu,2025,all,0,0,0,0,0,0,0,0,0,0,0,0,0,0,0,0,0,0
w857,tung-lin-wu,Tung Lin Wu,2025,Hard,0,0,0,0,0,0,0,0,0,0,0,0,0,0,0,0,0,0
w857,tung-lin-wu,Tung Lin Wu,2025,Clay,,,,,,,,,,,,,,,,,,
w857,tung-lin-wu,Tung Lin Wu,2025,Grass,,,,,,,,,,,,,,,,,,
w857,tung-lin-wu,Tung Lin Wu,2025,Carpet,,,,,,,,,,,,,,,,,,
w857,tung-lin-wu,Tung Lin Wu,2024,all,0,0,0,0,0,0,0,0,0,0,0,0,0,0,0,0,0,0
w857,tung-lin-wu,Tung Lin Wu,2024,Hard,0,0,0,0,0,0,0,0,0,0,0,0,0,0,0,0,0,0
w857,tung-lin-wu,Tung Lin Wu,2024,Clay,,,,,,,,,,,,,,,,,,
w857,tung-lin-wu,Tung Lin Wu,2024,Grass,,,,,,,,,,,,,,,,,,
w857,tung-lin-wu,Tung Lin Wu,2024,Carpet,,,,,,,,,,,,,,,,,,
w857,tung-lin-wu,Tung Lin Wu,2023,all,3,3,63,63,51,21,62,30,73,59,25,50,24,25,30,20,36,47
w857,tung-lin-wu,Tung Lin Wu,2023,Hard,3,3,63,63,51,21,62,30,73,59,25,50,24,25,30,20,36,47
w857,tung-lin-wu,Tung Lin Wu,2023,Clay,0,0,0,0,0,0,0,0,0,0,0,0,0,0,0,0,0,0
w857,tung-lin-wu,Tung Lin Wu,2023,Grass,,,,,,,,,,,,,,,,,,
w857,tung-lin-wu,Tung Lin Wu,2023,Carpet,,,,,,,,,,,,,,,,,,
a09q,mert-alkaya,Mert Alkaya,all,all,0,0,0,0,0,0,0,0,0,0,0,0,0,0,0,0,0,0
a09q,mert-alkaya,Mert Alkaya,all,Hard,,,,,,,,,,,,,,,,,,
a09q,mert-alkaya,Mert Alkaya,all,Clay,0,0,0,0,0,0,0,0,0,0,0,0,0,0,0,0,0,0
a09q,mert-alkaya,Mert Alkaya,all,Grass,,,,,,,,,,,,,,,,,,
a09q,mert-alkaya,Mert Alkaya,all,Carpet,,,,,,,,,,,,,,,,,,
a09q,mert-alkaya,Mert Alkaya,2026,all,0,0,0,0,0,0,0,0,0,0,0,0,0,0,0,0,0,0
a09q,mert-alkaya,Mert Alkaya,2026,Hard,,,,,,,,,,,,,,,,,,
a09q,mert-alkaya,Mert Alkaya,2026,Clay,0,0,0,0,0,0,0,0,0,0,0,0,0,0,0,0,0,0
a09q,mert-alkaya,Mert Alkaya,2026,Grass,,,,,,,,,,,,,,,,,,
a09q,mert-alkaya,Mert Alkaya,2026,Carpet,,,,,,,,,,,,,,,,,,
a09q,mert-alkaya,Mert Alkaya,2025,all,,,,,,,,,,,,,,,,,,
a09q,mert-alkaya,Mert Alkaya,2025,Hard,,,,,,,,,,,,,,,,,,
a09q,mert-alkaya,Mert Alkaya,2025,Clay,,,,,,,,,,,,,,,,,,
a09q,mert-alkaya,Mert Alkaya,2025,Grass,,,,,,,,,,,,,,,,,,
a09q,mert-alkaya,Mert Alkaya,2025,Carpet,,,,,,,,,,,,,,,,,,
a09q,mert-alkaya,Mert Alkaya,2024,all,,,,,,,,,,,,,,,,,,
a09q,mert-alkaya,Mert Alkaya,2024,Hard,,,,,,,,,,,,,,,,,,
a09q,mert-alkaya,Mert Alkaya,2024,Clay,,,,,,,,,,,,,,,,,,
a09q,mert-alkaya,Mert Alkaya,2024,Grass,,,,,,,,,,,,,,,,,,
a09q,mert-alkaya,Mert Alkaya,2024,Carpet,,,,,,,,,,,,,,,,,,
a09q,mert-alkaya,Mert Alkaya,2023,all,,,,,,,,,,,,,,,,,,
a09q,mert-alkaya,Mert Alkaya,2023,Hard,,,,,,,,,,,,,,,,,,
a09q,mert-alkaya,Mert Alkaya,2023,Clay,,,,,,,,,,,,,,,,,,
a09q,mert-alkaya,Mert Alkaya,2023,Grass,,,,,,,,,,,,,,,,,,
a09q,mert-alkaya,Mert Alkaya,2023,Carpet,,,,,,,,,,,,,,,,,,
t0dm,juan-bautista-torres,Juan Bautista Torres,all,all,,,,,,,,,,,,,,,,,,
t0dm,juan-bautista-torres,Juan Bautista Torres,all,Hard,,,,,,,,,,,,,,,,,,
t0dm,juan-bautista-torres,Juan Bautista Torres,all,Clay,,,,,,,,,,,,,,,,,,
t0dm,juan-bautista-torres,Juan Bautista Torres,all,Grass,,,,,,,,,,,,,,,,,,
t0dm,juan-bautista-torres,Juan Bautista Torres,all,Carpet,,,,,,,,,,,,,,,,,,
t0dm,juan-bautista-torres,Juan Bautista Torres,2026,all,,,,,,,,,,,,,,,,,,
t0dm,juan-bautista-torres,Juan Bautista Torres,2026,Hard,,,,,,,,,,,,,,,,,,
t0dm,juan-bautista-torres,Juan Bautista Torres,2026,Clay,,,,,,,,,,,,,,,,,,
t0dm,juan-bautista-torres,Juan Bautista Torres,2026,Grass,,,,,,,,,,,,,,,,,,
t0dm,juan-bautista-torres,Juan Bautista Torres,2026,Carpet,,,,,,,,,,,,,,,,,,
t0dm,juan-bautista-torres,Juan Bautista Torres,2025,all,,,,,,,,,,,,,,,,,,
t0dm,juan-bautista-torres,Juan Bautista Torres,2025,Hard,,,,,,,,,,,,,,,,,,
t0dm,juan-bautista-torres,Juan Bautista Torres,2025,Clay,,,,,,,,,,,,,,,,,,
t0dm,juan-bautista-torres,Juan Bautista Torres,2025,Grass,,,,,,,,,,,,,,,,,,
t0dm,juan-bautista-torres,Juan Bautista Torres,2025,Carpet,,,,,,,,,,,,,,,,,,
t0dm,juan-bautista-torres,Juan Bautista Torres,2024,all,,,,,,,,,,,,,,,,,,
t0dm,juan-bautista-torres,Juan Bautista Torres,2024,Hard,,,,,,,,,,,,,,,,,,
t0dm,juan-bautista-torres,Juan Bautista Torres,2024,Clay,,,,,,,,,,,,,,,,,,
t0dm,juan-bautista-torres,Juan Bautista Torres,2024,Grass,,,,,,,,,,,,,,,,,,
t0dm,juan-bautista-torres,Juan Bautista Torres,2024,Carpet,,,,,,,,,,,,,,,,,,
t0dm,juan-bautista-torres,Juan Bautista Torres,2023,all,,,,,,,,,,,,,,,,,,
t0dm,juan-bautista-torres,Juan Bautista Torres,2023,Hard,,,,,,,,,,,,,,,,,,
t0dm,juan-bautista-torres,Juan Bautista Torres,2023,Clay,,,,,,,,,,,,,,,,,,
t0dm,juan-bautista-torres,Juan Bautista Torres,2023,Grass,,,,,,,,,,,,,,,,,,
t0dm,juan-bautista-torres,Juan Bautista Torres,2023,Carpet,,,,,,,,,,,,,,,,,,
bu10,jacopo-berrettini,Jacopo Berrettini,all,all,3,8,60,66,36,11,36,17,59,54,21,46,6,33,20,10,35,44
bu10,jacopo-berrettini,Jacopo Berrettini,all,Hard,3,8,60,66,36,11,36,17,59,54,21,46,6,33,20,10,35,44
bu10,jacopo-berrettini,Jacopo Berrettini,all,Clay,,,,,,,,,,,,,,,,,,
bu10,jacopo-berrettini,Jacopo Berrettini,all,Grass,,,,,,,,,,,,,,,,,,
bu10,jacopo-berrettini,Jacopo Berrettini,all,Carpet,,,,,,,,,,,,,,,,,,
bu10,jacopo-berrettini,Jacopo Berrettini,2026,all,,,,,,,,,,,,,,,,,,
bu10,jacopo-berrettini,Jacopo Berrettini,2026,Hard,,,,,,,,,,,,,,,,,,
bu10,jacopo-berrettini,Jacopo Berrettini,2026,Clay,,,,,,,,,,,,,,,,,,
bu10,jacopo-berrettini,Jacopo Berrettini,2026,Grass,,,,,,,,,,,,,,,,,,
bu10,jacopo-berrettini,Jacopo Berrettini,2026,Carpet,,,,,,,,,,,,,,,,,,
bu10,jacopo-berrettini,Jacopo Berrettini,2025,all,,,,,,,,,,,,,,,,,,
bu10,jacopo-berrettini,Jacopo Berrettini,2025,Hard,,,,,,,,,,,,,,,,,,
bu10,jacopo-berrettini,Jacopo Berrettini,2025,Clay,,,,,,,,,,,,,,,,,,
bu10,jacopo-berrettini,Jacopo Berrettini,2025,Grass,,,,,,,,,,,,,,,,,,
bu10,jacopo-berrettini,Jacopo Berrettini,2025,Carpet,,,,,,,,,,,,,,,,,,
bu10,jacopo-berrettini,Jacopo Berrettini,2024,all,,,,,,,,,,,,,,,,,,
bu10,jacopo-berrettini,Jacopo Berrettini,2024,Hard,,,,,,,,,,,,,,,,,,
bu10,jacopo-berrettini,Jacopo Berrettini,2024,Clay,,,,,,,,,,,,,,,,,,
bu10,jacopo-berrettini,Jacopo Berrettini,2024,Grass,,,,,,,,,,,,,,,,,,
bu10,jacopo-berrettini,Jacopo Berrettini,2024,Carpet,,,,,,,,,,,,,,,,,,
bu10,jacopo-berrettini,Jacopo Berrettini,2023,all,3,8,60,66,36,11,36,17,59,54,21,46,6,33,20,10,35,44
bu10,jacopo-berrettini,Jacopo Berrettini,2023,Hard,3,8,60,66,36,11,36,17,59,54,21,46,6,33,20,10,35,44
bu10,jacopo-berrettini,Jacopo Berrettini,2023,Clay,,,,,,,,,,,,,,,,,,
bu10,jacopo-berrettini,Jacopo Berrettini,2023,Grass,,,,,,,,,,,,,,,,,,
bu10,jacopo-berrettini,Jacopo Berrettini,2023,Carpet,,,,,,,,,,,,,,,,,,
mw76,matteo-martineau,Matteo Martineau,all,all,8,6,68,70,52,13,62,21,76,65,20,51,8,13,21,5,31,47
mw76,matteo-martineau,Matteo Martineau,all,Hard,4,3,64,68,43,9,67,9,67,59,20,36,1,0,9,0,24,44
mw76,matteo-martineau,Matteo Martineau,all,Clay,,,,,,,,,,,,,,,,,,
mw76,matteo-martineau,Matteo Martineau,all,Grass,4,3,70,72,62,4,50,12,83,69,20,57,7,14,12,8,34,49
mw76,matteo-martineau,Matteo Martineau,all,Carpet,,,,,,,,,,,,,,,,,,
mw76,matteo-martineau,Matteo Martineau,2026,all,,,,,,,,,,,,,,,,,,
mw76,matteo-martineau,Matteo Martineau,2026,Hard,,,,,,,,,,,,,,,,,,
mw76,matteo-martineau,Matteo Martineau,2026,Clay,,,,,,,,,,,,,,,,,,
mw76,matteo-martineau,Matteo Martineau,2026,Grass,,,,,,,,,,,,,,,,,,
mw76,matteo-martineau,Matteo Martineau,2026,Carpet,,,,,,,,,,,,,,,,,,
mw76,matteo-martineau,Matteo Martineau,2025,all,,,,,,,,,,,,,,,,,,
mw76,matteo-martineau,Matteo Martineau,2025,Hard,,,,,,,,,,,,,,,,,,
mw76,matteo-martineau,Matteo Martineau,2025,Clay,,,,,,,,,,,,,,,,,,
mw76,matteo-martineau,Matteo Martineau,2025,Grass,,,,,,,,,,,,,,,,,,
mw76,matteo-martineau,Matteo Martineau,2025,Carpet,,,,,,,,,,,,,,,,,,
mw76,matteo-martineau,Matteo Martineau,2024,all,4,3,70,72,62,4,50,12,83,69,20,57,7,14,12,8,34,49
mw76,matteo-martineau,Matteo Martineau,2024,Hard,,,,,,,,,,,,,,,,,,
mw76,matteo-martineau,Matteo Martineau,2024,Clay,,,,,,,,,,,,,,,,,,
mw76,matteo-martineau,Matteo Martineau,2024,Grass,4,3,70,72,62,4,50,12,83,69,20,57,7,14,12,8,34,49
mw76,matteo-martineau,Matteo Martineau,2024,Carpet,,,,,,,,,,,,,,,,,,
mw76,matteo-martineau,Matteo Martineau,2023,all,4,3,64,68,43,9,67,9,67,59,20,36,1,0,9,0,24,44
mw76,matteo-martineau,Matteo Martineau,2023,Hard,4,3,64,68,43,9,67,9,67,59,20,36,1,0,9,0,24,44
mw76,matteo-martineau,Matteo Martineau,2023,Clay,,,,,,,,,,,,,,,,,,
mw76,matteo-martineau,Matteo Martineau,2023,Grass,,,,,,,,,,,,,,,,,,
mw76,matteo-martineau,Matteo Martineau,2023,Carpet,,,,,,,,,,,,,,,,,,
s0ex,hamish-stewart,Hamish Stewart,all,all,,,,,,,,,,,,,,,,,,
s0ex,hamish-stewart,Hamish Stewart,all,Hard,,,,,,,,,,,,,,,,,,
s0ex,hamish-stewart,Hamish Stewart,all,Clay,,,,,,,,,,,,,,,,,,
s0ex,hamish-stewart,Hamish Stewart,all,Grass,,,,,,,,,,,,,,,,,,
s0ex,hamish-stewart,Hamish Stewart,all,Carpet,,,,,,,,,,,,,,,,,,
s0ex,hamish-stewart,Hamish Stewart,2026,all,,,,,,,,,,,,,,,,,,
s0ex,hamish-stewart,Hamish Stewart,2026,Hard,,,,,,,,,,,,,,,,,,
s0ex,hamish-stewart,Hamish Stewart,2026,Clay,,,,,,,,,,,,,,,,,,
s0ex,hamish-stewart,Hamish Stewart,2026,Grass,,,,,,,,,,,,,,,,,,
s0ex,hamish-stewart,Hamish Stewart,2026,Carpet,,,,,,,,,,,,,,,,,,
s0ex,hamish-stewart,Hamish Stewart,2025,all,,,,,,,,,,,,,,,,,,
s0ex,hamish-stewart,Hamish Stewart,2025,Hard,,,,,,,,,,,,,,,,,,
s0ex,hamish-stewart,Hamish Stewart,2025,Clay,,,,,,,,,,,,,,,,,,
s0ex,hamish-stewart,Hamish Stewart,2025,Grass,,,,,,,,,,,,,,,,,,
s0ex,hamish-stewart,Hamish Stewart,2025,Carpet,,,,,,,,,,,,,,,,,,
s0ex,hamish-stewart,Hamish Stewart,2024,all,,,,,,,,,,,,,,,,,,
s0ex,hamish-stewart,Hamish Stewart,2024,Hard,,,,,,,,,,,,,,,,,,
s0ex,hamish-stewart,Hamish Stewart,2024,Clay,,,,,,,,,,,,,,,,,,
s0ex,hamish-stewart,Hamish Stewart,2024,Grass,,,,,,,,,,,,,,,,,,
s0ex,hamish-stewart,Hamish Stewart,2024,Carpet,,,,,,,,,,,,,,,,,,
s0ex,hamish-stewart,Hamish Stewart,2023,all,,,,,,,,,,,,,,,,,,
s0ex,hamish-stewart,Hamish Stewart,2023,Hard,,,,,,,,,,,,,,,,,,
s0ex,hamish-stewart,Hamish Stewart,2023,Clay,,,,,,,,,,,,,,,,,,
s0ex,hamish-stewart,Hamish Stewart,2023,Grass,,,,,,,,,,,,,,,,,,
s0ex,hamish-stewart,Hamish Stewart,2023,Carpet,,,,,,,,,,,,,,,,,,
m0nl,inaki-montes-de-la-torre,Inaki Montes De La Torre,all,all,,,,,,,,,,,,,,,,,,
m0nl,inaki-montes-de-la-torre,Inaki Montes De La Torre,all,Hard,,,,,,,,,,,,,,,,,,
m0nl,inaki-montes-de-la-torre,Inaki Montes De La Torre,all,Clay,,,,,,,,,,,,,,,,,,
m0nl,inaki-montes-de-la-torre,Inaki Montes De La Torre,all,Grass,,,,,,,,,,,,,,,,,,
m0nl,inaki-montes-de-la-torre,Inaki Montes De La Torre,all,Carpet,,,,,,,,,,,,,,,,,,
m0nl,inaki-montes-de-la-torre,Inaki Montes De La Torre,2026,all,,,,,,,,,,,,,,,,,,
m0nl,inaki-montes-de-la-torre,Inaki Montes De La Torre,2026,Hard,,,,,,,,,,,,,,,,,,
m0nl,inaki-montes-de-la-torre,Inaki Montes De La Torre,2026,Clay,,,,,,,,,,,,,,,,,,
m0nl,inaki-montes-de-la-torre,Inaki Montes De La Torre,2026,Grass,,,,,,,,,,,,,,,,,,
m0nl,inaki-montes-de-la-torre,Inaki Montes De La Torre,2026,Carpet,,,,,,,,,,,,,,,,,,
m0nl,inaki-montes-de-la-torre,Inaki Montes De La Torre,2025,all,,,,,,,,,,,,,,,,,,
m0nl,inaki-montes-de-la-torre,Inaki Montes De La Torre,2025,Hard,,,,,,,,,,,,,,,,,,
m0nl,inaki-montes-de-la-torre,Inaki Montes De La Torre,2025,Clay,,,,,,,,,,,,,,,,,,
m0nl,inaki-montes-de-la-torre,Inaki Montes De La Torre,2025,Grass,,,,,,,,,,,,,,,,,,
m0nl,inaki-montes-de-la-torre,Inaki Montes De La Torre,2025,Carpet,,,,,,,,,,,,,,,,,,
m0nl,inaki-montes-de-la-torre,Inaki Montes De La Torre,2024,all,,,,,,,,,,,,,,,,,,
m0nl,inaki-montes-de-la-torre,Inaki Montes De La Torre,2024,Hard,,,,,,,,,,,,,,,,,,
m0nl,inaki-montes-de-la-torre,Inaki Montes De La Torre,2024,Clay,,,,,,,,,,,,,,,,,,
m0nl,inaki-montes-de-la-torre,Inaki Montes De La Torre,2024,Grass,,,,,,,,,,,,,,,,,,
m0nl,inaki-montes-de-la-torre,Inaki Montes De La Torre,2024,Carpet,,,,,,,,,,,,,,,,,,
m0nl,inaki-montes-de-la-torre,Inaki Montes De La Torre,2023,all,,,,,,,,,,,,,,,,,,
m0nl,inaki-montes-de-la-torre,Inaki Montes De La Torre,2023,Hard,,,,,,,,,,,,,,,,,,
m0nl,inaki-montes-de-la-torre,Inaki Montes De La Torre,2023,Clay,,,,,,,,,,,,,,,,,,
m0nl,inaki-montes-de-la-torre,Inaki Montes De La Torre,2023,Grass,,,,,,,,,,,,,,,,,,
m0nl,inaki-montes-de-la-torre,Inaki Montes De La Torre,2023,Carpet,,,,,,,,,,,,,,,,,,
td55,renta-tokuda,Renta Tokuda,all,all,,,,,,,,,,,,,,,,,,
td55,renta-tokuda,Renta Tokuda,all,Hard,,,,,,,,,,,,,,,,,,
td55,renta-tokuda,Renta Tokuda,all,Clay,,,,,,,,,,,,,,,,,,
td55,renta-tokuda,Renta Tokuda,all,Grass,,,,,,,,,,,,,,,,,,
td55,renta-tokuda,Renta Tokuda,all,Carpet,,,,,,,,,,,,,,,,,,
td55,renta-tokuda,Renta Tokuda,2026,all,,,,,,,,,,,,,,,,,,
td55,renta-tokuda,Renta Tokuda,2026,Hard,,,,,,,,,,,,,,,,,,
td55,renta-tokuda,Renta Tokuda,2026,Clay,,,,,,,,,,,,,,,,,,
td55,renta-tokuda,Renta Tokuda,2026,Grass,,,,,,,,,,,,,,,,,,
td55,renta-tokuda,Renta Tokuda,2026,Carpet,,,,,,,,,,,,,,,,,,
td55,renta-tokuda,Renta Tokuda,2025,all,,,,,,,,,,,,,,,,,,
td55,renta-tokuda,Renta Tokuda,2025,Hard,,,,,,,,,,,,,,,,,,
td55,renta-tokuda,Renta Tokuda,2025,Clay,,,,,,,,,,,,,,,,,,
td55,renta-tokuda,Renta Tokuda,2025,Grass,,,,,,,,,,,,,,,,,,
td55,renta-tokuda,Renta Tokuda,2025,Carpet,,,,,,,,,,,,,,,,,,
td55,renta-tokuda,Renta Tokuda,2024,all,,,,,,,,,,,,,,,,,,
td55,renta-tokuda,Renta Tokuda,2024,Hard,,,,,,,,,,,,,,,,,,
td55,renta-tokuda,Renta Tokuda,2024,Clay,,,,,,,,,,,,,,,,,,
td55,renta-tokuda,Renta Tokuda,2024,Grass,,,,,,,,,,,,,,,,,,
td55,renta-tokuda,Renta Tokuda,2024,Carpet,,,,,,,,,,,,,,,,,,
td55,renta-tokuda,Renta Tokuda,2023,all,,,,,,,,,,,,,,,,,,
td55,renta-tokuda,Renta Tokuda,2023,Hard,,,,,,,,,,,,,,,,,,
td55,renta-tokuda,Renta Tokuda,2023,Clay,,,,,,,,,,,,,,,,,,
td55,renta-tokuda,Renta Tokuda,2023,Grass,,,,,,,,,,,,,,,,,,
td55,renta-tokuda,Renta Tokuda,2023,Carpet,,,,,,,,,,,,,,,,,,
k0cj,sandro-kopp,Sandro Kopp,all,all,,,,,,,,,,,,,,,,,,
k0cj,sandro-kopp,Sandro Kopp,all,Hard,,,,,,,,,,,,,,,,,,
k0cj,sandro-kopp,Sandro Kopp,all,Clay,,,,,,,,,,,,,,,,,,
k0cj,sandro-kopp,Sandro Kopp,all,Grass,,,,,,,,,,,,,,,,,,
k0cj,sandro-kopp,Sandro Kopp,all,Carpet,,,,,,,,,,,,,,,,,,
k0cj,sandro-kopp,Sandro Kopp,2026,all,,,,,,,,,,,,,,,,,,
k0cj,sandro-kopp,Sandro Kopp,2026,Hard,,,,,,,,,,,,,,,,,,
k0cj,sandro-kopp,Sandro Kopp,2026,Clay,,,,,,,,,,,,,,,,,,
k0cj,sandro-kopp,Sandro Kopp,2026,Grass,,,,,,,,,,,,,,,,,,
k0cj,sandro-kopp,Sandro Kopp,2026,Carpet,,,,,,,,,,,,,,,,,,
k0cj,sandro-kopp,Sandro Kopp,2025,all,,,,,,,,,,,,,,,,,,
k0cj,sandro-kopp,Sandro Kopp,2025,Hard,,,,,,,,,,,,,,,,,,
k0cj,sandro-kopp,Sandro Kopp,2025,Clay,,,,,,,,,,,,,,,,,,
k0cj,sandro-kopp,Sandro Kopp,2025,Grass,,,,,,,,,,,,,,,,,,
k0cj,sandro-kopp,Sandro Kopp,2025,Carpet,,,,,,,,,,,,,,,,,,
k0cj,sandro-kopp,Sandro Kopp,2024,all,,,,,,,,,,,,,,,,,,
k0cj,sandro-kopp,Sandro Kopp,2024,Hard,,,,,,,,,,,,,,,,,,
k0cj,sandro-kopp,Sandro Kopp,2024,Clay,,,,,,,,,,,,,,,,,,
k0cj,sandro-kopp,Sandro Kopp,2024,Grass,,,,,,,,,,,,,,,,,,
k0cj,sandro-kopp,Sandro Kopp,2024,Carpet,,,,,,,,,,,,,,,,,,
k0cj,sandro-kopp,Sandro Kopp,2023,all,,,,,,,,,,,,,,,,,,
k0cj,sandro-kopp,Sandro Kopp,2023,Hard,,,,,,,,,,,,,,,,,,
k0cj,sandro-kopp,Sandro Kopp,2023,Clay,,,,,,,,,,,,,,,,,,
k0cj,sandro-kopp,Sandro Kopp,2023,Grass,,,,,,,,,,,,,,,,,,
k0cj,sandro-kopp,Sandro Kopp,2023,Carpet,,,,,,,,,,,,,,,,,,
i0b0,andre-ilagan,Andre Ilagan,all,all,,,,,,,,,,,,,,,,,,
i0b0,andre-ilagan,Andre Ilagan,all,Hard,,,,,,,,,,,,,,,,,,
i0b0,andre-ilagan,Andre Ilagan,all,Clay,,,,,,,,,,,,,,,,,,
i0b0,andre-ilagan,Andre Ilagan,all,Grass,,,,,,,,,,,,,,,,,,
i0b0,andre-ilagan,Andre Ilagan,all,Carpet,,,,,,,,,,,,,,,,,,
i0b0,andre-ilagan,Andre Ilagan,2026,all,,,,,,,,,,,,,,,,,,
i0b0,andre-ilagan,Andre Ilagan,2026,Hard,,,,,,,,,,,,,,,,,,
i0b0,andre-ilagan,Andre Ilagan,2026,Clay,,,,,,,,,,,,,,,,,,
i0b0,andre-ilagan,Andre Ilagan,2026,Grass,,,,,,,,,,,,,,,,,,
i0b0,andre-ilagan,Andre Ilagan,2026,Carpet,,,,,,,,,,,,,,,,,,
i0b0,andre-ilagan,Andre Ilagan,2025,all,,,,,,,,,,,,,,,,,,
i0b0,andre-ilagan,Andre Ilagan,2025,Hard,,,,,,,,,,,,,,,,,,
i0b0,andre-ilagan,Andre Ilagan,2025,Clay,,,,,,,,,,,,,,,,,,
i0b0,andre-ilagan,Andre Ilagan,2025,Grass,,,,,,,,,,,,,,,,,,
i0b0,andre-ilagan,Andre Ilagan,2025,Carpet,,,,,,,,,,,,,,,,,,
i0b0,andre-ilagan,Andre Ilagan,2024,all,,,,,,,,,,,,,,,,,,
i0b0,andre-ilagan,Andre Ilagan,2024,Hard,,,,,,,,,,,,,,,,,,
i0b0,andre-ilagan,Andre Ilagan,2024,Clay,,,,,,,,,,,,,,,,,,
i0b0,andre-ilagan,Andre Ilagan,2024,Grass,,,,,,,,,,,,,,,,,,
i0b0,andre-ilagan,Andre Ilagan,2024,Carpet,,,,,,,,,,,,,,,,,,
i0b0,andre-ilagan,Andre Ilagan,2023,all,,,,,,,,,,,,,,,,,,
i0b0,andre-ilagan,Andre Ilagan,2023,Hard,,,,,,,,,,,,,,,,,,
i0b0,andre-ilagan,Andre Ilagan,2023,Clay,,,,,,,,,,,,,,,,,,
i0b0,andre-ilagan,Andre Ilagan,2023,Grass,,,,,,,,,,,,,,,,,,
i0b0,andre-ilagan,Andre Ilagan,2023,Carpet,,,,,,,,,,,,,,,,,,
sk94,cedrik-marcel-stebe,Cedrik Marcel Stebe,all,all,288,229,61,65,47,665,55,929,68,58,30,50,547,39,915,23,38,48
sk94,cedrik-marcel-stebe,Cedrik Marcel Stebe,all,Hard,171,125,60,68,47,315,56,467,70,59,28,48,250,36,464,20,36,48
sk94,cedrik-marcel-stebe,Cedrik Marcel Stebe,all,Clay,83,77,62,61,47,266,53,350,64,56,34,52,228,45,342,30,41,49
sk94,cedrik-marcel-stebe,Cedrik Marcel Stebe,all,Grass,34,27,64,66,46,84,62,112,71,59,28,49,69,26,109,17,36,47
sk94,cedrik-marcel-stebe,Cedrik Marcel Stebe,all,Carpet,,,,,,,,,,,,,,,,,,
sk94,cedrik-marcel-stebe,Cedrik Marcel Stebe,2026,all,,,,,,,,,,,,,,,,,,
sk94,cedrik-marcel-stebe,Cedrik Marcel Stebe,2026,Hard,,,,,,,,,,,,,,,,,,
sk94,cedrik-marcel-stebe,Cedrik Marcel Stebe,2026,Clay,,,,,,,,,,,,,,,,,,
sk94,cedrik-marcel-stebe,Cedrik Marcel Stebe,2026,Grass,,,,,,,,,,,,,,,,,,
sk94,cedrik-marcel-stebe,Cedrik Marcel Stebe,2026,Carpet,,,,,,,,,,,,,,,,,,
sk94,cedrik-marcel-stebe,Cedrik Marcel Stebe,2025,all,,,,,,,,,,,,,,,,,,
sk94,cedrik-marcel-stebe,Cedrik Marcel Stebe,2025,Hard,,,,,,,,,,,,,,,,,,
sk94,cedrik-marcel-stebe,Cedrik Marcel Stebe,2025,Clay,,,,,,,,,,,,,,,,,,
sk94,cedrik-marcel-stebe,Cedrik Marcel Stebe,2025,Grass,,,,,,,,,,,,,,,,,,
sk94,cedrik-marcel-stebe,Cedrik Marcel Stebe,2025,Carpet,,,,,,,,,,,,,,,,,,
sk94,cedrik-marcel-stebe,Cedrik Marcel Stebe,2024,all,,,,,,,,,,,,,,,,,,
sk94,cedrik-marcel-stebe,Cedrik Marcel Stebe,2024,Hard,,,,,,,,,,,,,,,,,,
sk94,cedrik-marcel-stebe,Cedrik Marcel Stebe,2024,Clay,,,,,,,,,,,,,,,,,,
sk94,cedrik-marcel-stebe,Cedrik Marcel Stebe,2024,Grass,,,,,,,,,,,,,,,,,,
sk94,cedrik-marcel-stebe,Cedrik Marcel Stebe,2024,Carpet,,,,,,,,,,,,,,,,,,
sk94,cedrik-marcel-stebe,Cedrik Marcel Stebe,2023,all,,,,,,,,,,,,,,,,,,
sk94,cedrik-marcel-stebe,Cedrik Marcel Stebe,2023,Hard,,,,,,,,,,,,,,,,,,
sk94,cedrik-marcel-stebe,Cedrik Marcel Stebe,2023,Clay,,,,,,,,,,,,,,,,,,
sk94,cedrik-marcel-stebe,Cedrik Marcel Stebe,2023,Grass,,,,,,,,,,,,,,,,,,
sk94,cedrik-marcel-stebe,Cedrik Marcel Stebe,2023,Carpet,,,,,,,,,,,,,,,,,,
b0c0,adrian-boitan,Adrian Boitan,all,all,3,7,67,65,26,14,71,10,60,52,26,52,6,33,11,18,34,43
b0c0,adrian-boitan,Adrian Boitan,all,Hard,0,0,0,0,0,0,0,0,0,0,0,0,0,0,0,0,0,0
b0c0,adrian-boitan,Adrian Boitan,all,Clay,3,7,67,65,26,14,71,10,60,52,26,52,6,33,11,18,34,43
b0c0,adrian-boitan,Adrian Boitan,all,Grass,,,,,,,,,,,,,,,,,,
b0c0,adrian-boitan,Adrian Boitan,all,Carpet,,,,,,,,,,,,,,,,,,
b0c0,adrian-boitan,Adrian Boitan,2026,all,3,7,67,65,26,14,71,10,60,52,26,52,6,33,11,18,34,43
b0c0,adrian-boitan,Adrian Boitan,2026,Hard,,,,,,,,,,,,,,,,,,
b0c0,adrian-boitan,Adrian Boitan,2026,Clay,3,7,67,65,26,14,71,10,60,52,26,52,6,33,11,18,34,43
b0c0,adrian-boitan,Adrian Boitan,2026,Grass,,,,,,,,,,,,,,,,,,
b0c0,adrian-boitan,Adrian Boitan,2026,Carpet,,,,,,,,,,,,,,,,,,
b0c0,adrian-boitan,Adrian Boitan,2025,all,,,,,,,,,,,,,,,,,,
b0c0,adrian-boitan,Adrian Boitan,2025,Hard,,,,,,,,,,,,,,,,,,
b0c0,adrian-boitan,Adrian Boitan,2025,Clay,,,,,,,,,,,,,,,,,,
b0c0,adrian-boitan,Adrian Boitan,2025,Grass,,,,,,,,,,,,,,,,,,
b0c0,adrian-boitan,Adrian Boitan,2025,Carpet,,,,,,,,,,,,,,,,,,
b0c0,adrian-boitan,Adrian Boitan,2024,all,0,0,0,0,0,0,0,0,0,0,0,0,0,0,0,0,0,0
b0c0,adrian-boitan,Adrian Boitan,2024,Hard,0,0,0,0,0,0,0,0,0,0,0,0,0,0,0,0,0,0
b0c0,adrian-boitan,Adrian Boitan,2024,Clay,,,,,,,,,,,,,,,,,,
b0c0,adrian-boitan,Adrian Boitan,2024,Grass,,,,,,,,,,,,,,,,,,
b0c0,adrian-boitan,Adrian Boitan,2024,Carpet,,,,,,,,,,,,,,,,,,
b0c0,adrian-boitan,Adrian Boitan,2023,all,,,,,,,,,,,,,,,,,,
b0c0,adrian-boitan,Adrian Boitan,2023,Hard,,,,,,,,,,,,,,,,,,
b0c0,adrian-boitan,Adrian Boitan,2023,Clay,,,,,,,,,,,,,,,,,,
b0c0,adrian-boitan,Adrian Boitan,2023,Grass,,,,,,,,,,,,,,,,,,
b0c0,adrian-boitan,Adrian Boitan,2023,Carpet,,,,,,,,,,,,,,,,,,
da81,taro-daniel,Taro Daniel,all,all,903,582,62,67,49,1782,58,2769,73,60,27,49,1393,39,2776,20,35,48
da81,taro-daniel,Taro Daniel,all,Hard,581,356,61,69,49,985,58,1582,74,61,25,49,757,39,1587,19,34,48
da81,taro-daniel,Taro Daniel,all,Clay,269,190,64,65,49,705,58,1032,71,59,30,49,569,41,1031,23,37,48
da81,taro-daniel,Taro Daniel,all,Grass,53,36,59,67,51,92,54,155,73,60,24,47,67,25,158,11,31,46
da81,taro-daniel,Taro Daniel,all,Carpet,,,,,,,,,,,,,,,,,,
da81,taro-daniel,Taro Daniel,2026,all,,,,,,,,,,,,,,,,,,
da81,taro-daniel,Taro Daniel,2026,Hard,,,,,,,,,,,,,,,,,,
da81,taro-daniel,Taro Daniel,2026,Clay,,,,,,,,,,,,,,,,,,
da81,taro-daniel,Taro Daniel,2026,Grass,,,,,,,,,,,,,,,,,,
da81,taro-daniel,Taro Daniel,2026,Carpet,,,,,,,,,,,,,,,,,,
da81,taro-daniel,Taro Daniel,2025,all,48,19,64,74,47,42,52,105,81,64,24,43,44,34,107,14,31,48
da81,taro-daniel,Taro Daniel,2025,Hard,47,18,65,75,46,37,51,95,81,65,24,45,44,34,97,15,31,48
da81,taro-daniel,Taro Daniel,2025,Clay,1,1,55,67,53,5,60,10,80,61,23,22,0,0,10,0,23,44
da81,taro-daniel,Taro Daniel,2025,Grass,,,,,,,,,,,,,,,,,,
da81,taro-daniel,Taro Daniel,2025,Carpet,,,,,,,,,,,,,,,,,,
da81,taro-daniel,Taro Daniel,2024,all,139,65,61,68,49,237,58,388,74,60,25,47,152,39,387,15,33,47
da81,taro-daniel,Taro Daniel,2024,Hard,87,45,61,68,49,156,57,261,74,61,25,46,97,43,260,16,33,47
da81,taro-daniel,Taro Daniel,2024,Clay,36,13,63,68,48,57,61,95,77,60,26,51,45,36,94,17,36,48
da81,taro-daniel,Taro Daniel,2024,Grass,16,7,51,66,50,24,54,32,66,58,21,36,10,10,33,3,26,43
da81,taro-daniel,Taro Daniel,2024,Carpet,,,,,,,,,,,,,,,,,,
da81,taro-daniel,Taro Daniel,2023,all,95,73,60,66,52,183,51,335,73,61,28,51,172,42,337,21,37,49
da81,taro-daniel,Taro Daniel,2023,Hard,79,53,58,68,53,129,53,241,75,62,27,52,127,40,241,21,37,49
da81,taro-daniel,Taro Daniel,2023,Clay,12,14,62,59,51,45,40,71,62,56,35,47,41,46,72,26,40,48
da81,taro-daniel,Taro Daniel,2023,Grass,4,6,70,72,50,9,67,23,87,65,21,46,4,50,24,8,28,48
da81,taro-daniel,Taro Daniel,2023,Carpet,,,,,,,,,,,,,,,,,,
rh62,mats-rosenkranz,Mats Rosenkranz,all,all,,,,,,,,,,,,,,,,,,
rh62,mats-rosenkranz,Mats Rosenkranz,all,Hard,,,,,,,,,,,,,,,,,,
rh62,mats-rosenkranz,Mats Rosenkranz,all,Clay,,,,,,,,,,,,,,,,,,
rh62,mats-rosenkranz,Mats Rosenkranz,all,Grass,,,,,,,,,,,,,,,,,,
rh62,mats-rosenkranz,Mats Rosenkranz,all,Carpet,,,,,,,,,,,,,,,,,,
rh62,mats-rosenkranz,Mats Rosenkranz,2026,all,,,,,,,,,,,,,,,,,,
rh62,mats-rosenkranz,Mats Rosenkranz,2026,Hard,,,,,,,,,,,,,,,,,,
rh62,mats-rosenkranz,Mats Rosenkranz,2026,Clay,,,,,,,,,,,,,,,,,,
rh62,mats-rosenkranz,Mats Rosenkranz,2026,Grass,,,,,,,,,,,,,,,,,,
rh62,mats-rosenkranz,Mats Rosenkranz,2026,Carpet,,,,,,,,,,,,,,,,,,
rh62,mats-rosenkranz,Mats Rosenkranz,2025,all,,,,,,,,,,,,,,,,,,
rh62,mats-rosenkranz,Mats Rosenkranz,2025,Hard,,,,,,,,,,,,,,,,,,
rh62,mats-rosenkranz,Mats Rosenkranz,2025,Clay,,,,,,,,,,,,,,,,,,
rh62,mats-rosenkranz,Mats Rosenkranz,2025,Grass,,,,,,,,,,,,,,,,,,
rh62,mats-rosenkranz,Mats Rosenkranz,2025,Carpet,,,,,,,,,,,,,,,,,,
rh62,mats-rosenkranz,Mats Rosenkranz,2024,all,,,,,,,,,,,,,,,,,,
rh62,mats-rosenkranz,Mats Rosenkranz,2024,Hard,,,,,,,,,,,,,,,,,,
rh62,mats-rosenkranz,Mats Rosenkranz,2024,Clay,,,,,,,,,,,,,,,,,,
rh62,mats-rosenkranz,Mats Rosenkranz,2024,Grass,,,,,,,,,,,,,,,,,,
rh62,mats-rosenkranz,Mats Rosenkranz,2024,Carpet,,,,,,,,,,,,,,,,,,
rh62,mats-rosenkranz,Mats Rosenkranz,2023,all,,,,,,,,,,,,,,,,,,
rh62,mats-rosenkranz,Mats Rosenkranz,2023,Hard,,,,,,,,,,,,,,,,,,
rh62,mats-rosenkranz,Mats Rosenkranz,2023,Clay,,,,,,,,,,,,,,,,,,
rh62,mats-rosenkranz,Mats Rosenkranz,2023,Grass,,,,,,,,,,,,,,,,,,
rh62,mats-rosenkranz,Mats Rosenkranz,2023,Carpet,,,,,,,,,,,,,,,,,,
b0lq,petr-bar-biryukov,Petr Bar Biryukov,all,all,,,,,,,,,,,,,,,,,,
b0lq,petr-bar-biryukov,Petr Bar Biryukov,all,Hard,,,,,,,,,,,,,,,,,,
b0lq,petr-bar-biryukov,Petr Bar Biryukov,all,Clay,,,,,,,,,,,,,,,,,,
b0lq,petr-bar-biryukov,Petr Bar Biryukov,all,Grass,,,,,,,,,,,,,,,,,,
b0lq,petr-bar-biryukov,Petr Bar Biryukov,all,Carpet,,,,,,,,,,,,,,,,,,
b0lq,petr-bar-biryukov,Petr Bar Biryukov,2026,all,,,,,,,,,,,,,,,,,,
b0lq,petr-bar-biryukov,Petr Bar Biryukov,2026,Hard,,,,,,,,,,,,,,,,,,
b0lq,petr-bar-biryukov,Petr Bar Biryukov,2026,Clay,,,,,,,,,,,,,,,,,,
b0lq,petr-bar-biryukov,Petr Bar Biryukov,2026,Grass,,,,,,,,,,,,,,,,,,
b0lq,petr-bar-biryukov,Petr Bar Biryukov,2026,Carpet,,,,,,,,,,,,,,,,,,
b0lq,petr-bar-biryukov,Petr Bar Biryukov,2025,all,,,,,,,,,,,,,,,,,,
b0lq,petr-bar-biryukov,Petr Bar Biryukov,2025,Hard,,,,,,,,,,,,,,,,,,
b0lq,petr-bar-biryukov,Petr Bar Biryukov,2025,Clay,,,,,,,,,,,,,,,,,,
b0lq,petr-bar-biryukov,Petr Bar Biryukov,2025,Grass,,,,,,,,,,,,,,,,,,
b0lq,petr-bar-biryukov,Petr Bar Biryukov,2025,Carpet,,,,,,,,,,,,,,,,,,
b0lq,petr-bar-biryukov,Petr Bar Biryukov,2024,all,,,,,,,,,,,,,,,,,,
b0lq,petr-bar-biryukov,Petr Bar Biryukov,2024,Hard,,,,,,,,,,,,,,,,,,
b0lq,petr-bar-biryukov,Petr Bar Biryukov,2024,Clay,,,,,,,,,,,,,,,,,,
b0lq,petr-bar-biryukov,Petr Bar Biryukov,2024,Grass,,,,,,,,,,,,,,,,,,
b0lq,petr-bar-biryukov,Petr Bar Biryukov,2024,Carpet,,,,,,,,,,,,,,,,,,
b0lq,petr-bar-biryukov,Petr Bar Biryukov,2023,all,,,,,,,,,,,,,,,,,,
b0lq,petr-bar-biryukov,Petr Bar Biryukov,2023,Hard,,,,,,,,,,,,,,,,,,
b0lq,petr-bar-biryukov,Petr Bar Biryukov,2023,Clay,,,,,,,,,,,,,,,,,,
b0lq,petr-bar-biryukov,Petr Bar Biryukov,2023,Grass,,,,,,,,,,,,,,,,,,
b0lq,petr-bar-biryukov,Petr Bar Biryukov,2023,Carpet,,,,,,,,,,,,,,,,,,
t0gr,oliver-tarvet,Oliver Tarvet,all,all,8,2,61,72,52,10,40,28,79,65,32,49,18,28,29,17,38,50
t0gr,oliver-tarvet,Oliver Tarvet,all,Hard,,,,,,,,,,,,,,,,,,
t0gr,oliver-tarvet,Oliver Tarvet,all,Clay,,,,,,,,,,,,,,,,,,
t0gr,oliver-tarvet,Oliver Tarvet,all,Grass,8,2,61,72,52,10,40,28,79,65,32,49,18,28,29,17,38,50
t0gr,oliver-tarvet,Oliver Tarvet,all,Carpet,,,,,,,,,,,,,,,,,,
t0gr,oliver-tarvet,Oliver Tarvet,2026,all,,,,,,,,,,,,,,,,,,
t0gr,oliver-tarvet,Oliver Tarvet,2026,Hard,,,,,,,,,,,,,,,,,,
t0gr,oliver-tarvet,Oliver Tarvet,2026,Clay,,,,,,,,,,,,,,,,,,
t0gr,oliver-tarvet,Oliver Tarvet,2026,Grass,,,,,,,,,,,,,,,,,,
t0gr,oliver-tarvet,Oliver Tarvet,2026,Carpet,,,,,,,,,,,,,,,,,,
t0gr,oliver-tarvet,Oliver Tarvet,2025,all,8,2,61,72,52,10,40,28,79,65,32,49,18,28,29,17,38,50
t0gr,oliver-tarvet,Oliver Tarvet,2025,Hard,,,,,,,,,,,,,,,,,,
t0gr,oliver-tarvet,Oliver Tarvet,2025,Clay,,,,,,,,,,,,,,,,,,
t0gr,oliver-tarvet,Oliver Tarvet,2025,Grass,8,2,61,72,52,10,40,28,79,65,32,49,18,28,29,17,38,50
t0gr,oliver-tarvet,Oliver Tarvet,2025,Carpet,,,,,,,,,,,,,,,,,,
t0gr,oliver-tarvet,Oliver Tarvet,2024,all,,,,,,,,,,,,,,,,,,
t0gr,oliver-tarvet,Oliver Tarvet,2024,Hard,,,,,,,,,,,,,,,,,,
t0gr,oliver-tarvet,Oliver Tarvet,2024,Clay,,,,,,,,,,,,,,,,,,
t0gr,oliver-tarvet,Oliver Tarvet,2024,Grass,,,,,,,,,,,,,,,,,,
t0gr,oliver-tarvet,Oliver Tarvet,2024,Carpet,,,,,,,,,,,,,,,,,,
t0gr,oliver-tarvet,Oliver Tarvet,2023,all,,,,,,,,,,,,,,,,,,
t0gr,oliver-tarvet,Oliver Tarvet,2023,Hard,,,,,,,,,,,,,,,,,,
t0gr,oliver-tarvet,Oliver Tarvet,2023,Clay,,,,,,,,,,,,,,,,,,
t0gr,oliver-tarvet,Oliver Tarvet,2023,Grass,,,,,,,,,,,,,,,,,,
t0gr,oliver-tarvet,Oliver Tarvet,2023,Carpet,,,,,,,,,,,,,,,,,,
hg94,benjamin-hassan,Benjamin Hassan,all,all,15,15,57,69,42,45,56,63,68,58,18,39,12,8,67,1,27,42
hg94,benjamin-hassan,Benjamin Hassan,all,Hard,10,8,58,69,45,22,50,35,69,59,19,38,6,0,38,0,26,42
hg94,benjamin-hassan,Benjamin Hassan,all,Clay,5,7,57,69,39,23,61,28,68,56,18,42,6,17,29,3,27,43
hg94,benjamin-hassan,Benjamin Hassan,all,Grass,,,,,,,,,,,,,,,,,,
hg94,benjamin-hassan,Benjamin Hassan,all,Carpet,,,,,,,,,,,,,,,,,,
hg94,benjamin-hassan,Benjamin Hassan,2026,all,5,2,69,71,44,3,33,10,80,63,13,34,3,0,11,0,23,43
hg94,benjamin-hassan,Benjamin Hassan,2026,Hard,5,2,69,71,44,3,33,10,80,63,13,34,3,0,11,0,23,43
hg94,benjamin-hassan,Benjamin Hassan,2026,Clay,,,,,,,,,,,,,,,,,,
hg94,benjamin-hassan,Benjamin Hassan,2026,Grass,,,,,,,,,,,,,,,,,,
hg94,benjamin-hassan,Benjamin Hassan,2026,Carpet,,,,,,,,,,,,,,,,,,
hg94,benjamin-hassan,Benjamin Hassan,2025,all,1,3,47,57,33,14,50,12,42,44,18,43,4,25,12,8,28,37
hg94,benjamin-hassan,Benjamin Hassan,2025,Hard,,,,,,,,,,,,,,,,,,
hg94,benjamin-hassan,Benjamin Hassan,2025,Clay,1,3,47,57,33,14,50,12,42,44,18,43,4,25,12,8,28,37
hg94,benjamin-hassan,Benjamin Hassan,2025,Grass,,,,,,,,,,,,,,,,,,
hg94,benjamin-hassan,Benjamin Hassan,2025,Carpet,,,,,,,,,,,,,,,,,,
hg94,benjamin-hassan,Benjamin Hassan,2024,all,5,5,61,76,45,17,71,24,79,64,18,41,2,0,26,0,25,45
hg94,benjamin-hassan,Benjamin Hassan,2024,Hard,1,1,54,74,43,8,63,8,63,60,15,41,0,0,9,0,24,42
hg94,benjamin-hassan,Benjamin Hassan,2024,Clay,4,4,64,76,45,9,78,16,88,65,19,41,2,0,17,0,26,47
hg94,benjamin-hassan,Benjamin Hassan,2024,Grass,,,,,,,,,,,,,,,,,,
hg94,benjamin-hassan,Benjamin Hassan,2024,Carpet,,,,,,,,,,,,,,,,,,
hg94,benjamin-hassan,Benjamin Hassan,2023,all,4,5,54,65,47,11,45,17,65,57,23,38,3,0,18,0,29,41
hg94,benjamin-hassan,Benjamin Hassan,2023,Hard,4,5,54,65,47,11,45,17,65,57,23,38,3,0,18,0,29,41
hg94,benjamin-hassan,Benjamin Hassan,2023,Clay,,,,,,,,,,,,,,,,,,
hg94,benjamin-hassan,Benjamin Hassan,2023,Grass,,,,,,,,,,,,,,,,,,
hg94,benjamin-hassan,Benjamin Hassan,2023,Carpet,,,,,,,,,,,,,,,,,,
t0bw,james-trotter,James Trotter,all,all,8,1,59,66,50,12,67,18,78,59,14,29,0,0,20,0,19,42
t0bw,james-trotter,James Trotter,all,Hard,8,1,59,66,50,12,67,18,78,59,14,29,0,0,20,0,19,42
t0bw,james-trotter,James Trotter,all,Clay,,,,,,,,,,,,,,,,,,
t0bw,james-trotter,James Trotter,all,Grass,,,,,,,,,,,,,,,,,,
t0bw,james-trotter,James Trotter,all,Carpet,,,,,,,,,,,,,,,,,,
t0bw,james-trotter,James Trotter,2026,all,,,,,,,,,,,,,,,,,,
t0bw,james-trotter,James Trotter,2026,Hard,,,,,,,,,,,,,,,,,,
t0bw,james-trotter,James Trotter,2026,Clay,,,,,,,,,,,,,,,,,,
t0bw,james-trotter,James Trotter,2026,Grass,,,,,,,,,,,,,,,,,,
t0bw,james-trotter,James Trotter,2026,Carpet,,,,,,,,,,,,,,,,,,
t0bw,james-trotter,James Trotter,2025,all,8,1,59,66,50,12,67,18,78,59,14,29,0,0,20,0,19,42
t0bw,james-trotter,James Trotter,2025,Hard,8,1,59,66,50,12,67,18,78,59,14,29,0,0,20,0,19,42
t0bw,james-trotter,James Trotter,2025,Clay,,,,,,,,,,,,,,,,,,
t0bw,james-trotter,James Trotter,2025,Grass,,,,,,,,,,,,,,,,,,
t0bw,james-trotter,James Trotter,2025,Carpet,,,,,,,,,,,,,,,,,,
t0bw,james-trotter,James Trotter,2024,all,,,,,,,,,,,,,,,,,,
t0bw,james-trotter,James Trotter,2024,Hard,,,,,,,,,,,,,,,,,,
t0bw,james-trotter,James Trotter,2024,Clay,,,,,,,,,,,,,,,,,,
t0bw,james-trotter,James Trotter,2024,Grass,,,,,,,,,,,,,,,,,,
t0bw,james-trotter,James Trotter,2024,Carpet,,,,,,,,,,,,,,,,,,
t0bw,james-trotter,James Trotter,2023,all,,,,,,,,,,,,,,,,,,
t0bw,james-trotter,James Trotter,2023,Hard,,,,,,,,,,,,,,,,,,
t0bw,james-trotter,James Trotter,2023,Clay,,,,,,,,,,,,,,,,,,
t0bw,james-trotter,James Trotter,2023,Grass,,,,,,,,,,,,,,,,,,
t0bw,james-trotter,James Trotter,2023,Carpet,,,,,,,,,,,,,,,,,,
rg42,alex-rybakov,Alex Rybakov,all,all,7,2,76,58,64,9,56,14,71,59,23,46,6,17,15,7,30,46
rg42,alex-rybakov,Alex Rybakov,all,Hard,7,2,76,58,64,9,56,14,71,59,23,46,6,17,15,7,30,46
rg42,alex-rybakov,Alex Rybakov,all,Clay,,,,,,,,,,,,,,,,,,
rg42,alex-rybakov,Alex Rybakov,all,Grass,,,,,,,,,,,,,,,,,,
rg42,alex-rybakov,Alex Rybakov,all,Carpet,,,,,,,,,,,,,,,,,,
rg42,alex-rybakov,Alex Rybakov,2026,all,,,,,,,,,,,,,,,,,,
rg42,alex-rybakov,Alex Rybakov,2026,Hard,,,,,,,,,,,,,,,,,,
rg42,alex-rybakov,Alex Rybakov,2026,Clay,,,,,,,,,,,,,,,,,,
rg42,alex-rybakov,Alex Rybakov,2026,Grass,,,,,,,,,,,,,,,,,,
rg42,alex-rybakov,Alex Rybakov,2026,Carpet,,,,,,,,,,,,,,,,,,
rg42,alex-rybakov,Alex Rybakov,2025,all,,,,,,,,,,,,,,,,,,
rg42,alex-rybakov,Alex Rybakov,2025,Hard,,,,,,,,,,,,,,,,,,
rg42,alex-rybakov,Alex Rybakov,2025,Clay,,,,,,,,,,,,,,,,,,
rg42,alex-rybakov,Alex Rybakov,2025,Grass,,,,,,,,,,,,,,,,,,
rg42,alex-rybakov,Alex Rybakov,2025,Carpet,,,,,,,,,,,,,,,,,,
rg42,alex-rybakov,Alex Rybakov,2024,all,,,,,,,,,,,,,,,,,,
rg42,alex-rybakov,Alex Rybakov,2024,Hard,,,,,,,,,,,,,,,,,,
rg42,alex-rybakov,Alex Rybakov,2024,Clay,,,,,,,,,,,,,,,,,,
rg42,alex-rybakov,Alex Rybakov,2024,Grass,,,,,,,,,,,,,,,,,,
rg42,alex-rybakov,Alex Rybakov,2024,Carpet,,,,,,,,,,,,,,,,,,
rg42,alex-rybakov,Alex Rybakov,2023,all,7,2,76,58,64,9,56,14,71,59,23,46,6,17,15,7,30,46
rg42,alex-rybakov,Alex Rybakov,2023,Hard,7,2,76,58,64,9,56,14,71,59,23,46,6,17,15,7,30,46
rg42,alex-rybakov,Alex Rybakov,2023,Clay,,,,,,,,,,,,,,,,,,
rg42,alex-rybakov,Alex Rybakov,2023,Grass,,,,,,,,,,,,,,,,,,
rg42,alex-rybakov,Alex Rybakov,2023,Carpet,,,,,,,,,,,,,,,,,,
h0dc,giles-hussey,Giles Hussey,all,all,4,6,65,78,49,9,44,23,78,68,27,54,11,64,24,29,39,53
h0dc,giles-hussey,Giles Hussey,all,Hard,,,,,,,,,,,,,,,,,,
h0dc,giles-hussey,Giles Hussey,all,Clay,,,,,,,,,,,,,,,,,,
h0dc,giles-hussey,Giles Hussey,all,Grass,4,6,65,78,49,9,44,23,78,68,27,54,11,64,24,29,39,53
h0dc,giles-hussey,Giles Hussey,all,Carpet,,,,,,,,,,,,,,,,,,
h0dc,giles-hussey,Giles Hussey,2026,all,,,,,,,,,,,,,,,,,,
h0dc,giles-hussey,Giles Hussey,2026,Hard,,,,,,,,,,,,,,,,,,
h0dc,giles-hussey,Giles Hussey,2026,Clay,,,,,,,,,,,,,,,,,,
h0dc,giles-hussey,Giles Hussey,2026,Grass,,,,,,,,,,,,,,,,,,
h0dc,giles-hussey,Giles Hussey,2026,Carpet,,,,,,,,,,,,,,,,,,
h0dc,giles-hussey,Giles Hussey,2025,all,,,,,,,,,,,,,,,,,,
h0dc,giles-hussey,Giles Hussey,2025,Hard,,,,,,,,,,,,,,,,,,
h0dc,giles-hussey,Giles Hussey,2025,Clay,,,,,,,,,,,,,,,,,,
h0dc,giles-hussey,Giles Hussey,2025,Grass,,,,,,,,,,,,,,,,,,
h0dc,giles-hussey,Giles Hussey,2025,Carpet,,,,,,,,,,,,,,,,,,
h0dc,giles-hussey,Giles Hussey,2024,all,4,6,65,78,49,9,44,23,78,68,27,54,11,64,24,29,39,53
h0dc,giles-hussey,Giles Hussey,2024,Hard,,,,,,,,,,,,,,,,,,
h0dc,giles-hussey,Giles Hussey,2024,Clay,,,,,,,,,,,,,,,,,,
h0dc,giles-hussey,Giles Hussey,2024,Grass,4,6,65,78,49,9,44,23,78,68,27,54,11,64,24,29,39,53
h0dc,giles-hussey,Giles Hussey,2024,Carpet,,,,,,,,,,,,,,,,,,
h0dc,giles-hussey,Giles Hussey,2023,all,,,,,,,,,,,,,,,,,,
h0dc,giles-hussey,Giles Hussey,2023,Hard,,,,,,,,,,,,,,,,,,
h0dc,giles-hussey,Giles Hussey,2023,Clay,,,,,,,,,,,,,,,,,,
h0dc,giles-hussey,Giles Hussey,2023,Grass,,,,,,,,,,,,,,,,,,
h0dc,giles-hussey,Giles Hussey,2023,Carpet,,,,,,,,,,,,,,,,,,
c0b2,cezar-cretu,Cezar Cretu,all,all,0,0,0,0,0,0,0,0,0,0,0,0,0,0,0,0,0,0
c0b2,cezar-cretu,Cezar Cretu,all,Hard,0,0,0,0,0,0,0,0,0,0,0,0,0,0,0,0,0,0
c0b2,cezar-cretu,Cezar Cretu,all,Clay,0,0,0,0,0,0,0,0,0,0,0,0,0,0,0,0,0,0
c0b2,cezar-cretu,Cezar Cretu,all,Grass,,,,,,,,,,,,,,,,,,
c0b2,cezar-cretu,Cezar Cretu,all,Carpet,,,,,,,,,,,,,,,,,,
c0b2,cezar-cretu,Cezar Cretu,2026,all,,,,,,,,,,,,,,,,,,
c0b2,cezar-cretu,Cezar Cretu,2026,Hard,,,,,,,,,,,,,,,,,,
c0b2,cezar-cretu,Cezar Cretu,2026,Clay,,,,,,,,,,,,,,,,,,
c0b2,cezar-cretu,Cezar Cretu,2026,Grass,,,,,,,,,,,,,,,,,,
c0b2,cezar-cretu,Cezar Cretu,2026,Carpet,,,,,,,,,,,,,,,,,,
c0b2,cezar-cretu,Cezar Cretu,2025,all,0,0,0,0,0,0,0,0,0,0,0,0,0,0,0,0,0,0
c0b2,cezar-cretu,Cezar Cretu,2025,Hard,0,0,0,0,0,0,0,0,0,0,0,0,0,0,0,0,0,0
c0b2,cezar-cretu,Cezar Cretu,2025,Clay,,,,,,,,,,,,,,,,,,
c0b2,cezar-cretu,Cezar Cretu,2025,Grass,,,,,,,,,,,,,,,,,,
c0b2,cezar-cretu,Cezar Cretu,2025,Carpet,,,,,,,,,,,,,,,,,,
c0b2,cezar-cretu,Cezar Cretu,2024,all,0,0,0,0,0,0,0,0,0,0,0,0,0,0,0,0,0,0
c0b2,cezar-cretu,Cezar Cretu,2024,Hard,0,0,0,0,0,0,0,0,0,0,0,0,0,0,0,0,0,0
c0b2,cezar-cretu,Cezar Cretu,2024,Clay,,,,,,,,,,,,,,,,,,
c0b2,cezar-cretu,Cezar Cretu,2024,Grass,,,,,,,,,,,,,,,,,,
c0b2,cezar-cretu,Cezar Cretu,2024,Carpet,,,,,,,,,,,,,,,,,,
c0b2,cezar-cretu,Cezar Cretu,2023,all,0,0,0,0,0,0,0,0,0,0,0,0,0,0,0,0,0,0
c0b2,cezar-cretu,Cezar Cretu,2023,Hard,,,,,,,,,,,,,,,,,,
c0b2,cezar-cretu,Cezar Cretu,2023,Clay,0,0,0,0,0,0,0,0,0,0,0,0,0,0,0,0,0,0
c0b2,cezar-cretu,Cezar Cretu,2023,Grass,,,,,,,,,,,,,,,,,,
c0b2,cezar-cretu,Cezar Cretu,2023,Carpet,,,,,,,,,,,,,,,,,,
b0pe,federico-bondioli,Federico Bondioli,all,all,,,,,,,,,,,,,,,,,,
b0pe,federico-bondioli,Federico Bondioli,all,Hard,,,,,,,,,,,,,,,,,,
b0pe,federico-bondioli,Federico Bondioli,all,Clay,,,,,,,,,,,,,,,,,,
b0pe,federico-bondioli,Federico Bondioli,all,Grass,,,,,,,,,,,,,,,,,,
b0pe,federico-bondioli,Federico Bondioli,all,Carpet,,,,,,,,,,,,,,,,,,
b0pe,federico-bondioli,Federico Bondioli,2026,all,,,,,,,,,,,,,,,,,,
b0pe,federico-bondioli,Federico Bondioli,2026,Hard,,,,,,,,,,,,,,,,,,
b0pe,federico-bondioli,Federico Bondioli,2026,Clay,,,,,,,,,,,,,,,,,,
b0pe,federico-bondioli,Federico Bondioli,2026,Grass,,,,,,,,,,,,,,,,,,
b0pe,federico-bondioli,Federico Bondioli,2026,Carpet,,,,,,,,,,,,,,,,,,
b0pe,federico-bondioli,Federico Bondioli,2025,all,,,,,,,,,,,,,,,,,,
b0pe,federico-bondioli,Federico Bondioli,2025,Hard,,,,,,,,,,,,,,,,,,
b0pe,federico-bondioli,Federico Bondioli,2025,Clay,,,,,,,,,,,,,,,,,,
b0pe,federico-bondioli,Federico Bondioli,2025,Grass,,,,,,,,,,,,,,,,,,
b0pe,federico-bondioli,Federico Bondioli,2025,Carpet,,,,,,,,,,,,,,,,,,
b0pe,federico-bondioli,Federico Bondioli,2024,all,,,,,,,,,,,,,,,,,,
b0pe,federico-bondioli,Federico Bondioli,2024,Hard,,,,,,,,,,,,,,,,,,
b0pe,federico-bondioli,Federico Bondioli,2024,Clay,,,,,,,,,,,,,,,,,,
b0pe,federico-bondioli,Federico Bondioli,2024,Grass,,,,,,,,,,,,,,,,,,
b0pe,federico-bondioli,Federico Bondioli,2024,Carpet,,,,,,,,,,,,,,,,,,
b0pe,federico-bondioli,Federico Bondioli,2023,all,,,,,,,,,,,,,,,,,,
b0pe,federico-bondioli,Federico Bondioli,2023,Hard,,,,,,,,,,,,,,,,,,
b0pe,federico-bondioli,Federico Bondioli,2023,Clay,,,,,,,,,,,,,,,,,,
b0pe,federico-bondioli,Federico Bondioli,2023,Grass,,,,,,,,,,,,,,,,,,
b0pe,federico-bondioli,Federico Bondioli,2023,Carpet,,,,,,,,,,,,,,,,,,
ch80,luca-castelnuovo,Luca Castelnuovo,all,all,,,,,,,,,,,,,,,,,,
ch80,luca-castelnuovo,Luca Castelnuovo,all,Hard,,,,,,,,,,,,,,,,,,
ch80,luca-castelnuovo,Luca Castelnuovo,all,Clay,,,,,,,,,,,,,,,,,,
ch80,luca-castelnuovo,Luca Castelnuovo,all,Grass,,,,,,,,,,,,,,,,,,
ch80,luca-castelnuovo,Luca Castelnuovo,all,Carpet,,,,,,,,,,,,,,,,,,
ch80,luca-castelnuovo,Luca Castelnuovo,2026,all,,,,,,,,,,,,,,,,,,
ch80,luca-castelnuovo,Luca Castelnuovo,2026,Hard,,,,,,,,,,,,,,,,,,
ch80,luca-castelnuovo,Luca Castelnuovo,2026,Clay,,,,,,,,,,,,,,,,,,
ch80,luca-castelnuovo,Luca Castelnuovo,2026,Grass,,,,,,,,,,,,,,,,,,
ch80,luca-castelnuovo,Luca Castelnuovo,2026,Carpet,,,,,,,,,,,,,,,,,,
ch80,luca-castelnuovo,Luca Castelnuovo,2025,all,,,,,,,,,,,,,,,,,,
ch80,luca-castelnuovo,Luca Castelnuovo,2025,Hard,,,,,,,,,,,,,,,,,,
ch80,luca-castelnuovo,Luca Castelnuovo,2025,Clay,,,,,,,,,,,,,,,,,,
ch80,luca-castelnuovo,Luca Castelnuovo,2025,Grass,,,,,,,,,,,,,,,,,,
ch80,luca-castelnuovo,Luca Castelnuovo,2025,Carpet,,,,,,,,,,,,,,,,,,
ch80,luca-castelnuovo,Luca Castelnuovo,2024,all,,,,,,,,,,,,,,,,,,
ch80,luca-castelnuovo,Luca Castelnuovo,2024,Hard,,,,,,,,,,,,,,,,,,
ch80,luca-castelnuovo,Luca Castelnuovo,2024,Clay,,,,,,,,,,,,,,,,,,
ch80,luca-castelnuovo,Luca Castelnuovo,2024,Grass,,,,,,,,,,,,,,,,,,
ch80,luca-castelnuovo,Luca Castelnuovo,2024,Carpet,,,,,,,,,,,,,,,,,,
ch80,luca-castelnuovo,Luca Castelnuovo,2023,all,,,,,,,,,,,,,,,,,,
ch80,luca-castelnuovo,Luca Castelnuovo,2023,Hard,,,,,,,,,,,,,,,,,,
ch80,luca-castelnuovo,Luca Castelnuovo,2023,Clay,,,,,,,,,,,,,,,,,,
ch80,luca-castelnuovo,Luca Castelnuovo,2023,Grass,,,,,,,,,,,,,,,,,,
ch80,luca-castelnuovo,Luca Castelnuovo,2023,Carpet,,,,,,,,,,,,,,,,,,
e0aa,yanki-erel,Yanki Erel,all,all,0,0,0,0,0,0,0,0,0,0,0,0,0,0,0,0,0,0
e0aa,yanki-erel,Yanki Erel,all,Hard,0,0,0,0,0,0,0,0,0,0,0,0,0,0,0,0,0,0
e0aa,yanki-erel,Yanki Erel,all,Clay,0,0,0,0,0,0,0,0,0,0,0,0,0,0,0,0,0,0
e0aa,yanki-erel,Yanki Erel,all,Grass,,,,,,,,,,,,,,,,,,
e0aa,yanki-erel,Yanki Erel,all,Carpet,,,,,,,,,,,,,,,,,,
e0aa,yanki-erel,Yanki Erel,2026,all,0,0,0,0,0,0,0,0,0,0,0,0,0,0,0,0,0,0
e0aa,yanki-erel,Yanki Erel,2026,Hard,,,,,,,,,,,,,,,,,,
e0aa,yanki-erel,Yanki Erel,2026,Clay,0,0,0,0,0,0,0,0,0,0,0,0,0,0,0,0,0,0
e0aa,yanki-erel,Yanki Erel,2026,Grass,,,,,,,,,,,,,,,,,,
e0aa,yanki-erel,Yanki Erel,2026,Carpet,,,,,,,,,,,,,,,,,,
e0aa,yanki-erel,Yanki Erel,2025,all,0,0,0,0,0,0,0,0,0,0,0,0,0,0,0,0,0,0
e0aa,yanki-erel,Yanki Erel,2025,Hard,0,0,0,0,0,0,0,0,0,0,0,0,0,0,0,0,0,0
e0aa,yanki-erel,Yanki Erel,2025,Clay,,,,,,,,,,,,,,,,,,
e0aa,yanki-erel,Yanki Erel,2025,Grass,,,,,,,,,,,,,,,,,,
e0aa,yanki-erel,Yanki Erel,2025,Carpet,,,,,,,,,,,,,,,,,,
e0aa,yanki-erel,Yanki Erel,2024,all,0,0,0,0,0,0,0,0,0,0,0,0,0,0,0,0,0,0
e0aa,yanki-erel,Yanki Erel,2024,Hard,0,0,0,0,0,0,0,0,0,0,0,0,0,0,0,0,0,0
e0aa,yanki-erel,Yanki Erel,2024,Clay,0,0,0,0,0,0,0,0,0,0,0,0,0,0,0,0,0,0
e0aa,yanki-erel,Yanki Erel,2024,Grass,,,,,,,,,,,,,,,,,,
e0aa,yanki-erel,Yanki Erel,2024,Carpet,,,,,,,,,,,,,,,,,,
e0aa,yanki-erel,Yanki Erel,2023,all,,,,,,,,,,,,,,,,,,
e0aa,yanki-erel,Yanki Erel,2023,Hard,,,,,,,,,,,,,,,,,,
e0aa,yanki-erel,Yanki Erel,2023,Clay,,,,,,,,,,,,,,,,,,
e0aa,yanki-erel,Yanki Erel,2023,Grass,,,,,,,,,,,,,,,,,,
e0aa,yanki-erel,Yanki Erel,2023,Carpet,,,,,,,,,,,,,,,,,,
pg94,marc-polmans,Marc Polmans,all,all,102,92,66,65,47,244,58,348,71,59,30,49,200,37,342,22,37,48
pg94,marc-polmans,Marc Polmans,all,Hard,76,63,66,65,46,150,55,222,69,59,30,49,125,36,220,20,37,48
pg94,marc-polmans,Marc Polmans,all,Clay,12,12,66,62,49,61,69,72,74,58,27,51,38,39,71,21,36,48
pg94,marc-polmans,Marc Polmans,all,Grass,14,17,65,70,46,33,55,54,72,62,35,48,37,38,51,27,40,51
pg94,marc-polmans,Marc Polmans,all,Carpet,,,,,,,,,,,,,,,,,,
pg94,marc-polmans,Marc Polmans,2026,all,,,,,,,,,,,,,,,,,,
pg94,marc-polmans,Marc Polmans,2026,Hard,,,,,,,,,,,,,,,,,,
pg94,marc-polmans,Marc Polmans,2026,Clay,,,,,,,,,,,,,,,,,,
pg94,marc-polmans,Marc Polmans,2026,Grass,,,,,,,,,,,,,,,,,,
pg94,marc-polmans,Marc Polmans,2026,Carpet,,,,,,,,,,,,,,,,,,
pg94,marc-polmans,Marc Polmans,2025,all,,,,,,,,,,,,,,,,,,
pg94,marc-polmans,Marc Polmans,2025,Hard,,,,,,,,,,,,,,,,,,
pg94,marc-polmans,Marc Polmans,2025,Clay,,,,,,,,,,,,,,,,,,
pg94,marc-polmans,Marc Polmans,2025,Grass,,,,,,,,,,,,,,,,,,
pg94,marc-polmans,Marc Polmans,2025,Carpet,,,,,,,,,,,,,,,,,,
pg94,marc-polmans,Marc Polmans,2024,all,11,14,67,66,40,25,56,30,63,57,25,45,11,18,27,7,32,45
pg94,marc-polmans,Marc Polmans,2024,Hard,11,5,68,66,42,11,64,15,73,58,19,38,3,0,14,0,24,44
pg94,marc-polmans,Marc Polmans,2024,Clay,,,,,,,,,,,,,,,,,,
pg94,marc-polmans,Marc Polmans,2024,Grass,0,9,65,65,38,14,50,15,53,56,32,50,8,25,13,15,39,47
pg94,marc-polmans,Marc Polmans,2024,Carpet,,,,,,,,,,,,,,,,,,
pg94,marc-polmans,Marc Polmans,2023,all,11,4,71,70,41,9,56,15,73,61,29,51,6,67,16,25,39,50
pg94,marc-polmans,Marc Polmans,2023,Hard,11,4,71,70,41,9,56,15,73,61,29,51,6,67,16,25,39,50
pg94,marc-polmans,Marc Polmans,2023,Clay,,,,,,,,,,,,,,,,,,
pg94,marc-polmans,Marc Polmans,2023,Grass,,,,,,,,,,,,,,,,,,
pg94,marc-polmans,Marc Polmans,2023,Carpet,,,,,,,,,,,,,,,,,,
kc29,nicolas-kicker,Nicolas Kicker,all,all,104,120,63,66,51,358,58,555,73,60,30,50,287,45,559,23,38,49
kc29,nicolas-kicker,Nicolas Kicker,all,Hard,31,42,62,63,49,123,63,158,72,58,27,50,73,44,158,20,36,47
kc29,nicolas-kicker,Nicolas Kicker,all,Clay,70,78,63,67,51,228,55,382,73,61,31,50,209,46,385,25,39,50
kc29,nicolas-kicker,Nicolas Kicker,all,Grass,3,0,69,63,74,7,57,15,80,66,27,30,5,0,16,0,28,46
kc29,nicolas-kicker,Nicolas Kicker,all,Carpet,,,,,,,,,,,,,,,,,,
kc29,nicolas-kicker,Nicolas Kicker,2026,all,,,,,,,,,,,,,,,,,,
kc29,nicolas-kicker,Nicolas Kicker,2026,Hard,,,,,,,,,,,,,,,,,,
kc29,nicolas-kicker,Nicolas Kicker,2026,Clay,,,,,,,,,,,,,,,,,,
kc29,nicolas-kicker,Nicolas Kicker,2026,Grass,,,,,,,,,,,,,,,,,,
kc29,nicolas-kicker,Nicolas Kicker,2026,Carpet,,,,,,,,,,,,,,,,,,
kc29,nicolas-kicker,Nicolas Kicker,2025,all,,,,,,,,,,,,,,,,,,
kc29,nicolas-kicker,Nicolas Kicker,2025,Hard,,,,,,,,,,,,,,,,,,
kc29,nicolas-kicker,Nicolas Kicker,2025,Clay,,,,,,,,,,,,,,,,,,
kc29,nicolas-kicker,Nicolas Kicker,2025,Grass,,,,,,,,,,,,,,,,,,
kc29,nicolas-kicker,Nicolas Kicker,2025,Carpet,,,,,,,,,,,,,,,,,,
kc29,nicolas-kicker,Nicolas Kicker,2024,all,,,,,,,,,,,,,,,,,,
kc29,nicolas-kicker,Nicolas Kicker,2024,Hard,,,,,,,,,,,,,,,,,,
kc29,nicolas-kicker,Nicolas Kicker,2024,Clay,,,,,,,,,,,,,,,,,,
kc29,nicolas-kicker,Nicolas Kicker,2024,Grass,,,,,,,,,,,,,,,,,,
kc29,nicolas-kicker,Nicolas Kicker,2024,Carpet,,,,,,,,,,,,,,,,,,
kc29,nicolas-kicker,Nicolas Kicker,2023,all,,,,,,,,,,,,,,,,,,
kc29,nicolas-kicker,Nicolas Kicker,2023,Hard,,,,,,,,,,,,,,,,,,
kc29,nicolas-kicker,Nicolas Kicker,2023,Clay,,,,,,,,,,,,,,,,,,
kc29,nicolas-kicker,Nicolas Kicker,2023,Grass,,,,,,,,,,,,,,,,,,
kc29,nicolas-kicker,Nicolas Kicker,2023,Carpet,,,,,,,,,,,,,,,,,,
tc01,li-tu,Li Tu,all,all,80,33,58,71,51,92,54,169,75,63,23,44,60,35,169,12,31,47
tc01,li-tu,Li Tu,all,Hard,65,25,58,71,51,76,58,127,75,63,22,42,41,37,128,12,30,47
tc01,li-tu,Li Tu,all,Clay,,,,,,,,,,,,,,,,,,
tc01,li-tu,Li Tu,all,Grass,15,8,58,72,52,16,38,42,76,63,24,50,19,32,41,15,34,48
tc01,li-tu,Li Tu,all,Carpet,,,,,,,,,,,,,,,,,,
tc01,li-tu,Li Tu,2026,all,,,,,,,,,,,,,,,,,,
tc01,li-tu,Li Tu,2026,Hard,,,,,,,,,,,,,,,,,,
tc01,li-tu,Li Tu,2026,Clay,,,,,,,,,,,,,,,,,,
tc01,li-tu,Li Tu,2026,Grass,,,,,,,,,,,,,,,,,,
tc01,li-tu,Li Tu,2026,Carpet,,,,,,,,,,,,,,,,,,
tc01,li-tu,Li Tu,2025,all,20,8,57,69,45,28,54,43,70,59,24,43,23,30,45,16,31,45
tc01,li-tu,Li Tu,2025,Hard,20,8,57,69,45,28,54,43,70,59,24,43,23,30,45,16,31,45
tc01,li-tu,Li Tu,2025,Clay,,,,,,,,,,,,,,,,,,
tc01,li-tu,Li Tu,2025,Grass,,,,,,,,,,,,,,,,,,
tc01,li-tu,Li Tu,2025,Carpet,,,,,,,,,,,,,,,,,,
tc01,li-tu,Li Tu,2024,all,10,11,58,66,46,41,61,49,67,57,23,40,14,36,47,11,29,45
tc01,li-tu,Li Tu,2024,Hard,9,10,57,68,45,32,63,39,69,58,24,37,9,44,38,11,29,45
tc01,li-tu,Li Tu,2024,Clay,,,,,,,,,,,,,,,,,,
tc01,li-tu,Li Tu,2024,Grass,1,1,63,59,48,9,56,10,60,55,20,48,5,20,9,11,30,43
tc01,li-tu,Li Tu,2024,Carpet,,,,,,,,,,,,,,,,,,
tc01,li-tu,Li Tu,2023,all,19,9,56,78,56,13,46,44,84,68,23,51,16,38,44,14,34,50
tc01,li-tu,Li Tu,2023,Hard,5,2,57,79,66,6,83,12,92,73,16,53,2,50,12,8,31,50
tc01,li-tu,Li Tu,2023,Clay,,,,,,,,,,,,,,,,,,
tc01,li-tu,Li Tu,2023,Grass,14,7,55,77,53,7,14,32,81,66,25,51,14,36,32,16,36,50
tc01,li-tu,Li Tu,2023,Carpet,,,,,,,,,,,,,,,,,,
b0ov,petr-brunclik,Petr Brunclik,all,all,,,,,,,,,,,,,,,,,,
b0ov,petr-brunclik,Petr Brunclik,all,Hard,,,,,,,,,,,,,,,,,,
b0ov,petr-brunclik,Petr Brunclik,all,Clay,,,,,,,,,,,,,,,,,,
b0ov,petr-brunclik,Petr Brunclik,all,Grass,,,,,,,,,,,,,,,,,,
b0ov,petr-brunclik,Petr Brunclik,all,Carpet,,,,,,,,,,,,,,,,,,
b0ov,petr-brunclik,Petr Brunclik,2026,all,,,,,,,,,,,,,,,,,,
b0ov,petr-brunclik,Petr Brunclik,2026,Hard,,,,,,,,,,,,,,,,,,
b0ov,petr-brunclik,Petr Brunclik,2026,Clay,,,,,,,,,,,,,,,,,,
b0ov,petr-brunclik,Petr Brunclik,2026,Grass,,,,,,,,,,,,,,,,,,
b0ov,petr-brunclik,Petr Brunclik,2026,Carpet,,,,,,,,,,,,,,,,,,
b0ov,petr-brunclik,Petr Brunclik,2025,all,,,,,,,,,,,,,,,,,,
b0ov,petr-brunclik,Petr Brunclik,2025,Hard,,,,,,,,,,,,,,,,,,
b0ov,petr-brunclik,Petr Brunclik,2025,Clay,,,,,,,,,,,,,,,,,,
b0ov,petr-brunclik,Petr Brunclik,2025,Grass,,,,,,,,,,,,,,,,,,
b0ov,petr-brunclik,Petr Brunclik,2025,Carpet,,,,,,,,,,,,,,,,,,
b0ov,petr-brunclik,Petr Brunclik,2024,all,,,,,,,,,,,,,,,,,,
b0ov,petr-brunclik,Petr Brunclik,2024,Hard,,,,,,,,,,,,,,,,,,
b0ov,petr-brunclik,Petr Brunclik,2024,Clay,,,,,,,,,,,,,,,,,,
b0ov,petr-brunclik,Petr Brunclik,2024,Grass,,,,,,,,,,,,,,,,,,
b0ov,petr-brunclik,Petr Brunclik,2024,Carpet,,,,,,,,,,,,,,,,,,
b0ov,petr-brunclik,Petr Brunclik,2023,all,,,,,,,,,,,,,,,,,,
b0ov,petr-brunclik,Petr Brunclik,2023,Hard,,,,,,,,,,,,,,,,,,
b0ov,petr-brunclik,Petr Brunclik,2023,Clay,,,,,,,,,,,,,,,,,,
b0ov,petr-brunclik,Petr Brunclik,2023,Grass,,,,,,,,,,,,,,,,,,
b0ov,petr-brunclik,Petr Brunclik,2023,Carpet,,,,,,,,,,,,,,,,,,
j476,david-jorda-sanchis,David Jorda Sanchis,all,all,17,3,62,65,48,18,78,20,80,58,32,50,14,43,21,29,37,49
j476,david-jorda-sanchis,David Jorda Sanchis,all,Hard,,,,,,,,,,,,,,,,,,
j476,david-jorda-sanchis,David Jorda Sanchis,all,Clay,17,3,62,65,48,18,78,20,80,58,32,50,14,43,21,29,37,49
j476,david-jorda-sanchis,David Jorda Sanchis,all,Grass,,,,,,,,,,,,,,,,,,
j476,david-jorda-sanchis,David Jorda Sanchis,all,Carpet,,,,,,,,,,,,,,,,,,
j476,david-jorda-sanchis,David Jorda Sanchis,2026,all,,,,,,,,,,,,,,,,,,
j476,david-jorda-sanchis,David Jorda Sanchis,2026,Hard,,,,,,,,,,,,,,,,,,
j476,david-jorda-sanchis,David Jorda Sanchis,2026,Clay,,,,,,,,,,,,,,,,,,
j476,david-jorda-sanchis,David Jorda Sanchis,2026,Grass,,,,,,,,,,,,,,,,,,
j476,david-jorda-sanchis,David Jorda Sanchis,2026,Carpet,,,,,,,,,,,,,,,,,,
j476,david-jorda-sanchis,David Jorda Sanchis,2025,all,,,,,,,,,,,,,,,,,,
j476,david-jorda-sanchis,David Jorda Sanchis,2025,Hard,,,,,,,,,,,,,,,,,,
j476,david-jorda-sanchis,David Jorda Sanchis,2025,Clay,,,,,,,,,,,,,,,,,,
j476,david-jorda-sanchis,David Jorda Sanchis,2025,Grass,,,,,,,,,,,,,,,,,,
j476,david-jorda-sanchis,David Jorda Sanchis,2025,Carpet,,,,,,,,,,,,,,,,,,
j476,david-jorda-sanchis,David Jorda Sanchis,2024,all,17,3,62,65,48,18,78,20,80,58,32,50,14,43,21,29,37,49
j476,david-jorda-sanchis,David Jorda Sanchis,2024,Hard,,,,,,,,,,,,,,,,,,
j476,david-jorda-sanchis,David Jorda Sanchis,2024,Clay,17,3,62,65,48,18,78,20,80,58,32,50,14,43,21,29,37,49
j476,david-jorda-sanchis,David Jorda Sanchis,2024,Grass,,,,,,,,,,,,,,,,,,
j476,david-jorda-sanchis,David Jorda Sanchis,2024,Carpet,,,,,,,,,,,,,,,,,,
j476,david-jorda-sanchis,David Jorda Sanchis,2023,all,,,,,,,,,,,,,,,,,,
j476,david-jorda-sanchis,David Jorda Sanchis,2023,Hard,,,,,,,,,,,,,,,,,,
j476,david-jorda-sanchis,David Jorda Sanchis,2023,Clay,,,,,,,,,,,,,,,,,,
j476,david-jorda-sanchis,David Jorda Sanchis,2023,Grass,,,,,,,,,,,,,,,,,,
j476,david-jorda-sanchis,David Jorda Sanchis,2023,Carpet,,,,,,,,,,,,,,,,,,
h09p,brandon-holt,Brandon Holt,all,all,123,22,65,66,47,164,59,253,73,60,26,47,102,42,258,17,34,47
h09p,brandon-holt,Brandon Holt,all,Hard,99,18,65,66,47,141,62,202,73,59,27,46,83,42,207,17,34,47
h09p,brandon-holt,Brandon Holt,all,Clay,5,0,69,70,61,4,50,12,83,67,24,63,7,29,12,17,37,51
h09p,brandon-holt,Brandon Holt,all,Grass,19,4,65,68,44,19,37,39,69,60,24,48,12,50,39,15,31,46
h09p,brandon-holt,Brandon Holt,all,Carpet,,,,,,,,,,,,,,,,,,
h09p,brandon-holt,Brandon Holt,2026,all,,,,,,,,,,,,,,,,,,
h09p,brandon-holt,Brandon Holt,2026,Hard,,,,,,,,,,,,,,,,,,
h09p,brandon-holt,Brandon Holt,2026,Clay,,,,,,,,,,,,,,,,,,
h09p,brandon-holt,Brandon Holt,2026,Grass,,,,,,,,,,,,,,,,,,
h09p,brandon-holt,Brandon Holt,2026,Carpet,,,,,,,,,,,,,,,,,,
h09p,brandon-holt,Brandon Holt,2025,all,57,9,65,67,48,74,55,115,71,60,25,50,47,40,118,16,33,47
h09p,brandon-holt,Brandon Holt,2025,Hard,33,5,64,65,48,51,63,64,70,59,26,48,28,39,67,16,34,46
h09p,brandon-holt,Brandon Holt,2025,Clay,5,0,69,70,61,4,50,12,83,67,24,63,7,29,12,17,37,51
h09p,brandon-holt,Brandon Holt,2025,Grass,19,4,65,68,44,19,37,39,69,60,24,48,12,50,39,15,31,46
h09p,brandon-holt,Brandon Holt,2025,Carpet,,,,,,,,,,,,,,,,,,
h09p,brandon-holt,Brandon Holt,2024,all,4,0,62,60,38,14,50,16,56,52,20,35,3,33,18,6,26,39
h09p,brandon-holt,Brandon Holt,2024,Hard,4,0,62,60,38,14,50,16,56,52,20,35,3,33,18,6,26,39
h09p,brandon-holt,Brandon Holt,2024,Clay,,,,,,,,,,,,,,,,,,
h09p,brandon-holt,Brandon Holt,2024,Grass,,,,,,,,,,,,,,,,,,
h09p,brandon-holt,Brandon Holt,2024,Carpet,,,,,,,,,,,,,,,,,,
h09p,brandon-holt,Brandon Holt,2023,all,28,5,68,65,44,43,60,61,72,58,26,39,20,40,61,13,30,45
h09p,brandon-holt,Brandon Holt,2023,Hard,28,5,68,65,44,43,60,61,72,58,26,39,20,40,61,13,30,45
h09p,brandon-holt,Brandon Holt,2023,Clay,,,,,,,,,,,,,,,,,,
h09p,brandon-holt,Brandon Holt,2023,Grass,,,,,,,,,,,,,,,,,,
h09p,brandon-holt,Brandon Holt,2023,Carpet,,,,,,,,,,,,,,,,,,
s0aq,yuta-shimizu,Yuta Shimizu,all,all,1,3,50,52,41,7,29,8,38,47,23,60,5,20,8,13,34,41
s0aq,yuta-shimizu,Yuta Shimizu,all,Hard,1,3,50,52,41,7,29,8,38,47,23,60,5,20,8,13,34,41
s0aq,yuta-shimizu,Yuta Shimizu,all,Clay,,,,,,,,,,,,,,,,,,
s0aq,yuta-shimizu,Yuta Shimizu,all,Grass,0,0,0,0,0,0,0,0,0,0,0,0,0,0,0,0,0,0
s0aq,yuta-shimizu,Yuta Shimizu,all,Carpet,,,,,,,,,,,,,,,,,,
s0aq,yuta-shimizu,Yuta Shimizu,2026,all,,,,,,,,,,,,,,,,,,
s0aq,yuta-shimizu,Yuta Shimizu,2026,Hard,,,,,,,,,,,,,,,,,,
s0aq,yuta-shimizu,Yuta Shimizu,2026,Clay,,,,,,,,,,,,,,,,,,
s0aq,yuta-shimizu,Yuta Shimizu,2026,Grass,,,,,,,,,,,,,,,,,,
s0aq,yuta-shimizu,Yuta Shimizu,2026,Carpet,,,,,,,,,,,,,,,,,,
s0aq,yuta-shimizu,Yuta Shimizu,2025,all,,,,,,,,,,,,,,,,,,
s0aq,yuta-shimizu,Yuta Shimizu,2025,Hard,,,,,,,,,,,,,,,,,,
s0aq,yuta-shimizu,Yuta Shimizu,2025,Clay,,,,,,,,,,,,,,,,,,
s0aq,yuta-shimizu,Yuta Shimizu,2025,Grass,,,,,,,,,,,,,,,,,,
s0aq,yuta-shimizu,Yuta Shimizu,2025,Carpet,,,,,,,,,,,,,,,,,,
s0aq,yuta-shimizu,Yuta Shimizu,2024,all,,,,,,,,,,,,,,,,,,
s0aq,yuta-shimizu,Yuta Shimizu,2024,Hard,,,,,,,,,,,,,,,,,,
s0aq,yuta-shimizu,Yuta Shimizu,2024,Clay,,,,,,,,,,,,,,,,,,
s0aq,yuta-shimizu,Yuta Shimizu,2024,Grass,,,,,,,,,,,,,,,,,,
s0aq,yuta-shimizu,Yuta Shimizu,2024,Carpet,,,,,,,,,,,,,,,,,,
s0aq,yuta-shimizu,Yuta Shimizu,2023,all,,,,,,,,,,,,,,,,,,
s0aq,yuta-shimizu,Yuta Shimizu,2023,Hard,,,,,,,,,,,,,,,,,,
s0aq,yuta-shimizu,Yuta Shimizu,2023,Clay,,,,,,,,,,,,,,,,,,
s0aq,yuta-shimizu,Yuta Shimizu,2023,Grass,,,,,,,,,,,,,,,,,,
s0aq,yuta-shimizu,Yuta Shimizu,2023,Carpet,,,,,,,,,,,,,,,,,,
a0f3,fabrizio-andaloro,Fabrizio Andaloro,all,all,,,,,,,,,,,,,,,,,,
a0f3,fabrizio-andaloro,Fabrizio Andaloro,all,Hard,,,,,,,,,,,,,,,,,,
a0f3,fabrizio-andaloro,Fabrizio Andaloro,all,Clay,,,,,,,,,,,,,,,,,,
a0f3,fabrizio-andaloro,Fabrizio Andaloro,all,Grass,,,,,,,,,,,,,,,,,,
a0f3,fabrizio-andaloro,Fabrizio Andaloro,all,Carpet,,,,,,,,,,,,,,,,,,
a0f3,fabrizio-andaloro,Fabrizio Andaloro,2026,all,,,,,,,,,,,,,,,,,,
a0f3,fabrizio-andaloro,Fabrizio Andaloro,2026,Hard,,,,,,,,,,,,,,,,,,
a0f3,fabrizio-andaloro,Fabrizio Andaloro,2026,Clay,,,,,,,,,,,,,,,,,,
a0f3,fabrizio-andaloro,Fabrizio Andaloro,2026,Grass,,,,,,,,,,,,,,,,,,
a0f3,fabrizio-andaloro,Fabrizio Andaloro,2026,Carpet,,,,,,,,,,,,,,,,,,
a0f3,fabrizio-andaloro,Fabrizio Andaloro,2025,all,,,,,,,,,,,,,,,,,,
a0f3,fabrizio-andaloro,Fabrizio Andaloro,2025,Hard,,,,,,,,,,,,,,,,,,
a0f3,fabrizio-andaloro,Fabrizio Andaloro,2025,Clay,,,,,,,,,,,,,,,,,,
a0f3,fabrizio-andaloro,Fabrizio Andaloro,2025,Grass,,,,,,,,,,,,,,,,,,
a0f3,fabrizio-andaloro,Fabrizio Andaloro,2025,Carpet,,,,,,,,,,,,,,,,,,
a0f3,fabrizio-andaloro,Fabrizio Andaloro,2024,all,,,,,,,,,,,,,,,,,,
a0f3,fabrizio-andaloro,Fabrizio Andaloro,2024,Hard,,,,,,,,,,,,,,,,,,
a0f3,fabrizio-andaloro,Fabrizio Andaloro,2024,Clay,,,,,,,,,,,,,,,,,,
a0f3,fabrizio-andaloro,Fabrizio Andaloro,2024,Grass,,,,,,,,,,,,,,,,,,
a0f3,fabrizio-andaloro,Fabrizio Andaloro,2024,Carpet,,,,,,,,,,,,,,,,,,
a0f3,fabrizio-andaloro,Fabrizio Andaloro,2023,all,,,,,,,,,,,,,,,,,,
a0f3,fabrizio-andaloro,Fabrizio Andaloro,2023,Hard,,,,,,,,,,,,,,,,,,
a0f3,fabrizio-andaloro,Fabrizio Andaloro,2023,Clay,,,,,,,,,,,,,,,,,,
a0f3,fabrizio-andaloro,Fabrizio Andaloro,2023,Grass,,,,,,,,,,,,,,,,,,
a0f3,fabrizio-andaloro,Fabrizio Andaloro,2023,Carpet,,,,,,,,,,,,,,,,,,
f0f4,kilian-feldbausch,Kilian Feldbausch,all,all,,,,,,,,,,,,,,,,,,
f0f4,kilian-feldbausch,Kilian Feldbausch,all,Hard,,,,,,,,,,,,,,,,,,
f0f4,kilian-feldbausch,Kilian Feldbausch,all,Clay,,,,,,,,,,,,,,,,,,
f0f4,kilian-feldbausch,Kilian Feldbausch,all,Grass,,,,,,,,,,,,,,,,,,
f0f4,kilian-feldbausch,Kilian Feldbausch,all,Carpet,,,,,,,,,,,,,,,,,,
f0f4,kilian-feldbausch,Kilian Feldbausch,2026,all,,,,,,,,,,,,,,,,,,
f0f4,kilian-feldbausch,Kilian Feldbausch,2026,Hard,,,,,,,,,,,,,,,,,,
f0f4,kilian-feldbausch,Kilian Feldbausch,2026,Clay,,,,,,,,,,,,,,,,,,
f0f4,kilian-feldbausch,Kilian Feldbausch,2026,Grass,,,,,,,,,,,,,,,,,,
f0f4,kilian-feldbausch,Kilian Feldbausch,2026,Carpet,,,,,,,,,,,,,,,,,,
f0f4,kilian-feldbausch,Kilian Feldbausch,2025,all,,,,,,,,,,,,,,,,,,
f0f4,kilian-feldbausch,Kilian Feldbausch,2025,Hard,,,,,,,,,,,,,,,,,,
f0f4,kilian-feldbausch,Kilian Feldbausch,2025,Clay,,,,,,,,,,,,,,,,,,
f0f4,kilian-feldbausch,Kilian Feldbausch,2025,Grass,,,,,,,,,,,,,,,,,,
f0f4,kilian-feldbausch,Kilian Feldbausch,2025,Carpet,,,,,,,,,,,,,,,,,,
f0f4,kilian-feldbausch,Kilian Feldbausch,2024,all,,,,,,,,,,,,,,,,,,
f0f4,kilian-feldbausch,Kilian Feldbausch,2024,Hard,,,,,,,,,,,,,,,,,,
f0f4,kilian-feldbausch,Kilian Feldbausch,2024,Clay,,,,,,,,,,,,,,,,,,
f0f4,kilian-feldbausch,Kilian Feldbausch,2024,Grass,,,,,,,,,,,,,,,,,,
f0f4,kilian-feldbausch,Kilian Feldbausch,2024,Carpet,,,,,,,,,,,,,,,,,,
f0f4,kilian-feldbausch,Kilian Feldbausch,2023,all,,,,,,,,,,,,,,,,,,
f0f4,kilian-feldbausch,Kilian Feldbausch,2023,Hard,,,,,,,,,,,,,,,,,,
f0f4,kilian-feldbausch,Kilian Feldbausch,2023,Clay,,,,,,,,,,,,,,,,,,
f0f4,kilian-feldbausch,Kilian Feldbausch,2023,Grass,,,,,,,,,,,,,,,,,,
f0f4,kilian-feldbausch,Kilian Feldbausch,2023,Carpet,,,,,,,,,,,,,,,,,,
gb93,norbert-gombos,Norbert Gombos,all,all,363,263,61,70,47,560,60,891,75,61,28,48,469,34,900,18,35,48
gb93,norbert-gombos,Norbert Gombos,all,Hard,225,154,62,71,46,288,60,493,77,62,26,48,251,33,501,17,35,48
gb93,norbert-gombos,Norbert Gombos,all,Clay,104,87,61,69,48,225,61,326,73,61,31,50,206,34,324,22,38,49
gb93,norbert-gombos,Norbert Gombos,all,Grass,34,22,61,69,48,47,57,72,72,61,19,36,12,33,75,5,26,44
gb93,norbert-gombos,Norbert Gombos,all,Carpet,,,,,,,,,,,,,,,,,,
gb93,norbert-gombos,Norbert Gombos,2026,all,0,0,0,0,0,0,0,0,0,0,0,0,0,0,0,0,0,0
gb93,norbert-gombos,Norbert Gombos,2026,Hard,0,0,0,0,0,0,0,0,0,0,0,0,0,0,0,0,0,0
gb93,norbert-gombos,Norbert Gombos,2026,Clay,,,,,,,,,,,,,,,,,,
gb93,norbert-gombos,Norbert Gombos,2026,Grass,,,,,,,,,,,,,,,,,,
gb93,norbert-gombos,Norbert Gombos,2026,Carpet,,,,,,,,,,,,,,,,,,
gb93,norbert-gombos,Norbert Gombos,2025,all,15,2,61,70,67,11,73,26,88,69,21,52,11,27,25,12,34,52
gb93,norbert-gombos,Norbert Gombos,2025,Hard,0,0,0,0,0,0,0,0,0,0,0,0,0,0,0,0,0,0
gb93,norbert-gombos,Norbert Gombos,2025,Clay,15,2,61,70,67,11,73,26,88,69,21,52,11,27,25,12,34,52
gb93,norbert-gombos,Norbert Gombos,2025,Grass,,,,,,,,,,,,,,,,,,
gb93,norbert-gombos,Norbert Gombos,2025,Carpet,,,,,,,,,,,,,,,,,,
gb93,norbert-gombos,Norbert Gombos,2024,all,0,0,0,0,0,0,0,0,0,0,0,0,0,0,0,0,0,0
gb93,norbert-gombos,Norbert Gombos,2024,Hard,0,0,0,0,0,0,0,0,0,0,0,0,0,0,0,0,0,0
gb93,norbert-gombos,Norbert Gombos,2024,Clay,,,,,,,,,,,,,,,,,,
gb93,norbert-gombos,Norbert Gombos,2024,Grass,,,,,,,,,,,,,,,,,,
gb93,norbert-gombos,Norbert Gombos,2024,Carpet,,,,,,,,,,,,,,,,,,
gb93,norbert-gombos,Norbert Gombos,2023,all,,,,,,,,,,,,,,,,,,
gb93,norbert-gombos,Norbert Gombos,2023,Hard,,,,,,,,,,,,,,,,,,
gb93,norbert-gombos,Norbert Gombos,2023,Clay,,,,,,,,,,,,,,,,,,
gb93,norbert-gombos,Norbert Gombos,2023,Grass,,,,,,,,,,,,,,,,,,
gb93,norbert-gombos,Norbert Gombos,2023,Carpet,,,,,,,,,,,,,,,,,,
s0ti,philip-sekulic,Philip Sekulic,all,all,11,8,64,67,45,33,61,40,68,59,26,52,23,35,40,20,36,47
s0ti,philip-sekulic,Philip Sekulic,all,Hard,11,8,64,67,45,33,61,40,68,59,26,52,23,35,40,20,36,47
s0ti,philip-sekulic,Philip Sekulic,all,Clay,,,,,,,,,,,,,,,,,,
s0ti,philip-sekulic,Philip Sekulic,all,Grass,,,,,,,,,,,,,,,,,,
s0ti,philip-sekulic,Philip Sekulic,all,Carpet,,,,,,,,,,,,,,,,,,
s0ti,philip-sekulic,Philip Sekulic,2026,all,,,,,,,,,,,,,,,,,,
s0ti,philip-sekulic,Philip Sekulic,2026,Hard,,,,,,,,,,,,,,,,,,
s0ti,philip-sekulic,Philip Sekulic,2026,Clay,,,,,,,,,,,,,,,,,,
s0ti,philip-sekulic,Philip Sekulic,2026,Grass,,,,,,,,,,,,,,,,,,
s0ti,philip-sekulic,Philip Sekulic,2026,Carpet,,,,,,,,,,,,,,,,,,
s0ti,philip-sekulic,Philip Sekulic,2025,all,,,,,,,,,,,,,,,,,,
s0ti,philip-sekulic,Philip Sekulic,2025,Hard,,,,,,,,,,,,,,,,,,
s0ti,philip-sekulic,Philip Sekulic,2025,Clay,,,,,,,,,,,,,,,,,,
s0ti,philip-sekulic,Philip Sekulic,2025,Grass,,,,,,,,,,,,,,,,,,
s0ti,philip-sekulic,Philip Sekulic,2025,Carpet,,,,,,,,,,,,,,,,,,
s0ti,philip-sekulic,Philip Sekulic,2024,all,,,,,,,,,,,,,,,,,,
s0ti,philip-sekulic,Philip Sekulic,2024,Hard,,,,,,,,,,,,,,,,,,
s0ti,philip-sekulic,Philip Sekulic,2024,Clay,,,,,,,,,,,,,,,,,,
s0ti,philip-sekulic,Philip Sekulic,2024,Grass,,,,,,,,,,,,,,,,,,
s0ti,philip-sekulic,Philip Sekulic,2024,Carpet,,,,,,,,,,,,,,,,,,
s0ti,philip-sekulic,Philip Sekulic,2023,all,11,8,64,67,45,33,61,40,68,59,26,52,23,35,40,20,36,47
s0ti,philip-sekulic,Philip Sekulic,2023,Hard,11,8,64,67,45,33,61,40,68,59,26,52,23,35,40,20,36,47
s0ti,philip-sekulic,Philip Sekulic,2023,Clay,,,,,,,,,,,,,,,,,,
s0ti,philip-sekulic,Philip Sekulic,2023,Grass,,,,,,,,,,,,,,,,,,
s0ti,philip-sekulic,Philip Sekulic,2023,Carpet,,,,,,,,,,,,,,,,,,
x01c,ioannis-xilas,Ioannis Xilas,all,all,0,0,0,0,0,0,0,0,0,0,0,0,0,0,0,0,0,0
x01c,ioannis-xilas,Ioannis Xilas,all,Hard,0,0,0,0,0,0,0,0,0,0,0,0,0,0,0,0,0,0
x01c,ioannis-xilas,Ioannis Xilas,all,Clay,,,,,,,,,,,,,,,,,,
x01c,ioannis-xilas,Ioannis Xilas,all,Grass,,,,,,,,,,,,,,,,,,
x01c,ioannis-xilas,Ioannis Xilas,all,Carpet,,,,,,,,,,,,,,,,,,
x01c,ioannis-xilas,Ioannis Xilas,2026,all,,,,,,,,,,,,,,,,,,
x01c,ioannis-xilas,Ioannis Xilas,2026,Hard,,,,,,,,,,,,,,,,,,
x01c,ioannis-xilas,Ioannis Xilas,2026,Clay,,,,,,,,,,,,,,,,,,
x01c,ioannis-xilas,Ioannis Xilas,2026,Grass,,,,,,,,,,,,,,,,,,
x01c,ioannis-xilas,Ioannis Xilas,2026,Carpet,,,,,,,,,,,,,,,,,,
x01c,ioannis-xilas,Ioannis Xilas,2025,all,,,,,,,,,,,,,,,,,,
x01c,ioannis-xilas,Ioannis Xilas,2025,Hard,,,,,,,,,,,,,,,,,,
x01c,ioannis-xilas,Ioannis Xilas,2025,Clay,,,,,,,,,,,,,,,,,,
x01c,ioannis-xilas,Ioannis Xilas,2025,Grass,,,,,,,,,,,,,,,,,,
x01c,ioannis-xilas,Ioannis Xilas,2025,Carpet,,,,,,,,,,,,,,,,,,
x01c,ioannis-xilas,Ioannis Xilas,2024,all,0,0,0,0,0,0,0,0,0,0,0,0,0,0,0,0,0,0
x01c,ioannis-xilas,Ioannis Xilas,2024,Hard,0,0,0,0,0,0,0,0,0,0,0,0,0,0,0,0,0,0
x01c,ioannis-xilas,Ioannis Xilas,2024,Clay,,,,,,,,,,,,,,,,,,
x01c,ioannis-xilas,Ioannis Xilas,2024,Grass,,,,,,,,,,,,,,,,,,
x01c,ioannis-xilas,Ioannis Xilas,2024,Carpet,,,,,,,,,,,,,,,,,,
x01c,ioannis-xilas,Ioannis Xilas,2023,all,,,,,,,,,,,,,,,,,,
x01c,ioannis-xilas,Ioannis Xilas,2023,Hard,,,,,,,,,,,,,,,,,,
x01c,ioannis-xilas,Ioannis Xilas,2023,Clay,,,,,,,,,,,,,,,,,,
x01c,ioannis-xilas,Ioannis Xilas,2023,Grass,,,,,,,,,,,,,,,,,,
x01c,ioannis-xilas,Ioannis Xilas,2023,Carpet,,,,,,,,,,,,,,,,,,
rh59,santiago-rodriguez-taverna,Santiago Rodriguez Taverna,all,all,9,7,62,71,39,17,59,25,72,59,31,47,9,78,25,28,35,47
rh59,santiago-rodriguez-taverna,Santiago Rodriguez Taverna,all,Hard,,,,,,,,,,,,,,,,,,
rh59,santiago-rodriguez-taverna,Santiago Rodriguez Taverna,all,Clay,9,7,62,71,39,17,59,25,72,59,31,47,9,78,25,28,35,47
rh59,santiago-rodriguez-taverna,Santiago Rodriguez Taverna,all,Grass,,,,,,,,,,,,,,,,,,
rh59,santiago-rodriguez-taverna,Santiago Rodriguez Taverna,all,Carpet,,,,,,,,,,,,,,,,,,
rh59,santiago-rodriguez-taverna,Santiago Rodriguez Taverna,2026,all,,,,,,,,,,,,,,,,,,
rh59,santiago-rodriguez-taverna,Santiago Rodriguez Taverna,2026,Hard,,,,,,,,,,,,,,,,,,
rh59,santiago-rodriguez-taverna,Santiago Rodriguez Taverna,2026,Clay,,,,,,,,,,,,,,,,,,
rh59,santiago-rodriguez-taverna,Santiago Rodriguez Taverna,2026,Grass,,,,,,,,,,,,,,,,,,
rh59,santiago-rodriguez-taverna,Santiago Rodriguez Taverna,2026,Carpet,,,,,,,,,,,,,,,,,,
rh59,santiago-rodriguez-taverna,Santiago Rodriguez Taverna,2025,all,,,,,,,,,,,,,,,,,,
rh59,santiago-rodriguez-taverna,Santiago Rodriguez Taverna,2025,Hard,,,,,,,,,,,,,,,,,,
rh59,santiago-rodriguez-taverna,Santiago Rodriguez Taverna,2025,Clay,,,,,,,,,,,,,,,,,,
rh59,santiago-rodriguez-taverna,Santiago Rodriguez Taverna,2025,Grass,,,,,,,,,,,,,,,,,,
rh59,santiago-rodriguez-taverna,Santiago Rodriguez Taverna,2025,Carpet,,,,,,,,,,,,,,,,,,
rh59,santiago-rodriguez-taverna,Santiago Rodriguez Taverna,2024,all,,,,,,,,,,,,,,,,,,
rh59,santiago-rodriguez-taverna,Santiago Rodriguez Taverna,2024,Hard,,,,,,,,,,,,,,,,,,
rh59,santiago-rodriguez-taverna,Santiago Rodriguez Taverna,2024,Clay,,,,,,,,,,,,,,,,,,
rh59,santiago-rodriguez-taverna,Santiago Rodriguez Taverna,2024,Grass,,,,,,,,,,,,,,,,,,
rh59,santiago-rodriguez-taverna,Santiago Rodriguez Taverna,2024,Carpet,,,,,,,,,,,,,,,,,,
rh59,santiago-rodriguez-taverna,Santiago Rodriguez Taverna,2023,all,,,,,,,,,,,,,,,,,,
rh59,santiago-rodriguez-taverna,Santiago Rodriguez Taverna,2023,Hard,,,,,,,,,,,,,,,,,,
rh59,santiago-rodriguez-taverna,Santiago Rodriguez Taverna,2023,Clay,,,,,,,,,,,,,,,,,,
rh59,santiago-rodriguez-taverna,Santiago Rodriguez Taverna,2023,Grass,,,,,,,,,,,,,,,,,,
rh59,santiago-rodriguez-taverna,Santiago Rodriguez Taverna,2023,Carpet,,,,,,,,,,,,,,,,,,
m0sc,hayato-matsuoka,Hayato Matsuoka,all,all,,,,,,,,,,,,,,,,,,
m0sc,hayato-matsuoka,Hayato Matsuoka,all,Hard,,,,,,,,,,,,,,,,,,
m0sc,hayato-matsuoka,Hayato Matsuoka,all,Clay,,,,,,,,,,,,,,,,,,
m0sc,hayato-matsuoka,Hayato Matsuoka,all,Grass,,,,,,,,,,,,,,,,,,
m0sc,hayato-matsuoka,Hayato Matsuoka,all,Carpet,,,,,,,,,,,,,,,,,,
m0sc,hayato-matsuoka,Hayato Matsuoka,2026,all,,,,,,,,,,,,,,,,,,
m0sc,hayato-matsuoka,Hayato Matsuoka,2026,Hard,,,,,,,,,,,,,,,,,,
m0sc,hayato-matsuoka,Hayato Matsuoka,2026,Clay,,,,,,,,,,,,,,,,,,
m0sc,hayato-matsuoka,Hayato Matsuoka,2026,Grass,,,,,,,,,,,,,,,,,,
m0sc,hayato-matsuoka,Hayato Matsuoka,2026,Carpet,,,,,,,,,,,,,,,,,,
m0sc,hayato-matsuoka,Hayato Matsuoka,2025,all,,,,,,,,,,,,,,,,,,
m0sc,hayato-matsuoka,Hayato Matsuoka,2025,Hard,,,,,,,,,,,,,,,,,,
m0sc,hayato-matsuoka,Hayato Matsuoka,2025,Clay,,,,,,,,,,,,,,,,,,
m0sc,hayato-matsuoka,Hayato Matsuoka,2025,Grass,,,,,,,,,,,,,,,,,,
m0sc,hayato-matsuoka,Hayato Matsuoka,2025,Carpet,,,,,,,,,,,,,,,,,,
m0sc,hayato-matsuoka,Hayato Matsuoka,2024,all,,,,,,,,,,,,,,,,,,
m0sc,hayato-matsuoka,Hayato Matsuoka,2024,Hard,,,,,,,,,,,,,,,,,,
m0sc,hayato-matsuoka,Hayato Matsuoka,2024,Clay,,,,,,,,,,,,,,,,,,
m0sc,hayato-matsuoka,Hayato Matsuoka,2024,Grass,,,,,,,,,,,,,,,,,,
m0sc,hayato-matsuoka,Hayato Matsuoka,2024,Carpet,,,,,,,,,,,,,,,,,,
m0sc,hayato-matsuoka,Hayato Matsuoka,2023,all,,,,,,,,,,,,,,,,,,
m0sc,hayato-matsuoka,Hayato Matsuoka,2023,Hard,,,,,,,,,,,,,,,,,,
m0sc,hayato-matsuoka,Hayato Matsuoka,2023,Clay,,,,,,,,,,,,,,,,,,
m0sc,hayato-matsuoka,Hayato Matsuoka,2023,Grass,,,,,,,,,,,,,,,,,,
m0sc,hayato-matsuoka,Hayato Matsuoka,2023,Carpet,,,,,,,,,,,,,,,,,,
j0b5,garrett-johns,Garrett Johns,all,all,,,,,,,,,,,,,,,,,,
j0b5,garrett-johns,Garrett Johns,all,Hard,,,,,,,,,,,,,,,,,,
j0b5,garrett-johns,Garrett Johns,all,Clay,,,,,,,,,,,,,,,,,,
j0b5,garrett-johns,Garrett Johns,all,Grass,,,,,,,,,,,,,,,,,,
j0b5,garrett-johns,Garrett Johns,all,Carpet,,,,,,,,,,,,,,,,,,
j0b5,garrett-johns,Garrett Johns,2026,all,,,,,,,,,,,,,,,,,,
j0b5,garrett-johns,Garrett Johns,2026,Hard,,,,,,,,,,,,,,,,,,
j0b5,garrett-johns,Garrett Johns,2026,Clay,,,,,,,,,,,,,,,,,,
j0b5,garrett-johns,Garrett Johns,2026,Grass,,,,,,,,,,,,,,,,,,
j0b5,garrett-johns,Garrett Johns,2026,Carpet,,,,,,,,,,,,,,,,,,
j0b5,garrett-johns,Garrett Johns,2025,all,,,,,,,,,,,,,,,,,,
j0b5,garrett-johns,Garrett Johns,2025,Hard,,,,,,,,,,,,,,,,,,
j0b5,garrett-johns,Garrett Johns,2025,Clay,,,,,,,,,,,,,,,,,,
j0b5,garrett-johns,Garrett Johns,2025,Grass,,,,,,,,,,,,,,,,,,
j0b5,garrett-johns,Garrett Johns,2025,Carpet,,,,,,,,,,,,,,,,,,
j0b5,garrett-johns,Garrett Johns,2024,all,,,,,,,,,,,,,,,,,,
j0b5,garrett-johns,Garrett Johns,2024,Hard,,,,,,,,,,,,,,,,,,
j0b5,garrett-johns,Garrett Johns,2024,Clay,,,,,,,,,,,,,,,,,,
j0b5,garrett-johns,Garrett Johns,2024,Grass,,,,,,,,,,,,,,,,,,
j0b5,garrett-johns,Garrett Johns,2024,Carpet,,,,,,,,,,,,,,,,,,
j0b5,garrett-johns,Garrett Johns,2023,all,,,,,,,,,,,,,,,,,,
j0b5,garrett-johns,Garrett Johns,2023,Hard,,,,,,,,,,,,,,,,,,
j0b5,garrett-johns,Garrett Johns,2023,Clay,,,,,,,,,,,,,,,,,,
j0b5,garrett-johns,Garrett Johns,2023,Grass,,,,,,,,,,,,,,,,,,
j0b5,garrett-johns,Garrett Johns,2023,Carpet,,,,,,,,,,,,,,,,,,
bu54,geoffrey-blancaneaux,Geoffrey Blancaneaux,all,all,32,18,63,66,42,49,41,81,64,57,26,44,34,32,82,13,33,45
bu54,geoffrey-blancaneaux,Geoffrey Blancaneaux,all,Hard,30,17,62,68,43,34,35,67,67,59,25,43,25,32,68,12,32,45
bu54,geoffrey-blancaneaux,Geoffrey Blancaneaux,all,Clay,2,1,68,57,38,15,53,14,50,51,28,50,9,33,14,21,35,43
bu54,geoffrey-blancaneaux,Geoffrey Blancaneaux,all,Grass,,,,,,,,,,,,,,,,,,
bu54,geoffrey-blancaneaux,Geoffrey Blancaneaux,all,Carpet,,,,,,,,,,,,,,,,,,
bu54,geoffrey-blancaneaux,Geoffrey Blancaneaux,2026,all,,,,,,,,,,,,,,,,,,
bu54,geoffrey-blancaneaux,Geoffrey Blancaneaux,2026,Hard,,,,,,,,,,,,,,,,,,
bu54,geoffrey-blancaneaux,Geoffrey Blancaneaux,2026,Clay,,,,,,,,,,,,,,,,,,
bu54,geoffrey-blancaneaux,Geoffrey Blancaneaux,2026,Grass,,,,,,,,,,,,,,,,,,
bu54,geoffrey-blancaneaux,Geoffrey Blancaneaux,2026,Carpet,,,,,,,,,,,,,,,,,,
bu54,geoffrey-blancaneaux,Geoffrey Blancaneaux,2025,all,,,,,,,,,,,,,,,,,,
bu54,geoffrey-blancaneaux,Geoffrey Blancaneaux,2025,Hard,,,,,,,,,,,,,,,,,,
bu54,geoffrey-blancaneaux,Geoffrey Blancaneaux,2025,Clay,,,,,,,,,,,,,,,,,,
bu54,geoffrey-blancaneaux,Geoffrey Blancaneaux,2025,Grass,,,,,,,,,,,,,,,,,,
bu54,geoffrey-blancaneaux,Geoffrey Blancaneaux,2025,Carpet,,,,,,,,,,,,,,,,,,
bu54,geoffrey-blancaneaux,Geoffrey Blancaneaux,2024,all,,,,,,,,,,,,,,,,,,
bu54,geoffrey-blancaneaux,Geoffrey Blancaneaux,2024,Hard,,,,,,,,,,,,,,,,,,
bu54,geoffrey-blancaneaux,Geoffrey Blancaneaux,2024,Clay,,,,,,,,,,,,,,,,,,
bu54,geoffrey-blancaneaux,Geoffrey Blancaneaux,2024,Grass,,,,,,,,,,,,,,,,,,
bu54,geoffrey-blancaneaux,Geoffrey Blancaneaux,2024,Carpet,,,,,,,,,,,,,,,,,,
bu54,geoffrey-blancaneaux,Geoffrey Blancaneaux,2023,all,10,5,63,67,51,13,38,31,74,61,28,43,12,33,32,13,33,47
bu54,geoffrey-blancaneaux,Geoffrey Blancaneaux,2023,Hard,10,5,63,67,51,13,38,31,74,61,28,43,12,33,32,13,33,47
bu54,geoffrey-blancaneaux,Geoffrey Blancaneaux,2023,Clay,,,,,,,,,,,,,,,,,,
bu54,geoffrey-blancaneaux,Geoffrey Blancaneaux,2023,Grass,,,,,,,,,,,,,,,,,,
bu54,geoffrey-blancaneaux,Geoffrey Blancaneaux,2023,Carpet,,,,,,,,,,,,,,,,,,
s0mn,marat-sharipov,Marat Sharipov,all,all,,,,,,,,,,,,,,,,,,
s0mn,marat-sharipov,Marat Sharipov,all,Hard,,,,,,,,,,,,,,,,,,
s0mn,marat-sharipov,Marat Sharipov,all,Clay,,,,,,,,,,,,,,,,,,
s0mn,marat-sharipov,Marat Sharipov,all,Grass,,,,,,,,,,,,,,,,,,
s0mn,marat-sharipov,Marat Sharipov,all,Carpet,,,,,,,,,,,,,,,,,,
s0mn,marat-sharipov,Marat Sharipov,2026,all,,,,,,,,,,,,,,,,,,
s0mn,marat-sharipov,Marat Sharipov,2026,Hard,,,,,,,,,,,,,,,,,,
s0mn,marat-sharipov,Marat Sharipov,2026,Clay,,,,,,,,,,,,,,,,,,
s0mn,marat-sharipov,Marat Sharipov,2026,Grass,,,,,,,,,,,,,,,,,,
s0mn,marat-sharipov,Marat Sharipov,2026,Carpet,,,,,,,,,,,,,,,,,,
s0mn,marat-sharipov,Marat Sharipov,2025,all,,,,,,,,,,,,,,,,,,
s0mn,marat-sharipov,Marat Sharipov,2025,Hard,,,,,,,,,,,,,,,,,,
s0mn,marat-sharipov,Marat Sharipov,2025,Clay,,,,,,,,,,,,,,,,,,
s0mn,marat-sharipov,Marat Sharipov,2025,Grass,,,,,,,,,,,,,,,,,,
s0mn,marat-sharipov,Marat Sharipov,2025,Carpet,,,,,,,,,,,,,,,,,,
s0mn,marat-sharipov,Marat Sharipov,2024,all,,,,,,,,,,,,,,,,,,
s0mn,marat-sharipov,Marat Sharipov,2024,Hard,,,,,,,,,,,,,,,,,,
s0mn,marat-sharipov,Marat Sharipov,2024,Clay,,,,,,,,,,,,,,,,,,
s0mn,marat-sharipov,Marat Sharipov,2024,Grass,,,,,,,,,,,,,,,,,,
s0mn,marat-sharipov,Marat Sharipov,2024,Carpet,,,,,,,,,,,,,,,,,,
s0mn,marat-sharipov,Marat Sharipov,2023,all,,,,,,,,,,,,,,,,,,
s0mn,marat-sharipov,Marat Sharipov,2023,Hard,,,,,,,,,,,,,,,,,,
s0mn,marat-sharipov,Marat Sharipov,2023,Clay,,,,,,,,,,,,,,,,,,
s0mn,marat-sharipov,Marat Sharipov,2023,Grass,,,,,,,,,,,,,,,,,,
s0mn,marat-sharipov,Marat Sharipov,2023,Carpet,,,,,,,,,,,,,,,,,,
r0hk,filippo-romano,Filippo Romano,all,all,,,,,,,,,,,,,,,,,,
r0hk,filippo-romano,Filippo Romano,all,Hard,,,,,,,,,,,,,,,,,,
r0hk,filippo-romano,Filippo Romano,all,Clay,,,,,,,,,,,,,,,,,,
r0hk,filippo-romano,Filippo Romano,all,Grass,,,,,,,,,,,,,,,,,,
r0hk,filippo-romano,Filippo Romano,all,Carpet,,,,,,,,,,,,,,,,,,
r0hk,filippo-romano,Filippo Romano,2026,all,,,,,,,,,,,,,,,,,,
r0hk,filippo-romano,Filippo Romano,2026,Hard,,,,,,,,,,,,,,,,,,
r0hk,filippo-romano,Filippo Romano,2026,Clay,,,,,,,,,,,,,,,,,,
r0hk,filippo-romano,Filippo Romano,2026,Grass,,,,,,,,,,,,,,,,,,
r0hk,filippo-romano,Filippo Romano,2026,Carpet,,,,,,,,,,,,,,,,,,
r0hk,filippo-romano,Filippo Romano,2025,all,,,,,,,,,,,,,,,,,,
r0hk,filippo-romano,Filippo Romano,2025,Hard,,,,,,,,,,,,,,,,,,
r0hk,filippo-romano,Filippo Romano,2025,Clay,,,,,,,,,,,,,,,,,,
r0hk,filippo-romano,Filippo Romano,2025,Grass,,,,,,,,,,,,,,,,,,
r0hk,filippo-romano,Filippo Romano,2025,Carpet,,,,,,,,,,,,,,,,,,
r0hk,filippo-romano,Filippo Romano,2024,all,,,,,,,,,,,,,,,,,,
r0hk,filippo-romano,Filippo Romano,2024,Hard,,,,,,,,,,,,,,,,,,
r0hk,filippo-romano,Filippo Romano,2024,Clay,,,,,,,,,,,,,,,,,,
r0hk,filippo-romano,Filippo Romano,2024,Grass,,,,,,,,,,,,,,,,,,
r0hk,filippo-romano,Filippo Romano,2024,Carpet,,,,,,,,,,,,,,,,,,
r0hk,filippo-romano,Filippo Romano,2023,all,,,,,,,,,,,,,,,,,,
r0hk,filippo-romano,Filippo Romano,2023,Hard,,,,,,,,,,,,,,,,,,
r0hk,filippo-romano,Filippo Romano,2023,Clay,,,,,,,,,,,,,,,,,,
r0hk,filippo-romano,Filippo Romano,2023,Grass,,,,,,,,,,,,,,,,,,
r0hk,filippo-romano,Filippo Romano,2023,Carpet,,,,,,,,,,,,,,,,,,
mn20,daniel-masur,Daniel Masur,all,all,33,20,69,66,46,63,63,85,73,60,24,48,36,25,86,10,33,47
mn20,daniel-masur,Daniel Masur,all,Hard,10,6,66,68,45,20,60,27,70,60,23,44,8,25,27,7,30,46
mn20,daniel-masur,Daniel Masur,all,Clay,13,10,72,62,46,33,67,38,71,58,27,48,25,24,38,16,35,47
mn20,daniel-masur,Daniel Masur,all,Grass,10,4,66,71,49,10,60,20,80,64,19,51,3,33,21,5,31,46
mn20,daniel-masur,Daniel Masur,all,Carpet,,,,,,,,,,,,,,,,,,
mn20,daniel-masur,Daniel Masur,2026,all,,,,,,,,,,,,,,,,,,
mn20,daniel-masur,Daniel Masur,2026,Hard,,,,,,,,,,,,,,,,,,
mn20,daniel-masur,Daniel Masur,2026,Clay,,,,,,,,,,,,,,,,,,
mn20,daniel-masur,Daniel Masur,2026,Grass,,,,,,,,,,,,,,,,,,
mn20,daniel-masur,Daniel Masur,2026,Carpet,,,,,,,,,,,,,,,,,,
mn20,daniel-masur,Daniel Masur,2025,all,4,2,69,61,47,13,62,14,64,57,26,41,5,20,14,7,31,45
mn20,daniel-masur,Daniel Masur,2025,Hard,4,2,69,61,47,13,62,14,64,57,26,41,5,20,14,7,31,45
mn20,daniel-masur,Daniel Masur,2025,Clay,,,,,,,,,,,,,,,,,,
mn20,daniel-masur,Daniel Masur,2025,Grass,,,,,,,,,,,,,,,,,,
mn20,daniel-masur,Daniel Masur,2025,Carpet,,,,,,,,,,,,,,,,,,
mn20,daniel-masur,Daniel Masur,2024,all,,,,,,,,,,,,,,,,,,
mn20,daniel-masur,Daniel Masur,2024,Hard,,,,,,,,,,,,,,,,,,
mn20,daniel-masur,Daniel Masur,2024,Clay,,,,,,,,,,,,,,,,,,
mn20,daniel-masur,Daniel Masur,2024,Grass,,,,,,,,,,,,,,,,,,
mn20,daniel-masur,Daniel Masur,2024,Carpet,,,,,,,,,,,,,,,,,,
mn20,daniel-masur,Daniel Masur,2023,all,,,,,,,,,,,,,,,,,,
mn20,daniel-masur,Daniel Masur,2023,Hard,,,,,,,,,,,,,,,,,,
mn20,daniel-masur,Daniel Masur,2023,Clay,,,,,,,,,,,,,,,,,,
mn20,daniel-masur,Daniel Masur,2023,Grass,,,,,,,,,,,,,,,,,,
mn20,daniel-masur,Daniel Masur,2023,Carpet,,,,,,,,,,,,,,,,,,
s0cg,carlos-sanchez-jover,Carlos Sanchez Jover,all,all,,,,,,,,,,,,,,,,,,
s0cg,carlos-sanchez-jover,Carlos Sanchez Jover,all,Hard,,,,,,,,,,,,,,,,,,
s0cg,carlos-sanchez-jover,Carlos Sanchez Jover,all,Clay,,,,,,,,,,,,,,,,,,
s0cg,carlos-sanchez-jover,Carlos Sanchez Jover,all,Grass,,,,,,,,,,,,,,,,,,
s0cg,carlos-sanchez-jover,Carlos Sanchez Jover,all,Carpet,,,,,,,,,,,,,,,,,,
s0cg,carlos-sanchez-jover,Carlos Sanchez Jover,2026,all,,,,,,,,,,,,,,,,,,
s0cg,carlos-sanchez-jover,Carlos Sanchez Jover,2026,Hard,,,,,,,,,,,,,,,,,,
s0cg,carlos-sanchez-jover,Carlos Sanchez Jover,2026,Clay,,,,,,,,,,,,,,,,,,
s0cg,carlos-sanchez-jover,Carlos Sanchez Jover,2026,Grass,,,,,,,,,,,,,,,,,,
s0cg,carlos-sanchez-jover,Carlos Sanchez Jover,2026,Carpet,,,,,,,,,,,,,,,,,,
s0cg,carlos-sanchez-jover,Carlos Sanchez Jover,2025,all,,,,,,,,,,,,,,,,,,
s0cg,carlos-sanchez-jover,Carlos Sanchez Jover,2025,Hard,,,,,,,,,,,,,,,,,,
s0cg,carlos-sanchez-jover,Carlos Sanchez Jover,2025,Clay,,,,,,,,,,,,,,,,,,
s0cg,carlos-sanchez-jover,Carlos Sanchez Jover,2025,Grass,,,,,,,,,,,,,,,,,,
s0cg,carlos-sanchez-jover,Carlos Sanchez Jover,2025,Carpet,,,,,,,,,,,,,,,,,,
s0cg,carlos-sanchez-jover,Carlos Sanchez Jover,2024,all,,,,,,,,,,,,,,,,,,
s0cg,carlos-sanchez-jover,Carlos Sanchez Jover,2024,Hard,,,,,,,,,,,,,,,,,,
s0cg,carlos-sanchez-jover,Carlos Sanchez Jover,2024,Clay,,,,,,,,,,,,,,,,,,
s0cg,carlos-sanchez-jover,Carlos Sanchez Jover,2024,Grass,,,,,,,,,,,,,,,,,,
s0cg,carlos-sanchez-jover,Carlos Sanchez Jover,2024,Carpet,,,,,,,,,,,,,,,,,,
s0cg,carlos-sanchez-jover,Carlos Sanchez Jover,2023,all,,,,,,,,,,,,,,,,,,
s0cg,carlos-sanchez-jover,Carlos Sanchez Jover,2023,Hard,,,,,,,,,,,,,,,,,,
s0cg,carlos-sanchez-jover,Carlos Sanchez Jover,2023,Clay,,,,,,,,,,,,,,,,,,
s0cg,carlos-sanchez-jover,Carlos Sanchez Jover,2023,Grass,,,,,,,,,,,,,,,,,,
s0cg,carlos-sanchez-jover,Carlos Sanchez Jover,2023,Carpet,,,,,,,,,,,,,,,,,,
l0gr,juan-manuel-la-serna,Juan Manuel La Serna,all,all,,,,,,,,,,,,,,,,,,
l0gr,juan-manuel-la-serna,Juan Manuel La Serna,all,Hard,,,,,,,,,,,,,,,,,,
l0gr,juan-manuel-la-serna,Juan Manuel La Serna,all,Clay,,,,,,,,,,,,,,,,,,
l0gr,juan-manuel-la-serna,Juan Manuel La Serna,all,Grass,,,,,,,,,,,,,,,,,,
l0gr,juan-manuel-la-serna,Juan Manuel La Serna,all,Carpet,,,,,,,,,,,,,,,,,,
l0gr,juan-manuel-la-serna,Juan Manuel La Serna,2026,all,,,,,,,,,,,,,,,,,,
l0gr,juan-manuel-la-serna,Juan Manuel La Serna,2026,Hard,,,,,,,,,,,,,,,,,,
l0gr,juan-manuel-la-serna,Juan Manuel La Serna,2026,Clay,,,,,,,,,,,,,,,,,,
l0gr,juan-manuel-la-serna,Juan Manuel La Serna,2026,Grass,,,,,,,,,,,,,,,,,,
l0gr,juan-manuel-la-serna,Juan Manuel La Serna,2026,Carpet,,,,,,,,,,,,,,,,,,
l0gr,juan-manuel-la-serna,Juan Manuel La Serna,2025,all,,,,,,,,,,,,,,,,,,
l0gr,juan-manuel-la-serna,Juan Manuel La Serna,2025,Hard,,,,,,,,,,,,,,,,,,
l0gr,juan-manuel-la-serna,Juan Manuel La Serna,2025,Clay,,,,,,,,,,,,,,,,,,
l0gr,juan-manuel-la-serna,Juan Manuel La Serna,2025,Grass,,,,,,,,,,,,,,,,,,
l0gr,juan-manuel-la-serna,Juan Manuel La Serna,2025,Carpet,,,,,,,,,,,,,,,,,,
l0gr,juan-manuel-la-serna,Juan Manuel La Serna,2024,all,,,,,,,,,,,,,,,,,,
l0gr,juan-manuel-la-serna,Juan Manuel La Serna,2024,Hard,,,,,,,,,,,,,,,,,,
l0gr,juan-manuel-la-serna,Juan Manuel La Serna,2024,Clay,,,,,,,,,,,,,,,,,,
l0gr,juan-manuel-la-serna,Juan Manuel La Serna,2024,Grass,,,,,,,,,,,,,,,,,,
l0gr,juan-manuel-la-serna,Juan Manuel La Serna,2024,Carpet,,,,,,,,,,,,,,,,,,
l0gr,juan-manuel-la-serna,Juan Manuel La Serna,2023,all,,,,,,,,,,,,,,,,,,
l0gr,juan-manuel-la-serna,Juan Manuel La Serna,2023,Hard,,,,,,,,,,,,,,,,,,
l0gr,juan-manuel-la-serna,Juan Manuel La Serna,2023,Clay,,,,,,,,,,,,,,,,,,
l0gr,juan-manuel-la-serna,Juan Manuel La Serna,2023,Grass,,,,,,,,,,,,,,,,,,
l0gr,juan-manuel-la-serna,Juan Manuel La Serna,2023,Carpet,,,,,,,,,,,,,,,,,,
p0gn,tom-paris,Tom Paris,all,all,,,,,,,,,,,,,,,,,,
p0gn,tom-paris,Tom Paris,all,Hard,,,,,,,,,,,,,,,,,,
p0gn,tom-paris,Tom Paris,all,Clay,,,,,,,,,,,,,,,,,,
p0gn,tom-paris,Tom Paris,all,Grass,,,,,,,,,,,,,,,,,,
p0gn,tom-paris,Tom Paris,all,Carpet,,,,,,,,,,,,,,,,,,
p0gn,tom-paris,Tom Paris,2026,all,,,,,,,,,,,,,,,,,,
p0gn,tom-paris,Tom Paris,2026,Hard,,,,,,,,,,,,,,,,,,
p0gn,tom-paris,Tom Paris,2026,Clay,,,,,,,,,,,,,,,,,,
p0gn,tom-paris,Tom Paris,2026,Grass,,,,,,,,,,,,,,,,,,
p0gn,tom-paris,Tom Paris,2026,Carpet,,,,,,,,,,,,,,,,,,
p0gn,tom-paris,Tom Paris,2025,all,,,,,,,,,,,,,,,,,,
p0gn,tom-paris,Tom Paris,2025,Hard,,,,,,,,,,,,,,,,,,
p0gn,tom-paris,Tom Paris,2025,Clay,,,,,,,,,,,,,,,,,,
p0gn,tom-paris,Tom Paris,2025,Grass,,,,,,,,,,,,,,,,,,
p0gn,tom-paris,Tom Paris,2025,Carpet,,,,,,,,,,,,,,,,,,
p0gn,tom-paris,Tom Paris,2024,all,,,,,,,,,,,,,,,,,,
p0gn,tom-paris,Tom Paris,2024,Hard,,,,,,,,,,,,,,,,,,
p0gn,tom-paris,Tom Paris,2024,Clay,,,,,,,,,,,,,,,,,,
p0gn,tom-paris,Tom Paris,2024,Grass,,,,,,,,,,,,,,,,,,
p0gn,tom-paris,Tom Paris,2024,Carpet,,,,,,,,,,,,,,,,,,
p0gn,tom-paris,Tom Paris,2023,all,,,,,,,,,,,,,,,,,,
p0gn,tom-paris,Tom Paris,2023,Hard,,,,,,,,,,,,,,,,,,
p0gn,tom-paris,Tom Paris,2023,Clay,,,,,,,,,,,,,,,,,,
p0gn,tom-paris,Tom Paris,2023,Grass,,,,,,,,,,,,,,,,,,
p0gn,tom-paris,Tom Paris,2023,Carpet,,,,,,,,,,,,,,,,,,
b0jp,dali-blanch,Dali Blanch,all,all,,,,,,,,,,,,,,,,,,
b0jp,dali-blanch,Dali Blanch,all,Hard,,,,,,,,,,,,,,,,,,
b0jp,dali-blanch,Dali Blanch,all,Clay,,,,,,,,,,,,,,,,,,
b0jp,dali-blanch,Dali Blanch,all,Grass,,,,,,,,,,,,,,,,,,
b0jp,dali-blanch,Dali Blanch,all,Carpet,,,,,,,,,,,,,,,,,,
b0jp,dali-blanch,Dali Blanch,2026,all,,,,,,,,,,,,,,,,,,
b0jp,dali-blanch,Dali Blanch,2026,Hard,,,,,,,,,,,,,,,,,,
b0jp,dali-blanch,Dali Blanch,2026,Clay,,,,,,,,,,,,,,,,,,
b0jp,dali-blanch,Dali Blanch,2026,Grass,,,,,,,,,,,,,,,,,,
b0jp,dali-blanch,Dali Blanch,2026,Carpet,,,,,,,,,,,,,,,,,,
b0jp,dali-blanch,Dali Blanch,2025,all,,,,,,,,,,,,,,,,,,
b0jp,dali-blanch,Dali Blanch,2025,Hard,,,,,,,,,,,,,,,,,,
b0jp,dali-blanch,Dali Blanch,2025,Clay,,,,,,,,,,,,,,,,,,
b0jp,dali-blanch,Dali Blanch,2025,Grass,,,,,,,,,,,,,,,,,,
b0jp,dali-blanch,Dali Blanch,2025,Carpet,,,,,,,,,,,,,,,,,,
b0jp,dali-blanch,Dali Blanch,2024,all,,,,,,,,,,,,,,,,,,
b0jp,dali-blanch,Dali Blanch,2024,Hard,,,,,,,,,,,,,,,,,,
b0jp,dali-blanch,Dali Blanch,2024,Clay,,,,,,,,,,,,,,,,,,
b0jp,dali-blanch,Dali Blanch,2024,Grass,,,,,,,,,,,,,,,,,,
b0jp,dali-blanch,Dali Blanch,2024,Carpet,,,,,,,,,,,,,,,,,,
b0jp,dali-blanch,Dali Blanch,2023,all,,,,,,,,,,,,,,,,,,
b0jp,dali-blanch,Dali Blanch,2023,Hard,,,,,,,,,,,,,,,,,,
b0jp,dali-blanch,Dali Blanch,2023,Clay,,,,,,,,,,,,,,,,,,
b0jp,dali-blanch,Dali Blanch,2023,Grass,,,,,,,,,,,,,,,,,,
b0jp,dali-blanch,Dali Blanch,2023,Carpet,,,,,,,,,,,,,,,,,,
c0lk,carlo-alberto-caniato,Carlo Alberto Caniato,all,all,,,,,,,,,,,,,,,,,,
c0lk,carlo-alberto-caniato,Carlo Alberto Caniato,all,Hard,,,,,,,,,,,,,,,,,,
c0lk,carlo-alberto-caniato,Carlo Alberto Caniato,all,Clay,,,,,,,,,,,,,,,,,,
c0lk,carlo-alberto-caniato,Carlo Alberto Caniato,all,Grass,,,,,,,,,,,,,,,,,,
c0lk,carlo-alberto-caniato,Carlo Alberto Caniato,all,Carpet,,,,,,,,,,,,,,,,,,
c0lk,carlo-alberto-caniato,Carlo Alberto Caniato,2026,all,,,,,,,,,,,,,,,,,,
c0lk,carlo-alberto-caniato,Carlo Alberto Caniato,2026,Hard,,,,,,,,,,,,,,,,,,
c0lk,carlo-alberto-caniato,Carlo Alberto Caniato,2026,Clay,,,,,,,,,,,,,,,,,,
c0lk,carlo-alberto-caniato,Carlo Alberto Caniato,2026,Grass,,,,,,,,,,,,,,,,,,
c0lk,carlo-alberto-caniato,Carlo Alberto Caniato,2026,Carpet,,,,,,,,,,,,,,,,,,
c0lk,carlo-alberto-caniato,Carlo Alberto Caniato,2025,all,,,,,,,,,,,,,,,,,,
c0lk,carlo-alberto-caniato,Carlo Alberto Caniato,2025,Hard,,,,,,,,,,,,,,,,,,
c0lk,carlo-alberto-caniato,Carlo Alberto Caniato,2025,Clay,,,,,,,,,,,,,,,,,,
c0lk,carlo-alberto-caniato,Carlo Alberto Caniato,2025,Grass,,,,,,,,,,,,,,,,,,
c0lk,carlo-alberto-caniato,Carlo Alberto Caniato,2025,Carpet,,,,,,,,,,,,,,,,,,
c0lk,carlo-alberto-caniato,Carlo Alberto Caniato,2024,all,,,,,,,,,,,,,,,,,,
c0lk,carlo-alberto-caniato,Carlo Alberto Caniato,2024,Hard,,,,,,,,,,,,,,,,,,
c0lk,carlo-alberto-caniato,Carlo Alberto Caniato,2024,Clay,,,,,,,,,,,,,,,,,,
c0lk,carlo-alberto-caniato,Carlo Alberto Caniato,2024,Grass,,,,,,,,,,,,,,,,,,
c0lk,carlo-alberto-caniato,Carlo Alberto Caniato,2024,Carpet,,,,,,,,,,,,,,,,,,
c0lk,carlo-alberto-caniato,Carlo Alberto Caniato,2023,all,,,,,,,,,,,,,,,,,,
c0lk,carlo-alberto-caniato,Carlo Alberto Caniato,2023,Hard,,,,,,,,,,,,,,,,,,
c0lk,carlo-alberto-caniato,Carlo Alberto Caniato,2023,Clay,,,,,,,,,,,,,,,,,,
c0lk,carlo-alberto-caniato,Carlo Alberto Caniato,2023,Grass,,,,,,,,,,,,,,,,,,
c0lk,carlo-alberto-caniato,Carlo Alberto Caniato,2023,Carpet,,,,,,,,,,,,,,,,,,
g09c,marek-gengel,Marek Gengel,all,all,,,,,,,,,,,,,,,,,,
g09c,marek-gengel,Marek Gengel,all,Hard,,,,,,,,,,,,,,,,,,
g09c,marek-gengel,Marek Gengel,all,Clay,,,,,,,,,,,,,,,,,,
g09c,marek-gengel,Marek Gengel,all,Grass,,,,,,,,,,,,,,,,,,
g09c,marek-gengel,Marek Gengel,all,Carpet,,,,,,,,,,,,,,,,,,
g09c,marek-gengel,Marek Gengel,2026,all,,,,,,,,,,,,,,,,,,
g09c,marek-gengel,Marek Gengel,2026,Hard,,,,,,,,,,,,,,,,,,
g09c,marek-gengel,Marek Gengel,2026,Clay,,,,,,,,,,,,,,,,,,
g09c,marek-gengel,Marek Gengel,2026,Grass,,,,,,,,,,,,,,,,,,
g09c,marek-gengel,Marek Gengel,2026,Carpet,,,,,,,,,,,,,,,,,,
g09c,marek-gengel,Marek Gengel,2025,all,,,,,,,,,,,,,,,,,,
g09c,marek-gengel,Marek Gengel,2025,Hard,,,,,,,,,,,,,,,,,,
g09c,marek-gengel,Marek Gengel,2025,Clay,,,,,,,,,,,,,,,,,,
g09c,marek-gengel,Marek Gengel,2025,Grass,,,,,,,,,,,,,,,,,,
g09c,marek-gengel,Marek Gengel,2025,Carpet,,,,,,,,,,,,,,,,,,
g09c,marek-gengel,Marek Gengel,2024,all,,,,,,,,,,,,,,,,,,
g09c,marek-gengel,Marek Gengel,2024,Hard,,,,,,,,,,,,,,,,,,
g09c,marek-gengel,Marek Gengel,2024,Clay,,,,,,,,,,,,,,,,,,
g09c,marek-gengel,Marek Gengel,2024,Grass,,,,,,,,,,,,,,,,,,
g09c,marek-gengel,Marek Gengel,2024,Carpet,,,,,,,,,,,,,,,,,,
g09c,marek-gengel,Marek Gengel,2023,all,,,,,,,,,,,,,,,,,,
g09c,marek-gengel,Marek Gengel,2023,Hard,,,,,,,,,,,,,,,,,,
g09c,marek-gengel,Marek Gengel,2023,Clay,,,,,,,,,,,,,,,,,,
g09c,marek-gengel,Marek Gengel,2023,Grass,,,,,,,,,,,,,,,,,,
g09c,marek-gengel,Marek Gengel,2023,Carpet,,,,,,,,,,,,,,,,,,
m0rg,daniel-milavsky,Daniel Milavsky,all,all,,,,,,,,,,,,,,,,,,
m0rg,daniel-milavsky,Daniel Milavsky,all,Hard,,,,,,,,,,,,,,,,,,
m0rg,daniel-milavsky,Daniel Milavsky,all,Clay,,,,,,,,,,,,,,,,,,
m0rg,daniel-milavsky,Daniel Milavsky,all,Grass,,,,,,,,,,,,,,,,,,
m0rg,daniel-milavsky,Daniel Milavsky,all,Carpet,,,,,,,,,,,,,,,,,,
m0rg,daniel-milavsky,Daniel Milavsky,2026,all,,,,,,,,,,,,,,,,,,
m0rg,daniel-milavsky,Daniel Milavsky,2026,Hard,,,,,,,,,,,,,,,,,,
m0rg,daniel-milavsky,Daniel Milavsky,2026,Clay,,,,,,,,,,,,,,,,,,
m0rg,daniel-milavsky,Daniel Milavsky,2026,Grass,,,,,,,,,,,,,,,,,,
m0rg,daniel-milavsky,Daniel Milavsky,2026,Carpet,,,,,,,,,,,,,,,,,,
m0rg,daniel-milavsky,Daniel Milavsky,2025,all,,,,,,,,,,,,,,,,,,
m0rg,daniel-milavsky,Daniel Milavsky,2025,Hard,,,,,,,,,,,,,,,,,,
m0rg,daniel-milavsky,Daniel Milavsky,2025,Clay,,,,,,,,,,,,,,,,,,
m0rg,daniel-milavsky,Daniel Milavsky,2025,Grass,,,,,,,,,,,,,,,,,,
m0rg,daniel-milavsky,Daniel Milavsky,2025,Carpet,,,,,,,,,,,,,,,,,,
m0rg,daniel-milavsky,Daniel Milavsky,2024,all,,,,,,,,,,,,,,,,,,
m0rg,daniel-milavsky,Daniel Milavsky,2024,Hard,,,,,,,,,,,,,,,,,,
m0rg,daniel-milavsky,Daniel Milavsky,2024,Clay,,,,,,,,,,,,,,,,,,
m0rg,daniel-milavsky,Daniel Milavsky,2024,Grass,,,,,,,,,,,,,,,,,,
m0rg,daniel-milavsky,Daniel Milavsky,2024,Carpet,,,,,,,,,,,,,,,,,,
m0rg,daniel-milavsky,Daniel Milavsky,2023,all,,,,,,,,,,,,,,,,,,
m0rg,daniel-milavsky,Daniel Milavsky,2023,Hard,,,,,,,,,,,,,,,,,,
m0rg,daniel-milavsky,Daniel Milavsky,2023,Clay,,,,,,,,,,,,,,,,,,
m0rg,daniel-milavsky,Daniel Milavsky,2023,Grass,,,,,,,,,,,,,,,,,,
m0rg,daniel-milavsky,Daniel Milavsky,2023,Carpet,,,,,,,,,,,,,,,,,,
c0jx,sean-cuenin,Sean Cuenin,all,all,,,,,,,,,,,,,,,,,,
c0jx,sean-cuenin,Sean Cuenin,all,Hard,,,,,,,,,,,,,,,,,,
c0jx,sean-cuenin,Sean Cuenin,all,Clay,,,,,,,,,,,,,,,,,,
c0jx,sean-cuenin,Sean Cuenin,all,Grass,,,,,,,,,,,,,,,,,,
c0jx,sean-cuenin,Sean Cuenin,all,Carpet,,,,,,,,,,,,,,,,,,
c0jx,sean-cuenin,Sean Cuenin,2026,all,,,,,,,,,,,,,,,,,,
c0jx,sean-cuenin,Sean Cuenin,2026,Hard,,,,,,,,,,,,,,,,,,
c0jx,sean-cuenin,Sean Cuenin,2026,Clay,,,,,,,,,,,,,,,,,,
c0jx,sean-cuenin,Sean Cuenin,2026,Grass,,,,,,,,,,,,,,,,,,
c0jx,sean-cuenin,Sean Cuenin,2026,Carpet,,,,,,,,,,,,,,,,,,
c0jx,sean-cuenin,Sean Cuenin,2025,all,,,,,,,,,,,,,,,,,,
c0jx,sean-cuenin,Sean Cuenin,2025,Hard,,,,,,,,,,,,,,,,,,
c0jx,sean-cuenin,Sean Cuenin,2025,Clay,,,,,,,,,,,,,,,,,,
c0jx,sean-cuenin,Sean Cuenin,2025,Grass,,,,,,,,,,,,,,,,,,
c0jx,sean-cuenin,Sean Cuenin,2025,Carpet,,,,,,,,,,,,,,,,,,
c0jx,sean-cuenin,Sean Cuenin,2024,all,,,,,,,,,,,,,,,,,,
c0jx,sean-cuenin,Sean Cuenin,2024,Hard,,,,,,,,,,,,,,,,,,
c0jx,sean-cuenin,Sean Cuenin,2024,Clay,,,,,,,,,,,,,,,,,,
c0jx,sean-cuenin,Sean Cuenin,2024,Grass,,,,,,,,,,,,,,,,,,
c0jx,sean-cuenin,Sean Cuenin,2024,Carpet,,,,,,,,,,,,,,,,,,
c0jx,sean-cuenin,Sean Cuenin,2023,all,,,,,,,,,,,,,,,,,,
c0jx,sean-cuenin,Sean Cuenin,2023,Hard,,,,,,,,,,,,,,,,,,
c0jx,sean-cuenin,Sean Cuenin,2023,Clay,,,,,,,,,,,,,,,,,,
c0jx,sean-cuenin,Sean Cuenin,2023,Grass,,,,,,,,,,,,,,,,,,
c0jx,sean-cuenin,Sean Cuenin,2023,Carpet,,,,,,,,,,,,,,,,,,
b0lw,mika-brunold,Mika Brunold,all,all,0,0,0,0,0,0,0,0,0,0,0,0,0,0,0,0,0,0
b0lw,mika-brunold,Mika Brunold,all,Hard,0,0,0,0,0,0,0,0,0,0,0,0,0,0,0,0,0,0
b0lw,mika-brunold,Mika Brunold,all,Clay,,,,,,,,,,,,,,,,,,
b0lw,mika-brunold,Mika Brunold,all,Grass,,,,,,,,,,,,,,,,,,
b0lw,mika-brunold,Mika Brunold,all,Carpet,,,,,,,,,,,,,,,,,,
b0lw,mika-brunold,Mika Brunold,2026,all,,,,,,,,,,,,,,,,,,
b0lw,mika-brunold,Mika Brunold,2026,Hard,0,0,0,0,0,0,0,0,0,0,0,0,0,0,0,0,0,0
b0lw,mika-brunold,Mika Brunold,2026,Clay,,,,,,,,,,,,,,,,,,
b0lw,mika-brunold,Mika Brunold,2026,Grass,,,,,,,,,,,,,,,,,,
b0lw,mika-brunold,Mika Brunold,2026,Carpet,,,,,,,,,,,,,,,,,,
b0lw,mika-brunold,Mika Brunold,2025,all,,,,,,,,,,,,,,,,,,
b0lw,mika-brunold,Mika Brunold,2025,Hard,,,,,,,,,,,,,,,,,,
b0lw,mika-brunold,Mika Brunold,2025,Clay,,,,,,,,,,,,,,,,,,
b0lw,mika-brunold,Mika Brunold,2025,Grass,,,,,,,,,,,,,,,,,,
b0lw,mika-brunold,Mika Brunold,2025,Carpet,,,,,,,,,,,,,,,,,,
b0lw,mika-brunold,Mika Brunold,2024,all,,,,,,,,,,,,,,,,,,
b0lw,mika-brunold,Mika Brunold,2024,Hard,,,,,,,,,,,,,,,,,,
b0lw,mika-brunold,Mika Brunold,2024,Clay,,,,,,,,,,,,,,,,,,
b0lw,mika-brunold,Mika Brunold,2024,Grass,,,,,,,,,,,,,,,,,,
b0lw,mika-brunold,Mika Brunold,2024,Carpet,,,,,,,,,,,,,,,,,,
b0lw,mika-brunold,Mika Brunold,2023,all,,,,,,,,,,,,,,,,,,
b0lw,mika-brunold,Mika Brunold,2023,Hard,,,,,,,,,,,,,,,,,,
b0lw,mika-brunold,Mika Brunold,2023,Clay,,,,,,,,,,,,,,,,,,
b0lw,mika-brunold,Mika Brunold,2023,Grass,,,,,,,,,,,,,,,,,,
b0lw,mika-brunold,Mika Brunold,2023,Carpet,,,,,,,,,,,,,,,,,,
f0ho,thomas-faurel,Thomas Faurel,all,all,,,,,,,,,,,,,,,,,,
f0ho,thomas-faurel,Thomas Faurel,all,Hard,,,,,,,,,,,,,,,,,,
f0ho,thomas-faurel,Thomas Faurel,all,Clay,,,,,,,,,,,,,,,,,,
f0ho,thomas-faurel,Thomas Faurel,all,Grass,,,,,,,,,,,,,,,,,,
f0ho,thomas-faurel,Thomas Faurel,all,Carpet,,,,,,,,,,,,,,,,,,
f0ho,thomas-faurel,Thomas Faurel,2026,all,,,,,,,,,,,,,,,,,,
f0ho,thomas-faurel,Thomas Faurel,2026,Hard,,,,,,,,,,,,,,,,,,
f0ho,thomas-faurel,Thomas Faurel,2026,Clay,,,,,,,,,,,,,,,,,,
f0ho,thomas-faurel,Thomas Faurel,2026,Grass,,,,,,,,,,,,,,,,,,
f0ho,thomas-faurel,Thomas Faurel,2026,Carpet,,,,,,,,,,,,,,,,,,
f0ho,thomas-faurel,Thomas Faurel,2025,all,,,,,,,,,,,,,,,,,,
f0ho,thomas-faurel,Thomas Faurel,2025,Hard,,,,,,,,,,,,,,,,,,
f0ho,thomas-faurel,Thomas Faurel,2025,Clay,,,,,,,,,,,,,,,,,,
f0ho,thomas-faurel,Thomas Faurel,2025,Grass,,,,,,,,,,,,,,,,,,
f0ho,thomas-faurel,Thomas Faurel,2025,Carpet,,,,,,,,,,,,,,,,,,
f0ho,thomas-faurel,Thomas Faurel,2024,all,,,,,,,,,,,,,,,,,,
f0ho,thomas-faurel,Thomas Faurel,2024,Hard,,,,,,,,,,,,,,,,,,
f0ho,thomas-faurel,Thomas Faurel,2024,Clay,,,,,,,,,,,,,,,,,,
f0ho,thomas-faurel,Thomas Faurel,2024,Grass,,,,,,,,,,,,,,,,,,
f0ho,thomas-faurel,Thomas Faurel,2024,Carpet,,,,,,,,,,,,,,,,,,
f0ho,thomas-faurel,Thomas Faurel,2023,all,,,,,,,,,,,,,,,,,,
f0ho,thomas-faurel,Thomas Faurel,2023,Hard,,,,,,,,,,,,,,,,,,
f0ho,thomas-faurel,Thomas Faurel,2023,Clay,,,,,,,,,,,,,,,,,,
f0ho,thomas-faurel,Thomas Faurel,2023,Grass,,,,,,,,,,,,,,,,,,
f0ho,thomas-faurel,Thomas Faurel,2023,Carpet,,,,,,,,,,,,,,,,,,
v821,gonzalo-villanueva,Gonzalo Villanueva,all,all,3,3,63,64,54,3,33,11,82,60,13,49,8,13,11,9,30,45
v821,gonzalo-villanueva,Gonzalo Villanueva,all,Hard,3,3,63,64,54,3,33,11,82,60,13,49,8,13,11,9,30,45
v821,gonzalo-villanueva,Gonzalo Villanueva,all,Clay,,,,,,,,,,,,,,,,,,
v821,gonzalo-villanueva,Gonzalo Villanueva,all,Grass,,,,,,,,,,,,,,,,,,
v821,gonzalo-villanueva,Gonzalo Villanueva,all,Carpet,,,,,,,,,,,,,,,,,,
v821,gonzalo-villanueva,Gonzalo Villanueva,2026,all,,,,,,,,,,,,,,,,,,
v821,gonzalo-villanueva,Gonzalo Villanueva,2026,Hard,,,,,,,,,,,,,,,,,,
v821,gonzalo-villanueva,Gonzalo Villanueva,2026,Clay,,,,,,,,,,,,,,,,,,
v821,gonzalo-villanueva,Gonzalo Villanueva,2026,Grass,,,,,,,,,,,,,,,,,,
v821,gonzalo-villanueva,Gonzalo Villanueva,2026,Carpet,,,,,,,,,,,,,,,,,,
v821,gonzalo-villanueva,Gonzalo Villanueva,2025,all,,,,,,,,,,,,,,,,,,
v821,gonzalo-villanueva,Gonzalo Villanueva,2025,Hard,,,,,,,,,,,,,,,,,,
v821,gonzalo-villanueva,Gonzalo Villanueva,2025,Clay,,,,,,,,,,,,,,,,,,
v821,gonzalo-villanueva,Gonzalo Villanueva,2025,Grass,,,,,,,,,,,,,,,,,,
v821,gonzalo-villanueva,Gonzalo Villanueva,2025,Carpet,,,,,,,,,,,,,,,,,,
v821,gonzalo-villanueva,Gonzalo Villanueva,2024,all,,,,,,,,,,,,,,,,,,
v821,gonzalo-villanueva,Gonzalo Villanueva,2024,Hard,,,,,,,,,,,,,,,,,,
v821,gonzalo-villanueva,Gonzalo Villanueva,2024,Clay,,,,,,,,,,,,,,,,,,
v821,gonzalo-villanueva,Gonzalo Villanueva,2024,Grass,,,,,,,,,,,,,,,,,,
v821,gonzalo-villanueva,Gonzalo Villanueva,2024,Carpet,,,,,,,,,,,,,,,,,,
v821,gonzalo-villanueva,Gonzalo Villanueva,2023,all,,,,,,,,,,,,,,,,,,
v821,gonzalo-villanueva,Gonzalo Villanueva,2023,Hard,,,,,,,,,,,,,,,,,,
v821,gonzalo-villanueva,Gonzalo Villanueva,2023,Clay,,,,,,,,,,,,,,,,,,
v821,gonzalo-villanueva,Gonzalo Villanueva,2023,Grass,,,,,,,,,,,,,,,,,,
v821,gonzalo-villanueva,Gonzalo Villanueva,2023,Carpet,,,,,,,,,,,,,,,,,,
kb95,jason-kubler,Jason Kubler,all,all,367,222,62,70,49,433,58,809,77,62,28,49,392,43,817,20,36,49
kb95,jason-kubler,Jason Kubler,all,Hard,224,113,63,71,48,222,57,435,78,62,27,48,208,40,442,19,35,49
kb95,jason-kubler,Jason Kubler,all,Clay,52,48,62,66,49,108,54,173,71,60,33,48,84,52,174,25,39,49
kb95,jason-kubler,Jason Kubler,all,Grass,91,61,62,71,51,103,63,201,81,63,25,51,100,39,201,19,35,50
kb95,jason-kubler,Jason Kubler,all,Carpet,,,,,,,,,,,,,,,,,,
kb95,jason-kubler,Jason Kubler,2026,all,9,3,73,69,45,6,33,14,71,63,20,52,6,17,15,7,33,46
kb95,jason-kubler,Jason Kubler,2026,Hard,9,3,73,69,45,6,33,14,71,63,20,52,6,17,15,7,33,46
kb95,jason-kubler,Jason Kubler,2026,Clay,0,0,0,0,0,0,0,0,0,0,0,0,0,0,0,0,0,0
kb95,jason-kubler,Jason Kubler,2026,Grass,,,,,,,,,,,,,,,,,,
kb95,jason-kubler,Jason Kubler,2026,Carpet,,,,,,,,,,,,,,,,,,
kb95,jason-kubler,Jason Kubler,2025,all,,,,,,,,,,,,,,,,,,
kb95,jason-kubler,Jason Kubler,2025,Hard,,,,,,,,,,,,,,,,,,
kb95,jason-kubler,Jason Kubler,2025,Clay,,,,,,,,,,,,,,,,,,
kb95,jason-kubler,Jason Kubler,2025,Grass,,,,,,,,,,,,,,,,,,
kb95,jason-kubler,Jason Kubler,2025,Carpet,,,,,,,,,,,,,,,,,,
kb95,jason-kubler,Jason Kubler,2024,all,17,8,65,63,46,28,54,43,70,57,31,54,37,32,45,27,39,48
kb95,jason-kubler,Jason Kubler,2024,Hard,17,8,65,63,46,28,54,43,70,57,31,54,37,32,45,27,39,48
kb95,jason-kubler,Jason Kubler,2024,Clay,,,,,,,,,,,,,,,,,,
kb95,jason-kubler,Jason Kubler,2024,Grass,,,,,,,,,,,,,,,,,,
kb95,jason-kubler,Jason Kubler,2024,Carpet,,,,,,,,,,,,,,,,,,
kb95,jason-kubler,Jason Kubler,2023,all,177,67,62,71,50,165,56,337,78,63,26,49,127,50,339,19,35,49
kb95,jason-kubler,Jason Kubler,2023,Hard,99,21,62,76,53,52,54,155,85,68,22,47,39,54,156,13,31,50
kb95,jason-kubler,Jason Kubler,2023,Clay,36,22,64,65,48,71,54,114,71,59,33,49,56,54,114,26,40,49
kb95,jason-kubler,Jason Kubler,2023,Grass,42,24,59,70,47,42,62,68,76,61,24,51,32,38,69,17,35,48
kb95,jason-kubler,Jason Kubler,2023,Carpet,,,,,,,,,,,,,,,,,,
b0c5,florian-broska,Florian Broska,all,all,,,,,,,,,,,,,,,,,,
b0c5,florian-broska,Florian Broska,all,Hard,,,,,,,,,,,,,,,,,,
b0c5,florian-broska,Florian Broska,all,Clay,,,,,,,,,,,,,,,,,,
b0c5,florian-broska,Florian Broska,all,Grass,,,,,,,,,,,,,,,,,,
b0c5,florian-broska,Florian Broska,all,Carpet,,,,,,,,,,,,,,,,,,
b0c5,florian-broska,Florian Broska,2026,all,,,,,,,,,,,,,,,,,,
b0c5,florian-broska,Florian Broska,2026,Hard,,,,,,,,,,,,,,,,,,
b0c5,florian-broska,Florian Broska,2026,Clay,,,,,,,,,,,,,,,,,,
b0c5,florian-broska,Florian Broska,2026,Grass,,,,,,,,,,,,,,,,,,
b0c5,florian-broska,Florian Broska,2026,Carpet,,,,,,,,,,,,,,,,,,
b0c5,florian-broska,Florian Broska,2025,all,,,,,,,,,,,,,,,,,,
b0c5,florian-broska,Florian Broska,2025,Hard,,,,,,,,,,,,,,,,,,
b0c5,florian-broska,Florian Broska,2025,Clay,,,,,,,,,,,,,,,,,,
b0c5,florian-broska,Florian Broska,2025,Grass,,,,,,,,,,,,,,,,,,
b0c5,florian-broska,Florian Broska,2025,Carpet,,,,,,,,,,,,,,,,,,
b0c5,florian-broska,Florian Broska,2024,all,,,,,,,,,,,,,,,,,,
b0c5,florian-broska,Florian Broska,2024,Hard,,,,,,,,,,,,,,,,,,
b0c5,florian-broska,Florian Broska,2024,Clay,,,,,,,,,,,,,,,,,,
b0c5,florian-broska,Florian Broska,2024,Grass,,,,,,,,,,,,,,,,,,
b0c5,florian-broska,Florian Broska,2024,Carpet,,,,,,,,,,,,,,,,,,
b0c5,florian-broska,Florian Broska,2023,all,,,,,,,,,,,,,,,,,,
b0c5,florian-broska,Florian Broska,2023,Hard,,,,,,,,,,,,,,,,,,
b0c5,florian-broska,Florian Broska,2023,Clay,,,,,,,,,,,,,,,,,,
b0c5,florian-broska,Florian Broska,2023,Grass,,,,,,,,,,,,,,,,,,
b0c5,florian-broska,Florian Broska,2023,Carpet,,,,,,,,,,,,,,,,,,
pl64,oleg-prihodko,Oleg Prihodko,all,all,,,,,,,,,,,,,,,,,,
pl64,oleg-prihodko,Oleg Prihodko,all,Hard,,,,,,,,,,,,,,,,,,
pl64,oleg-prihodko,Oleg Prihodko,all,Clay,,,,,,,,,,,,,,,,,,
pl64,oleg-prihodko,Oleg Prihodko,all,Grass,,,,,,,,,,,,,,,,,,
pl64,oleg-prihodko,Oleg Prihodko,all,Carpet,,,,,,,,,,,,,,,,,,
pl64,oleg-prihodko,Oleg Prihodko,2026,all,,,,,,,,,,,,,,,,,,
pl64,oleg-prihodko,Oleg Prihodko,2026,Hard,,,,,,,,,,,,,,,,,,
pl64,oleg-prihodko,Oleg Prihodko,2026,Clay,,,,,,,,,,,,,,,,,,
pl64,oleg-prihodko,Oleg Prihodko,2026,Grass,,,,,,,,,,,,,,,,,,
pl64,oleg-prihodko,Oleg Prihodko,2026,Carpet,,,,,,,,,,,,,,,,,,
pl64,oleg-prihodko,Oleg Prihodko,2025,all,,,,,,,,,,,,,,,,,,
pl64,oleg-prihodko,Oleg Prihodko,2025,Hard,,,,,,,,,,,,,,,,,,
pl64,oleg-prihodko,Oleg Prihodko,2025,Clay,,,,,,,,,,,,,,,,,,
pl64,oleg-prihodko,Oleg Prihodko,2025,Grass,,,,,,,,,,,,,,,,,,
pl64,oleg-prihodko,Oleg Prihodko,2025,Carpet,,,,,,,,,,,,,,,,,,
pl64,oleg-prihodko,Oleg Prihodko,2024,all,,,,,,,,,,,,,,,,,,
pl64,oleg-prihodko,Oleg Prihodko,2024,Hard,,,,,,,,,,,,,,,,,,
pl64,oleg-prihodko,Oleg Prihodko,2024,Clay,,,,,,,,,,,,,,,,,,
pl64,oleg-prihodko,Oleg Prihodko,2024,Grass,,,,,,,,,,,,,,,,,,
pl64,oleg-prihodko,Oleg Prihodko,2024,Carpet,,,,,,,,,,,,,,,,,,
pl64,oleg-prihodko,Oleg Prihodko,2023,all,,,,,,,,,,,,,,,,,,
pl64,oleg-prihodko,Oleg Prihodko,2023,Hard,,,,,,,,,,,,,,,,,,
pl64,oleg-prihodko,Oleg Prihodko,2023,Clay,,,,,,,,,,,,,,,,,,
pl64,oleg-prihodko,Oleg Prihodko,2023,Grass,,,,,,,,,,,,,,,,,,
pl64,oleg-prihodko,Oleg Prihodko,2023,Carpet,,,,,,,,,,,,,,,,,,
c0aj,jie-cui,Jie Cui,all,all,5,1,60,60,47,6,33,8,50,55,19,47,0,0,8,0,30,41
c0aj,jie-cui,Jie Cui,all,Hard,5,1,60,60,47,6,33,8,50,55,19,47,0,0,8,0,30,41
c0aj,jie-cui,Jie Cui,all,Clay,0,0,0,0,0,0,0,0,0,0,0,0,0,0,0,0,0,0
c0aj,jie-cui,Jie Cui,all,Grass,,,,,,,,,,,,,,,,,,
c0aj,jie-cui,Jie Cui,all,Carpet,,,,,,,,,,,,,,,,,,
c0aj,jie-cui,Jie Cui,2026,all,,,,,,,,,,,,,,,,,,
c0aj,jie-cui,Jie Cui,2026,Hard,,,,,,,,,,,,,,,,,,
c0aj,jie-cui,Jie Cui,2026,Clay,,,,,,,,,,,,,,,,,,
c0aj,jie-cui,Jie Cui,2026,Grass,,,,,,,,,,,,,,,,,,
c0aj,jie-cui,Jie Cui,2026,Carpet,,,,,,,,,,,,,,,,,,
c0aj,jie-cui,Jie Cui,2025,all,0,0,0,0,0,0,0,0,0,0,0,0,0,0,0,0,0,0
c0aj,jie-cui,Jie Cui,2025,Hard,0,0,0,0,0,0,0,0,0,0,0,0,0,0,0,0,0,0
c0aj,jie-cui,Jie Cui,2025,Clay,,,,,,,,,,,,,,,,,,
c0aj,jie-cui,Jie Cui,2025,Grass,,,,,,,,,,,,,,,,,,
c0aj,jie-cui,Jie Cui,2025,Carpet,,,,,,,,,,,,,,,,,,
c0aj,jie-cui,Jie Cui,2024,all,,,,,,,,,,,,,,,,,,
c0aj,jie-cui,Jie Cui,2024,Hard,,,,,,,,,,,,,,,,,,
c0aj,jie-cui,Jie Cui,2024,Clay,,,,,,,,,,,,,,,,,,
c0aj,jie-cui,Jie Cui,2024,Grass,,,,,,,,,,,,,,,,,,
c0aj,jie-cui,Jie Cui,2024,Carpet,,,,,,,,,,,,,,,,,,
c0aj,jie-cui,Jie Cui,2023,all,5,1,60,60,47,6,33,8,50,55,19,47,0,0,8,0,30,41
c0aj,jie-cui,Jie Cui,2023,Hard,5,1,60,60,47,6,33,8,50,55,19,47,0,0,8,0,30,41
c0aj,jie-cui,Jie Cui,2023,Clay,0,0,0,0,0,0,0,0,0,0,0,0,0,0,0,0,0,0
c0aj,jie-cui,Jie Cui,2023,Grass,,,,,,,,,,,,,,,,,,
c0aj,jie-cui,Jie Cui,2023,Carpet,,,,,,,,,,,,,,,,,,
s0tx,henry-searle,Henry Searle,all,all,24,15,58,67,46,27,48,46,70,58,21,45,19,32,47,13,29,44
s0tx,henry-searle,Henry Searle,all,Hard,,,,,,,,,,,,,,,,,,
s0tx,henry-searle,Henry Searle,all,Clay,,,,,,,,,,,,,,,,,,
s0tx,henry-searle,Henry Searle,all,Grass,24,15,58,67,46,27,48,46,70,58,21,45,19,32,47,13,29,44
s0tx,henry-searle,Henry Searle,all,Carpet,,,,,,,,,,,,,,,,,,
s0tx,henry-searle,Henry Searle,2026,all,,,,,,,,,,,,,,,,,,
s0tx,henry-searle,Henry Searle,2026,Hard,,,,,,,,,,,,,,,,,,
s0tx,henry-searle,Henry Searle,2026,Clay,,,,,,,,,,,,,,,,,,
s0tx,henry-searle,Henry Searle,2026,Grass,,,,,,,,,,,,,,,,,,
s0tx,henry-searle,Henry Searle,2026,Carpet,,,,,,,,,,,,,,,,,,
s0tx,henry-searle,Henry Searle,2025,all,7,6,57,62,50,8,13,19,63,57,26,44,12,33,19,21,33,45
s0tx,henry-searle,Henry Searle,2025,Hard,,,,,,,,,,,,,,,,,,
s0tx,henry-searle,Henry Searle,2025,Clay,,,,,,,,,,,,,,,,,,
s0tx,henry-searle,Henry Searle,2025,Grass,7,6,57,62,50,8,13,19,63,57,26,44,12,33,19,21,33,45
s0tx,henry-searle,Henry Searle,2025,Carpet,,,,,,,,,,,,,,,,,,
s0tx,henry-searle,Henry Searle,2024,all,17,9,59,71,44,19,63,27,74,60,17,47,7,29,28,7,26,44
s0tx,henry-searle,Henry Searle,2024,Hard,,,,,,,,,,,,,,,,,,
s0tx,henry-searle,Henry Searle,2024,Clay,,,,,,,,,,,,,,,,,,
s0tx,henry-searle,Henry Searle,2024,Grass,17,9,59,71,44,19,63,27,74,60,17,47,7,29,28,7,26,44
s0tx,henry-searle,Henry Searle,2024,Carpet,,,,,,,,,,,,,,,,,,
s0tx,henry-searle,Henry Searle,2023,all,,,,,,,,,,,,,,,,,,
s0tx,henry-searle,Henry Searle,2023,Hard,,,,,,,,,,,,,,,,,,
s0tx,henry-searle,Henry Searle,2023,Clay,,,,,,,,,,,,,,,,,,
s0tx,henry-searle,Henry Searle,2023,Grass,,,,,,,,,,,,,,,,,,
s0tx,henry-searle,Henry Searle,2023,Carpet,,,,,,,,,,,,,,,,,,
b0ll,viacheslav-bielinskyi,Viacheslav Bielinskyi,all,all,0,0,0,0,0,0,0,0,0,0,0,0,0,0,0,0,0,0
b0ll,viacheslav-bielinskyi,Viacheslav Bielinskyi,all,Hard,0,0,0,0,0,0,0,0,0,0,0,0,0,0,0,0,0,0
b0ll,viacheslav-bielinskyi,Viacheslav Bielinskyi,all,Clay,0,0,0,0,0,0,0,0,0,0,0,0,0,0,0,0,0,0
b0ll,viacheslav-bielinskyi,Viacheslav Bielinskyi,all,Grass,,,,,,,,,,,,,,,,,,
b0ll,viacheslav-bielinskyi,Viacheslav Bielinskyi,all,Carpet,,,,,,,,,,,,,,,,,,
b0ll,viacheslav-bielinskyi,Viacheslav Bielinskyi,2026,all,,,,,,,,,,,,,,,,,,
b0ll,viacheslav-bielinskyi,Viacheslav Bielinskyi,2026,Hard,,,,,,,,,,,,,,,,,,
b0ll,viacheslav-bielinskyi,Viacheslav Bielinskyi,2026,Clay,,,,,,,,,,,,,,,,,,
b0ll,viacheslav-bielinskyi,Viacheslav Bielinskyi,2026,Grass,,,,,,,,,,,,,,,,,,
b0ll,viacheslav-bielinskyi,Viacheslav Bielinskyi,2026,Carpet,,,,,,,,,,,,,,,,,,
b0ll,viacheslav-bielinskyi,Viacheslav Bielinskyi,2025,all,0,0,0,0,0,0,0,0,0,0,0,0,0,0,0,0,0,0
b0ll,viacheslav-bielinskyi,Viacheslav Bielinskyi,2025,Hard,,,,,,,,,,,,,,,,,,
b0ll,viacheslav-bielinskyi,Viacheslav Bielinskyi,2025,Clay,0,0,0,0,0,0,0,0,0,0,0,0,0,0,0,0,0,0
b0ll,viacheslav-bielinskyi,Viacheslav Bielinskyi,2025,Grass,,,,,,,,,,,,,,,,,,
b0ll,viacheslav-bielinskyi,Viacheslav Bielinskyi,2025,Carpet,,,,,,,,,,,,,,,,,,
b0ll,viacheslav-bielinskyi,Viacheslav Bielinskyi,2024,all,,,,,,,,,,,,,,,,,,
b0ll,viacheslav-bielinskyi,Viacheslav Bielinskyi,2024,Hard,,,,,,,,,,,,,,,,,,
b0ll,viacheslav-bielinskyi,Viacheslav Bielinskyi,2024,Clay,,,,,,,,,,,,,,,,,,
b0ll,viacheslav-bielinskyi,Viacheslav Bielinskyi,2024,Grass,,,,,,,,,,,,,,,,,,
b0ll,viacheslav-bielinskyi,Viacheslav Bielinskyi,2024,Carpet,,,,,,,,,,,,,,,,,,
b0ll,viacheslav-bielinskyi,Viacheslav Bielinskyi,2023,all,0,0,0,0,0,0,0,0,0,0,0,0,0,0,0,0,0,0
b0ll,viacheslav-bielinskyi,Viacheslav Bielinskyi,2023,Hard,0,0,0,0,0,0,0,0,0,0,0,0,0,0,0,0,0,0
b0ll,viacheslav-bielinskyi,Viacheslav Bielinskyi,2023,Clay,,,,,,,,,,,,,,,,,,
b0ll,viacheslav-bielinskyi,Viacheslav Bielinskyi,2023,Grass,,,,,,,,,,,,,,,,,,
b0ll,viacheslav-bielinskyi,Viacheslav Bielinskyi,2023,Carpet,,,,,,,,,,,,,,,,,,
a0ik,luciano-emanuel-ambrogi,Luciano Emanuel Ambrogi,all,all,,,,,,,,,,,,,,,,,,
a0ik,luciano-emanuel-ambrogi,Luciano Emanuel Ambrogi,all,Hard,,,,,,,,,,,,,,,,,,
a0ik,luciano-emanuel-ambrogi,Luciano Emanuel Ambrogi,all,Clay,,,,,,,,,,,,,,,,,,
a0ik,luciano-emanuel-ambrogi,Luciano Emanuel Ambrogi,all,Grass,,,,,,,,,,,,,,,,,,
a0ik,luciano-emanuel-ambrogi,Luciano Emanuel Ambrogi,all,Carpet,,,,,,,,,,,,,,,,,,
a0ik,luciano-emanuel-ambrogi,Luciano Emanuel Ambrogi,2026,all,,,,,,,,,,,,,,,,,,
a0ik,luciano-emanuel-ambrogi,Luciano Emanuel Ambrogi,2026,Hard,,,,,,,,,,,,,,,,,,
a0ik,luciano-emanuel-ambrogi,Luciano Emanuel Ambrogi,2026,Clay,,,,,,,,,,,,,,,,,,
a0ik,luciano-emanuel-ambrogi,Luciano Emanuel Ambrogi,2026,Grass,,,,,,,,,,,,,,,,,,
a0ik,luciano-emanuel-ambrogi,Luciano Emanuel Ambrogi,2026,Carpet,,,,,,,,,,,,,,,,,,
a0ik,luciano-emanuel-ambrogi,Luciano Emanuel Ambrogi,2025,all,,,,,,,,,,,,,,,,,,
a0ik,luciano-emanuel-ambrogi,Luciano Emanuel Ambrogi,2025,Hard,,,,,,,,,,,,,,,,,,
a0ik,luciano-emanuel-ambrogi,Luciano Emanuel Ambrogi,2025,Clay,,,,,,,,,,,,,,,,,,
a0ik,luciano-emanuel-ambrogi,Luciano Emanuel Ambrogi,2025,Grass,,,,,,,,,,,,,,,,,,
a0ik,luciano-emanuel-ambrogi,Luciano Emanuel Ambrogi,2025,Carpet,,,,,,,,,,,,,,,,,,
a0ik,luciano-emanuel-ambrogi,Luciano Emanuel Ambrogi,2024,all,,,,,,,,,,,,,,,,,,
a0ik,luciano-emanuel-ambrogi,Luciano Emanuel Ambrogi,2024,Hard,,,,,,,,,,,,,,,,,,
a0ik,luciano-emanuel-ambrogi,Luciano Emanuel Ambrogi,2024,Clay,,,,,,,,,,,,,,,,,,
a0ik,luciano-emanuel-ambrogi,Luciano Emanuel Ambrogi,2024,Grass,,,,,,,,,,,,,,,,,,
a0ik,luciano-emanuel-ambrogi,Luciano Emanuel Ambrogi,2024,Carpet,,,,,,,,,,,,,,,,,,
a0ik,luciano-emanuel-ambrogi,Luciano Emanuel Ambrogi,2023,all,,,,,,,,,,,,,,,,,,
a0ik,luciano-emanuel-ambrogi,Luciano Emanuel Ambrogi,2023,Hard,,,,,,,,,,,,,,,,,,
a0ik,luciano-emanuel-ambrogi,Luciano Emanuel Ambrogi,2023,Clay,,,,,,,,,,,,,,,,,,
a0ik,luciano-emanuel-ambrogi,Luciano Emanuel Ambrogi,2023,Grass,,,,,,,,,,,,,,,,,,
a0ik,luciano-emanuel-ambrogi,Luciano Emanuel Ambrogi,2023,Carpet,,,,,,,,,,,,,,,,,,
d0ji,manas-dhamne,Manas Dhamne,all,all,0,0,63,57,45,10,60,9,56,53,24,40,3,33,9,11,31,43
d0ji,manas-dhamne,Manas Dhamne,all,Hard,0,0,63,57,45,10,60,9,56,53,24,40,3,33,9,11,31,43
d0ji,manas-dhamne,Manas Dhamne,all,Clay,,,,,,,,,,,,,,,,,,
d0ji,manas-dhamne,Manas Dhamne,all,Grass,,,,,,,,,,,,,,,,,,
d0ji,manas-dhamne,Manas Dhamne,all,Carpet,,,,,,,,,,,,,,,,,,
d0ji,manas-dhamne,Manas Dhamne,2026,all,,,,,,,,,,,,,,,,,,
d0ji,manas-dhamne,Manas Dhamne,2026,Hard,,,,,,,,,,,,,,,,,,
d0ji,manas-dhamne,Manas Dhamne,2026,Clay,,,,,,,,,,,,,,,,,,
d0ji,manas-dhamne,Manas Dhamne,2026,Grass,,,,,,,,,,,,,,,,,,
d0ji,manas-dhamne,Manas Dhamne,2026,Carpet,,,,,,,,,,,,,,,,,,
d0ji,manas-dhamne,Manas Dhamne,2025,all,,,,,,,,,,,,,,,,,,
d0ji,manas-dhamne,Manas Dhamne,2025,Hard,,,,,,,,,,,,,,,,,,
d0ji,manas-dhamne,Manas Dhamne,2025,Clay,,,,,,,,,,,,,,,,,,
d0ji,manas-dhamne,Manas Dhamne,2025,Grass,,,,,,,,,,,,,,,,,,
d0ji,manas-dhamne,Manas Dhamne,2025,Carpet,,,,,,,,,,,,,,,,,,
d0ji,manas-dhamne,Manas Dhamne,2024,all,,,,,,,,,,,,,,,,,,
d0ji,manas-dhamne,Manas Dhamne,2024,Hard,,,,,,,,,,,,,,,,,,
d0ji,manas-dhamne,Manas Dhamne,2024,Clay,,,,,,,,,,,,,,,,,,
d0ji,manas-dhamne,Manas Dhamne,2024,Grass,,,,,,,,,,,,,,,,,,
d0ji,manas-dhamne,Manas Dhamne,2024,Carpet,,,,,,,,,,,,,,,,,,
d0ji,manas-dhamne,Manas Dhamne,2023,all,0,0,63,57,45,10,60,9,56,53,24,40,3,33,9,11,31,43
d0ji,manas-dhamne,Manas Dhamne,2023,Hard,0,0,63,57,45,10,60,9,56,53,24,40,3,33,9,11,31,43
d0ji,manas-dhamne,Manas Dhamne,2023,Clay,,,,,,,,,,,,,,,,,,
d0ji,manas-dhamne,Manas Dhamne,2023,Grass,,,,,,,,,,,,,,,,,,
d0ji,manas-dhamne,Manas Dhamne,2023,Carpet,,,,,,,,,,,,,,,,,,
sg56,daniel-dutra-da-silva,Daniel Dutra Da Silva,all,all,3,9,50,62,51,18,61,20,65,57,27,40,14,21,20,15,32,45
sg56,daniel-dutra-da-silva,Daniel Dutra Da Silva,all,Hard,,,,,,,,,,,,,,,,,,
sg56,daniel-dutra-da-silva,Daniel Dutra Da Silva,all,Clay,3,9,50,62,51,18,61,20,65,57,27,40,14,21,20,15,32,45
sg56,daniel-dutra-da-silva,Daniel Dutra Da Silva,all,Grass,,,,,,,,,,,,,,,,,,
sg56,daniel-dutra-da-silva,Daniel Dutra Da Silva,all,Carpet,,,,,,,,,,,,,,,,,,
sg56,daniel-dutra-da-silva,Daniel Dutra Da Silva,2026,all,,,,,,,,,,,,,,,,,,
sg56,daniel-dutra-da-silva,Daniel Dutra Da Silva,2026,Hard,,,,,,,,,,,,,,,,,,
sg56,daniel-dutra-da-silva,Daniel Dutra Da Silva,2026,Clay,,,,,,,,,,,,,,,,,,
sg56,daniel-dutra-da-silva,Daniel Dutra Da Silva,2026,Grass,,,,,,,,,,,,,,,,,,
sg56,daniel-dutra-da-silva,Daniel Dutra Da Silva,2026,Carpet,,,,,,,,,,,,,,,,,,
sg56,daniel-dutra-da-silva,Daniel Dutra Da Silva,2025,all,,,,,,,,,,,,,,,,,,
sg56,daniel-dutra-da-silva,Daniel Dutra Da Silva,2025,Hard,,,,,,,,,,,,,,,,,,
sg56,daniel-dutra-da-silva,Daniel Dutra Da Silva,2025,Clay,,,,,,,,,,,,,,,,,,
sg56,daniel-dutra-da-silva,Daniel Dutra Da Silva,2025,Grass,,,,,,,,,,,,,,,,,,
sg56,daniel-dutra-da-silva,Daniel Dutra Da Silva,2025,Carpet,,,,,,,,,,,,,,,,,,
sg56,daniel-dutra-da-silva,Daniel Dutra Da Silva,2024,all,,,,,,,,,,,,,,,,,,
sg56,daniel-dutra-da-silva,Daniel Dutra Da Silva,2024,Hard,,,,,,,,,,,,,,,,,,
sg56,daniel-dutra-da-silva,Daniel Dutra Da Silva,2024,Clay,,,,,,,,,,,,,,,,,,
sg56,daniel-dutra-da-silva,Daniel Dutra Da Silva,2024,Grass,,,,,,,,,,,,,,,,,,
sg56,daniel-dutra-da-silva,Daniel Dutra Da Silva,2024,Carpet,,,,,,,,,,,,,,,,,,
sg56,daniel-dutra-da-silva,Daniel Dutra Da Silva,2023,all,,,,,,,,,,,,,,,,,,
sg56,daniel-dutra-da-silva,Daniel Dutra Da Silva,2023,Hard,,,,,,,,,,,,,,,,,,
sg56,daniel-dutra-da-silva,Daniel Dutra Da Silva,2023,Clay,,,,,,,,,,,,,,,,,,
sg56,daniel-dutra-da-silva,Daniel Dutra Da Silva,2023,Grass,,,,,,,,,,,,,,,,,,
sg56,daniel-dutra-da-silva,Daniel Dutra Da Silva,2023,Carpet,,,,,,,,,,,,,,,,,,
s0bt,adria-soriano-barrera,Adria Soriano Barrera,all,all,0,0,0,0,0,0,0,0,0,0,0,0,0,0,0,0,0,0
s0bt,adria-soriano-barrera,Adria Soriano Barrera,all,Hard,0,0,0,0,0,0,0,0,0,0,0,0,0,0,0,0,0,0
s0bt,adria-soriano-barrera,Adria Soriano Barrera,all,Clay,0,0,0,0,0,0,0,0,0,0,0,0,0,0,0,0,0,0
s0bt,adria-soriano-barrera,Adria Soriano Barrera,all,Grass,,,,,,,,,,,,,,,,,,
s0bt,adria-soriano-barrera,Adria Soriano Barrera,all,Carpet,,,,,,,,,,,,,,,,,,
s0bt,adria-soriano-barrera,Adria Soriano Barrera,2026,all,0,0,0,0,0,0,0,0,0,0,0,0,0,0,0,0,0,0
s0bt,adria-soriano-barrera,Adria Soriano Barrera,2026,Hard,,,,,,,,,,,,,,,,,,
s0bt,adria-soriano-barrera,Adria Soriano Barrera,2026,Clay,0,0,0,0,0,0,0,0,0,0,0,0,0,0,0,0,0,0
s0bt,adria-soriano-barrera,Adria Soriano Barrera,2026,Grass,,,,,,,,,,,,,,,,,,
s0bt,adria-soriano-barrera,Adria Soriano Barrera,2026,Carpet,,,,,,,,,,,,,,,,,,
s0bt,adria-soriano-barrera,Adria Soriano Barrera,2025,all,0,0,0,0,0,0,0,0,0,0,0,0,0,0,0,0,0,0
s0bt,adria-soriano-barrera,Adria Soriano Barrera,2025,Hard,0,0,0,0,0,0,0,0,0,0,0,0,0,0,0,0,0,0
s0bt,adria-soriano-barrera,Adria Soriano Barrera,2025,Clay,0,0,0,0,0,0,0,0,0,0,0,0,0,0,0,0,0,0
s0bt,adria-soriano-barrera,Adria Soriano Barrera,2025,Grass,,,,,,,,,,,,,,,,,,
s0bt,adria-soriano-barrera,Adria Soriano Barrera,2025,Carpet,,,,,,,,,,,,,,,,,,
s0bt,adria-soriano-barrera,Adria Soriano Barrera,2024,all,0,0,0,0,0,0,0,0,0,0,0,0,0,0,0,0,0,0
s0bt,adria-soriano-barrera,Adria Soriano Barrera,2024,Hard,0,0,0,0,0,0,0,0,0,0,0,0,0,0,0,0,0,0
s0bt,adria-soriano-barrera,Adria Soriano Barrera,2024,Clay,0,0,0,0,0,0,0,0,0,0,0,0,0,0,0,0,0,0
s0bt,adria-soriano-barrera,Adria Soriano Barrera,2024,Grass,,,,,,,,,,,,,,,,,,
s0bt,adria-soriano-barrera,Adria Soriano Barrera,2024,Carpet,,,,,,,,,,,,,,,,,,
s0bt,adria-soriano-barrera,Adria Soriano Barrera,2023,all,,,,,,,,,,,,,,,,,,
s0bt,adria-soriano-barrera,Adria Soriano Barrera,2023,Hard,,,,,,,,,,,,,,,,,,
s0bt,adria-soriano-barrera,Adria Soriano Barrera,2023,Clay,,,,,,,,,,,,,,,,,,
s0bt,adria-soriano-barrera,Adria Soriano Barrera,2023,Grass,,,,,,,,,,,,,,,,,,
s0bt,adria-soriano-barrera,Adria Soriano Barrera,2023,Carpet,,,,,,,,,,,,,,,,,,
a0ea,max-alcala-gurri,Max Alcala Gurri,all,all,,,,,,,,,,,,,,,,,,
a0ea,max-alcala-gurri,Max Alcala Gurri,all,Hard,,,,,,,,,,,,,,,,,,
a0ea,max-alcala-gurri,Max Alcala Gurri,all,Clay,,,,,,,,,,,,,,,,,,
a0ea,max-alcala-gurri,Max Alcala Gurri,all,Grass,,,,,,,,,,,,,,,,,,
a0ea,max-alcala-gurri,Max Alcala Gurri,all,Carpet,,,,,,,,,,,,,,,,,,
a0ea,max-alcala-gurri,Max Alcala Gurri,2026,all,,,,,,,,,,,,,,,,,,
a0ea,max-alcala-gurri,Max Alcala Gurri,2026,Hard,,,,,,,,,,,,,,,,,,
a0ea,max-alcala-gurri,Max Alcala Gurri,2026,Clay,,,,,,,,,,,,,,,,,,
a0ea,max-alcala-gurri,Max Alcala Gurri,2026,Grass,,,,,,,,,,,,,,,,,,
a0ea,max-alcala-gurri,Max Alcala Gurri,2026,Carpet,,,,,,,,,,,,,,,,,,
a0ea,max-alcala-gurri,Max Alcala Gurri,2025,all,,,,,,,,,,,,,,,,,,
a0ea,max-alcala-gurri,Max Alcala Gurri,2025,Hard,,,,,,,,,,,,,,,,,,
a0ea,max-alcala-gurri,Max Alcala Gurri,2025,Clay,,,,,,,,,,,,,,,,,,
a0ea,max-alcala-gurri,Max Alcala Gurri,2025,Grass,,,,,,,,,,,,,,,,,,
a0ea,max-alcala-gurri,Max Alcala Gurri,2025,Carpet,,,,,,,,,,,,,,,,,,
a0ea,max-alcala-gurri,Max Alcala Gurri,2024,all,,,,,,,,,,,,,,,,,,
a0ea,max-alcala-gurri,Max Alcala Gurri,2024,Hard,,,,,,,,,,,,,,,,,,
a0ea,max-alcala-gurri,Max Alcala Gurri,2024,Clay,,,,,,,,,,,,,,,,,,
a0ea,max-alcala-gurri,Max Alcala Gurri,2024,Grass,,,,,,,,,,,,,,,,,,
a0ea,max-alcala-gurri,Max Alcala Gurri,2024,Carpet,,,,,,,,,,,,,,,,,,
a0ea,max-alcala-gurri,Max Alcala Gurri,2023,all,,,,,,,,,,,,,,,,,,
a0ea,max-alcala-gurri,Max Alcala Gurri,2023,Hard,,,,,,,,,,,,,,,,,,
a0ea,max-alcala-gurri,Max Alcala Gurri,2023,Clay,,,,,,,,,,,,,,,,,,
a0ea,max-alcala-gurri,Max Alcala Gurri,2023,Grass,,,,,,,,,,,,,,,,,,
a0ea,max-alcala-gurri,Max Alcala Gurri,2023,Carpet,,,,,,,,,,,,,,,,,,
f0ck,andrew-fenty,Andrew Fenty,all,all,,,,,,,,,,,,,,,,,,
f0ck,andrew-fenty,Andrew Fenty,all,Hard,,,,,,,,,,,,,,,,,,
f0ck,andrew-fenty,Andrew Fenty,all,Clay,,,,,,,,,,,,,,,,,,
f0ck,andrew-fenty,Andrew Fenty,all,Grass,,,,,,,,,,,,,,,,,,
f0ck,andrew-fenty,Andrew Fenty,all,Carpet,,,,,,,,,,,,,,,,,,
f0ck,andrew-fenty,Andrew Fenty,2026,all,,,,,,,,,,,,,,,,,,
f0ck,andrew-fenty,Andrew Fenty,2026,Hard,,,,,,,,,,,,,,,,,,
f0ck,andrew-fenty,Andrew Fenty,2026,Clay,,,,,,,,,,,,,,,,,,
f0ck,andrew-fenty,Andrew Fenty,2026,Grass,,,,,,,,,,,,,,,,,,
f0ck,andrew-fenty,Andrew Fenty,2026,Carpet,,,,,,,,,,,,,,,,,,
f0ck,andrew-fenty,Andrew Fenty,2025,all,,,,,,,,,,,,,,,,,,
f0ck,andrew-fenty,Andrew Fenty,2025,Hard,,,,,,,,,,,,,,,,,,
f0ck,andrew-fenty,Andrew Fenty,2025,Clay,,,,,,,,,,,,,,,,,,
f0ck,andrew-fenty,Andrew Fenty,2025,Grass,,,,,,,,,,,,,,,,,,
f0ck,andrew-fenty,Andrew Fenty,2025,Carpet,,,,,,,,,,,,,,,,,,
f0ck,andrew-fenty,Andrew Fenty,2024,all,,,,,,,,,,,,,,,,,,
f0ck,andrew-fenty,Andrew Fenty,2024,Hard,,,,,,,,,,,,,,,,,,
f0ck,andrew-fenty,Andrew Fenty,2024,Clay,,,,,,,,,,,,,,,,,,
f0ck,andrew-fenty,Andrew Fenty,2024,Grass,,,,,,,,,,,,,,,,,,
f0ck,andrew-fenty,Andrew Fenty,2024,Carpet,,,,,,,,,,,,,,,,,,
f0ck,andrew-fenty,Andrew Fenty,2023,all,,,,,,,,,,,,,,,,,,
f0ck,andrew-fenty,Andrew Fenty,2023,Hard,,,,,,,,,,,,,,,,,,
f0ck,andrew-fenty,Andrew Fenty,2023,Clay,,,,,,,,,,,,,,,,,,
f0ck,andrew-fenty,Andrew Fenty,2023,Grass,,,,,,,,,,,,,,,,,,
f0ck,andrew-fenty,Andrew Fenty,2023,Carpet,,,,,,,,,,,,,,,,,,
s0vm,trevor-svajda,Trevor Svajda,all,all,6,2,63,67,45,15,67,21,76,59,18,57,5,20,21,5,29,45
s0vm,trevor-svajda,Trevor Svajda,all,Hard,6,2,63,67,45,15,67,21,76,59,18,57,5,20,21,5,29,45
s0vm,trevor-svajda,Trevor Svajda,all,Clay,,,,,,,,,,,,,,,,,,
s0vm,trevor-svajda,Trevor Svajda,all,Grass,,,,,,,,,,,,,,,,,,
s0vm,trevor-svajda,Trevor Svajda,all,Carpet,,,,,,,,,,,,,,,,,,
s0vm,trevor-svajda,Trevor Svajda,2026,all,6,1,56,77,44,6,67,12,83,63,13,64,3,33,12,8,31,47
s0vm,trevor-svajda,Trevor Svajda,2026,Hard,6,1,56,77,44,6,67,12,83,63,13,64,3,33,12,8,31,47
s0vm,trevor-svajda,Trevor Svajda,2026,Clay,,,,,,,,,,,,,,,,,,
s0vm,trevor-svajda,Trevor Svajda,2026,Grass,,,,,,,,,,,,,,,,,,
s0vm,trevor-svajda,Trevor Svajda,2026,Carpet,,,,,,,,,,,,,,,,,,
s0vm,trevor-svajda,Trevor Svajda,2025,all,0,1,70,58,45,9,67,9,67,54,23,42,2,0,9,0,27,43
s0vm,trevor-svajda,Trevor Svajda,2025,Hard,0,1,70,58,45,9,67,9,67,54,23,42,2,0,9,0,27,43
s0vm,trevor-svajda,Trevor Svajda,2025,Clay,,,,,,,,,,,,,,,,,,
s0vm,trevor-svajda,Trevor Svajda,2025,Grass,,,,,,,,,,,,,,,,,,
s0vm,trevor-svajda,Trevor Svajda,2025,Carpet,,,,,,,,,,,,,,,,,,
s0vm,trevor-svajda,Trevor Svajda,2024,all,,,,,,,,,,,,,,,,,,
s0vm,trevor-svajda,Trevor Svajda,2024,Hard,,,,,,,,,,,,,,,,,,
s0vm,trevor-svajda,Trevor Svajda,2024,Clay,,,,,,,,,,,,,,,,,,
s0vm,trevor-svajda,Trevor Svajda,2024,Grass,,,,,,,,,,,,,,,,,,
s0vm,trevor-svajda,Trevor Svajda,2024,Carpet,,,,,,,,,,,,,,,,,,
s0vm,trevor-svajda,Trevor Svajda,2023,all,,,,,,,,,,,,,,,,,,
s0vm,trevor-svajda,Trevor Svajda,2023,Hard,,,,,,,,,,,,,,,,,,
s0vm,trevor-svajda,Trevor Svajda,2023,Clay,,,,,,,,,,,,,,,,,,
s0vm,trevor-svajda,Trevor Svajda,2023,Grass,,,,,,,,,,,,,,,,,,
s0vm,trevor-svajda,Trevor Svajda,2023,Carpet,,,,,,,,,,,,,,,,,,
s0s5,braden-shick,Braden Shick,all,all,,,,,,,,,,,,,,,,,,
s0s5,braden-shick,Braden Shick,all,Hard,,,,,,,,,,,,,,,,,,
s0s5,braden-shick,Braden Shick,all,Clay,,,,,,,,,,,,,,,,,,
s0s5,braden-shick,Braden Shick,all,Grass,,,,,,,,,,,,,,,,,,
s0s5,braden-shick,Braden Shick,all,Carpet,,,,,,,,,,,,,,,,,,
s0s5,braden-shick,Braden Shick,2026,all,,,,,,,,,,,,,,,,,,
s0s5,braden-shick,Braden Shick,2026,Hard,,,,,,,,,,,,,,,,,,
s0s5,braden-shick,Braden Shick,2026,Clay,,,,,,,,,,,,,,,,,,
s0s5,braden-shick,Braden Shick,2026,Grass,,,,,,,,,,,,,,,,,,
s0s5,braden-shick,Braden Shick,2026,Carpet,,,,,,,,,,,,,,,,,,
s0s5,braden-shick,Braden Shick,2025,all,,,,,,,,,,,,,,,,,,
s0s5,braden-shick,Braden Shick,2025,Hard,,,,,,,,,,,,,,,,,,
s0s5,braden-shick,Braden Shick,2025,Clay,,,,,,,,,,,,,,,,,,
s0s5,braden-shick,Braden Shick,2025,Grass,,,,,,,,,,,,,,,,,,
s0s5,braden-shick,Braden Shick,2025,Carpet,,,,,,,,,,,,,,,,,,
s0s5,braden-shick,Braden Shick,2024,all,,,,,,,,,,,,,,,,,,
s0s5,braden-shick,Braden Shick,2024,Hard,,,,,,,,,,,,,,,,,,
s0s5,braden-shick,Braden Shick,2024,Clay,,,,,,,,,,,,,,,,,,
s0s5,braden-shick,Braden Shick,2024,Grass,,,,,,,,,,,,,,,,,,
s0s5,braden-shick,Braden Shick,2024,Carpet,,,,,,,,,,,,,,,,,,
s0s5,braden-shick,Braden Shick,2023,all,,,,,,,,,,,,,,,,,,
s0s5,braden-shick,Braden Shick,2023,Hard,,,,,,,,,,,,,,,,,,
s0s5,braden-shick,Braden Shick,2023,Clay,,,,,,,,,,,,,,,,,,
s0s5,braden-shick,Braden Shick,2023,Grass,,,,,,,,,,,,,,,,,,
s0s5,braden-shick,Braden Shick,2023,Carpet,,,,,,,,,,,,,,,,,,
s09p,sanhui-shin,Sanhui Shin,all,all,0,0,0,0,0,0,0,0,0,0,0,0,0,0,0,0,0,0
s09p,sanhui-shin,Sanhui Shin,all,Hard,0,0,0,0,0,0,0,0,0,0,0,0,0,0,0,0,0,0
s09p,sanhui-shin,Sanhui Shin,all,Clay,,,,,,,,,,,,,,,,,,
s09p,sanhui-shin,Sanhui Shin,all,Grass,,,,,,,,,,,,,,,,,,
s09p,sanhui-shin,Sanhui Shin,all,Carpet,,,,,,,,,,,,,,,,,,
s09p,sanhui-shin,Sanhui Shin,2026,all,,,,,,,,,,,,,,,,,,
s09p,sanhui-shin,Sanhui Shin,2026,Hard,,,,,,,,,,,,,,,,,,
s09p,sanhui-shin,Sanhui Shin,2026,Clay,,,,,,,,,,,,,,,,,,
s09p,sanhui-shin,Sanhui Shin,2026,Grass,,,,,,,,,,,,,,,,,,
s09p,sanhui-shin,Sanhui Shin,2026,Carpet,,,,,,,,,,,,,,,,,,
s09p,sanhui-shin,Sanhui Shin,2025,all,0,0,0,0,0,0,0,0,0,0,0,0,0,0,0,0,0,0
s09p,sanhui-shin,Sanhui Shin,2025,Hard,0,0,0,0,0,0,0,0,0,0,0,0,0,0,0,0,0,0
s09p,sanhui-shin,Sanhui Shin,2025,Clay,,,,,,,,,,,,,,,,,,
s09p,sanhui-shin,Sanhui Shin,2025,Grass,,,,,,,,,,,,,,,,,,
s09p,sanhui-shin,Sanhui Shin,2025,Carpet,,,,,,,,,,,,,,,,,,
s09p,sanhui-shin,Sanhui Shin,2024,all,,,,,,,,,,,,,,,,,,
s09p,sanhui-shin,Sanhui Shin,2024,Hard,,,,,,,,,,,,,,,,,,
s09p,sanhui-shin,Sanhui Shin,2024,Clay,,,,,,,,,,,,,,,,,,
s09p,sanhui-shin,Sanhui Shin,2024,Grass,,,,,,,,,,,,,,,,,,
s09p,sanhui-shin,Sanhui Shin,2024,Carpet,,,,,,,,,,,,,,,,,,
s09p,sanhui-shin,Sanhui Shin,2023,all,,,,,,,,,,,,,,,,,,
s09p,sanhui-shin,Sanhui Shin,2023,Hard,,,,,,,,,,,,,,,,,,
s09p,sanhui-shin,Sanhui Shin,2023,Clay,,,,,,,,,,,,,,,,,,
s09p,sanhui-shin,Sanhui Shin,2023,Grass,,,,,,,,,,,,,,,,,,
s09p,sanhui-shin,Sanhui Shin,2023,Carpet,,,,,,,,,,,,,,,,,,
m0bn,marvin-moeller,Marvin Moeller,all,all,2,2,57,54,33,11,64,7,43,45,22,38,3,0,8,0,29,37
m0bn,marvin-moeller,Marvin Moeller,all,Hard,,,,,,,,,,,,,,,,,,
m0bn,marvin-moeller,Marvin Moeller,all,Clay,2,2,57,54,33,11,64,7,43,45,22,38,3,0,8,0,29,37
m0bn,marvin-moeller,Marvin Moeller,all,Grass,,,,,,,,,,,,,,,,,,
m0bn,marvin-moeller,Marvin Moeller,all,Carpet,,,,,,,,,,,,,,,,,,
m0bn,marvin-moeller,Marvin Moeller,2026,all,,,,,,,,,,,,,,,,,,
m0bn,marvin-moeller,Marvin Moeller,2026,Hard,,,,,,,,,,,,,,,,,,
m0bn,marvin-moeller,Marvin Moeller,2026,Clay,,,,,,,,,,,,,,,,,,
m0bn,marvin-moeller,Marvin Moeller,2026,Grass,,,,,,,,,,,,,,,,,,
m0bn,marvin-moeller,Marvin Moeller,2026,Carpet,,,,,,,,,,,,,,,,,,
m0bn,marvin-moeller,Marvin Moeller,2025,all,,,,,,,,,,,,,,,,,,
m0bn,marvin-moeller,Marvin Moeller,2025,Hard,,,,,,,,,,,,,,,,,,
m0bn,marvin-moeller,Marvin Moeller,2025,Clay,,,,,,,,,,,,,,,,,,
m0bn,marvin-moeller,Marvin Moeller,2025,Grass,,,,,,,,,,,,,,,,,,
m0bn,marvin-moeller,Marvin Moeller,2025,Carpet,,,,,,,,,,,,,,,,,,
m0bn,marvin-moeller,Marvin Moeller,2024,all,,,,,,,,,,,,,,,,,,
m0bn,marvin-moeller,Marvin Moeller,2024,Hard,,,,,,,,,,,,,,,,,,
m0bn,marvin-moeller,Marvin Moeller,2024,Clay,,,,,,,,,,,,,,,,,,
m0bn,marvin-moeller,Marvin Moeller,2024,Grass,,,,,,,,,,,,,,,,,,
m0bn,marvin-moeller,Marvin Moeller,2024,Carpet,,,,,,,,,,,,,,,,,,
m0bn,marvin-moeller,Marvin Moeller,2023,all,,,,,,,,,,,,,,,,,,
m0bn,marvin-moeller,Marvin Moeller,2023,Hard,,,,,,,,,,,,,,,,,,
m0bn,marvin-moeller,Marvin Moeller,2023,Clay,,,,,,,,,,,,,,,,,,
m0bn,marvin-moeller,Marvin Moeller,2023,Grass,,,,,,,,,,,,,,,,,,
m0bn,marvin-moeller,Marvin Moeller,2023,Carpet,,,,,,,,,,,,,,,,,,
c0bb,tommaso-compagnucci,Tommaso Compagnucci,all,all,,,,,,,,,,,,,,,,,,
c0bb,tommaso-compagnucci,Tommaso Compagnucci,all,Hard,,,,,,,,,,,,,,,,,,
c0bb,tommaso-compagnucci,Tommaso Compagnucci,all,Clay,,,,,,,,,,,,,,,,,,
c0bb,tommaso-compagnucci,Tommaso Compagnucci,all,Grass,,,,,,,,,,,,,,,,,,
c0bb,tommaso-compagnucci,Tommaso Compagnucci,all,Carpet,,,,,,,,,,,,,,,,,,
c0bb,tommaso-compagnucci,Tommaso Compagnucci,2026,all,,,,,,,,,,,,,,,,,,
c0bb,tommaso-compagnucci,Tommaso Compagnucci,2026,Hard,,,,,,,,,,,,,,,,,,
c0bb,tommaso-compagnucci,Tommaso Compagnucci,2026,Clay,,,,,,,,,,,,,,,,,,
c0bb,tommaso-compagnucci,Tommaso Compagnucci,2026,Grass,,,,,,,,,,,,,,,,,,
c0bb,tommaso-compagnucci,Tommaso Compagnucci,2026,Carpet,,,,,,,,,,,,,,,,,,
c0bb,tommaso-compagnucci,Tommaso Compagnucci,2025,all,,,,,,,,,,,,,,,,,,
c0bb,tommaso-compagnucci,Tommaso Compagnucci,2025,Hard,,,,,,,,,,,,,,,,,,
c0bb,tommaso-compagnucci,Tommaso Compagnucci,2025,Clay,,,,,,,,,,,,,,,,,,
c0bb,tommaso-compagnucci,Tommaso Compagnucci,2025,Grass,,,,,,,,,,,,,,,,,,
c0bb,tommaso-compagnucci,Tommaso Compagnucci,2025,Carpet,,,,,,,,,,,,,,,,,,
c0bb,tommaso-compagnucci,Tommaso Compagnucci,2024,all,,,,,,,,,,,,,,,,,,
c0bb,tommaso-compagnucci,Tommaso Compagnucci,2024,Hard,,,,,,,,,,,,,,,,,,
c0bb,tommaso-compagnucci,Tommaso Compagnucci,2024,Clay,,,,,,,,,,,,,,,,,,
c0bb,tommaso-compagnucci,Tommaso Compagnucci,2024,Grass,,,,,,,,,,,,,,,,,,
c0bb,tommaso-compagnucci,Tommaso Compagnucci,2024,Carpet,,,,,,,,,,,,,,,,,,
c0bb,tommaso-compagnucci,Tommaso Compagnucci,2023,all,,,,,,,,,,,,,,,,,,
c0bb,tommaso-compagnucci,Tommaso Compagnucci,2023,Hard,,,,,,,,,,,,,,,,,,
c0bb,tommaso-compagnucci,Tommaso Compagnucci,2023,Clay,,,,,,,,,,,,,,,,,,
c0bb,tommaso-compagnucci,Tommaso Compagnucci,2023,Grass,,,,,,,,,,,,,,,,,,
c0bb,tommaso-compagnucci,Tommaso Compagnucci,2023,Carpet,,,,,,,,,,,,,,,,,,
n731,christoph-negritu,Christoph Negritu,all,all,,,,,,,,,,,,,,,,,,
n731,christoph-negritu,Christoph Negritu,all,Hard,,,,,,,,,,,,,,,,,,
n731,christoph-negritu,Christoph Negritu,all,Clay,,,,,,,,,,,,,,,,,,
n731,christoph-negritu,Christoph Negritu,all,Grass,,,,,,,,,,,,,,,,,,
n731,christoph-negritu,Christoph Negritu,all,Carpet,,,,,,,,,,,,,,,,,,
n731,christoph-negritu,Christoph Negritu,2026,all,,,,,,,,,,,,,,,,,,
n731,christoph-negritu,Christoph Negritu,2026,Hard,,,,,,,,,,,,,,,,,,
n731,christoph-negritu,Christoph Negritu,2026,Clay,,,,,,,,,,,,,,,,,,
n731,christoph-negritu,Christoph Negritu,2026,Grass,,,,,,,,,,,,,,,,,,
n731,christoph-negritu,Christoph Negritu,2026,Carpet,,,,,,,,,,,,,,,,,,
n731,christoph-negritu,Christoph Negritu,2025,all,,,,,,,,,,,,,,,,,,
n731,christoph-negritu,Christoph Negritu,2025,Hard,,,,,,,,,,,,,,,,,,
n731,christoph-negritu,Christoph Negritu,2025,Clay,,,,,,,,,,,,,,,,,,
n731,christoph-negritu,Christoph Negritu,2025,Grass,,,,,,,,,,,,,,,,,,
n731,christoph-negritu,Christoph Negritu,2025,Carpet,,,,,,,,,,,,,,,,,,
n731,christoph-negritu,Christoph Negritu,2024,all,,,,,,,,,,,,,,,,,,
n731,christoph-negritu,Christoph Negritu,2024,Hard,,,,,,,,,,,,,,,,,,
n731,christoph-negritu,Christoph Negritu,2024,Clay,,,,,,,,,,,,,,,,,,
n731,christoph-negritu,Christoph Negritu,2024,Grass,,,,,,,,,,,,,,,,,,
n731,christoph-negritu,Christoph Negritu,2024,Carpet,,,,,,,,,,,,,,,,,,
n731,christoph-negritu,Christoph Negritu,2023,all,,,,,,,,,,,,,,,,,,
n731,christoph-negritu,Christoph Negritu,2023,Hard,,,,,,,,,,,,,,,,,,
n731,christoph-negritu,Christoph Negritu,2023,Clay,,,,,,,,,,,,,,,,,,
n731,christoph-negritu,Christoph Negritu,2023,Grass,,,,,,,,,,,,,,,,,,
n731,christoph-negritu,Christoph Negritu,2023,Carpet,,,,,,,,,,,,,,,,,,
m0ur,ognjen-milic,Ognjen Milic,all,all,0,0,0,0,0,0,0,0,0,0,0,0,0,0,0,0,0,0
m0ur,ognjen-milic,Ognjen Milic,all,Hard,,,,,,,,,,,,,,,,,,
m0ur,ognjen-milic,Ognjen Milic,all,Clay,0,0,0,0,0,0,0,0,0,0,0,0,0,0,0,0,0,0
m0ur,ognjen-milic,Ognjen Milic,all,Grass,,,,,,,,,,,,,,,,,,
m0ur,ognjen-milic,Ognjen Milic,all,Carpet,,,,,,,,,,,,,,,,,,
m0ur,ognjen-milic,Ognjen Milic,2026,all,0,0,0,0,0,0,0,0,0,0,0,0,0,0,0,0,0,0
m0ur,ognjen-milic,Ognjen Milic,2026,Hard,,,,,,,,,,,,,,,,,,
m0ur,ognjen-milic,Ognjen Milic,2026,Clay,0,0,0,0,0,0,0,0,0,0,0,0,0,0,0,0,0,0
m0ur,ognjen-milic,Ognjen Milic,2026,Grass,,,,,,,,,,,,,,,,,,
m0ur,ognjen-milic,Ognjen Milic,2026,Carpet,,,,,,,,,,,,,,,,,,
m0ur,ognjen-milic,Ognjen Milic,2025,all,,,,,,,,,,,,,,,,,,
m0ur,ognjen-milic,Ognjen Milic,2025,Hard,,,,,,,,,,,,,,,,,,
m0ur,ognjen-milic,Ognjen Milic,2025,Clay,,,,,,,,,,,,,,,,,,
m0ur,ognjen-milic,Ognjen Milic,2025,Grass,,,,,,,,,,,,,,,,,,
m0ur,ognjen-milic,Ognjen Milic,2025,Carpet,,,,,,,,,,,,,,,,,,
m0ur,ognjen-milic,Ognjen Milic,2024,all,,,,,,,,,,,,,,,,,,
m0ur,ognjen-milic,Ognjen Milic,2024,Hard,,,,,,,,,,,,,,,,,,
m0ur,ognjen-milic,Ognjen Milic,2024,Clay,,,,,,,,,,,,,,,,,,
m0ur,ognjen-milic,Ognjen Milic,2024,Grass,,,,,,,,,,,,,,,,,,
m0ur,ognjen-milic,Ognjen Milic,2024,Carpet,,,,,,,,,,,,,,,,,,
m0ur,ognjen-milic,Ognjen Milic,2023,all,,,,,,,,,,,,,,,,,,
m0ur,ognjen-milic,Ognjen Milic,2023,Hard,,,,,,,,,,,,,,,,,,
m0ur,ognjen-milic,Ognjen Milic,2023,Clay,,,,,,,,,,,,,,,,,,
m0ur,ognjen-milic,Ognjen Milic,2023,Grass,,,,,,,,,,,,,,,,,,
m0ur,ognjen-milic,Ognjen Milic,2023,Carpet,,,,,,,,,,,,,,,,,,
rb60,oriol-roca-batalla,Oriol Roca Batalla,all,all,31,11,59,73,53,24,79,40,88,65,23,42,15,20,38,8,30,49
rb60,oriol-roca-batalla,Oriol Roca Batalla,all,Hard,,,,,,,,,,,,,,,,,,
rb60,oriol-roca-batalla,Oriol Roca Batalla,all,Clay,31,11,59,73,53,24,79,40,88,65,23,42,15,20,38,8,30,49
rb60,oriol-roca-batalla,Oriol Roca Batalla,all,Grass,,,,,,,,,,,,,,,,,,
rb60,oriol-roca-batalla,Oriol Roca Batalla,all,Carpet,,,,,,,,,,,,,,,,,,
rb60,oriol-roca-batalla,Oriol Roca Batalla,2026,all,,,,,,,,,,,,,,,,,,
rb60,oriol-roca-batalla,Oriol Roca Batalla,2026,Hard,,,,,,,,,,,,,,,,,,
rb60,oriol-roca-batalla,Oriol Roca Batalla,2026,Clay,,,,,,,,,,,,,,,,,,
rb60,oriol-roca-batalla,Oriol Roca Batalla,2026,Grass,,,,,,,,,,,,,,,,,,
rb60,oriol-roca-batalla,Oriol Roca Batalla,2026,Carpet,,,,,,,,,,,,,,,,,,
rb60,oriol-roca-batalla,Oriol Roca Batalla,2025,all,,,,,,,,,,,,,,,,,,
rb60,oriol-roca-batalla,Oriol Roca Batalla,2025,Hard,,,,,,,,,,,,,,,,,,
rb60,oriol-roca-batalla,Oriol Roca Batalla,2025,Clay,,,,,,,,,,,,,,,,,,
rb60,oriol-roca-batalla,Oriol Roca Batalla,2025,Grass,,,,,,,,,,,,,,,,,,
rb60,oriol-roca-batalla,Oriol Roca Batalla,2025,Carpet,,,,,,,,,,,,,,,,,,
rb60,oriol-roca-batalla,Oriol Roca Batalla,2024,all,,,,,,,,,,,,,,,,,,
rb60,oriol-roca-batalla,Oriol Roca Batalla,2024,Hard,,,,,,,,,,,,,,,,,,
rb60,oriol-roca-batalla,Oriol Roca Batalla,2024,Clay,,,,,,,,,,,,,,,,,,
rb60,oriol-roca-batalla,Oriol Roca Batalla,2024,Grass,,,,,,,,,,,,,,,,,,
rb60,oriol-roca-batalla,Oriol Roca Batalla,2024,Carpet,,,,,,,,,,,,,,,,,,
rb60,oriol-roca-batalla,Oriol Roca Batalla,2023,all,5,3,50,67,40,9,56,8,50,53,17,25,0,0,8,0,20,40
rb60,oriol-roca-batalla,Oriol Roca Batalla,2023,Hard,,,,,,,,,,,,,,,,,,
rb60,oriol-roca-batalla,Oriol Roca Batalla,2023,Clay,5,3,50,67,40,9,56,8,50,53,17,25,0,0,8,0,20,40
rb60,oriol-roca-batalla,Oriol Roca Batalla,2023,Grass,,,,,,,,,,,,,,,,,,
rb60,oriol-roca-batalla,Oriol Roca Batalla,2023,Carpet,,,,,,,,,,,,,,,,,,
e0ac,mathys-erhard,Mathys Erhard,all,all,,,,,,,,,,,,,,,,,,
e0ac,mathys-erhard,Mathys Erhard,all,Hard,,,,,,,,,,,,,,,,,,
e0ac,mathys-erhard,Mathys Erhard,all,Clay,,,,,,,,,,,,,,,,,,
e0ac,mathys-erhard,Mathys Erhard,all,Grass,,,,,,,,,,,,,,,,,,
e0ac,mathys-erhard,Mathys Erhard,all,Carpet,,,,,,,,,,,,,,,,,,
e0ac,mathys-erhard,Mathys Erhard,2026,all,,,,,,,,,,,,,,,,,,
e0ac,mathys-erhard,Mathys Erhard,2026,Hard,,,,,,,,,,,,,,,,,,
e0ac,mathys-erhard,Mathys Erhard,2026,Clay,,,,,,,,,,,,,,,,,,
e0ac,mathys-erhard,Mathys Erhard,2026,Grass,,,,,,,,,,,,,,,,,,
e0ac,mathys-erhard,Mathys Erhard,2026,Carpet,,,,,,,,,,,,,,,,,,
e0ac,mathys-erhard,Mathys Erhard,2025,all,,,,,,,,,,,,,,,,,,
e0ac,mathys-erhard,Mathys Erhard,2025,Hard,,,,,,,,,,,,,,,,,,
e0ac,mathys-erhard,Mathys Erhard,2025,Clay,,,,,,,,,,,,,,,,,,
e0ac,mathys-erhard,Mathys Erhard,2025,Grass,,,,,,,,,,,,,,,,,,
e0ac,mathys-erhard,Mathys Erhard,2025,Carpet,,,,,,,,,,,,,,,,,,
e0ac,mathys-erhard,Mathys Erhard,2024,all,,,,,,,,,,,,,,,,,,
e0ac,mathys-erhard,Mathys Erhard,2024,Hard,,,,,,,,,,,,,,,,,,
e0ac,mathys-erhard,Mathys Erhard,2024,Clay,,,,,,,,,,,,,,,,,,
e0ac,mathys-erhard,Mathys Erhard,2024,Grass,,,,,,,,,,,,,,,,,,
e0ac,mathys-erhard,Mathys Erhard,2024,Carpet,,,,,,,,,,,,,,,,,,
e0ac,mathys-erhard,Mathys Erhard,2023,all,,,,,,,,,,,,,,,,,,
e0ac,mathys-erhard,Mathys Erhard,2023,Hard,,,,,,,,,,,,,,,,,,
e0ac,mathys-erhard,Mathys Erhard,2023,Clay,,,,,,,,,,,,,,,,,,
e0ac,mathys-erhard,Mathys Erhard,2023,Grass,,,,,,,,,,,,,,,,,,
e0ac,mathys-erhard,Mathys Erhard,2023,Carpet,,,,,,,,,,,,,,,,,,
m0nj,lui-maxted,Lui Maxted,all,all,,,,,,,,,,,,,,,,,,
m0nj,lui-maxted,Lui Maxted,all,Hard,,,,,,,,,,,,,,,,,,
m0nj,lui-maxted,Lui Maxted,all,Clay,,,,,,,,,,,,,,,,,,
m0nj,lui-maxted,Lui Maxted,all,Grass,,,,,,,,,,,,,,,,,,
m0nj,lui-maxted,Lui Maxted,all,Carpet,,,,,,,,,,,,,,,,,,
m0nj,lui-maxted,Lui Maxted,2026,all,,,,,,,,,,,,,,,,,,
m0nj,lui-maxted,Lui Maxted,2026,Hard,,,,,,,,,,,,,,,,,,
m0nj,lui-maxted,Lui Maxted,2026,Clay,,,,,,,,,,,,,,,,,,
m0nj,lui-maxted,Lui Maxted,2026,Grass,,,,,,,,,,,,,,,,,,
m0nj,lui-maxted,Lui Maxted,2026,Carpet,,,,,,,,,,,,,,,,,,
m0nj,lui-maxted,Lui Maxted,2025,all,,,,,,,,,,,,,,,,,,
m0nj,lui-maxted,Lui Maxted,2025,Hard,,,,,,,,,,,,,,,,,,
m0nj,lui-maxted,Lui Maxted,2025,Clay,,,,,,,,,,,,,,,,,,
m0nj,lui-maxted,Lui Maxted,2025,Grass,,,,,,,,,,,,,,,,,,
m0nj,lui-maxted,Lui Maxted,2025,Carpet,,,,,,,,,,,,,,,,,,
m0nj,lui-maxted,Lui Maxted,2024,all,,,,,,,,,,,,,,,,,,
m0nj,lui-maxted,Lui Maxted,2024,Hard,,,,,,,,,,,,,,,,,,
m0nj,lui-maxted,Lui Maxted,2024,Clay,,,,,,,,,,,,,,,,,,
m0nj,lui-maxted,Lui Maxted,2024,Grass,,,,,,,,,,,,,,,,,,
m0nj,lui-maxted,Lui Maxted,2024,Carpet,,,,,,,,,,,,,,,,,,
m0nj,lui-maxted,Lui Maxted,2023,all,,,,,,,,,,,,,,,,,,
m0nj,lui-maxted,Lui Maxted,2023,Hard,,,,,,,,,,,,,,,,,,
m0nj,lui-maxted,Lui Maxted,2023,Clay,,,,,,,,,,,,,,,,,,
m0nj,lui-maxted,Lui Maxted,2023,Grass,,,,,,,,,,,,,,,,,,
m0nj,lui-maxted,Lui Maxted,2023,Carpet,,,,,,,,,,,,,,,,,,
bv25,javier-barranco-cosano,Javier Barranco Cosano,all,all,2,4,64,69,58,10,70,16,81,65,25,32,4,25,16,6,28,48
bv25,javier-barranco-cosano,Javier Barranco Cosano,all,Hard,,,,,,,,,,,,,,,,,,
bv25,javier-barranco-cosano,Javier Barranco Cosano,all,Clay,2,4,64,69,58,10,70,16,81,65,25,32,4,25,16,6,28,48
bv25,javier-barranco-cosano,Javier Barranco Cosano,all,Grass,,,,,,,,,,,,,,,,,,
bv25,javier-barranco-cosano,Javier Barranco Cosano,all,Carpet,,,,,,,,,,,,,,,,,,
bv25,javier-barranco-cosano,Javier Barranco Cosano,2026,all,,,,,,,,,,,,,,,,,,
bv25,javier-barranco-cosano,Javier Barranco Cosano,2026,Hard,,,,,,,,,,,,,,,,,,
bv25,javier-barranco-cosano,Javier Barranco Cosano,2026,Clay,,,,,,,,,,,,,,,,,,
bv25,javier-barranco-cosano,Javier Barranco Cosano,2026,Grass,,,,,,,,,,,,,,,,,,
bv25,javier-barranco-cosano,Javier Barranco Cosano,2026,Carpet,,,,,,,,,,,,,,,,,,
bv25,javier-barranco-cosano,Javier Barranco Cosano,2025,all,,,,,,,,,,,,,,,,,,
bv25,javier-barranco-cosano,Javier Barranco Cosano,2025,Hard,,,,,,,,,,,,,,,,,,
bv25,javier-barranco-cosano,Javier Barranco Cosano,2025,Clay,,,,,,,,,,,,,,,,,,
bv25,javier-barranco-cosano,Javier Barranco Cosano,2025,Grass,,,,,,,,,,,,,,,,,,
bv25,javier-barranco-cosano,Javier Barranco Cosano,2025,Carpet,,,,,,,,,,,,,,,,,,
bv25,javier-barranco-cosano,Javier Barranco Cosano,2024,all,2,4,64,69,58,10,70,16,81,65,25,32,4,25,16,6,28,48
bv25,javier-barranco-cosano,Javier Barranco Cosano,2024,Hard,,,,,,,,,,,,,,,,,,
bv25,javier-barranco-cosano,Javier Barranco Cosano,2024,Clay,2,4,64,69,58,10,70,16,81,65,25,32,4,25,16,6,28,48
bv25,javier-barranco-cosano,Javier Barranco Cosano,2024,Grass,,,,,,,,,,,,,,,,,,
bv25,javier-barranco-cosano,Javier Barranco Cosano,2024,Carpet,,,,,,,,,,,,,,,,,,
bv25,javier-barranco-cosano,Javier Barranco Cosano,2023,all,,,,,,,,,,,,,,,,,,
bv25,javier-barranco-cosano,Javier Barranco Cosano,2023,Hard,,,,,,,,,,,,,,,,,,
bv25,javier-barranco-cosano,Javier Barranco Cosano,2023,Clay,,,,,,,,,,,,,,,,,,
bv25,javier-barranco-cosano,Javier Barranco Cosano,2023,Grass,,,,,,,,,,,,,,,,,,
bv25,javier-barranco-cosano,Javier Barranco Cosano,2023,Carpet,,,,,,,,,,,,,,,,,,
m0ac,rudolf-molleker,Rudolf Molleker,all,all,132,58,60,68,49,131,59,226,76,61,20,46,84,32,225,12,30,46
m0ac,rudolf-molleker,Rudolf Molleker,all,Hard,9,5,64,56,42,9,22,16,56,51,18,37,3,33,16,6,25,38
m0ac,rudolf-molleker,Rudolf Molleker,all,Clay,67,29,60,67,50,93,59,149,74,60,22,46,56,38,148,14,31,47
m0ac,rudolf-molleker,Rudolf Molleker,all,Grass,56,24,60,75,47,29,69,61,85,64,16,48,25,20,61,8,29,47
m0ac,rudolf-molleker,Rudolf Molleker,all,Carpet,,,,,,,,,,,,,,,,,,
m0ac,rudolf-molleker,Rudolf Molleker,2026,all,,,,,,,,,,,,,,,,,,
m0ac,rudolf-molleker,Rudolf Molleker,2026,Hard,,,,,,,,,,,,,,,,,,
m0ac,rudolf-molleker,Rudolf Molleker,2026,Clay,,,,,,,,,,,,,,,,,,
m0ac,rudolf-molleker,Rudolf Molleker,2026,Grass,,,,,,,,,,,,,,,,,,
m0ac,rudolf-molleker,Rudolf Molleker,2026,Carpet,,,,,,,,,,,,,,,,,,
m0ac,rudolf-molleker,Rudolf Molleker,2025,all,,,,,,,,,,,,,,,,,,
m0ac,rudolf-molleker,Rudolf Molleker,2025,Hard,,,,,,,,,,,,,,,,,,
m0ac,rudolf-molleker,Rudolf Molleker,2025,Clay,,,,,,,,,,,,,,,,,,
m0ac,rudolf-molleker,Rudolf Molleker,2025,Grass,,,,,,,,,,,,,,,,,,
m0ac,rudolf-molleker,Rudolf Molleker,2025,Carpet,,,,,,,,,,,,,,,,,,
m0ac,rudolf-molleker,Rudolf Molleker,2024,all,16,5,58,67,52,20,50,36,72,60,26,51,15,53,36,22,35,48
m0ac,rudolf-molleker,Rudolf Molleker,2024,Hard,,,,,,,,,,,,,,,,,,
m0ac,rudolf-molleker,Rudolf Molleker,2024,Clay,16,5,58,67,52,20,50,36,72,60,26,51,15,53,36,22,35,48
m0ac,rudolf-molleker,Rudolf Molleker,2024,Grass,,,,,,,,,,,,,,,,,,
m0ac,rudolf-molleker,Rudolf Molleker,2024,Carpet,,,,,,,,,,,,,,,,,,
m0ac,rudolf-molleker,Rudolf Molleker,2023,all,5,0,71,64,30,8,63,10,70,54,24,50,2,50,10,10,32,44
m0ac,rudolf-molleker,Rudolf Molleker,2023,Hard,,,,,,,,,,,,,,,,,,
m0ac,rudolf-molleker,Rudolf Molleker,2023,Clay,5,0,71,64,30,8,63,10,70,54,24,50,2,50,10,10,32,44
m0ac,rudolf-molleker,Rudolf Molleker,2023,Grass,,,,,,,,,,,,,,,,,,
m0ac,rudolf-molleker,Rudolf Molleker,2023,Carpet,,,,,,,,,,,,,,,,,,
e0di,juan-estevez,Juan Estevez,all,all,,,,,,,,,,,,,,,,,,
e0di,juan-estevez,Juan Estevez,all,Hard,,,,,,,,,,,,,,,,,,
e0di,juan-estevez,Juan Estevez,all,Clay,,,,,,,,,,,,,,,,,,
e0di,juan-estevez,Juan Estevez,all,Grass,,,,,,,,,,,,,,,,,,
e0di,juan-estevez,Juan Estevez,all,Carpet,,,,,,,,,,,,,,,,,,
e0di,juan-estevez,Juan Estevez,2026,all,,,,,,,,,,,,,,,,,,
e0di,juan-estevez,Juan Estevez,2026,Hard,,,,,,,,,,,,,,,,,,
e0di,juan-estevez,Juan Estevez,2026,Clay,,,,,,,,,,,,,,,,,,
e0di,juan-estevez,Juan Estevez,2026,Grass,,,,,,,,,,,,,,,,,,
e0di,juan-estevez,Juan Estevez,2026,Carpet,,,,,,,,,,,,,,,,,,
e0di,juan-estevez,Juan Estevez,2025,all,,,,,,,,,,,,,,,,,,
e0di,juan-estevez,Juan Estevez,2025,Hard,,,,,,,,,,,,,,,,,,
e0di,juan-estevez,Juan Estevez,2025,Clay,,,,,,,,,,,,,,,,,,
e0di,juan-estevez,Juan Estevez,2025,Grass,,,,,,,,,,,,,,,,,,
e0di,juan-estevez,Juan Estevez,2025,Carpet,,,,,,,,,,,,,,,,,,
e0di,juan-estevez,Juan Estevez,2024,all,,,,,,,,,,,,,,,,,,
e0di,juan-estevez,Juan Estevez,2024,Hard,,,,,,,,,,,,,,,,,,
e0di,juan-estevez,Juan Estevez,2024,Clay,,,,,,,,,,,,,,,,,,
e0di,juan-estevez,Juan Estevez,2024,Grass,,,,,,,,,,,,,,,,,,
e0di,juan-estevez,Juan Estevez,2024,Carpet,,,,,,,,,,,,,,,,,,
e0di,juan-estevez,Juan Estevez,2023,all,,,,,,,,,,,,,,,,,,
e0di,juan-estevez,Juan Estevez,2023,Hard,,,,,,,,,,,,,,,,,,
e0di,juan-estevez,Juan Estevez,2023,Clay,,,,,,,,,,,,,,,,,,
e0di,juan-estevez,Juan Estevez,2023,Grass,,,,,,,,,,,,,,,,,,
e0di,juan-estevez,Juan Estevez,2023,Carpet,,,,,,,,,,,,,,,,,,
z09f,patrick-zahraj,Patrick Zahraj,all,all,2,6,49,75,34,8,38,13,62,54,32,44,6,50,14,21,36,45
z09f,patrick-zahraj,Patrick Zahraj,all,Hard,,,,,,,,,,,,,,,,,,
z09f,patrick-zahraj,Patrick Zahraj,all,Clay,2,6,49,75,34,8,38,13,62,54,32,44,6,50,14,21,36,45
z09f,patrick-zahraj,Patrick Zahraj,all,Grass,,,,,,,,,,,,,,,,,,
z09f,patrick-zahraj,Patrick Zahraj,all,Carpet,,,,,,,,,,,,,,,,,,
z09f,patrick-zahraj,Patrick Zahraj,2026,all,,,,,,,,,,,,,,,,,,
z09f,patrick-zahraj,Patrick Zahraj,2026,Hard,,,,,,,,,,,,,,,,,,
z09f,patrick-zahraj,Patrick Zahraj,2026,Clay,,,,,,,,,,,,,,,,,,
z09f,patrick-zahraj,Patrick Zahraj,2026,Grass,,,,,,,,,,,,,,,,,,
z09f,patrick-zahraj,Patrick Zahraj,2026,Carpet,,,,,,,,,,,,,,,,,,
z09f,patrick-zahraj,Patrick Zahraj,2025,all,2,6,49,75,34,8,38,13,62,54,32,44,6,50,14,21,36,45
z09f,patrick-zahraj,Patrick Zahraj,2025,Hard,,,,,,,,,,,,,,,,,,
z09f,patrick-zahraj,Patrick Zahraj,2025,Clay,2,6,49,75,34,8,38,13,62,54,32,44,6,50,14,21,36,45
z09f,patrick-zahraj,Patrick Zahraj,2025,Grass,,,,,,,,,,,,,,,,,,
z09f,patrick-zahraj,Patrick Zahraj,2025,Carpet,,,,,,,,,,,,,,,,,,
z09f,patrick-zahraj,Patrick Zahraj,2024,all,,,,,,,,,,,,,,,,,,
z09f,patrick-zahraj,Patrick Zahraj,2024,Hard,,,,,,,,,,,,,,,,,,
z09f,patrick-zahraj,Patrick Zahraj,2024,Clay,,,,,,,,,,,,,,,,,,
z09f,patrick-zahraj,Patrick Zahraj,2024,Grass,,,,,,,,,,,,,,,,,,
z09f,patrick-zahraj,Patrick Zahraj,2024,Carpet,,,,,,,,,,,,,,,,,,
z09f,patrick-zahraj,Patrick Zahraj,2023,all,,,,,,,,,,,,,,,,,,
z09f,patrick-zahraj,Patrick Zahraj,2023,Hard,,,,,,,,,,,,,,,,,,
z09f,patrick-zahraj,Patrick Zahraj,2023,Clay,,,,,,,,,,,,,,,,,,
z09f,patrick-zahraj,Patrick Zahraj,2023,Grass,,,,,,,,,,,,,,,,,,
z09f,patrick-zahraj,Patrick Zahraj,2023,Carpet,,,,,,,,,,,,,,,,,,
l0id,jack-loge,Jack Loge,all,all,,,,,,,,,,,,,,,,,,
l0id,jack-loge,Jack Loge,all,Hard,,,,,,,,,,,,,,,,,,
l0id,jack-loge,Jack Loge,all,Clay,,,,,,,,,,,,,,,,,,
l0id,jack-loge,Jack Loge,all,Grass,,,,,,,,,,,,,,,,,,
l0id,jack-loge,Jack Loge,all,Carpet,,,,,,,,,,,,,,,,,,
l0id,jack-loge,Jack Loge,2026,all,,,,,,,,,,,,,,,,,,
l0id,jack-loge,Jack Loge,2026,Hard,,,,,,,,,,,,,,,,,,
l0id,jack-loge,Jack Loge,2026,Clay,,,,,,,,,,,,,,,,,,
l0id,jack-loge,Jack Loge,2026,Grass,,,,,,,,,,,,,,,,,,
l0id,jack-loge,Jack Loge,2026,Carpet,,,,,,,,,,,,,,,,,,
l0id,jack-loge,Jack Loge,2025,all,,,,,,,,,,,,,,,,,,
l0id,jack-loge,Jack Loge,2025,Hard,,,,,,,,,,,,,,,,,,
l0id,jack-loge,Jack Loge,2025,Clay,,,,,,,,,,,,,,,,,,
l0id,jack-loge,Jack Loge,2025,Grass,,,,,,,,,,,,,,,,,,
l0id,jack-loge,Jack Loge,2025,Carpet,,,,,,,,,,,,,,,,,,
l0id,jack-loge,Jack Loge,2024,all,,,,,,,,,,,,,,,,,,
l0id,jack-loge,Jack Loge,2024,Hard,,,,,,,,,,,,,,,,,,
l0id,jack-loge,Jack Loge,2024,Clay,,,,,,,,,,,,,,,,,,
l0id,jack-loge,Jack Loge,2024,Grass,,,,,,,,,,,,,,,,,,
l0id,jack-loge,Jack Loge,2024,Carpet,,,,,,,,,,,,,,,,,,
l0id,jack-loge,Jack Loge,2023,all,,,,,,,,,,,,,,,,,,
l0id,jack-loge,Jack Loge,2023,Hard,,,,,,,,,,,,,,,,,,
l0id,jack-loge,Jack Loge,2023,Clay,,,,,,,,,,,,,,,,,,
l0id,jack-loge,Jack Loge,2023,Grass,,,,,,,,,,,,,,,,,,
l0id,jack-loge,Jack Loge,2023,Carpet,,,,,,,,,,,,,,,,,,
p0mg,raphael-perot,Raphael Perot,all,all,,,,,,,,,,,,,,,,,,
p0mg,raphael-perot,Raphael Perot,all,Hard,,,,,,,,,,,,,,,,,,
p0mg,raphael-perot,Raphael Perot,all,Clay,,,,,,,,,,,,,,,,,,
p0mg,raphael-perot,Raphael Perot,all,Grass,,,,,,,,,,,,,,,,,,
p0mg,raphael-perot,Raphael Perot,all,Carpet,,,,,,,,,,,,,,,,,,
p0mg,raphael-perot,Raphael Perot,2026,all,,,,,,,,,,,,,,,,,,
p0mg,raphael-perot,Raphael Perot,2026,Hard,,,,,,,,,,,,,,,,,,
p0mg,raphael-perot,Raphael Perot,2026,Clay,,,,,,,,,,,,,,,,,,
p0mg,raphael-perot,Raphael Perot,2026,Grass,,,,,,,,,,,,,,,,,,
p0mg,raphael-perot,Raphael Perot,2026,Carpet,,,,,,,,,,,,,,,,,,
p0mg,raphael-perot,Raphael Perot,2025,all,,,,,,,,,,,,,,,,,,
p0mg,raphael-perot,Raphael Perot,2025,Hard,,,,,,,,,,,,,,,,,,
p0mg,raphael-perot,Raphael Perot,2025,Clay,,,,,,,,,,,,,,,,,,
p0mg,raphael-perot,Raphael Perot,2025,Grass,,,,,,,,,,,,,,,,,,
p0mg,raphael-perot,Raphael Perot,2025,Carpet,,,,,,,,,,,,,,,,,,
p0mg,raphael-perot,Raphael Perot,2024,all,,,,,,,,,,,,,,,,,,
p0mg,raphael-perot,Raphael Perot,2024,Hard,,,,,,,,,,,,,,,,,,
p0mg,raphael-perot,Raphael Perot,2024,Clay,,,,,,,,,,,,,,,,,,
p0mg,raphael-perot,Raphael Perot,2024,Grass,,,,,,,,,,,,,,,,,,
p0mg,raphael-perot,Raphael Perot,2024,Carpet,,,,,,,,,,,,,,,,,,
p0mg,raphael-perot,Raphael Perot,2023,all,,,,,,,,,,,,,,,,,,
p0mg,raphael-perot,Raphael Perot,2023,Hard,,,,,,,,,,,,,,,,,,
p0mg,raphael-perot,Raphael Perot,2023,Clay,,,,,,,,,,,,,,,,,,
p0mg,raphael-perot,Raphael Perot,2023,Grass,,,,,,,,,,,,,,,,,,
p0mg,raphael-perot,Raphael Perot,2023,Carpet,,,,,,,,,,,,,,,,,,
p0cy,stefan-palosi,Stefan Palosi,all,all,0,0,0,0,0,0,0,0,0,0,0,0,0,0,0,0,0,0
p0cy,stefan-palosi,Stefan Palosi,all,Hard,,,,,,,,,,,,,,,,,,
p0cy,stefan-palosi,Stefan Palosi,all,Clay,0,0,0,0,0,0,0,0,0,0,0,0,0,0,0,0,0,0
p0cy,stefan-palosi,Stefan Palosi,all,Grass,,,,,,,,,,,,,,,,,,
p0cy,stefan-palosi,Stefan Palosi,all,Carpet,,,,,,,,,,,,,,,,,,
p0cy,stefan-palosi,Stefan Palosi,2026,all,0,0,0,0,0,0,0,0,0,0,0,0,0,0,0,0,0,0
p0cy,stefan-palosi,Stefan Palosi,2026,Hard,,,,,,,,,,,,,,,,,,
p0cy,stefan-palosi,Stefan Palosi,2026,Clay,0,0,0,0,0,0,0,0,0,0,0,0,0,0,0,0,0,0
p0cy,stefan-palosi,Stefan Palosi,2026,Grass,,,,,,,,,,,,,,,,,,
p0cy,stefan-palosi,Stefan Palosi,2026,Carpet,,,,,,,,,,,,,,,,,,
p0cy,stefan-palosi,Stefan Palosi,2025,all,,,,,,,,,,,,,,,,,,
p0cy,stefan-palosi,Stefan Palosi,2025,Hard,,,,,,,,,,,,,,,,,,
p0cy,stefan-palosi,Stefan Palosi,2025,Clay,,,,,,,,,,,,,,,,,,
p0cy,stefan-palosi,Stefan Palosi,2025,Grass,,,,,,,,,,,,,,,,,,
p0cy,stefan-palosi,Stefan Palosi,2025,Carpet,,,,,,,,,,,,,,,,,,
p0cy,stefan-palosi,Stefan Palosi,2024,all,,,,,,,,,,,,,,,,,,
p0cy,stefan-palosi,Stefan Palosi,2024,Hard,,,,,,,,,,,,,,,,,,
p0cy,stefan-palosi,Stefan Palosi,2024,Clay,,,,,,,,,,,,,,,,,,
p0cy,stefan-palosi,Stefan Palosi,2024,Grass,,,,,,,,,,,,,,,,,,
p0cy,stefan-palosi,Stefan Palosi,2024,Carpet,,,,,,,,,,,,,,,,,,
p0cy,stefan-palosi,Stefan Palosi,2023,all,,,,,,,,,,,,,,,,,,
p0cy,stefan-palosi,Stefan Palosi,2023,Hard,,,,,,,,,,,,,,,,,,
p0cy,stefan-palosi,Stefan Palosi,2023,Clay,,,,,,,,,,,,,,,,,,
p0cy,stefan-palosi,Stefan Palosi,2023,Grass,,,,,,,,,,,,,,,,,,
p0cy,stefan-palosi,Stefan Palosi,2023,Carpet,,,,,,,,,,,,,,,,,,
w0a4,arthur-weber,Arthur Weber,all,all,,,,,,,,,,,,,,,,,,
w0a4,arthur-weber,Arthur Weber,all,Hard,,,,,,,,,,,,,,,,,,
w0a4,arthur-weber,Arthur Weber,all,Clay,,,,,,,,,,,,,,,,,,
w0a4,arthur-weber,Arthur Weber,all,Grass,,,,,,,,,,,,,,,,,,
w0a4,arthur-weber,Arthur Weber,all,Carpet,,,,,,,,,,,,,,,,,,
w0a4,arthur-weber,Arthur Weber,2026,all,,,,,,,,,,,,,,,,,,
w0a4,arthur-weber,Arthur Weber,2026,Hard,,,,,,,,,,,,,,,,,,
w0a4,arthur-weber,Arthur Weber,2026,Clay,,,,,,,,,,,,,,,,,,
w0a4,arthur-weber,Arthur Weber,2026,Grass,,,,,,,,,,,,,,,,,,
w0a4,arthur-weber,Arthur Weber,2026,Carpet,,,,,,,,,,,,,,,,,,
w0a4,arthur-weber,Arthur Weber,2025,all,,,,,,,,,,,,,,,,,,
w0a4,arthur-weber,Arthur Weber,2025,Hard,,,,,,,,,,,,,,,,,,
w0a4,arthur-weber,Arthur Weber,2025,Clay,,,,,,,,,,,,,,,,,,
w0a4,arthur-weber,Arthur Weber,2025,Grass,,,,,,,,,,,,,,,,,,
w0a4,arthur-weber,Arthur Weber,2025,Carpet,,,,,,,,,,,,,,,,,,
w0a4,arthur-weber,Arthur Weber,2024,all,,,,,,,,,,,,,,,,,,
w0a4,arthur-weber,Arthur Weber,2024,Hard,,,,,,,,,,,,,,,,,,
w0a4,arthur-weber,Arthur Weber,2024,Clay,,,,,,,,,,,,,,,,,,
w0a4,arthur-weber,Arthur Weber,2024,Grass,,,,,,,,,,,,,,,,,,
w0a4,arthur-weber,Arthur Weber,2024,Carpet,,,,,,,,,,,,,,,,,,
w0a4,arthur-weber,Arthur Weber,2023,all,,,,,,,,,,,,,,,,,,
w0a4,arthur-weber,Arthur Weber,2023,Hard,,,,,,,,,,,,,,,,,,
w0a4,arthur-weber,Arthur Weber,2023,Clay,,,,,,,,,,,,,,,,,,
w0a4,arthur-weber,Arthur Weber,2023,Grass,,,,,,,,,,,,,,,,,,
w0a4,arthur-weber,Arthur Weber,2023,Carpet,,,,,,,,,,,,,,,,,,
r09v,eduardo-ribeiro,Eduardo Ribeiro,all,all,,,,,,,,,,,,,,,,,,
r09v,eduardo-ribeiro,Eduardo Ribeiro,all,Hard,,,,,,,,,,,,,,,,,,
r09v,eduardo-ribeiro,Eduardo Ribeiro,all,Clay,,,,,,,,,,,,,,,,,,
r09v,eduardo-ribeiro,Eduardo Ribeiro,all,Grass,,,,,,,,,,,,,,,,,,
r09v,eduardo-ribeiro,Eduardo Ribeiro,all,Carpet,,,,,,,,,,,,,,,,,,
r09v,eduardo-ribeiro,Eduardo Ribeiro,2026,all,,,,,,,,,,,,,,,,,,
r09v,eduardo-ribeiro,Eduardo Ribeiro,2026,Hard,,,,,,,,,,,,,,,,,,
r09v,eduardo-ribeiro,Eduardo Ribeiro,2026,Clay,,,,,,,,,,,,,,,,,,
r09v,eduardo-ribeiro,Eduardo Ribeiro,2026,Grass,,,,,,,,,,,,,,,,,,
r09v,eduardo-ribeiro,Eduardo Ribeiro,2026,Carpet,,,,,,,,,,,,,,,,,,
r09v,eduardo-ribeiro,Eduardo Ribeiro,2025,all,,,,,,,,,,,,,,,,,,
r09v,eduardo-ribeiro,Eduardo Ribeiro,2025,Hard,,,,,,,,,,,,,,,,,,
r09v,eduardo-ribeiro,Eduardo Ribeiro,2025,Clay,,,,,,,,,,,,,,,,,,
r09v,eduardo-ribeiro,Eduardo Ribeiro,2025,Grass,,,,,,,,,,,,,,,,,,
r09v,eduardo-ribeiro,Eduardo Ribeiro,2025,Carpet,,,,,,,,,,,,,,,,,,
r09v,eduardo-ribeiro,Eduardo Ribeiro,2024,all,,,,,,,,,,,,,,,,,,
r09v,eduardo-ribeiro,Eduardo Ribeiro,2024,Hard,,,,,,,,,,,,,,,,,,
r09v,eduardo-ribeiro,Eduardo Ribeiro,2024,Clay,,,,,,,,,,,,,,,,,,
r09v,eduardo-ribeiro,Eduardo Ribeiro,2024,Grass,,,,,,,,,,,,,,,,,,
r09v,eduardo-ribeiro,Eduardo Ribeiro,2024,Carpet,,,,,,,,,,,,,,,,,,
r09v,eduardo-ribeiro,Eduardo Ribeiro,2023,all,,,,,,,,,,,,,,,,,,
r09v,eduardo-ribeiro,Eduardo Ribeiro,2023,Hard,,,,,,,,,,,,,,,,,,
r09v,eduardo-ribeiro,Eduardo Ribeiro,2023,Clay,,,,,,,,,,,,,,,,,,
r09v,eduardo-ribeiro,Eduardo Ribeiro,2023,Grass,,,,,,,,,,,,,,,,,,
r09v,eduardo-ribeiro,Eduardo Ribeiro,2023,Carpet,,,,,,,,,,,,,,,,,,
b0i6,samir-banerjee,Samir Banerjee,all,all,,,,,,,,,,,,,,,,,,
b0i6,samir-banerjee,Samir Banerjee,all,Hard,,,,,,,,,,,,,,,,,,
b0i6,samir-banerjee,Samir Banerjee,all,Clay,,,,,,,,,,,,,,,,,,
b0i6,samir-banerjee,Samir Banerjee,all,Grass,,,,,,,,,,,,,,,,,,
b0i6,samir-banerjee,Samir Banerjee,all,Carpet,,,,,,,,,,,,,,,,,,
b0i6,samir-banerjee,Samir Banerjee,2026,all,,,,,,,,,,,,,,,,,,
b0i6,samir-banerjee,Samir Banerjee,2026,Hard,,,,,,,,,,,,,,,,,,
b0i6,samir-banerjee,Samir Banerjee,2026,Clay,,,,,,,,,,,,,,,,,,
b0i6,samir-banerjee,Samir Banerjee,2026,Grass,,,,,,,,,,,,,,,,,,
b0i6,samir-banerjee,Samir Banerjee,2026,Carpet,,,,,,,,,,,,,,,,,,
b0i6,samir-banerjee,Samir Banerjee,2025,all,,,,,,,,,,,,,,,,,,
b0i6,samir-banerjee,Samir Banerjee,2025,Hard,,,,,,,,,,,,,,,,,,
b0i6,samir-banerjee,Samir Banerjee,2025,Clay,,,,,,,,,,,,,,,,,,
b0i6,samir-banerjee,Samir Banerjee,2025,Grass,,,,,,,,,,,,,,,,,,
b0i6,samir-banerjee,Samir Banerjee,2025,Carpet,,,,,,,,,,,,,,,,,,
b0i6,samir-banerjee,Samir Banerjee,2024,all,,,,,,,,,,,,,,,,,,
b0i6,samir-banerjee,Samir Banerjee,2024,Hard,,,,,,,,,,,,,,,,,,
b0i6,samir-banerjee,Samir Banerjee,2024,Clay,,,,,,,,,,,,,,,,,,
b0i6,samir-banerjee,Samir Banerjee,2024,Grass,,,,,,,,,,,,,,,,,,
b0i6,samir-banerjee,Samir Banerjee,2024,Carpet,,,,,,,,,,,,,,,,,,
b0i6,samir-banerjee,Samir Banerjee,2023,all,,,,,,,,,,,,,,,,,,
b0i6,samir-banerjee,Samir Banerjee,2023,Hard,,,,,,,,,,,,,,,,,,
b0i6,samir-banerjee,Samir Banerjee,2023,Clay,,,,,,,,,,,,,,,,,,
b0i6,samir-banerjee,Samir Banerjee,2023,Grass,,,,,,,,,,,,,,,,,,
b0i6,samir-banerjee,Samir Banerjee,2023,Carpet,,,,,,,,,,,,,,,,,,
k0hg,milos-karol,Milos Karol,all,all,,,,,,,,,,,,,,,,,,
k0hg,milos-karol,Milos Karol,all,Hard,,,,,,,,,,,,,,,,,,
k0hg,milos-karol,Milos Karol,all,Clay,,,,,,,,,,,,,,,,,,
k0hg,milos-karol,Milos Karol,all,Grass,,,,,,,,,,,,,,,,,,
k0hg,milos-karol,Milos Karol,all,Carpet,,,,,,,,,,,,,,,,,,
k0hg,milos-karol,Milos Karol,2026,all,,,,,,,,,,,,,,,,,,
k0hg,milos-karol,Milos Karol,2026,Hard,,,,,,,,,,,,,,,,,,
k0hg,milos-karol,Milos Karol,2026,Clay,,,,,,,,,,,,,,,,,,
k0hg,milos-karol,Milos Karol,2026,Grass,,,,,,,,,,,,,,,,,,
k0hg,milos-karol,Milos Karol,2026,Carpet,,,,,,,,,,,,,,,,,,
k0hg,milos-karol,Milos Karol,2025,all,,,,,,,,,,,,,,,,,,
k0hg,milos-karol,Milos Karol,2025,Hard,,,,,,,,,,,,,,,,,,
k0hg,milos-karol,Milos Karol,2025,Clay,,,,,,,,,,,,,,,,,,
k0hg,milos-karol,Milos Karol,2025,Grass,,,,,,,,,,,,,,,,,,
k0hg,milos-karol,Milos Karol,2025,Carpet,,,,,,,,,,,,,,,,,,
k0hg,milos-karol,Milos Karol,2024,all,,,,,,,,,,,,,,,,,,
k0hg,milos-karol,Milos Karol,2024,Hard,,,,,,,,,,,,,,,,,,
k0hg,milos-karol,Milos Karol,2024,Clay,,,,,,,,,,,,,,,,,,
k0hg,milos-karol,Milos Karol,2024,Grass,,,,,,,,,,,,,,,,,,
k0hg,milos-karol,Milos Karol,2024,Carpet,,,,,,,,,,,,,,,,,,
k0hg,milos-karol,Milos Karol,2023,all,,,,,,,,,,,,,,,,,,
k0hg,milos-karol,Milos Karol,2023,Hard,,,,,,,,,,,,,,,,,,
k0hg,milos-karol,Milos Karol,2023,Clay,,,,,,,,,,,,,,,,,,
k0hg,milos-karol,Milos Karol,2023,Grass,,,,,,,,,,,,,,,,,,
k0hg,milos-karol,Milos Karol,2023,Carpet,,,,,,,,,,,,,,,,,,
p0df,matheus-pucinelli-de-almeida,Matheus Pucinelli De Almeida,all,all,3,2,76,58,38,14,43,17,53,53,27,64,11,45,17,29,44,48
p0df,matheus-pucinelli-de-almeida,Matheus Pucinelli De Almeida,all,Hard,0,0,0,0,0,0,0,0,0,0,0,0,0,0,0,0,0,0
p0df,matheus-pucinelli-de-almeida,Matheus Pucinelli De Almeida,all,Clay,3,2,76,58,38,14,43,17,53,53,27,64,11,45,17,29,44,48
p0df,matheus-pucinelli-de-almeida,Matheus Pucinelli De Almeida,all,Grass,,,,,,,,,,,,,,,,,,
p0df,matheus-pucinelli-de-almeida,Matheus Pucinelli De Almeida,all,Carpet,,,,,,,,,,,,,,,,,,
p0df,matheus-pucinelli-de-almeida,Matheus Pucinelli De Almeida,2026,all,0,0,0,0,0,0,0,0,0,0,0,0,0,0,0,0,0,0
p0df,matheus-pucinelli-de-almeida,Matheus Pucinelli De Almeida,2026,Hard,0,0,0,0,0,0,0,0,0,0,0,0,0,0,0,0,0,0
p0df,matheus-pucinelli-de-almeida,Matheus Pucinelli De Almeida,2026,Clay,,,,,,,,,,,,,,,,,,
p0df,matheus-pucinelli-de-almeida,Matheus Pucinelli De Almeida,2026,Grass,,,,,,,,,,,,,,,,,,
p0df,matheus-pucinelli-de-almeida,Matheus Pucinelli De Almeida,2026,Carpet,,,,,,,,,,,,,,,,,,
p0df,matheus-pucinelli-de-almeida,Matheus Pucinelli De Almeida,2025,all,0,0,0,0,0,0,0,0,0,0,0,0,0,0,0,0,0,0
p0df,matheus-pucinelli-de-almeida,Matheus Pucinelli De Almeida,2025,Hard,0,0,0,0,0,0,0,0,0,0,0,0,0,0,0,0,0,0
p0df,matheus-pucinelli-de-almeida,Matheus Pucinelli De Almeida,2025,Clay,,,,,,,,,,,,,,,,,,
p0df,matheus-pucinelli-de-almeida,Matheus Pucinelli De Almeida,2025,Grass,,,,,,,,,,,,,,,,,,
p0df,matheus-pucinelli-de-almeida,Matheus Pucinelli De Almeida,2025,Carpet,,,,,,,,,,,,,,,,,,
p0df,matheus-pucinelli-de-almeida,Matheus Pucinelli De Almeida,2024,all,,,,,,,,,,,,,,,,,,
p0df,matheus-pucinelli-de-almeida,Matheus Pucinelli De Almeida,2024,Hard,,,,,,,,,,,,,,,,,,
p0df,matheus-pucinelli-de-almeida,Matheus Pucinelli De Almeida,2024,Clay,,,,,,,,,,,,,,,,,,
p0df,matheus-pucinelli-de-almeida,Matheus Pucinelli De Almeida,2024,Grass,,,,,,,,,,,,,,,,,,
p0df,matheus-pucinelli-de-almeida,Matheus Pucinelli De Almeida,2024,Carpet,,,,,,,,,,,,,,,,,,
p0df,matheus-pucinelli-de-almeida,Matheus Pucinelli De Almeida,2023,all,0,0,0,0,0,0,0,0,0,0,0,0,0,0,0,0,0,0
p0df,matheus-pucinelli-de-almeida,Matheus Pucinelli De Almeida,2023,Hard,,,,,,,,,,,,,,,,,,
p0df,matheus-pucinelli-de-almeida,Matheus Pucinelli De Almeida,2023,Clay,0,0,0,0,0,0,0,0,0,0,0,0,0,0,0,0,0,0
p0df,matheus-pucinelli-de-almeida,Matheus Pucinelli De Almeida,2023,Grass,,,,,,,,,,,,,,,,,,
p0df,matheus-pucinelli-de-almeida,Matheus Pucinelli De Almeida,2023,Carpet,,,,,,,,,,,,,,,,,,
s0hr,kasidit-samrej,Kasidit Samrej,all,all,4,6,59,65,45,13,54,21,71,57,9,39,6,33,21,10,22,43
s0hr,kasidit-samrej,Kasidit Samrej,all,Hard,4,6,59,65,45,13,54,21,71,57,9,39,6,33,21,10,22,43
s0hr,kasidit-samrej,Kasidit Samrej,all,Clay,0,0,0,0,0,0,0,0,0,0,0,0,0,0,0,0,0,0
s0hr,kasidit-samrej,Kasidit Samrej,all,Grass,,,,,,,,,,,,,,,,,,
s0hr,kasidit-samrej,Kasidit Samrej,all,Carpet,,,,,,,,,,,,,,,,,,
s0hr,kasidit-samrej,Kasidit Samrej,2026,all,,,,,,,,,,,,,,,,,,
s0hr,kasidit-samrej,Kasidit Samrej,2026,Hard,,,,,,,,,,,,,,,,,,
s0hr,kasidit-samrej,Kasidit Samrej,2026,Clay,,,,,,,,,,,,,,,,,,
s0hr,kasidit-samrej,Kasidit Samrej,2026,Grass,,,,,,,,,,,,,,,,,,
s0hr,kasidit-samrej,Kasidit Samrej,2026,Carpet,,,,,,,,,,,,,,,,,,
s0hr,kasidit-samrej,Kasidit Samrej,2025,all,4,6,59,65,45,13,54,21,71,57,9,39,6,33,21,10,22,43
s0hr,kasidit-samrej,Kasidit Samrej,2025,Hard,4,6,59,65,45,13,54,21,71,57,9,39,6,33,21,10,22,43
s0hr,kasidit-samrej,Kasidit Samrej,2025,Clay,0,0,0,0,0,0,0,0,0,0,0,0,0,0,0,0,0,0
s0hr,kasidit-samrej,Kasidit Samrej,2025,Grass,,,,,,,,,,,,,,,,,,
s0hr,kasidit-samrej,Kasidit Samrej,2025,Carpet,,,,,,,,,,,,,,,,,,
s0hr,kasidit-samrej,Kasidit Samrej,2024,all,,,,,,,,,,,,,,,,,,
s0hr,kasidit-samrej,Kasidit Samrej,2024,Hard,,,,,,,,,,,,,,,,,,
s0hr,kasidit-samrej,Kasidit Samrej,2024,Clay,,,,,,,,,,,,,,,,,,
s0hr,kasidit-samrej,Kasidit Samrej,2024,Grass,,,,,,,,,,,,,,,,,,
s0hr,kasidit-samrej,Kasidit Samrej,2024,Carpet,,,,,,,,,,,,,,,,,,
s0hr,kasidit-samrej,Kasidit Samrej,2023,all,0,0,0,0,0,0,0,0,0,0,0,0,0,0,0,0,0,0
s0hr,kasidit-samrej,Kasidit Samrej,2023,Hard,0,0,0,0,0,0,0,0,0,0,0,0,0,0,0,0,0,0
s0hr,kasidit-samrej,Kasidit Samrej,2023,Clay,,,,,,,,,,,,,,,,,,
s0hr,kasidit-samrej,Kasidit Samrej,2023,Grass,,,,,,,,,,,,,,,,,,
s0hr,kasidit-samrej,Kasidit Samrej,2023,Carpet,,,,,,,,,,,,,,,,,,
a0ba,federico-arnaboldi,Federico Arnaboldi,all,all,,,,,,,,,,,,,,,,,,
a0ba,federico-arnaboldi,Federico Arnaboldi,all,Hard,,,,,,,,,,,,,,,,,,
a0ba,federico-arnaboldi,Federico Arnaboldi,all,Clay,,,,,,,,,,,,,,,,,,
a0ba,federico-arnaboldi,Federico Arnaboldi,all,Grass,,,,,,,,,,,,,,,,,,
a0ba,federico-arnaboldi,Federico Arnaboldi,all,Carpet,,,,,,,,,,,,,,,,,,
a0ba,federico-arnaboldi,Federico Arnaboldi,2026,all,,,,,,,,,,,,,,,,,,
a0ba,federico-arnaboldi,Federico Arnaboldi,2026,Hard,,,,,,,,,,,,,,,,,,
a0ba,federico-arnaboldi,Federico Arnaboldi,2026,Clay,,,,,,,,,,,,,,,,,,
a0ba,federico-arnaboldi,Federico Arnaboldi,2026,Grass,,,,,,,,,,,,,,,,,,
a0ba,federico-arnaboldi,Federico Arnaboldi,2026,Carpet,,,,,,,,,,,,,,,,,,
a0ba,federico-arnaboldi,Federico Arnaboldi,2025,all,,,,,,,,,,,,,,,,,,
a0ba,federico-arnaboldi,Federico Arnaboldi,2025,Hard,,,,,,,,,,,,,,,,,,
a0ba,federico-arnaboldi,Federico Arnaboldi,2025,Clay,,,,,,,,,,,,,,,,,,
a0ba,federico-arnaboldi,Federico Arnaboldi,2025,Grass,,,,,,,,,,,,,,,,,,
a0ba,federico-arnaboldi,Federico Arnaboldi,2025,Carpet,,,,,,,,,,,,,,,,,,
a0ba,federico-arnaboldi,Federico Arnaboldi,2024,all,,,,,,,,,,,,,,,,,,
a0ba,federico-arnaboldi,Federico Arnaboldi,2024,Hard,,,,,,,,,,,,,,,,,,
a0ba,federico-arnaboldi,Federico Arnaboldi,2024,Clay,,,,,,,,,,,,,,,,,,
a0ba,federico-arnaboldi,Federico Arnaboldi,2024,Grass,,,,,,,,,,,,,,,,,,
a0ba,federico-arnaboldi,Federico Arnaboldi,2024,Carpet,,,,,,,,,,,,,,,,,,
a0ba,federico-arnaboldi,Federico Arnaboldi,2023,all,,,,,,,,,,,,,,,,,,
a0ba,federico-arnaboldi,Federico Arnaboldi,2023,Hard,,,,,,,,,,,,,,,,,,
a0ba,federico-arnaboldi,Federico Arnaboldi,2023,Clay,,,,,,,,,,,,,,,,,,
a0ba,federico-arnaboldi,Federico Arnaboldi,2023,Grass,,,,,,,,,,,,,,,,,,
a0ba,federico-arnaboldi,Federico Arnaboldi,2023,Carpet,,,,,,,,,,,,,,,,,,
s0ri,karan-singh,Karan Singh,all,all,0,0,0,0,0,0,0,0,0,0,0,0,0,0,0,0,0,0
s0ri,karan-singh,Karan Singh,all,Hard,0,0,0,0,0,0,0,0,0,0,0,0,0,0,0,0,0,0
s0ri,karan-singh,Karan Singh,all,Clay,,,,,,,,,,,,,,,,,,
s0ri,karan-singh,Karan Singh,all,Grass,,,,,,,,,,,,,,,,,,
s0ri,karan-singh,Karan Singh,all,Carpet,,,,,,,,,,,,,,,,,,
s0ri,karan-singh,Karan Singh,2026,all,,,,,,,,,,,,,,,,,,
s0ri,karan-singh,Karan Singh,2026,Hard,,,,,,,,,,,,,,,,,,
s0ri,karan-singh,Karan Singh,2026,Clay,,,,,,,,,,,,,,,,,,
s0ri,karan-singh,Karan Singh,2026,Grass,,,,,,,,,,,,,,,,,,
s0ri,karan-singh,Karan Singh,2026,Carpet,,,,,,,,,,,,,,,,,,
s0ri,karan-singh,Karan Singh,2025,all,0,0,0,0,0,0,0,0,0,0,0,0,0,0,0,0,0,0
s0ri,karan-singh,Karan Singh,2025,Hard,0,0,0,0,0,0,0,0,0,0,0,0,0,0,0,0,0,0
s0ri,karan-singh,Karan Singh,2025,Clay,,,,,,,,,,,,,,,,,,
s0ri,karan-singh,Karan Singh,2025,Grass,,,,,,,,,,,,,,,,,,
s0ri,karan-singh,Karan Singh,2025,Carpet,,,,,,,,,,,,,,,,,,
s0ri,karan-singh,Karan Singh,2024,all,,,,,,,,,,,,,,,,,,
s0ri,karan-singh,Karan Singh,2024,Hard,,,,,,,,,,,,,,,,,,
s0ri,karan-singh,Karan Singh,2024,Clay,,,,,,,,,,,,,,,,,,
s0ri,karan-singh,Karan Singh,2024,Grass,,,,,,,,,,,,,,,,,,
s0ri,karan-singh,Karan Singh,2024,Carpet,,,,,,,,,,,,,,,,,,
s0ri,karan-singh,Karan Singh,2023,all,,,,,,,,,,,,,,,,,,
s0ri,karan-singh,Karan Singh,2023,Hard,,,,,,,,,,,,,,,,,,
s0ri,karan-singh,Karan Singh,2023,Clay,,,,,,,,,,,,,,,,,,
s0ri,karan-singh,Karan Singh,2023,Grass,,,,,,,,,,,,,,,,,,
s0ri,karan-singh,Karan Singh,2023,Carpet,,,,,,,,,,,,,,,,,,
f0a4,francesco-forti,Francesco Forti,all,all,,,,,,,,,,,,,,,,,,
f0a4,francesco-forti,Francesco Forti,all,Hard,,,,,,,,,,,,,,,,,,
f0a4,francesco-forti,Francesco Forti,all,Clay,,,,,,,,,,,,,,,,,,
f0a4,francesco-forti,Francesco Forti,all,Grass,,,,,,,,,,,,,,,,,,
f0a4,francesco-forti,Francesco Forti,all,Carpet,,,,,,,,,,,,,,,,,,
f0a4,francesco-forti,Francesco Forti,2026,all,,,,,,,,,,,,,,,,,,
f0a4,francesco-forti,Francesco Forti,2026,Hard,,,,,,,,,,,,,,,,,,
f0a4,francesco-forti,Francesco Forti,2026,Clay,,,,,,,,,,,,,,,,,,
f0a4,francesco-forti,Francesco Forti,2026,Grass,,,,,,,,,,,,,,,,,,
f0a4,francesco-forti,Francesco Forti,2026,Carpet,,,,,,,,,,,,,,,,,,
f0a4,francesco-forti,Francesco Forti,2025,all,,,,,,,,,,,,,,,,,,
f0a4,francesco-forti,Francesco Forti,2025,Hard,,,,,,,,,,,,,,,,,,
f0a4,francesco-forti,Francesco Forti,2025,Clay,,,,,,,,,,,,,,,,,,
f0a4,francesco-forti,Francesco Forti,2025,Grass,,,,,,,,,,,,,,,,,,
f0a4,francesco-forti,Francesco Forti,2025,Carpet,,,,,,,,,,,,,,,,,,
f0a4,francesco-forti,Francesco Forti,2024,all,,,,,,,,,,,,,,,,,,
f0a4,francesco-forti,Francesco Forti,2024,Hard,,,,,,,,,,,,,,,,,,
f0a4,francesco-forti,Francesco Forti,2024,Clay,,,,,,,,,,,,,,,,,,
f0a4,francesco-forti,Francesco Forti,2024,Grass,,,,,,,,,,,,,,,,,,
f0a4,francesco-forti,Francesco Forti,2024,Carpet,,,,,,,,,,,,,,,,,,
f0a4,francesco-forti,Francesco Forti,2023,all,,,,,,,,,,,,,,,,,,
f0a4,francesco-forti,Francesco Forti,2023,Hard,,,,,,,,,,,,,,,,,,
f0a4,francesco-forti,Francesco Forti,2023,Clay,,,,,,,,,,,,,,,,,,
f0a4,francesco-forti,Francesco Forti,2023,Grass,,,,,,,,,,,,,,,,,,
f0a4,francesco-forti,Francesco Forti,2023,Carpet,,,,,,,,,,,,,,,,,,
k0db,cannon-kingsley,Cannon Kingsley,all,all,,,,,,,,,,,,,,,,,,
k0db,cannon-kingsley,Cannon Kingsley,all,Hard,,,,,,,,,,,,,,,,,,
k0db,cannon-kingsley,Cannon Kingsley,all,Clay,,,,,,,,,,,,,,,,,,
k0db,cannon-kingsley,Cannon Kingsley,all,Grass,,,,,,,,,,,,,,,,,,
k0db,cannon-kingsley,Cannon Kingsley,all,Carpet,,,,,,,,,,,,,,,,,,
k0db,cannon-kingsley,Cannon Kingsley,2026,all,,,,,,,,,,,,,,,,,,
k0db,cannon-kingsley,Cannon Kingsley,2026,Hard,,,,,,,,,,,,,,,,,,
k0db,cannon-kingsley,Cannon Kingsley,2026,Clay,,,,,,,,,,,,,,,,,,
k0db,cannon-kingsley,Cannon Kingsley,2026,Grass,,,,,,,,,,,,,,,,,,
k0db,cannon-kingsley,Cannon Kingsley,2026,Carpet,,,,,,,,,,,,,,,,,,
k0db,cannon-kingsley,Cannon Kingsley,2025,all,,,,,,,,,,,,,,,,,,
k0db,cannon-kingsley,Cannon Kingsley,2025,Hard,,,,,,,,,,,,,,,,,,
k0db,cannon-kingsley,Cannon Kingsley,2025,Clay,,,,,,,,,,,,,,,,,,
k0db,cannon-kingsley,Cannon Kingsley,2025,Grass,,,,,,,,,,,,,,,,,,
k0db,cannon-kingsley,Cannon Kingsley,2025,Carpet,,,,,,,,,,,,,,,,,,
k0db,cannon-kingsley,Cannon Kingsley,2024,all,,,,,,,,,,,,,,,,,,
k0db,cannon-kingsley,Cannon Kingsley,2024,Hard,,,,,,,,,,,,,,,,,,
k0db,cannon-kingsley,Cannon Kingsley,2024,Clay,,,,,,,,,,,,,,,,,,
k0db,cannon-kingsley,Cannon Kingsley,2024,Grass,,,,,,,,,,,,,,,,,,
k0db,cannon-kingsley,Cannon Kingsley,2024,Carpet,,,,,,,,,,,,,,,,,,
k0db,cannon-kingsley,Cannon Kingsley,2023,all,,,,,,,,,,,,,,,,,,
k0db,cannon-kingsley,Cannon Kingsley,2023,Hard,,,,,,,,,,,,,,,,,,
k0db,cannon-kingsley,Cannon Kingsley,2023,Clay,,,,,,,,,,,,,,,,,,
k0db,cannon-kingsley,Cannon Kingsley,2023,Grass,,,,,,,,,,,,,,,,,,
k0db,cannon-kingsley,Cannon Kingsley,2023,Carpet,,,,,,,,,,,,,,,,,,
r0kd,mees-rottgering,Mees Rottgering,all,all,2,5,55,53,48,22,59,19,53,51,20,61,13,23,21,14,35,43
r0kd,mees-rottgering,Mees Rottgering,all,Hard,2,5,55,53,48,22,59,19,53,51,20,61,13,23,21,14,35,43
r0kd,mees-rottgering,Mees Rottgering,all,Clay,,,,,,,,,,,,,,,,,,
r0kd,mees-rottgering,Mees Rottgering,all,Grass,,,,,,,,,,,,,,,,,,
r0kd,mees-rottgering,Mees Rottgering,all,Carpet,,,,,,,,,,,,,,,,,,
r0kd,mees-rottgering,Mees Rottgering,2026,all,2,3,53,49,51,13,62,11,55,50,19,66,7,29,12,17,37,44
r0kd,mees-rottgering,Mees Rottgering,2026,Hard,2,3,53,49,51,13,62,11,55,50,19,66,7,29,12,17,37,44
r0kd,mees-rottgering,Mees Rottgering,2026,Clay,,,,,,,,,,,,,,,,,,
r0kd,mees-rottgering,Mees Rottgering,2026,Grass,,,,,,,,,,,,,,,,,,
r0kd,mees-rottgering,Mees Rottgering,2026,Carpet,,,,,,,,,,,,,,,,,,
r0kd,mees-rottgering,Mees Rottgering,2025,all,0,2,57,58,43,9,56,8,50,51,21,55,6,17,9,11,32,43
r0kd,mees-rottgering,Mees Rottgering,2025,Hard,0,2,57,58,43,9,56,8,50,51,21,55,6,17,9,11,32,43
r0kd,mees-rottgering,Mees Rottgering,2025,Clay,,,,,,,,,,,,,,,,,,
r0kd,mees-rottgering,Mees Rottgering,2025,Grass,,,,,,,,,,,,,,,,,,
r0kd,mees-rottgering,Mees Rottgering,2025,Carpet,,,,,,,,,,,,,,,,,,
r0kd,mees-rottgering,Mees Rottgering,2024,all,,,,,,,,,,,,,,,,,,
r0kd,mees-rottgering,Mees Rottgering,2024,Hard,,,,,,,,,,,,,,,,,,
r0kd,mees-rottgering,Mees Rottgering,2024,Clay,,,,,,,,,,,,,,,,,,
r0kd,mees-rottgering,Mees Rottgering,2024,Grass,,,,,,,,,,,,,,,,,,
r0kd,mees-rottgering,Mees Rottgering,2024,Carpet,,,,,,,,,,,,,,,,,,
r0kd,mees-rottgering,Mees Rottgering,2023,all,,,,,,,,,,,,,,,,,,
r0kd,mees-rottgering,Mees Rottgering,2023,Hard,,,,,,,,,,,,,,,,,,
r0kd,mees-rottgering,Mees Rottgering,2023,Clay,,,,,,,,,,,,,,,,,,
r0kd,mees-rottgering,Mees Rottgering,2023,Grass,,,,,,,,,,,,,,,,,,
r0kd,mees-rottgering,Mees Rottgering,2023,Carpet,,,,,,,,,,,,,,,,,,
pj74,lucas-poullain,Lucas Poullain,all,all,,,,,,,,,,,,,,,,,,
pj74,lucas-poullain,Lucas Poullain,all,Hard,,,,,,,,,,,,,,,,,,
pj74,lucas-poullain,Lucas Poullain,all,Clay,,,,,,,,,,,,,,,,,,
pj74,lucas-poullain,Lucas Poullain,all,Grass,,,,,,,,,,,,,,,,,,
pj74,lucas-poullain,Lucas Poullain,all,Carpet,,,,,,,,,,,,,,,,,,
pj74,lucas-poullain,Lucas Poullain,2026,all,,,,,,,,,,,,,,,,,,
pj74,lucas-poullain,Lucas Poullain,2026,Hard,,,,,,,,,,,,,,,,,,
pj74,lucas-poullain,Lucas Poullain,2026,Clay,,,,,,,,,,,,,,,,,,
pj74,lucas-poullain,Lucas Poullain,2026,Grass,,,,,,,,,,,,,,,,,,
pj74,lucas-poullain,Lucas Poullain,2026,Carpet,,,,,,,,,,,,,,,,,,
pj74,lucas-poullain,Lucas Poullain,2025,all,,,,,,,,,,,,,,,,,,
pj74,lucas-poullain,Lucas Poullain,2025,Hard,,,,,,,,,,,,,,,,,,
pj74,lucas-poullain,Lucas Poullain,2025,Clay,,,,,,,,,,,,,,,,,,
pj74,lucas-poullain,Lucas Poullain,2025,Grass,,,,,,,,,,,,,,,,,,
pj74,lucas-poullain,Lucas Poullain,2025,Carpet,,,,,,,,,,,,,,,,,,
pj74,lucas-poullain,Lucas Poullain,2024,all,,,,,,,,,,,,,,,,,,
pj74,lucas-poullain,Lucas Poullain,2024,Hard,,,,,,,,,,,,,,,,,,
pj74,lucas-poullain,Lucas Poullain,2024,Clay,,,,,,,,,,,,,,,,,,
pj74,lucas-poullain,Lucas Poullain,2024,Grass,,,,,,,,,,,,,,,,,,
pj74,lucas-poullain,Lucas Poullain,2024,Carpet,,,,,,,,,,,,,,,,,,
pj74,lucas-poullain,Lucas Poullain,2023,all,,,,,,,,,,,,,,,,,,
pj74,lucas-poullain,Lucas Poullain,2023,Hard,,,,,,,,,,,,,,,,,,
pj74,lucas-poullain,Lucas Poullain,2023,Clay,,,,,,,,,,,,,,,,,,
pj74,lucas-poullain,Lucas Poullain,2023,Grass,,,,,,,,,,,,,,,,,,
pj74,lucas-poullain,Lucas Poullain,2023,Carpet,,,,,,,,,,,,,,,,,,
co01,andrey-chepelev,Andrey Chepelev,all,all,,,,,,,,,,,,,,,,,,
co01,andrey-chepelev,Andrey Chepelev,all,Hard,,,,,,,,,,,,,,,,,,
co01,andrey-chepelev,Andrey Chepelev,all,Clay,,,,,,,,,,,,,,,,,,
co01,andrey-chepelev,Andrey Chepelev,all,Grass,,,,,,,,,,,,,,,,,,
co01,andrey-chepelev,Andrey Chepelev,all,Carpet,,,,,,,,,,,,,,,,,,
co01,andrey-chepelev,Andrey Chepelev,2026,all,,,,,,,,,,,,,,,,,,
co01,andrey-chepelev,Andrey Chepelev,2026,Hard,,,,,,,,,,,,,,,,,,
co01,andrey-chepelev,Andrey Chepelev,2026,Clay,,,,,,,,,,,,,,,,,,
co01,andrey-chepelev,Andrey Chepelev,2026,Grass,,,,,,,,,,,,,,,,,,
co01,andrey-chepelev,Andrey Chepelev,2026,Carpet,,,,,,,,,,,,,,,,,,
co01,andrey-chepelev,Andrey Chepelev,2025,all,,,,,,,,,,,,,,,,,,
co01,andrey-chepelev,Andrey Chepelev,2025,Hard,,,,,,,,,,,,,,,,,,
co01,andrey-chepelev,Andrey Chepelev,2025,Clay,,,,,,,,,,,,,,,,,,
co01,andrey-chepelev,Andrey Chepelev,2025,Grass,,,,,,,,,,,,,,,,,,
co01,andrey-chepelev,Andrey Chepelev,2025,Carpet,,,,,,,,,,,,,,,,,,
co01,andrey-chepelev,Andrey Chepelev,2024,all,,,,,,,,,,,,,,,,,,
co01,andrey-chepelev,Andrey Chepelev,2024,Hard,,,,,,,,,,,,,,,,,,
co01,andrey-chepelev,Andrey Chepelev,2024,Clay,,,,,,,,,,,,,,,,,,
co01,andrey-chepelev,Andrey Chepelev,2024,Grass,,,,,,,,,,,,,,,,,,
co01,andrey-chepelev,Andrey Chepelev,2024,Carpet,,,,,,,,,,,,,,,,,,
co01,andrey-chepelev,Andrey Chepelev,2023,all,,,,,,,,,,,,,,,,,,
co01,andrey-chepelev,Andrey Chepelev,2023,Hard,,,,,,,,,,,,,,,,,,
co01,andrey-chepelev,Andrey Chepelev,2023,Clay,,,,,,,,,,,,,,,,,,
co01,andrey-chepelev,Andrey Chepelev,2023,Grass,,,,,,,,,,,,,,,,,,
co01,andrey-chepelev,Andrey Chepelev,2023,Carpet,,,,,,,,,,,,,,,,,,
bf23,facundo-bagnis,Facundo Bagnis,all,all,637,410,62,67,50,1071,61,1594,74,60,28,48,798,38,1581,19,36,48
bf23,facundo-bagnis,Facundo Bagnis,all,Hard,197,106,62,67,49,251,58,398,73,60,24,48,153,41,396,16,33,47
bf23,facundo-bagnis,Facundo Bagnis,all,Clay,400,278,62,67,50,749,61,1108,74,61,30,48,615,37,1095,21,37,49
bf23,facundo-bagnis,Facundo Bagnis,all,Grass,40,26,61,68,48,71,73,88,78,60,26,42,30,33,90,11,31,47
bf23,facundo-bagnis,Facundo Bagnis,all,Carpet,,,,,,,,,,,,,,,,,,
bf23,facundo-bagnis,Facundo Bagnis,2026,all,,,,,,,,,,,,,,,,,,
bf23,facundo-bagnis,Facundo Bagnis,2026,Hard,,,,,,,,,,,,,,,,,,
bf23,facundo-bagnis,Facundo Bagnis,2026,Clay,,,,,,,,,,,,,,,,,,
bf23,facundo-bagnis,Facundo Bagnis,2026,Grass,,,,,,,,,,,,,,,,,,
bf23,facundo-bagnis,Facundo Bagnis,2026,Carpet,,,,,,,,,,,,,,,,,,
bf23,facundo-bagnis,Facundo Bagnis,2025,all,18,4,64,68,54,35,74,44,80,63,23,54,21,48,45,22,36,50
bf23,facundo-bagnis,Facundo Bagnis,2025,Hard,16,3,66,69,53,17,71,29,83,64,20,57,13,46,29,21,36,51
bf23,facundo-bagnis,Facundo Bagnis,2025,Clay,2,1,60,65,55,18,78,15,73,61,27,49,8,50,16,25,37,48
bf23,facundo-bagnis,Facundo Bagnis,2025,Grass,,,,,,,,,,,,,,,,,,
bf23,facundo-bagnis,Facundo Bagnis,2025,Carpet,,,,,,,,,,,,,,,,,,
bf23,facundo-bagnis,Facundo Bagnis,2024,all,30,15,64,68,53,59,71,87,80,63,35,45,48,42,87,23,38,51
bf23,facundo-bagnis,Facundo Bagnis,2024,Hard,,,,,,,,,,,,,,,,,,
bf23,facundo-bagnis,Facundo Bagnis,2024,Clay,30,15,64,68,53,59,71,87,80,63,35,45,48,42,87,23,38,51
bf23,facundo-bagnis,Facundo Bagnis,2024,Grass,,,,,,,,,,,,,,,,,,
bf23,facundo-bagnis,Facundo Bagnis,2024,Carpet,,,,,,,,,,,,,,,,,,
bf23,facundo-bagnis,Facundo Bagnis,2023,all,67,30,66,63,48,80,54,129,71,58,24,44,51,35,125,14,32,46
bf23,facundo-bagnis,Facundo Bagnis,2023,Hard,24,8,67,60,48,26,50,40,68,56,23,42,12,50,40,15,30,44
bf23,facundo-bagnis,Facundo Bagnis,2023,Clay,43,22,66,65,48,54,56,89,73,59,24,45,39,31,85,14,33,46
bf23,facundo-bagnis,Facundo Bagnis,2023,Grass,,,,,,,,,,,,,,,,,,
bf23,facundo-bagnis,Facundo Bagnis,2023,Carpet,,,,,,,,,,,,,,,,,,
cg07,hernan-casanova,Hernan Casanova,all,all,1,2,61,64,44,10,70,9,67,57,6,58,1,0,9,0,26,44
cg07,hernan-casanova,Hernan Casanova,all,Hard,,,,,,,,,,,,,,,,,,
cg07,hernan-casanova,Hernan Casanova,all,Clay,1,2,61,64,44,10,70,9,67,57,6,58,1,0,9,0,26,44
cg07,hernan-casanova,Hernan Casanova,all,Grass,,,,,,,,,,,,,,,,,,
cg07,hernan-casanova,Hernan Casanova,all,Carpet,,,,,,,,,,,,,,,,,,
cg07,hernan-casanova,Hernan Casanova,2026,all,,,,,,,,,,,,,,,,,,
cg07,hernan-casanova,Hernan Casanova,2026,Hard,,,,,,,,,,,,,,,,,,
cg07,hernan-casanova,Hernan Casanova,2026,Clay,,,,,,,,,,,,,,,,,,
cg07,hernan-casanova,Hernan Casanova,2026,Grass,,,,,,,,,,,,,,,,,,
cg07,hernan-casanova,Hernan Casanova,2026,Carpet,,,,,,,,,,,,,,,,,,
cg07,hernan-casanova,Hernan Casanova,2025,all,,,,,,,,,,,,,,,,,,
cg07,hernan-casanova,Hernan Casanova,2025,Hard,,,,,,,,,,,,,,,,,,
cg07,hernan-casanova,Hernan Casanova,2025,Clay,,,,,,,,,,,,,,,,,,
cg07,hernan-casanova,Hernan Casanova,2025,Grass,,,,,,,,,,,,,,,,,,
cg07,hernan-casanova,Hernan Casanova,2025,Carpet,,,,,,,,,,,,,,,,,,
cg07,hernan-casanova,Hernan Casanova,2024,all,,,,,,,,,,,,,,,,,,
cg07,hernan-casanova,Hernan Casanova,2024,Hard,,,,,,,,,,,,,,,,,,
cg07,hernan-casanova,Hernan Casanova,2024,Clay,,,,,,,,,,,,,,,,,,
cg07,hernan-casanova,Hernan Casanova,2024,Grass,,,,,,,,,,,,,,,,,,
cg07,hernan-casanova,Hernan Casanova,2024,Carpet,,,,,,,,,,,,,,,,,,
cg07,hernan-casanova,Hernan Casanova,2023,all,,,,,,,,,,,,,,,,,,
cg07,hernan-casanova,Hernan Casanova,2023,Hard,,,,,,,,,,,,,,,,,,
cg07,hernan-casanova,Hernan Casanova,2023,Clay,,,,,,,,,,,,,,,,,,
cg07,hernan-casanova,Hernan Casanova,2023,Grass,,,,,,,,,,,,,,,,,,
cg07,hernan-casanova,Hernan Casanova,2023,Carpet,,,,,,,,,,,,,,,,,,
mi01,hiroki-moriya,Hiroki Moriya,all,all,29,41,62,63,46,131,59,163,67,57,25,48,67,45,164,18,34,46
mi01,hiroki-moriya,Hiroki Moriya,all,Hard,26,40,61,63,46,124,60,149,66,57,26,48,64,45,149,19,35,46
mi01,hiroki-moriya,Hiroki Moriya,all,Clay,,,,,,,,,,,,,,,,,,
mi01,hiroki-moriya,Hiroki Moriya,all,Grass,3,1,69,62,46,7,43,14,71,57,17,50,3,33,15,7,28,43
mi01,hiroki-moriya,Hiroki Moriya,all,Carpet,,,,,,,,,,,,,,,,,,
mi01,hiroki-moriya,Hiroki Moriya,2026,all,,,,,,,,,,,,,,,,,,
mi01,hiroki-moriya,Hiroki Moriya,2026,Hard,,,,,,,,,,,,,,,,,,
mi01,hiroki-moriya,Hiroki Moriya,2026,Clay,,,,,,,,,,,,,,,,,,
mi01,hiroki-moriya,Hiroki Moriya,2026,Grass,,,,,,,,,,,,,,,,,,
mi01,hiroki-moriya,Hiroki Moriya,2026,Carpet,,,,,,,,,,,,,,,,,,
mi01,hiroki-moriya,Hiroki Moriya,2025,all,,,,,,,,,,,,,,,,,,
mi01,hiroki-moriya,Hiroki Moriya,2025,Hard,,,,,,,,,,,,,,,,,,
mi01,hiroki-moriya,Hiroki Moriya,2025,Clay,,,,,,,,,,,,,,,,,,
mi01,hiroki-moriya,Hiroki Moriya,2025,Grass,,,,,,,,,,,,,,,,,,
mi01,hiroki-moriya,Hiroki Moriya,2025,Carpet,,,,,,,,,,,,,,,,,,
mi01,hiroki-moriya,Hiroki Moriya,2024,all,,,,,,,,,,,,,,,,,,
mi01,hiroki-moriya,Hiroki Moriya,2024,Hard,,,,,,,,,,,,,,,,,,
mi01,hiroki-moriya,Hiroki Moriya,2024,Clay,,,,,,,,,,,,,,,,,,
mi01,hiroki-moriya,Hiroki Moriya,2024,Grass,,,,,,,,,,,,,,,,,,
mi01,hiroki-moriya,Hiroki Moriya,2024,Carpet,,,,,,,,,,,,,,,,,,
mi01,hiroki-moriya,Hiroki Moriya,2023,all,,,,,,,,,,,,,,,,,,
mi01,hiroki-moriya,Hiroki Moriya,2023,Hard,,,,,,,,,,,,,,,,,,
mi01,hiroki-moriya,Hiroki Moriya,2023,Clay,,,,,,,,,,,,,,,,,,
mi01,hiroki-moriya,Hiroki Moriya,2023,Grass,,,,,,,,,,,,,,,,,,
mi01,hiroki-moriya,Hiroki Moriya,2023,Carpet,,,,,,,,,,,,,,,,,,
b0f8,justin-boulais,Justin Boulais,all,all,,,,,,,,,,,,,,,,,,
b0f8,justin-boulais,Justin Boulais,all,Hard,,,,,,,,,,,,,,,,,,
b0f8,justin-boulais,Justin Boulais,all,Clay,,,,,,,,,,,,,,,,,,
b0f8,justin-boulais,Justin Boulais,all,Grass,,,,,,,,,,,,,,,,,,
b0f8,justin-boulais,Justin Boulais,all,Carpet,,,,,,,,,,,,,,,,,,
b0f8,justin-boulais,Justin Boulais,2026,all,,,,,,,,,,,,,,,,,,
b0f8,justin-boulais,Justin Boulais,2026,Hard,,,,,,,,,,,,,,,,,,
b0f8,justin-boulais,Justin Boulais,2026,Clay,,,,,,,,,,,,,,,,,,
b0f8,justin-boulais,Justin Boulais,2026,Grass,,,,,,,,,,,,,,,,,,
b0f8,justin-boulais,Justin Boulais,2026,Carpet,,,,,,,,,,,,,,,,,,
b0f8,justin-boulais,Justin Boulais,2025,all,,,,,,,,,,,,,,,,,,
b0f8,justin-boulais,Justin Boulais,2025,Hard,,,,,,,,,,,,,,,,,,
b0f8,justin-boulais,Justin Boulais,2025,Clay,,,,,,,,,,,,,,,,,,
b0f8,justin-boulais,Justin Boulais,2025,Grass,,,,,,,,,,,,,,,,,,
b0f8,justin-boulais,Justin Boulais,2025,Carpet,,,,,,,,,,,,,,,,,,
b0f8,justin-boulais,Justin Boulais,2024,all,,,,,,,,,,,,,,,,,,
b0f8,justin-boulais,Justin Boulais,2024,Hard,,,,,,,,,,,,,,,,,,
b0f8,justin-boulais,Justin Boulais,2024,Clay,,,,,,,,,,,,,,,,,,
b0f8,justin-boulais,Justin Boulais,2024,Grass,,,,,,,,,,,,,,,,,,
b0f8,justin-boulais,Justin Boulais,2024,Carpet,,,,,,,,,,,,,,,,,,
b0f8,justin-boulais,Justin Boulais,2023,all,,,,,,,,,,,,,,,,,,
b0f8,justin-boulais,Justin Boulais,2023,Hard,,,,,,,,,,,,,,,,,,
b0f8,justin-boulais,Justin Boulais,2023,Clay,,,,,,,,,,,,,,,,,,
b0f8,justin-boulais,Justin Boulais,2023,Grass,,,,,,,,,,,,,,,,,,
b0f8,justin-boulais,Justin Boulais,2023,Carpet,,,,,,,,,,,,,,,,,,
mf35,andrej-martin,Andrej Martin,all,all,121,131,64,63,49,504,61,612,67,58,34,49,417,41,619,28,40,49
mf35,andrej-martin,Andrej Martin,all,Hard,27,21,60,61,47,81,56,90,60,55,31,41,49,45,89,25,35,46
mf35,andrej-martin,Andrej Martin,all,Clay,94,110,64,63,50,423,61,522,69,58,35,51,368,41,530,28,41,50
mf35,andrej-martin,Andrej Martin,all,Grass,0,0,0,0,0,0,0,0,0,0,0,0,0,0,0,0,0,0
mf35,andrej-martin,Andrej Martin,all,Carpet,,,,,,,,,,,,,,,,,,
mf35,andrej-martin,Andrej Martin,2026,all,,,,,,,,,,,,,,,,,,
mf35,andrej-martin,Andrej Martin,2026,Hard,,,,,,,,,,,,,,,,,,
mf35,andrej-martin,Andrej Martin,2026,Clay,,,,,,,,,,,,,,,,,,
mf35,andrej-martin,Andrej Martin,2026,Grass,,,,,,,,,,,,,,,,,,
mf35,andrej-martin,Andrej Martin,2026,Carpet,,,,,,,,,,,,,,,,,,
mf35,andrej-martin,Andrej Martin,2025,all,,,,,,,,,,,,,,,,,,
mf35,andrej-martin,Andrej Martin,2025,Hard,,,,,,,,,,,,,,,,,,
mf35,andrej-martin,Andrej Martin,2025,Clay,,,,,,,,,,,,,,,,,,
mf35,andrej-martin,Andrej Martin,2025,Grass,,,,,,,,,,,,,,,,,,
mf35,andrej-martin,Andrej Martin,2025,Carpet,,,,,,,,,,,,,,,,,,
mf35,andrej-martin,Andrej Martin,2024,all,,,,,,,,,,,,,,,,,,
mf35,andrej-martin,Andrej Martin,2024,Hard,,,,,,,,,,,,,,,,,,
mf35,andrej-martin,Andrej Martin,2024,Clay,,,,,,,,,,,,,,,,,,
mf35,andrej-martin,Andrej Martin,2024,Grass,,,,,,,,,,,,,,,,,,
mf35,andrej-martin,Andrej Martin,2024,Carpet,,,,,,,,,,,,,,,,,,
mf35,andrej-martin,Andrej Martin,2023,all,,,,,,,,,,,,,,,,,,
mf35,andrej-martin,Andrej Martin,2023,Hard,,,,,,,,,,,,,,,,,,
mf35,andrej-martin,Andrej Martin,2023,Clay,,,,,,,,,,,,,,,,,,
mf35,andrej-martin,Andrej Martin,2023,Grass,,,,,,,,,,,,,,,,,,
mf35,andrej-martin,Andrej Martin,2023,Carpet,,,,,,,,,,,,,,,,,,
c0i4,tibo-colson,Tibo Colson,all,all,,,,,,,,,,,,,,,,,,
c0i4,tibo-colson,Tibo Colson,all,Hard,,,,,,,,,,,,,,,,,,
c0i4,tibo-colson,Tibo Colson,all,Clay,,,,,,,,,,,,,,,,,,
c0i4,tibo-colson,Tibo Colson,all,Grass,,,,,,,,,,,,,,,,,,
c0i4,tibo-colson,Tibo Colson,all,Carpet,,,,,,,,,,,,,,,,,,
c0i4,tibo-colson,Tibo Colson,2026,all,,,,,,,,,,,,,,,,,,
c0i4,tibo-colson,Tibo Colson,2026,Hard,,,,,,,,,,,,,,,,,,
c0i4,tibo-colson,Tibo Colson,2026,Clay,,,,,,,,,,,,,,,,,,
c0i4,tibo-colson,Tibo Colson,2026,Grass,,,,,,,,,,,,,,,,,,
c0i4,tibo-colson,Tibo Colson,2026,Carpet,,,,,,,,,,,,,,,,,,
c0i4,tibo-colson,Tibo Colson,2025,all,,,,,,,,,,,,,,,,,,
c0i4,tibo-colson,Tibo Colson,2025,Hard,,,,,,,,,,,,,,,,,,
c0i4,tibo-colson,Tibo Colson,2025,Clay,,,,,,,,,,,,,,,,,,
c0i4,tibo-colson,Tibo Colson,2025,Grass,,,,,,,,,,,,,,,,,,
c0i4,tibo-colson,Tibo Colson,2025,Carpet,,,,,,,,,,,,,,,,,,
c0i4,tibo-colson,Tibo Colson,2024,all,,,,,,,,,,,,,,,,,,
c0i4,tibo-colson,Tibo Colson,2024,Hard,,,,,,,,,,,,,,,,,,
c0i4,tibo-colson,Tibo Colson,2024,Clay,,,,,,,,,,,,,,,,,,
c0i4,tibo-colson,Tibo Colson,2024,Grass,,,,,,,,,,,,,,,,,,
c0i4,tibo-colson,Tibo Colson,2024,Carpet,,,,,,,,,,,,,,,,,,
c0i4,tibo-colson,Tibo Colson,2023,all,,,,,,,,,,,,,,,,,,
c0i4,tibo-colson,Tibo Colson,2023,Hard,,,,,,,,,,,,,,,,,,
c0i4,tibo-colson,Tibo Colson,2023,Clay,,,,,,,,,,,,,,,,,,
c0i4,tibo-colson,Tibo Colson,2023,Grass,,,,,,,,,,,,,,,,,,
c0i4,tibo-colson,Tibo Colson,2023,Carpet,,,,,,,,,,,,,,,,,,
p0i6,gabriele-piraino,Gabriele Piraino,all,all,,,,,,,,,,,,,,,,,,
p0i6,gabriele-piraino,Gabriele Piraino,all,Hard,,,,,,,,,,,,,,,,,,
p0i6,gabriele-piraino,Gabriele Piraino,all,Clay,,,,,,,,,,,,,,,,,,
p0i6,gabriele-piraino,Gabriele Piraino,all,Grass,,,,,,,,,,,,,,,,,,
p0i6,gabriele-piraino,Gabriele Piraino,all,Carpet,,,,,,,,,,,,,,,,,,
p0i6,gabriele-piraino,Gabriele Piraino,2026,all,,,,,,,,,,,,,,,,,,
p0i6,gabriele-piraino,Gabriele Piraino,2026,Hard,,,,,,,,,,,,,,,,,,
p0i6,gabriele-piraino,Gabriele Piraino,2026,Clay,,,,,,,,,,,,,,,,,,
p0i6,gabriele-piraino,Gabriele Piraino,2026,Grass,,,,,,,,,,,,,,,,,,
p0i6,gabriele-piraino,Gabriele Piraino,2026,Carpet,,,,,,,,,,,,,,,,,,
p0i6,gabriele-piraino,Gabriele Piraino,2025,all,,,,,,,,,,,,,,,,,,
p0i6,gabriele-piraino,Gabriele Piraino,2025,Hard,,,,,,,,,,,,,,,,,,
p0i6,gabriele-piraino,Gabriele Piraino,2025,Clay,,,,,,,,,,,,,,,,,,
p0i6,gabriele-piraino,Gabriele Piraino,2025,Grass,,,,,,,,,,,,,,,,,,
p0i6,gabriele-piraino,Gabriele Piraino,2025,Carpet,,,,,,,,,,,,,,,,,,
p0i6,gabriele-piraino,Gabriele Piraino,2024,all,,,,,,,,,,,,,,,,,,
p0i6,gabriele-piraino,Gabriele Piraino,2024,Hard,,,,,,,,,,,,,,,,,,
p0i6,gabriele-piraino,Gabriele Piraino,2024,Clay,,,,,,,,,,,,,,,,,,
p0i6,gabriele-piraino,Gabriele Piraino,2024,Grass,,,,,,,,,,,,,,,,,,
p0i6,gabriele-piraino,Gabriele Piraino,2024,Carpet,,,,,,,,,,,,,,,,,,
p0i6,gabriele-piraino,Gabriele Piraino,2023,all,,,,,,,,,,,,,,,,,,
p0i6,gabriele-piraino,Gabriele Piraino,2023,Hard,,,,,,,,,,,,,,,,,,
p0i6,gabriele-piraino,Gabriele Piraino,2023,Clay,,,,,,,,,,,,,,,,,,
p0i6,gabriele-piraino,Gabriele Piraino,2023,Grass,,,,,,,,,,,,,,,,,,
p0i6,gabriele-piraino,Gabriele Piraino,2023,Carpet,,,,,,,,,,,,,,,,,,
sl94,pedro-sakamoto,Pedro Sakamoto,all,all,2,2,61,56,38,4,0,8,50,49,26,44,2,50,9,11,31,39
sl94,pedro-sakamoto,Pedro Sakamoto,all,Hard,,,,,,,,,,,,,,,,,,
sl94,pedro-sakamoto,Pedro Sakamoto,all,Clay,2,2,61,56,38,4,0,8,50,49,26,44,2,50,9,11,31,39
sl94,pedro-sakamoto,Pedro Sakamoto,all,Grass,,,,,,,,,,,,,,,,,,
sl94,pedro-sakamoto,Pedro Sakamoto,all,Carpet,,,,,,,,,,,,,,,,,,
sl94,pedro-sakamoto,Pedro Sakamoto,2026,all,,,,,,,,,,,,,,,,,,
sl94,pedro-sakamoto,Pedro Sakamoto,2026,Hard,,,,,,,,,,,,,,,,,,
sl94,pedro-sakamoto,Pedro Sakamoto,2026,Clay,,,,,,,,,,,,,,,,,,
sl94,pedro-sakamoto,Pedro Sakamoto,2026,Grass,,,,,,,,,,,,,,,,,,
sl94,pedro-sakamoto,Pedro Sakamoto,2026,Carpet,,,,,,,,,,,,,,,,,,
sl94,pedro-sakamoto,Pedro Sakamoto,2025,all,,,,,,,,,,,,,,,,,,
sl94,pedro-sakamoto,Pedro Sakamoto,2025,Hard,,,,,,,,,,,,,,,,,,
sl94,pedro-sakamoto,Pedro Sakamoto,2025,Clay,,,,,,,,,,,,,,,,,,
sl94,pedro-sakamoto,Pedro Sakamoto,2025,Grass,,,,,,,,,,,,,,,,,,
sl94,pedro-sakamoto,Pedro Sakamoto,2025,Carpet,,,,,,,,,,,,,,,,,,
sl94,pedro-sakamoto,Pedro Sakamoto,2024,all,,,,,,,,,,,,,,,,,,
sl94,pedro-sakamoto,Pedro Sakamoto,2024,Hard,,,,,,,,,,,,,,,,,,
sl94,pedro-sakamoto,Pedro Sakamoto,2024,Clay,,,,,,,,,,,,,,,,,,
sl94,pedro-sakamoto,Pedro Sakamoto,2024,Grass,,,,,,,,,,,,,,,,,,
sl94,pedro-sakamoto,Pedro Sakamoto,2024,Carpet,,,,,,,,,,,,,,,,,,
sl94,pedro-sakamoto,Pedro Sakamoto,2023,all,,,,,,,,,,,,,,,,,,
sl94,pedro-sakamoto,Pedro Sakamoto,2023,Hard,,,,,,,,,,,,,,,,,,
sl94,pedro-sakamoto,Pedro Sakamoto,2023,Clay,,,,,,,,,,,,,,,,,,
sl94,pedro-sakamoto,Pedro Sakamoto,2023,Grass,,,,,,,,,,,,,,,,,,
sl94,pedro-sakamoto,Pedro Sakamoto,2023,Carpet,,,,,,,,,,,,,,,,,,
o0bi,carl-emil-overbeck,Carl Emil Overbeck,all,all,,,,,,,,,,,,,,,,,,
o0bi,carl-emil-overbeck,Carl Emil Overbeck,all,Hard,,,,,,,,,,,,,,,,,,
o0bi,carl-emil-overbeck,Carl Emil Overbeck,all,Clay,,,,,,,,,,,,,,,,,,
o0bi,carl-emil-overbeck,Carl Emil Overbeck,all,Grass,,,,,,,,,,,,,,,,,,
o0bi,carl-emil-overbeck,Carl Emil Overbeck,all,Carpet,,,,,,,,,,,,,,,,,,
o0bi,carl-emil-overbeck,Carl Emil Overbeck,2026,all,,,,,,,,,,,,,,,,,,
o0bi,carl-emil-overbeck,Carl Emil Overbeck,2026,Hard,,,,,,,,,,,,,,,,,,
o0bi,carl-emil-overbeck,Carl Emil Overbeck,2026,Clay,,,,,,,,,,,,,,,,,,
o0bi,carl-emil-overbeck,Carl Emil Overbeck,2026,Grass,,,,,,,,,,,,,,,,,,
o0bi,carl-emil-overbeck,Carl Emil Overbeck,2026,Carpet,,,,,,,,,,,,,,,,,,
o0bi,carl-emil-overbeck,Carl Emil Overbeck,2025,all,,,,,,,,,,,,,,,,,,
o0bi,carl-emil-overbeck,Carl Emil Overbeck,2025,Hard,,,,,,,,,,,,,,,,,,
o0bi,carl-emil-overbeck,Carl Emil Overbeck,2025,Clay,,,,,,,,,,,,,,,,,,
o0bi,carl-emil-overbeck,Carl Emil Overbeck,2025,Grass,,,,,,,,,,,,,,,,,,
o0bi,carl-emil-overbeck,Carl Emil Overbeck,2025,Carpet,,,,,,,,,,,,,,,,,,
o0bi,carl-emil-overbeck,Carl Emil Overbeck,2024,all,,,,,,,,,,,,,,,,,,
o0bi,carl-emil-overbeck,Carl Emil Overbeck,2024,Hard,,,,,,,,,,,,,,,,,,
o0bi,carl-emil-overbeck,Carl Emil Overbeck,2024,Clay,,,,,,,,,,,,,,,,,,
o0bi,carl-emil-overbeck,Carl Emil Overbeck,2024,Grass,,,,,,,,,,,,,,,,,,
o0bi,carl-emil-overbeck,Carl Emil Overbeck,2024,Carpet,,,,,,,,,,,,,,,,,,
o0bi,carl-emil-overbeck,Carl Emil Overbeck,2023,all,,,,,,,,,,,,,,,,,,
o0bi,carl-emil-overbeck,Carl Emil Overbeck,2023,Hard,,,,,,,,,,,,,,,,,,
o0bi,carl-emil-overbeck,Carl Emil Overbeck,2023,Clay,,,,,,,,,,,,,,,,,,
o0bi,carl-emil-overbeck,Carl Emil Overbeck,2023,Grass,,,,,,,,,,,,,,,,,,
o0bi,carl-emil-overbeck,Carl Emil Overbeck,2023,Carpet,,,,,,,,,,,,,,,,,,
n0cj,petr-nesterov,Petr Nesterov,all,all,0,0,0,0,0,0,0,0,0,0,0,0,0,0,0,0,0,0
n0cj,petr-nesterov,Petr Nesterov,all,Hard,0,0,0,0,0,0,0,0,0,0,0,0,0,0,0,0,0,0
n0cj,petr-nesterov,Petr Nesterov,all,Clay,,,,,,,,,,,,,,,,,,
n0cj,petr-nesterov,Petr Nesterov,all,Grass,,,,,,,,,,,,,,,,,,
n0cj,petr-nesterov,Petr Nesterov,all,Carpet,,,,,,,,,,,,,,,,,,
n0cj,petr-nesterov,Petr Nesterov,2026,all,,,,,,,,,,,,,,,,,,
n0cj,petr-nesterov,Petr Nesterov,2026,Hard,,,,,,,,,,,,,,,,,,
n0cj,petr-nesterov,Petr Nesterov,2026,Clay,,,,,,,,,,,,,,,,,,
n0cj,petr-nesterov,Petr Nesterov,2026,Grass,,,,,,,,,,,,,,,,,,
n0cj,petr-nesterov,Petr Nesterov,2026,Carpet,,,,,,,,,,,,,,,,,,
n0cj,petr-nesterov,Petr Nesterov,2025,all,0,0,0,0,0,0,0,0,0,0,0,0,0,0,0,0,0,0
n0cj,petr-nesterov,Petr Nesterov,2025,Hard,0,0,0,0,0,0,0,0,0,0,0,0,0,0,0,0,0,0
n0cj,petr-nesterov,Petr Nesterov,2025,Clay,,,,,,,,,,,,,,,,,,
n0cj,petr-nesterov,Petr Nesterov,2025,Grass,,,,,,,,,,,,,,,,,,
n0cj,petr-nesterov,Petr Nesterov,2025,Carpet,,,,,,,,,,,,,,,,,,
n0cj,petr-nesterov,Petr Nesterov,2024,all,0,0,0,0,0,0,0,0,0,0,0,0,0,0,0,0,0,0
n0cj,petr-nesterov,Petr Nesterov,2024,Hard,0,0,0,0,0,0,0,0,0,0,0,0,0,0,0,0,0,0
n0cj,petr-nesterov,Petr Nesterov,2024,Clay,,,,,,,,,,,,,,,,,,
n0cj,petr-nesterov,Petr Nesterov,2024,Grass,,,,,,,,,,,,,,,,,,
n0cj,petr-nesterov,Petr Nesterov,2024,Carpet,,,,,,,,,,,,,,,,,,
n0cj,petr-nesterov,Petr Nesterov,2023,all,,,,,,,,,,,,,,,,,,
n0cj,petr-nesterov,Petr Nesterov,2023,Hard,,,,,,,,,,,,,,,,,,
n0cj,petr-nesterov,Petr Nesterov,2023,Clay,,,,,,,,,,,,,,,,,,
n0cj,petr-nesterov,Petr Nesterov,2023,Grass,,,,,,,,,,,,,,,,,,
n0cj,petr-nesterov,Petr Nesterov,2023,Carpet,,,,,,,,,,,,,,,,,,
w0bu,olle-wallin,Olle Wallin,all,all,0,0,0,0,0,0,0,0,0,0,0,0,0,0,0,0,0,0
w0bu,olle-wallin,Olle Wallin,all,Hard,0,0,0,0,0,0,0,0,0,0,0,0,0,0,0,0,0,0
w0bu,olle-wallin,Olle Wallin,all,Clay,,,,,,,,,,,,,,,,,,
w0bu,olle-wallin,Olle Wallin,all,Grass,,,,,,,,,,,,,,,,,,
w0bu,olle-wallin,Olle Wallin,all,Carpet,,,,,,,,,,,,,,,,,,
w0bu,olle-wallin,Olle Wallin,2026,all,0,0,0,0,0,0,0,0,0,0,0,0,0,0,0,0,0,0
w0bu,olle-wallin,Olle Wallin,2026,Hard,0,0,0,0,0,0,0,0,0,0,0,0,0,0,0,0,0,0
w0bu,olle-wallin,Olle Wallin,2026,Clay,,,,,,,,,,,,,,,,,,
w0bu,olle-wallin,Olle Wallin,2026,Grass,,,,,,,,,,,,,,,,,,
w0bu,olle-wallin,Olle Wallin,2026,Carpet,,,,,,,,,,,,,,,,,,
w0bu,olle-wallin,Olle Wallin,2025,all,0,0,0,0,0,0,0,0,0,0,0,0,0,0,0,0,0,0
w0bu,olle-wallin,Olle Wallin,2025,Hard,0,0,0,0,0,0,0,0,0,0,0,0,0,0,0,0,0,0
w0bu,olle-wallin,Olle Wallin,2025,Clay,,,,,,,,,,,,,,,,,,
w0bu,olle-wallin,Olle Wallin,2025,Grass,,,,,,,,,,,,,,,,,,
w0bu,olle-wallin,Olle Wallin,2025,Carpet,,,,,,,,,,,,,,,,,,
w0bu,olle-wallin,Olle Wallin,2024,all,,,,,,,,,,,,,,,,,,
w0bu,olle-wallin,Olle Wallin,2024,Hard,,,,,,,,,,,,,,,,,,
w0bu,olle-wallin,Olle Wallin,2024,Clay,,,,,,,,,,,,,,,,,,
w0bu,olle-wallin,Olle Wallin,2024,Grass,,,,,,,,,,,,,,,,,,
w0bu,olle-wallin,Olle Wallin,2024,Carpet,,,,,,,,,,,,,,,,,,
w0bu,olle-wallin,Olle Wallin,2023,all,,,,,,,,,,,,,,,,,,
w0bu,olle-wallin,Olle Wallin,2023,Hard,,,,,,,,,,,,,,,,,,
w0bu,olle-wallin,Olle Wallin,2023,Clay,,,,,,,,,,,,,,,,,,
w0bu,olle-wallin,Olle Wallin,2023,Grass,,,,,,,,,,,,,,,,,,
w0bu,olle-wallin,Olle Wallin,2023,Carpet,,,,,,,,,,,,,,,,,,
v993,eero-vasa,Eero Vasa,all,all,0,0,0,0,0,0,0,0,0,0,0,0,0,0,0,0,0,0
v993,eero-vasa,Eero Vasa,all,Hard,0,0,0,0,0,0,0,0,0,0,0,0,0,0,0,0,0,0
v993,eero-vasa,Eero Vasa,all,Clay,0,0,0,0,0,0,0,0,0,0,0,0,0,0,0,0,0,0
v993,eero-vasa,Eero Vasa,all,Grass,,,,,,,,,,,,,,,,,,
v993,eero-vasa,Eero Vasa,all,Carpet,0,0,0,0,0,0,0,0,0,0,0,0,0,0,0,0,0,0
v993,eero-vasa,Eero Vasa,2026,all,0,0,0,0,0,0,0,0,0,0,0,0,0,0,0,0,0,0
v993,eero-vasa,Eero Vasa,2026,Hard,0,0,0,0,0,0,0,0,0,0,0,0,0,0,0,0,0,0
v993,eero-vasa,Eero Vasa,2026,Clay,,,,,,,,,,,,,,,,,,
v993,eero-vasa,Eero Vasa,2026,Grass,,,,,,,,,,,,,,,,,,
v993,eero-vasa,Eero Vasa,2026,Carpet,,,,,,,,,,,,,,,,,,
v993,eero-vasa,Eero Vasa,2025,all,0,0,0,0,0,0,0,0,0,0,0,0,0,0,0,0,0,0
v993,eero-vasa,Eero Vasa,2025,Hard,,,,,,,,,,,,,,,,,,
v993,eero-vasa,Eero Vasa,2025,Clay,0,0,0,0,0,0,0,0,0,0,0,0,0,0,0,0,0,0
v993,eero-vasa,Eero Vasa,2025,Grass,,,,,,,,,,,,,,,,,,
v993,eero-vasa,Eero Vasa,2025,Carpet,,,,,,,,,,,,,,,,,,
v993,eero-vasa,Eero Vasa,2024,all,0,0,0,0,0,0,0,0,0,0,0,0,0,0,0,0,0,0
v993,eero-vasa,Eero Vasa,2024,Hard,0,0,0,0,0,0,0,0,0,0,0,0,0,0,0,0,0,0
v993,eero-vasa,Eero Vasa,2024,Clay,,,,,,,,,,,,,,,,,,
v993,eero-vasa,Eero Vasa,2024,Grass,,,,,,,,,,,,,,,,,,
v993,eero-vasa,Eero Vasa,2024,Carpet,,,,,,,,,,,,,,,,,,
v993,eero-vasa,Eero Vasa,2023,all,,,,,,,,,,,,,,,,,,
v993,eero-vasa,Eero Vasa,2023,Hard,,,,,,,,,,,,,,,,,,
v993,eero-vasa,Eero Vasa,2023,Clay,,,,,,,,,,,,,,,,,,
v993,eero-vasa,Eero Vasa,2023,Grass,,,,,,,,,,,,,,,,,,
v993,eero-vasa,Eero Vasa,2023,Carpet,,,,,,,,,,,,,,,,,,
v0bc,cyril-vandermeersch,Cyril Vandermeersch,all,all,,,,,,,,,,,,,,,,,,
v0bc,cyril-vandermeersch,Cyril Vandermeersch,all,Hard,,,,,,,,,,,,,,,,,,
v0bc,cyril-vandermeersch,Cyril Vandermeersch,all,Clay,,,,,,,,,,,,,,,,,,
v0bc,cyril-vandermeersch,Cyril Vandermeersch,all,Grass,,,,,,,,,,,,,,,,,,
v0bc,cyril-vandermeersch,Cyril Vandermeersch,all,Carpet,,,,,,,,,,,,,,,,,,
v0bc,cyril-vandermeersch,Cyril Vandermeersch,2026,all,,,,,,,,,,,,,,,,,,
v0bc,cyril-vandermeersch,Cyril Vandermeersch,2026,Hard,,,,,,,,,,,,,,,,,,
v0bc,cyril-vandermeersch,Cyril Vandermeersch,2026,Clay,,,,,,,,,,,,,,,,,,
v0bc,cyril-vandermeersch,Cyril Vandermeersch,2026,Grass,,,,,,,,,,,,,,,,,,
v0bc,cyril-vandermeersch,Cyril Vandermeersch,2026,Carpet,,,,,,,,,,,,,,,,,,
v0bc,cyril-vandermeersch,Cyril Vandermeersch,2025,all,,,,,,,,,,,,,,,,,,
v0bc,cyril-vandermeersch,Cyril Vandermeersch,2025,Hard,,,,,,,,,,,,,,,,,,
v0bc,cyril-vandermeersch,Cyril Vandermeersch,2025,Clay,,,,,,,,,,,,,,,,,,
v0bc,cyril-vandermeersch,Cyril Vandermeersch,2025,Grass,,,,,,,,,,,,,,,,,,
v0bc,cyril-vandermeersch,Cyril Vandermeersch,2025,Carpet,,,,,,,,,,,,,,,,,,
v0bc,cyril-vandermeersch,Cyril Vandermeersch,2024,all,,,,,,,,,,,,,,,,,,
v0bc,cyril-vandermeersch,Cyril Vandermeersch,2024,Hard,,,,,,,,,,,,,,,,,,
v0bc,cyril-vandermeersch,Cyril Vandermeersch,2024,Clay,,,,,,,,,,,,,,,,,,
v0bc,cyril-vandermeersch,Cyril Vandermeersch,2024,Grass,,,,,,,,,,,,,,,,,,
v0bc,cyril-vandermeersch,Cyril Vandermeersch,2024,Carpet,,,,,,,,,,,,,,,,,,
v0bc,cyril-vandermeersch,Cyril Vandermeersch,2023,all,,,,,,,,,,,,,,,,,,
v0bc,cyril-vandermeersch,Cyril Vandermeersch,2023,Hard,,,,,,,,,,,,,,,,,,
v0bc,cyril-vandermeersch,Cyril Vandermeersch,2023,Clay,,,,,,,,,,,,,,,,,,
v0bc,cyril-vandermeersch,Cyril Vandermeersch,2023,Grass,,,,,,,,,,,,,,,,,,
v0bc,cyril-vandermeersch,Cyril Vandermeersch,2023,Carpet,,,,,,,,,,,,,,,,,,
h0jl,jay-friend,Jay Friend,all,all,,,,,,,,,,,,,,,,,,
h0jl,jay-friend,Jay Friend,all,Hard,,,,,,,,,,,,,,,,,,
h0jl,jay-friend,Jay Friend,all,Clay,,,,,,,,,,,,,,,,,,
h0jl,jay-friend,Jay Friend,all,Grass,,,,,,,,,,,,,,,,,,
h0jl,jay-friend,Jay Friend,all,Carpet,,,,,,,,,,,,,,,,,,
h0jl,jay-friend,Jay Friend,2026,all,,,,,,,,,,,,,,,,,,
h0jl,jay-friend,Jay Friend,2026,Hard,,,,,,,,,,,,,,,,,,
h0jl,jay-friend,Jay Friend,2026,Clay,,,,,,,,,,,,,,,,,,
h0jl,jay-friend,Jay Friend,2026,Grass,,,,,,,,,,,,,,,,,,
h0jl,jay-friend,Jay Friend,2026,Carpet,,,,,,,,,,,,,,,,,,
h0jl,jay-friend,Jay Friend,2025,all,,,,,,,,,,,,,,,,,,
h0jl,jay-friend,Jay Friend,2025,Hard,,,,,,,,,,,,,,,,,,
h0jl,jay-friend,Jay Friend,2025,Clay,,,,,,,,,,,,,,,,,,
h0jl,jay-friend,Jay Friend,2025,Grass,,,,,,,,,,,,,,,,,,
h0jl,jay-friend,Jay Friend,2025,Carpet,,,,,,,,,,,,,,,,,,
h0jl,jay-friend,Jay Friend,2024,all,,,,,,,,,,,,,,,,,,
h0jl,jay-friend,Jay Friend,2024,Hard,,,,,,,,,,,,,,,,,,
h0jl,jay-friend,Jay Friend,2024,Clay,,,,,,,,,,,,,,,,,,
h0jl,jay-friend,Jay Friend,2024,Grass,,,,,,,,,,,,,,,,,,
h0jl,jay-friend,Jay Friend,2024,Carpet,,,,,,,,,,,,,,,,,,
h0jl,jay-friend,Jay Friend,2023,all,,,,,,,,,,,,,,,,,,
h0jl,jay-friend,Jay Friend,2023,Hard,,,,,,,,,,,,,,,,,,
h0jl,jay-friend,Jay Friend,2023,Clay,,,,,,,,,,,,,,,,,,
h0jl,jay-friend,Jay Friend,2023,Grass,,,,,,,,,,,,,,,,,,
h0jl,jay-friend,Jay Friend,2023,Carpet,,,,,,,,,,,,,,,,,,
k0np,jack-kennedy,Jack Kennedy,all,all,,,,,,,,,,,,,,,,,,
k0np,jack-kennedy,Jack Kennedy,all,Hard,,,,,,,,,,,,,,,,,,
k0np,jack-kennedy,Jack Kennedy,all,Clay,,,,,,,,,,,,,,,,,,
k0np,jack-kennedy,Jack Kennedy,all,Grass,,,,,,,,,,,,,,,,,,
k0np,jack-kennedy,Jack Kennedy,all,Carpet,,,,,,,,,,,,,,,,,,
k0np,jack-kennedy,Jack Kennedy,2026,all,,,,,,,,,,,,,,,,,,
k0np,jack-kennedy,Jack Kennedy,2026,Hard,,,,,,,,,,,,,,,,,,
k0np,jack-kennedy,Jack Kennedy,2026,Clay,,,,,,,,,,,,,,,,,,
k0np,jack-kennedy,Jack Kennedy,2026,Grass,,,,,,,,,,,,,,,,,,
k0np,jack-kennedy,Jack Kennedy,2026,Carpet,,,,,,,,,,,,,,,,,,
k0np,jack-kennedy,Jack Kennedy,2025,all,,,,,,,,,,,,,,,,,,
k0np,jack-kennedy,Jack Kennedy,2025,Hard,,,,,,,,,,,,,,,,,,
k0np,jack-kennedy,Jack Kennedy,2025,Clay,,,,,,,,,,,,,,,,,,
k0np,jack-kennedy,Jack Kennedy,2025,Grass,,,,,,,,,,,,,,,,,,
k0np,jack-kennedy,Jack Kennedy,2025,Carpet,,,,,,,,,,,,,,,,,,
k0np,jack-kennedy,Jack Kennedy,2024,all,,,,,,,,,,,,,,,,,,
k0np,jack-kennedy,Jack Kennedy,2024,Hard,,,,,,,,,,,,,,,,,,
k0np,jack-kennedy,Jack Kennedy,2024,Clay,,,,,,,,,,,,,,,,,,
k0np,jack-kennedy,Jack Kennedy,2024,Grass,,,,,,,,,,,,,,,,,,
k0np,jack-kennedy,Jack Kennedy,2024,Carpet,,,,,,,,,,,,,,,,,,
k0np,jack-kennedy,Jack Kennedy,2023,all,,,,,,,,,,,,,,,,,,
k0np,jack-kennedy,Jack Kennedy,2023,Hard,,,,,,,,,,,,,,,,,,
k0np,jack-kennedy,Jack Kennedy,2023,Clay,,,,,,,,,,,,,,,,,,
k0np,jack-kennedy,Jack Kennedy,2023,Grass,,,,,,,,,,,,,,,,,,
k0np,jack-kennedy,Jack Kennedy,2023,Carpet,,,,,,,,,,,,,,,,,,
dc76,viktor-durasovic,Viktor Durasovic,all,all,54,29,55,63,43,88,58,89,58,54,16,38,10,40,94,4,24,41
dc76,viktor-durasovic,Viktor Durasovic,all,Hard,54,29,55,63,43,88,58,89,58,54,16,38,10,40,94,4,24,41
dc76,viktor-durasovic,Viktor Durasovic,all,Clay,0,0,0,0,0,0,0,0,0,0,0,0,0,0,0,0,0,0
dc76,viktor-durasovic,Viktor Durasovic,all,Grass,,,,,,,,,,,,,,,,,,
dc76,viktor-durasovic,Viktor Durasovic,all,Carpet,,,,,,,,,,,,,,,,,,
dc76,viktor-durasovic,Viktor Durasovic,2026,all,0,0,0,0,0,0,0,0,0,0,0,0,0,0,0,0,0,0
dc76,viktor-durasovic,Viktor Durasovic,2026,Hard,0,0,0,0,0,0,0,0,0,0,0,0,0,0,0,0,0,0
dc76,viktor-durasovic,Viktor Durasovic,2026,Clay,,,,,,,,,,,,,,,,,,
dc76,viktor-durasovic,Viktor Durasovic,2026,Grass,,,,,,,,,,,,,,,,,,
dc76,viktor-durasovic,Viktor Durasovic,2026,Carpet,,,,,,,,,,,,,,,,,,
dc76,viktor-durasovic,Viktor Durasovic,2025,all,0,0,0,0,0,0,0,0,0,0,0,0,0,0,0,0,0,0
dc76,viktor-durasovic,Viktor Durasovic,2025,Hard,0,0,0,0,0,0,0,0,0,0,0,0,0,0,0,0,0,0
dc76,viktor-durasovic,Viktor Durasovic,2025,Clay,,,,,,,,,,,,,,,,,,
dc76,viktor-durasovic,Viktor Durasovic,2025,Grass,,,,,,,,,,,,,,,,,,
dc76,viktor-durasovic,Viktor Durasovic,2025,Carpet,,,,,,,,,,,,,,,,,,
dc76,viktor-durasovic,Viktor Durasovic,2024,all,0,0,0,0,0,0,0,0,0,0,0,0,0,0,0,0,0,0
dc76,viktor-durasovic,Viktor Durasovic,2024,Hard,0,0,0,0,0,0,0,0,0,0,0,0,0,0,0,0,0,0
dc76,viktor-durasovic,Viktor Durasovic,2024,Clay,,,,,,,,,,,,,,,,,,
dc76,viktor-durasovic,Viktor Durasovic,2024,Grass,,,,,,,,,,,,,,,,,,
dc76,viktor-durasovic,Viktor Durasovic,2024,Carpet,,,,,,,,,,,,,,,,,,
dc76,viktor-durasovic,Viktor Durasovic,2023,all,17,8,56,65,44,16,69,19,74,56,20,40,3,33,20,5,27,43
dc76,viktor-durasovic,Viktor Durasovic,2023,Hard,17,8,56,65,44,16,69,19,74,56,20,40,3,33,20,5,27,43
dc76,viktor-durasovic,Viktor Durasovic,2023,Clay,0,0,0,0,0,0,0,0,0,0,0,0,0,0,0,0,0,0
dc76,viktor-durasovic,Viktor Durasovic,2023,Grass,,,,,,,,,,,,,,,,,,
dc76,viktor-durasovic,Viktor Durasovic,2023,Carpet,,,,,,,,,,,,,,,,,,
p0dr,andrea-picchione,Andrea Picchione,all,all,,,,,,,,,,,,,,,,,,
p0dr,andrea-picchione,Andrea Picchione,all,Hard,,,,,,,,,,,,,,,,,,
p0dr,andrea-picchione,Andrea Picchione,all,Clay,,,,,,,,,,,,,,,,,,
p0dr,andrea-picchione,Andrea Picchione,all,Grass,,,,,,,,,,,,,,,,,,
p0dr,andrea-picchione,Andrea Picchione,all,Carpet,,,,,,,,,,,,,,,,,,
p0dr,andrea-picchione,Andrea Picchione,2026,all,,,,,,,,,,,,,,,,,,
p0dr,andrea-picchione,Andrea Picchione,2026,Hard,,,,,,,,,,,,,,,,,,
p0dr,andrea-picchione,Andrea Picchione,2026,Clay,,,,,,,,,,,,,,,,,,
p0dr,andrea-picchione,Andrea Picchione,2026,Grass,,,,,,,,,,,,,,,,,,
p0dr,andrea-picchione,Andrea Picchione,2026,Carpet,,,,,,,,,,,,,,,,,,
p0dr,andrea-picchione,Andrea Picchione,2025,all,,,,,,,,,,,,,,,,,,
p0dr,andrea-picchione,Andrea Picchione,2025,Hard,,,,,,,,,,,,,,,,,,
p0dr,andrea-picchione,Andrea Picchione,2025,Clay,,,,,,,,,,,,,,,,,,
p0dr,andrea-picchione,Andrea Picchione,2025,Grass,,,,,,,,,,,,,,,,,,
p0dr,andrea-picchione,Andrea Picchione,2025,Carpet,,,,,,,,,,,,,,,,,,
p0dr,andrea-picchione,Andrea Picchione,2024,all,,,,,,,,,,,,,,,,,,
p0dr,andrea-picchione,Andrea Picchione,2024,Hard,,,,,,,,,,,,,,,,,,
p0dr,andrea-picchione,Andrea Picchione,2024,Clay,,,,,,,,,,,,,,,,,,
p0dr,andrea-picchione,Andrea Picchione,2024,Grass,,,,,,,,,,,,,,,,,,
p0dr,andrea-picchione,Andrea Picchione,2024,Carpet,,,,,,,,,,,,,,,,,,
p0dr,andrea-picchione,Andrea Picchione,2023,all,,,,,,,,,,,,,,,,,,
p0dr,andrea-picchione,Andrea Picchione,2023,Hard,,,,,,,,,,,,,,,,,,
p0dr,andrea-picchione,Andrea Picchione,2023,Clay,,,,,,,,,,,,,,,,,,
p0dr,andrea-picchione,Andrea Picchione,2023,Grass,,,,,,,,,,,,,,,,,,
p0dr,andrea-picchione,Andrea Picchione,2023,Carpet,,,,,,,,,,,,,,,,,,
df92,corentin-denolly,Corentin Denolly,all,all,3,14,63,73,37,16,69,21,76,60,23,45,6,33,21,10,31,47
df92,corentin-denolly,Corentin Denolly,all,Hard,,,,,,,,,,,,,,,,,,
df92,corentin-denolly,Corentin Denolly,all,Clay,3,14,63,73,37,16,69,21,76,60,23,45,6,33,21,10,31,47
df92,corentin-denolly,Corentin Denolly,all,Grass,,,,,,,,,,,,,,,,,,
df92,corentin-denolly,Corentin Denolly,all,Carpet,,,,,,,,,,,,,,,,,,
df92,corentin-denolly,Corentin Denolly,2026,all,,,,,,,,,,,,,,,,,,
df92,corentin-denolly,Corentin Denolly,2026,Hard,,,,,,,,,,,,,,,,,,
df92,corentin-denolly,Corentin Denolly,2026,Clay,,,,,,,,,,,,,,,,,,
df92,corentin-denolly,Corentin Denolly,2026,Grass,,,,,,,,,,,,,,,,,,
df92,corentin-denolly,Corentin Denolly,2026,Carpet,,,,,,,,,,,,,,,,,,
df92,corentin-denolly,Corentin Denolly,2025,all,3,14,63,73,37,16,69,21,76,60,23,45,6,33,21,10,31,47
df92,corentin-denolly,Corentin Denolly,2025,Hard,,,,,,,,,,,,,,,,,,
df92,corentin-denolly,Corentin Denolly,2025,Clay,3,14,63,73,37,16,69,21,76,60,23,45,6,33,21,10,31,47
df92,corentin-denolly,Corentin Denolly,2025,Grass,,,,,,,,,,,,,,,,,,
df92,corentin-denolly,Corentin Denolly,2025,Carpet,,,,,,,,,,,,,,,,,,
df92,corentin-denolly,Corentin Denolly,2024,all,,,,,,,,,,,,,,,,,,
df92,corentin-denolly,Corentin Denolly,2024,Hard,,,,,,,,,,,,,,,,,,
df92,corentin-denolly,Corentin Denolly,2024,Clay,,,,,,,,,,,,,,,,,,
df92,corentin-denolly,Corentin Denolly,2024,Grass,,,,,,,,,,,,,,,,,,
df92,corentin-denolly,Corentin Denolly,2024,Carpet,,,,,,,,,,,,,,,,,,
df92,corentin-denolly,Corentin Denolly,2023,all,,,,,,,,,,,,,,,,,,
df92,corentin-denolly,Corentin Denolly,2023,Hard,,,,,,,,,,,,,,,,,,
df92,corentin-denolly,Corentin Denolly,2023,Clay,,,,,,,,,,,,,,,,,,
df92,corentin-denolly,Corentin Denolly,2023,Grass,,,,,,,,,,,,,,,,,,
df92,corentin-denolly,Corentin Denolly,2023,Carpet,,,,,,,,,,,,,,,,,,
lc12,laurent-lokoli,Laurent Lokoli,all,all,81,47,59,70,47,86,56,147,74,60,27,45,69,39,147,18,35,48
lc12,laurent-lokoli,Laurent Lokoli,all,Hard,38,19,63,68,46,50,60,79,75,60,24,46,32,41,78,17,33,47
lc12,laurent-lokoli,Laurent Lokoli,all,Clay,37,17,49,75,49,25,52,49,76,62,35,44,29,41,50,24,39,50
lc12,laurent-lokoli,Laurent Lokoli,all,Grass,6,11,65,67,43,11,45,19,68,58,21,39,8,25,19,11,28,44
lc12,laurent-lokoli,Laurent Lokoli,all,Carpet,,,,,,,,,,,,,,,,,,
lc12,laurent-lokoli,Laurent Lokoli,2026,all,,,,,,,,,,,,,,,,,,
lc12,laurent-lokoli,Laurent Lokoli,2026,Hard,,,,,,,,,,,,,,,,,,
lc12,laurent-lokoli,Laurent Lokoli,2026,Clay,,,,,,,,,,,,,,,,,,
lc12,laurent-lokoli,Laurent Lokoli,2026,Grass,,,,,,,,,,,,,,,,,,
lc12,laurent-lokoli,Laurent Lokoli,2026,Carpet,,,,,,,,,,,,,,,,,,
lc12,laurent-lokoli,Laurent Lokoli,2025,all,,,,,,,,,,,,,,,,,,
lc12,laurent-lokoli,Laurent Lokoli,2025,Hard,,,,,,,,,,,,,,,,,,
lc12,laurent-lokoli,Laurent Lokoli,2025,Clay,,,,,,,,,,,,,,,,,,
lc12,laurent-lokoli,Laurent Lokoli,2025,Grass,,,,,,,,,,,,,,,,,,
lc12,laurent-lokoli,Laurent Lokoli,2025,Carpet,,,,,,,,,,,,,,,,,,
lc12,laurent-lokoli,Laurent Lokoli,2024,all,,,,,,,,,,,,,,,,,,
lc12,laurent-lokoli,Laurent Lokoli,2024,Hard,,,,,,,,,,,,,,,,,,
lc12,laurent-lokoli,Laurent Lokoli,2024,Clay,,,,,,,,,,,,,,,,,,
lc12,laurent-lokoli,Laurent Lokoli,2024,Grass,,,,,,,,,,,,,,,,,,
lc12,laurent-lokoli,Laurent Lokoli,2024,Carpet,,,,,,,,,,,,,,,,,,
lc12,laurent-lokoli,Laurent Lokoli,2023,all,28,22,62,69,47,34,59,59,76,61,26,46,27,44,59,20,34,48
lc12,laurent-lokoli,Laurent Lokoli,2023,Hard,22,11,61,70,49,23,65,40,80,62,28,48,19,53,40,25,37,50
lc12,laurent-lokoli,Laurent Lokoli,2023,Clay,,,,,,,,,,,,,,,,,,
lc12,laurent-lokoli,Laurent Lokoli,2023,Grass,6,11,65,67,43,11,45,19,68,58,21,39,8,25,19,11,28,44
lc12,laurent-lokoli,Laurent Lokoli,2023,Carpet,,,,,,,,,,,,,,,,,,
c0p0,sergio-callejon-hernando,Sergio Callejon Hernando,all,all,,,,,,,,,,,,,,,,,,
c0p0,sergio-callejon-hernando,Sergio Callejon Hernando,all,Hard,,,,,,,,,,,,,,,,,,
c0p0,sergio-callejon-hernando,Sergio Callejon Hernando,all,Clay,,,,,,,,,,,,,,,,,,
c0p0,sergio-callejon-hernando,Sergio Callejon Hernando,all,Grass,,,,,,,,,,,,,,,,,,
c0p0,sergio-callejon-hernando,Sergio Callejon Hernando,all,Carpet,,,,,,,,,,,,,,,,,,
c0p0,sergio-callejon-hernando,Sergio Callejon Hernando,2026,all,,,,,,,,,,,,,,,,,,
c0p0,sergio-callejon-hernando,Sergio Callejon Hernando,2026,Hard,,,,,,,,,,,,,,,,,,
c0p0,sergio-callejon-hernando,Sergio Callejon Hernando,2026,Clay,,,,,,,,,,,,,,,,,,
c0p0,sergio-callejon-hernando,Sergio Callejon Hernando,2026,Grass,,,,,,,,,,,,,,,,,,
c0p0,sergio-callejon-hernando,Sergio Callejon Hernando,2026,Carpet,,,,,,,,,,,,,,,,,,
c0p0,sergio-callejon-hernando,Sergio Callejon Hernando,2025,all,,,,,,,,,,,,,,,,,,
c0p0,sergio-callejon-hernando,Sergio Callejon Hernando,2025,Hard,,,,,,,,,,,,,,,,,,
c0p0,sergio-callejon-hernando,Sergio Callejon Hernando,2025,Clay,,,,,,,,,,,,,,,,,,
c0p0,sergio-callejon-hernando,Sergio Callejon Hernando,2025,Grass,,,,,,,,,,,,,,,,,,
c0p0,sergio-callejon-hernando,Sergio Callejon Hernando,2025,Carpet,,,,,,,,,,,,,,,,,,
c0p0,sergio-callejon-hernando,Sergio Callejon Hernando,2024,all,,,,,,,,,,,,,,,,,,
c0p0,sergio-callejon-hernando,Sergio Callejon Hernando,2024,Hard,,,,,,,,,,,,,,,,,,
c0p0,sergio-callejon-hernando,Sergio Callejon Hernando,2024,Clay,,,,,,,,,,,,,,,,,,
c0p0,sergio-callejon-hernando,Sergio Callejon Hernando,2024,Grass,,,,,,,,,,,,,,,,,,
c0p0,sergio-callejon-hernando,Sergio Callejon Hernando,2024,Carpet,,,,,,,,,,,,,,,,,,
c0p0,sergio-callejon-hernando,Sergio Callejon Hernando,2023,all,,,,,,,,,,,,,,,,,,
c0p0,sergio-callejon-hernando,Sergio Callejon Hernando,2023,Hard,,,,,,,,,,,,,,,,,,
c0p0,sergio-callejon-hernando,Sergio Callejon Hernando,2023,Clay,,,,,,,,,,,,,,,,,,
c0p0,sergio-callejon-hernando,Sergio Callejon Hernando,2023,Grass,,,,,,,,,,,,,,,,,,
c0p0,sergio-callejon-hernando,Sergio Callejon Hernando,2023,Carpet,,,,,,,,,,,,,,,,,,
s0qz,sebastian-sorger,Sebastian Sorger,all,all,,,,,,,,,,,,,,,,,,
s0qz,sebastian-sorger,Sebastian Sorger,all,Hard,,,,,,,,,,,,,,,,,,
s0qz,sebastian-sorger,Sebastian Sorger,all,Clay,,,,,,,,,,,,,,,,,,
s0qz,sebastian-sorger,Sebastian Sorger,all,Grass,,,,,,,,,,,,,,,,,,
s0qz,sebastian-sorger,Sebastian Sorger,all,Carpet,,,,,,,,,,,,,,,,,,
s0qz,sebastian-sorger,Sebastian Sorger,2026,all,,,,,,,,,,,,,,,,,,
s0qz,sebastian-sorger,Sebastian Sorger,2026,Hard,,,,,,,,,,,,,,,,,,
s0qz,sebastian-sorger,Sebastian Sorger,2026,Clay,,,,,,,,,,,,,,,,,,
s0qz,sebastian-sorger,Sebastian Sorger,2026,Grass,,,,,,,,,,,,,,,,,,
s0qz,sebastian-sorger,Sebastian Sorger,2026,Carpet,,,,,,,,,,,,,,,,,,
s0qz,sebastian-sorger,Sebastian Sorger,2025,all,,,,,,,,,,,,,,,,,,
s0qz,sebastian-sorger,Sebastian Sorger,2025,Hard,,,,,,,,,,,,,,,,,,
s0qz,sebastian-sorger,Sebastian Sorger,2025,Clay,,,,,,,,,,,,,,,,,,
s0qz,sebastian-sorger,Sebastian Sorger,2025,Grass,,,,,,,,,,,,,,,,,,
s0qz,sebastian-sorger,Sebastian Sorger,2025,Carpet,,,,,,,,,,,,,,,,,,
s0qz,sebastian-sorger,Sebastian Sorger,2024,all,,,,,,,,,,,,,,,,,,
s0qz,sebastian-sorger,Sebastian Sorger,2024,Hard,,,,,,,,,,,,,,,,,,
s0qz,sebastian-sorger,Sebastian Sorger,2024,Clay,,,,,,,,,,,,,,,,,,
s0qz,sebastian-sorger,Sebastian Sorger,2024,Grass,,,,,,,,,,,,,,,,,,
s0qz,sebastian-sorger,Sebastian Sorger,2024,Carpet,,,,,,,,,,,,,,,,,,
s0qz,sebastian-sorger,Sebastian Sorger,2023,all,,,,,,,,,,,,,,,,,,
s0qz,sebastian-sorger,Sebastian Sorger,2023,Hard,,,,,,,,,,,,,,,,,,
s0qz,sebastian-sorger,Sebastian Sorger,2023,Clay,,,,,,,,,,,,,,,,,,
s0qz,sebastian-sorger,Sebastian Sorger,2023,Grass,,,,,,,,,,,,,,,,,,
s0qz,sebastian-sorger,Sebastian Sorger,2023,Carpet,,,,,,,,,,,,,,,,,,
y171,denis-yevseyev,Denis Yevseyev,all,all,14,13,62,70,44,35,69,45,76,60,32,46,24,38,47,19,37,49
y171,denis-yevseyev,Denis Yevseyev,all,Hard,7,7,61,71,42,19,68,21,71,59,36,35,7,43,22,14,36,47
y171,denis-yevseyev,Denis Yevseyev,all,Clay,7,6,62,69,46,16,69,24,79,60,29,55,17,35,25,24,38,50
y171,denis-yevseyev,Denis Yevseyev,all,Grass,,,,,,,,,,,,,,,,,,
y171,denis-yevseyev,Denis Yevseyev,all,Carpet,,,,,,,,,,,,,,,,,,
y171,denis-yevseyev,Denis Yevseyev,2026,all,,,,,,,,,,,,,,,,,,
y171,denis-yevseyev,Denis Yevseyev,2026,Hard,,,,,,,,,,,,,,,,,,
y171,denis-yevseyev,Denis Yevseyev,2026,Clay,,,,,,,,,,,,,,,,,,
y171,denis-yevseyev,Denis Yevseyev,2026,Grass,,,,,,,,,,,,,,,,,,
y171,denis-yevseyev,Denis Yevseyev,2026,Carpet,,,,,,,,,,,,,,,,,,
y171,denis-yevseyev,Denis Yevseyev,2025,all,0,0,0,0,0,0,0,0,0,0,0,0,0,0,0,0,0,0
y171,denis-yevseyev,Denis Yevseyev,2025,Hard,0,0,0,0,0,0,0,0,0,0,0,0,0,0,0,0,0,0
y171,denis-yevseyev,Denis Yevseyev,2025,Clay,,,,,,,,,,,,,,,,,,
y171,denis-yevseyev,Denis Yevseyev,2025,Grass,,,,,,,,,,,,,,,,,,
y171,denis-yevseyev,Denis Yevseyev,2025,Carpet,,,,,,,,,,,,,,,,,,
y171,denis-yevseyev,Denis Yevseyev,2024,all,13,12,62,70,42,30,73,36,78,59,33,51,22,41,38,24,39,50
y171,denis-yevseyev,Denis Yevseyev,2024,Hard,6,6,61,70,36,14,79,12,75,57,40,41,5,60,13,23,40,49
y171,denis-yevseyev,Denis Yevseyev,2024,Clay,7,6,62,69,46,16,69,24,79,60,29,55,17,35,25,24,38,50
y171,denis-yevseyev,Denis Yevseyev,2024,Grass,,,,,,,,,,,,,,,,,,
y171,denis-yevseyev,Denis Yevseyev,2024,Carpet,,,,,,,,,,,,,,,,,,
y171,denis-yevseyev,Denis Yevseyev,2023,all,1,1,60,71,53,5,40,9,67,64,28,27,2,0,9,0,28,45
y171,denis-yevseyev,Denis Yevseyev,2023,Hard,1,1,60,71,53,5,40,9,67,64,28,27,2,0,9,0,28,45
y171,denis-yevseyev,Denis Yevseyev,2023,Clay,,,,,,,,,,,,,,,,,,
y171,denis-yevseyev,Denis Yevseyev,2023,Grass,,,,,,,,,,,,,,,,,,
y171,denis-yevseyev,Denis Yevseyev,2023,Carpet,,,,,,,,,,,,,,,,,,
m0c2,dan--martin,Dan  Martin,all,all,0,1,57,40,52,10,50,8,38,45,14,25,0,0,7,0,18,34
m0c2,dan--martin,Dan  Martin,all,Hard,0,1,57,40,52,10,50,8,38,45,14,25,0,0,7,0,18,34
m0c2,dan--martin,Dan  Martin,all,Clay,,,,,,,,,,,,,,,,,,
m0c2,dan--martin,Dan  Martin,all,Grass,,,,,,,,,,,,,,,,,,
m0c2,dan--martin,Dan  Martin,all,Carpet,,,,,,,,,,,,,,,,,,
m0c2,dan--martin,Dan  Martin,2026,all,,,,,,,,,,,,,,,,,,
m0c2,dan--martin,Dan  Martin,2026,Hard,,,,,,,,,,,,,,,,,,
m0c2,dan--martin,Dan  Martin,2026,Clay,,,,,,,,,,,,,,,,,,
m0c2,dan--martin,Dan  Martin,2026,Grass,,,,,,,,,,,,,,,,,,
m0c2,dan--martin,Dan  Martin,2026,Carpet,,,,,,,,,,,,,,,,,,
m0c2,dan--martin,Dan  Martin,2025,all,0,1,57,40,52,10,50,8,38,45,14,25,0,0,7,0,18,34
m0c2,dan--martin,Dan  Martin,2025,Hard,0,1,57,40,52,10,50,8,38,45,14,25,0,0,7,0,18,34
m0c2,dan--martin,Dan  Martin,2025,Clay,,,,,,,,,,,,,,,,,,
m0c2,dan--martin,Dan  Martin,2025,Grass,,,,,,,,,,,,,,,,,,
m0c2,dan--martin,Dan  Martin,2025,Carpet,,,,,,,,,,,,,,,,,,
m0c2,dan--martin,Dan  Martin,2024,all,,,,,,,,,,,,,,,,,,
m0c2,dan--martin,Dan  Martin,2024,Hard,,,,,,,,,,,,,,,,,,
m0c2,dan--martin,Dan  Martin,2024,Clay,,,,,,,,,,,,,,,,,,
m0c2,dan--martin,Dan  Martin,2024,Grass,,,,,,,,,,,,,,,,,,
m0c2,dan--martin,Dan  Martin,2024,Carpet,,,,,,,,,,,,,,,,,,
m0c2,dan--martin,Dan  Martin,2023,all,,,,,,,,,,,,,,,,,,
m0c2,dan--martin,Dan  Martin,2023,Hard,,,,,,,,,,,,,,,,,,
m0c2,dan--martin,Dan  Martin,2023,Clay,,,,,,,,,,,,,,,,,,
m0c2,dan--martin,Dan  Martin,2023,Grass,,,,,,,,,,,,,,,,,,
m0c2,dan--martin,Dan  Martin,2023,Carpet,,,,,,,,,,,,,,,,,,
j0d2,maximus-jones,Maximus Jones,all,all,0,0,0,0,0,0,0,0,0,0,0,0,0,0,0,0,0,0
j0d2,maximus-jones,Maximus Jones,all,Hard,0,0,0,0,0,0,0,0,0,0,0,0,0,0,0,0,0,0
j0d2,maximus-jones,Maximus Jones,all,Clay,0,0,0,0,0,0,0,0,0,0,0,0,0,0,0,0,0,0
j0d2,maximus-jones,Maximus Jones,all,Grass,,,,,,,,,,,,,,,,,,
j0d2,maximus-jones,Maximus Jones,all,Carpet,,,,,,,,,,,,,,,,,,
j0d2,maximus-jones,Maximus Jones,2026,all,,,,,,,,,,,,,,,,,,
j0d2,maximus-jones,Maximus Jones,2026,Hard,,,,,,,,,,,,,,,,,,
j0d2,maximus-jones,Maximus Jones,2026,Clay,,,,,,,,,,,,,,,,,,
j0d2,maximus-jones,Maximus Jones,2026,Grass,,,,,,,,,,,,,,,,,,
j0d2,maximus-jones,Maximus Jones,2026,Carpet,,,,,,,,,,,,,,,,,,
j0d2,maximus-jones,Maximus Jones,2025,all,0,0,0,0,0,0,0,0,0,0,0,0,0,0,0,0,0,0
j0d2,maximus-jones,Maximus Jones,2025,Hard,,,,,,,,,,,,,,,,,,
j0d2,maximus-jones,Maximus Jones,2025,Clay,0,0,0,0,0,0,0,0,0,0,0,0,0,0,0,0,0,0
j0d2,maximus-jones,Maximus Jones,2025,Grass,,,,,,,,,,,,,,,,,,
j0d2,maximus-jones,Maximus Jones,2025,Carpet,,,,,,,,,,,,,,,,,,
j0d2,maximus-jones,Maximus Jones,2024,all,0,0,0,0,0,0,0,0,0,0,0,0,0,0,0,0,0,0
j0d2,maximus-jones,Maximus Jones,2024,Hard,,,,,,,,,,,,,,,,,,
j0d2,maximus-jones,Maximus Jones,2024,Clay,0,0,0,0,0,0,0,0,0,0,0,0,0,0,0,0,0,0
j0d2,maximus-jones,Maximus Jones,2024,Grass,,,,,,,,,,,,,,,,,,
j0d2,maximus-jones,Maximus Jones,2024,Carpet,,,,,,,,,,,,,,,,,,
j0d2,maximus-jones,Maximus Jones,2023,all,,,,,,,,,,,,,,,,,,
j0d2,maximus-jones,Maximus Jones,2023,Hard,,,,,,,,,,,,,,,,,,
j0d2,maximus-jones,Maximus Jones,2023,Clay,,,,,,,,,,,,,,,,,,
j0d2,maximus-jones,Maximus Jones,2023,Grass,,,,,,,,,,,,,,,,,,
j0d2,maximus-jones,Maximus Jones,2023,Carpet,,,,,,,,,,,,,,,,,,
a0i1,bor-artnak,Bor Artnak,all,all,0,0,0,0,0,0,0,0,0,0,0,0,0,0,0,0,0,0
a0i1,bor-artnak,Bor Artnak,all,Hard,0,0,0,0,0,0,0,0,0,0,0,0,0,0,0,0,0,0
a0i1,bor-artnak,Bor Artnak,all,Clay,0,0,0,0,0,0,0,0,0,0,0,0,0,0,0,0,0,0
a0i1,bor-artnak,Bor Artnak,all,Grass,,,,,,,,,,,,,,,,,,
a0i1,bor-artnak,Bor Artnak,all,Carpet,,,,,,,,,,,,,,,,,,
a0i1,bor-artnak,Bor Artnak,2026,all,0,0,0,0,0,0,0,0,0,0,0,0,0,0,0,0,0,0
a0i1,bor-artnak,Bor Artnak,2026,Hard,,,,,,,,,,,,,,,,,,
a0i1,bor-artnak,Bor Artnak,2026,Clay,0,0,0,0,0,0,0,0,0,0,0,0,0,0,0,0,0,0
a0i1,bor-artnak,Bor Artnak,2026,Grass,,,,,,,,,,,,,,,,,,
a0i1,bor-artnak,Bor Artnak,2026,Carpet,,,,,,,,,,,,,,,,,,
a0i1,bor-artnak,Bor Artnak,2025,all,0,0,0,0,0,0,0,0,0,0,0,0,0,0,0,0,0,0
a0i1,bor-artnak,Bor Artnak,2025,Hard,0,0,0,0,0,0,0,0,0,0,0,0,0,0,0,0,0,0
a0i1,bor-artnak,Bor Artnak,2025,Clay,0,0,0,0,0,0,0,0,0,0,0,0,0,0,0,0,0,0
a0i1,bor-artnak,Bor Artnak,2025,Grass,,,,,,,,,,,,,,,,,,
a0i1,bor-artnak,Bor Artnak,2025,Carpet,,,,,,,,,,,,,,,,,,
a0i1,bor-artnak,Bor Artnak,2024,all,,,,,,,,,,,,,,,,,,
a0i1,bor-artnak,Bor Artnak,2024,Hard,,,,,,,,,,,,,,,,,,
a0i1,bor-artnak,Bor Artnak,2024,Clay,,,,,,,,,,,,,,,,,,
a0i1,bor-artnak,Bor Artnak,2024,Grass,,,,,,,,,,,,,,,,,,
a0i1,bor-artnak,Bor Artnak,2024,Carpet,,,,,,,,,,,,,,,,,,
a0i1,bor-artnak,Bor Artnak,2023,all,0,0,0,0,0,0,0,0,0,0,0,0,0,0,0,0,0,0
a0i1,bor-artnak,Bor Artnak,2023,Hard,0,0,0,0,0,0,0,0,0,0,0,0,0,0,0,0,0,0
a0i1,bor-artnak,Bor Artnak,2023,Clay,,,,,,,,,,,,,,,,,,
a0i1,bor-artnak,Bor Artnak,2023,Grass,,,,,,,,,,,,,,,,,,
a0i1,bor-artnak,Bor Artnak,2023,Carpet,,,,,,,,,,,,,,,,,,
h0cd,alex-hernandez,Alex Hernandez,all,all,8,12,64,59,46,38,39,56,59,55,22,60,27,44,55,22,38,46
h0cd,alex-hernandez,Alex Hernandez,all,Hard,8,12,64,59,46,38,39,56,59,55,22,60,27,44,55,22,38,46
h0cd,alex-hernandez,Alex Hernandez,all,Clay,,,,,,,,,,,,,,,,,,
h0cd,alex-hernandez,Alex Hernandez,all,Grass,,,,,,,,,,,,,,,,,,
h0cd,alex-hernandez,Alex Hernandez,all,Carpet,,,,,,,,,,,,,,,,,,
h0cd,alex-hernandez,Alex Hernandez,2026,all,,,,,,,,,,,,,,,,,,
h0cd,alex-hernandez,Alex Hernandez,2026,Hard,,,,,,,,,,,,,,,,,,
h0cd,alex-hernandez,Alex Hernandez,2026,Clay,,,,,,,,,,,,,,,,,,
h0cd,alex-hernandez,Alex Hernandez,2026,Grass,,,,,,,,,,,,,,,,,,
h0cd,alex-hernandez,Alex Hernandez,2026,Carpet,,,,,,,,,,,,,,,,,,
h0cd,alex-hernandez,Alex Hernandez,2025,all,3,4,68,65,54,13,46,25,72,62,17,53,7,43,23,13,33,48
h0cd,alex-hernandez,Alex Hernandez,2025,Hard,3,4,68,65,54,13,46,25,72,62,17,53,7,43,23,13,33,48
h0cd,alex-hernandez,Alex Hernandez,2025,Clay,,,,,,,,,,,,,,,,,,
h0cd,alex-hernandez,Alex Hernandez,2025,Grass,,,,,,,,,,,,,,,,,,
h0cd,alex-hernandez,Alex Hernandez,2025,Carpet,,,,,,,,,,,,,,,,,,
h0cd,alex-hernandez,Alex Hernandez,2024,all,,,,,,,,,,,,,,,,,,
h0cd,alex-hernandez,Alex Hernandez,2024,Hard,,,,,,,,,,,,,,,,,,
h0cd,alex-hernandez,Alex Hernandez,2024,Clay,,,,,,,,,,,,,,,,,,
h0cd,alex-hernandez,Alex Hernandez,2024,Grass,,,,,,,,,,,,,,,,,,
h0cd,alex-hernandez,Alex Hernandez,2024,Carpet,,,,,,,,,,,,,,,,,,
h0cd,alex-hernandez,Alex Hernandez,2023,all,,,,,,,,,,,,,,,,,,
h0cd,alex-hernandez,Alex Hernandez,2023,Hard,,,,,,,,,,,,,,,,,,
h0cd,alex-hernandez,Alex Hernandez,2023,Clay,,,,,,,,,,,,,,,,,,
h0cd,alex-hernandez,Alex Hernandez,2023,Grass,,,,,,,,,,,,,,,,,,
h0cd,alex-hernandez,Alex Hernandez,2023,Carpet,,,,,,,,,,,,,,,,,,
so20,jelle-sels,Jelle Sels,all,all,,,,,,,,,,,,,,,,,,
so20,jelle-sels,Jelle Sels,all,Hard,,,,,,,,,,,,,,,,,,
so20,jelle-sels,Jelle Sels,all,Clay,,,,,,,,,,,,,,,,,,
so20,jelle-sels,Jelle Sels,all,Grass,,,,,,,,,,,,,,,,,,
so20,jelle-sels,Jelle Sels,all,Carpet,,,,,,,,,,,,,,,,,,
so20,jelle-sels,Jelle Sels,2026,all,,,,,,,,,,,,,,,,,,
so20,jelle-sels,Jelle Sels,2026,Hard,,,,,,,,,,,,,,,,,,
so20,jelle-sels,Jelle Sels,2026,Clay,,,,,,,,,,,,,,,,,,
so20,jelle-sels,Jelle Sels,2026,Grass,,,,,,,,,,,,,,,,,,
so20,jelle-sels,Jelle Sels,2026,Carpet,,,,,,,,,,,,,,,,,,
so20,jelle-sels,Jelle Sels,2025,all,,,,,,,,,,,,,,,,,,
so20,jelle-sels,Jelle Sels,2025,Hard,,,,,,,,,,,,,,,,,,
so20,jelle-sels,Jelle Sels,2025,Clay,,,,,,,,,,,,,,,,,,
so20,jelle-sels,Jelle Sels,2025,Grass,,,,,,,,,,,,,,,,,,
so20,jelle-sels,Jelle Sels,2025,Carpet,,,,,,,,,,,,,,,,,,
so20,jelle-sels,Jelle Sels,2024,all,,,,,,,,,,,,,,,,,,
so20,jelle-sels,Jelle Sels,2024,Hard,,,,,,,,,,,,,,,,,,
so20,jelle-sels,Jelle Sels,2024,Clay,,,,,,,,,,,,,,,,,,
so20,jelle-sels,Jelle Sels,2024,Grass,,,,,,,,,,,,,,,,,,
so20,jelle-sels,Jelle Sels,2024,Carpet,,,,,,,,,,,,,,,,,,
so20,jelle-sels,Jelle Sels,2023,all,,,,,,,,,,,,,,,,,,
so20,jelle-sels,Jelle Sels,2023,Hard,,,,,,,,,,,,,,,,,,
so20,jelle-sels,Jelle Sels,2023,Clay,,,,,,,,,,,,,,,,,,
so20,jelle-sels,Jelle Sels,2023,Grass,,,,,,,,,,,,,,,,,,
so20,jelle-sels,Jelle Sels,2023,Carpet,,,,,,,,,,,,,,,,,,
p0ea,saba-purtseladze,Saba Purtseladze,all,all,0,0,0,0,0,0,0,0,0,0,0,0,0,0,0,0,0,0
p0ea,saba-purtseladze,Saba Purtseladze,all,Hard,0,0,0,0,0,0,0,0,0,0,0,0,0,0,0,0,0,0
p0ea,saba-purtseladze,Saba Purtseladze,all,Clay,,,,,,,,,,,,,,,,,,
p0ea,saba-purtseladze,Saba Purtseladze,all,Grass,,,,,,,,,,,,,,,,,,
p0ea,saba-purtseladze,Saba Purtseladze,all,Carpet,,,,,,,,,,,,,,,,,,
p0ea,saba-purtseladze,Saba Purtseladze,2026,all,,,,,,,,,,,,,,,,,,
p0ea,saba-purtseladze,Saba Purtseladze,2026,Hard,,,,,,,,,,,,,,,,,,
p0ea,saba-purtseladze,Saba Purtseladze,2026,Clay,,,,,,,,,,,,,,,,,,
p0ea,saba-purtseladze,Saba Purtseladze,2026,Grass,,,,,,,,,,,,,,,,,,
p0ea,saba-purtseladze,Saba Purtseladze,2026,Carpet,,,,,,,,,,,,,,,,,,
p0ea,saba-purtseladze,Saba Purtseladze,2025,all,0,0,0,0,0,0,0,0,0,0,0,0,0,0,0,0,0,0
p0ea,saba-purtseladze,Saba Purtseladze,2025,Hard,0,0,0,0,0,0,0,0,0,0,0,0,0,0,0,0,0,0
p0ea,saba-purtseladze,Saba Purtseladze,2025,Clay,,,,,,,,,,,,,,,,,,
p0ea,saba-purtseladze,Saba Purtseladze,2025,Grass,,,,,,,,,,,,,,,,,,
p0ea,saba-purtseladze,Saba Purtseladze,2025,Carpet,,,,,,,,,,,,,,,,,,
p0ea,saba-purtseladze,Saba Purtseladze,2024,all,0,0,0,0,0,0,0,0,0,0,0,0,0,0,0,0,0,0
p0ea,saba-purtseladze,Saba Purtseladze,2024,Hard,0,0,0,0,0,0,0,0,0,0,0,0,0,0,0,0,0,0
p0ea,saba-purtseladze,Saba Purtseladze,2024,Clay,,,,,,,,,,,,,,,,,,
p0ea,saba-purtseladze,Saba Purtseladze,2024,Grass,,,,,,,,,,,,,,,,,,
p0ea,saba-purtseladze,Saba Purtseladze,2024,Carpet,,,,,,,,,,,,,,,,,,
p0ea,saba-purtseladze,Saba Purtseladze,2023,all,0,0,0,0,0,0,0,0,0,0,0,0,0,0,0,0,0,0
p0ea,saba-purtseladze,Saba Purtseladze,2023,Hard,0,0,0,0,0,0,0,0,0,0,0,0,0,0,0,0,0,0
p0ea,saba-purtseladze,Saba Purtseladze,2023,Clay,,,,,,,,,,,,,,,,,,
p0ea,saba-purtseladze,Saba Purtseladze,2023,Grass,,,,,,,,,,,,,,,,,,
p0ea,saba-purtseladze,Saba Purtseladze,2023,Carpet,,,,,,,,,,,,,,,,,,
m0cw,aidan-mchugh,Aidan Mchugh,all,all,,,,,,,,,,,,,,,,,,
m0cw,aidan-mchugh,Aidan Mchugh,all,Hard,,,,,,,,,,,,,,,,,,
m0cw,aidan-mchugh,Aidan Mchugh,all,Clay,,,,,,,,,,,,,,,,,,
m0cw,aidan-mchugh,Aidan Mchugh,all,Grass,,,,,,,,,,,,,,,,,,
m0cw,aidan-mchugh,Aidan Mchugh,all,Carpet,,,,,,,,,,,,,,,,,,
m0cw,aidan-mchugh,Aidan Mchugh,2026,all,,,,,,,,,,,,,,,,,,
m0cw,aidan-mchugh,Aidan Mchugh,2026,Hard,,,,,,,,,,,,,,,,,,
m0cw,aidan-mchugh,Aidan Mchugh,2026,Clay,,,,,,,,,,,,,,,,,,
m0cw,aidan-mchugh,Aidan Mchugh,2026,Grass,,,,,,,,,,,,,,,,,,
m0cw,aidan-mchugh,Aidan Mchugh,2026,Carpet,,,,,,,,,,,,,,,,,,
m0cw,aidan-mchugh,Aidan Mchugh,2025,all,,,,,,,,,,,,,,,,,,
m0cw,aidan-mchugh,Aidan Mchugh,2025,Hard,,,,,,,,,,,,,,,,,,
m0cw,aidan-mchugh,Aidan Mchugh,2025,Clay,,,,,,,,,,,,,,,,,,
m0cw,aidan-mchugh,Aidan Mchugh,2025,Grass,,,,,,,,,,,,,,,,,,
m0cw,aidan-mchugh,Aidan Mchugh,2025,Carpet,,,,,,,,,,,,,,,,,,
m0cw,aidan-mchugh,Aidan Mchugh,2024,all,,,,,,,,,,,,,,,,,,
m0cw,aidan-mchugh,Aidan Mchugh,2024,Hard,,,,,,,,,,,,,,,,,,
m0cw,aidan-mchugh,Aidan Mchugh,2024,Clay,,,,,,,,,,,,,,,,,,
m0cw,aidan-mchugh,Aidan Mchugh,2024,Grass,,,,,,,,,,,,,,,,,,
m0cw,aidan-mchugh,Aidan Mchugh,2024,Carpet,,,,,,,,,,,,,,,,,,
m0cw,aidan-mchugh,Aidan Mchugh,2023,all,,,,,,,,,,,,,,,,,,
m0cw,aidan-mchugh,Aidan Mchugh,2023,Hard,,,,,,,,,,,,,,,,,,
m0cw,aidan-mchugh,Aidan Mchugh,2023,Clay,,,,,,,,,,,,,,,,,,
m0cw,aidan-mchugh,Aidan Mchugh,2023,Grass,,,,,,,,,,,,,,,,,,
m0cw,aidan-mchugh,Aidan Mchugh,2023,Carpet,,,,,,,,,,,,,,,,,,
s0t1,joao-eduardo-schiessl,Joao Eduardo Schiessl,all,all,,,,,,,,,,,,,,,,,,
s0t1,joao-eduardo-schiessl,Joao Eduardo Schiessl,all,Hard,,,,,,,,,,,,,,,,,,
s0t1,joao-eduardo-schiessl,Joao Eduardo Schiessl,all,Clay,,,,,,,,,,,,,,,,,,
s0t1,joao-eduardo-schiessl,Joao Eduardo Schiessl,all,Grass,,,,,,,,,,,,,,,,,,
s0t1,joao-eduardo-schiessl,Joao Eduardo Schiessl,all,Carpet,,,,,,,,,,,,,,,,,,
s0t1,joao-eduardo-schiessl,Joao Eduardo Schiessl,2026,all,,,,,,,,,,,,,,,,,,
s0t1,joao-eduardo-schiessl,Joao Eduardo Schiessl,2026,Hard,,,,,,,,,,,,,,,,,,
s0t1,joao-eduardo-schiessl,Joao Eduardo Schiessl,2026,Clay,,,,,,,,,,,,,,,,,,
s0t1,joao-eduardo-schiessl,Joao Eduardo Schiessl,2026,Grass,,,,,,,,,,,,,,,,,,
s0t1,joao-eduardo-schiessl,Joao Eduardo Schiessl,2026,Carpet,,,,,,,,,,,,,,,,,,
s0t1,joao-eduardo-schiessl,Joao Eduardo Schiessl,2025,all,,,,,,,,,,,,,,,,,,
s0t1,joao-eduardo-schiessl,Joao Eduardo Schiessl,2025,Hard,,,,,,,,,,,,,,,,,,
s0t1,joao-eduardo-schiessl,Joao Eduardo Schiessl,2025,Clay,,,,,,,,,,,,,,,,,,
s0t1,joao-eduardo-schiessl,Joao Eduardo Schiessl,2025,Grass,,,,,,,,,,,,,,,,,,
s0t1,joao-eduardo-schiessl,Joao Eduardo Schiessl,2025,Carpet,,,,,,,,,,,,,,,,,,
s0t1,joao-eduardo-schiessl,Joao Eduardo Schiessl,2024,all,,,,,,,,,,,,,,,,,,
s0t1,joao-eduardo-schiessl,Joao Eduardo Schiessl,2024,Hard,,,,,,,,,,,,,,,,,,
s0t1,joao-eduardo-schiessl,Joao Eduardo Schiessl,2024,Clay,,,,,,,,,,,,,,,,,,
s0t1,joao-eduardo-schiessl,Joao Eduardo Schiessl,2024,Grass,,,,,,,,,,,,,,,,,,
s0t1,joao-eduardo-schiessl,Joao Eduardo Schiessl,2024,Carpet,,,,,,,,,,,,,,,,,,
s0t1,joao-eduardo-schiessl,Joao Eduardo Schiessl,2023,all,,,,,,,,,,,,,,,,,,
s0t1,joao-eduardo-schiessl,Joao Eduardo Schiessl,2023,Hard,,,,,,,,,,,,,,,,,,
s0t1,joao-eduardo-schiessl,Joao Eduardo Schiessl,2023,Clay,,,,,,,,,,,,,,,,,,
s0t1,joao-eduardo-schiessl,Joao Eduardo Schiessl,2023,Grass,,,,,,,,,,,,,,,,,,
s0t1,joao-eduardo-schiessl,Joao Eduardo Schiessl,2023,Carpet,,,,,,,,,,,,,,,,,,
p0b2,luca-potenza,Luca Potenza,all,all,,,,,,,,,,,,,,,,,,
p0b2,luca-potenza,Luca Potenza,all,Hard,,,,,,,,,,,,,,,,,,
p0b2,luca-potenza,Luca Potenza,all,Clay,,,,,,,,,,,,,,,,,,
p0b2,luca-potenza,Luca Potenza,all,Grass,,,,,,,,,,,,,,,,,,
p0b2,luca-potenza,Luca Potenza,all,Carpet,,,,,,,,,,,,,,,,,,
p0b2,luca-potenza,Luca Potenza,2026,all,,,,,,,,,,,,,,,,,,
p0b2,luca-potenza,Luca Potenza,2026,Hard,,,,,,,,,,,,,,,,,,
p0b2,luca-potenza,Luca Potenza,2026,Clay,,,,,,,,,,,,,,,,,,
p0b2,luca-potenza,Luca Potenza,2026,Grass,,,,,,,,,,,,,,,,,,
p0b2,luca-potenza,Luca Potenza,2026,Carpet,,,,,,,,,,,,,,,,,,
p0b2,luca-potenza,Luca Potenza,2025,all,,,,,,,,,,,,,,,,,,
p0b2,luca-potenza,Luca Potenza,2025,Hard,,,,,,,,,,,,,,,,,,
p0b2,luca-potenza,Luca Potenza,2025,Clay,,,,,,,,,,,,,,,,,,
p0b2,luca-potenza,Luca Potenza,2025,Grass,,,,,,,,,,,,,,,,,,
p0b2,luca-potenza,Luca Potenza,2025,Carpet,,,,,,,,,,,,,,,,,,
p0b2,luca-potenza,Luca Potenza,2024,all,,,,,,,,,,,,,,,,,,
p0b2,luca-potenza,Luca Potenza,2024,Hard,,,,,,,,,,,,,,,,,,
p0b2,luca-potenza,Luca Potenza,2024,Clay,,,,,,,,,,,,,,,,,,
p0b2,luca-potenza,Luca Potenza,2024,Grass,,,,,,,,,,,,,,,,,,
p0b2,luca-potenza,Luca Potenza,2024,Carpet,,,,,,,,,,,,,,,,,,
p0b2,luca-potenza,Luca Potenza,2023,all,,,,,,,,,,,,,,,,,,
p0b2,luca-potenza,Luca Potenza,2023,Hard,,,,,,,,,,,,,,,,,,
p0b2,luca-potenza,Luca Potenza,2023,Clay,,,,,,,,,,,,,,,,,,
p0b2,luca-potenza,Luca Potenza,2023,Grass,,,,,,,,,,,,,,,,,,
p0b2,luca-potenza,Luca Potenza,2023,Carpet,,,,,,,,,,,,,,,,,,
a829,radu-albot,Radu Albot,all,all,634,711,64,66,49,1858,57,2887,73,60,29,51,1731,37,2896,22,37,49
a829,radu-albot,Radu Albot,all,Hard,447,453,64,67,49,1175,59,1801,73,60,28,50,1057,37,1806,22,37,49
a829,radu-albot,Radu Albot,all,Clay,87,174,64,63,49,474,53,718,69,58,30,51,454,38,717,24,38,48
a829,radu-albot,Radu Albot,all,Grass,100,84,64,68,51,209,58,368,76,62,26,53,220,31,373,18,36,49
a829,radu-albot,Radu Albot,all,Carpet,0,0,0,0,0,0,0,0,0,0,0,0,0,0,0,0,0,0
a829,radu-albot,Radu Albot,2026,all,,,,,,,,,,,,,,,,,,
a829,radu-albot,Radu Albot,2026,Hard,,,,,,,,,,,,,,,,,,
a829,radu-albot,Radu Albot,2026,Clay,,,,,,,,,,,,,,,,,,
a829,radu-albot,Radu Albot,2026,Grass,,,,,,,,,,,,,,,,,,
a829,radu-albot,Radu Albot,2026,Carpet,,,,,,,,,,,,,,,,,,
a829,radu-albot,Radu Albot,2025,all,0,1,60,51,54,5,20,10,60,52,32,33,3,33,9,11,32,43
a829,radu-albot,Radu Albot,2025,Hard,,,,,,,,,,,,,,,,,,
a829,radu-albot,Radu Albot,2025,Clay,0,1,60,51,54,5,20,10,60,52,32,33,3,33,9,11,32,43
a829,radu-albot,Radu Albot,2025,Grass,,,,,,,,,,,,,,,,,,
a829,radu-albot,Radu Albot,2025,Carpet,,,,,,,,,,,,,,,,,,
a829,radu-albot,Radu Albot,2024,all,32,37,64,66,51,86,59,136,74,61,26,52,77,35,137,20,37,49
a829,radu-albot,Radu Albot,2024,Hard,23,20,66,64,51,59,66,75,73,60,28,51,45,33,76,20,37,49
a829,radu-albot,Radu Albot,2024,Clay,6,6,65,73,52,7,29,25,80,66,29,46,13,31,24,17,36,50
a829,radu-albot,Radu Albot,2024,Grass,3,11,60,65,51,20,50,36,72,60,20,59,19,42,37,22,37,48
a829,radu-albot,Radu Albot,2024,Carpet,,,,,,,,,,,,,,,,,,
a829,radu-albot,Radu Albot,2023,all,44,56,63,66,46,152,57,217,70,59,30,48,122,38,220,21,37,48
a829,radu-albot,Radu Albot,2023,Hard,38,35,63,67,49,96,60,144,74,60,29,48,70,39,146,18,36,48
a829,radu-albot,Radu Albot,2023,Clay,6,15,63,64,41,40,50,54,63,56,36,47,45,36,55,29,40,48
a829,radu-albot,Radu Albot,2023,Grass,0,6,65,63,42,16,56,19,63,56,15,51,7,43,19,16,30,44
a829,radu-albot,Radu Albot,2023,Carpet,,,,,,,,,,,,,,,,,,
b0gi,alexander-binda,Alexander Binda,all,all,,,,,,,,,,,,,,,,,,
b0gi,alexander-binda,Alexander Binda,all,Hard,,,,,,,,,,,,,,,,,,
b0gi,alexander-binda,Alexander Binda,all,Clay,,,,,,,,,,,,,,,,,,
b0gi,alexander-binda,Alexander Binda,all,Grass,,,,,,,,,,,,,,,,,,
b0gi,alexander-binda,Alexander Binda,all,Carpet,,,,,,,,,,,,,,,,,,
b0gi,alexander-binda,Alexander Binda,2026,all,,,,,,,,,,,,,,,,,,
b0gi,alexander-binda,Alexander Binda,2026,Hard,,,,,,,,,,,,,,,,,,
b0gi,alexander-binda,Alexander Binda,2026,Clay,,,,,,,,,,,,,,,,,,
b0gi,alexander-binda,Alexander Binda,2026,Grass,,,,,,,,,,,,,,,,,,
b0gi,alexander-binda,Alexander Binda,2026,Carpet,,,,,,,,,,,,,,,,,,
b0gi,alexander-binda,Alexander Binda,2025,all,,,,,,,,,,,,,,,,,,
b0gi,alexander-binda,Alexander Binda,2025,Hard,,,,,,,,,,,,,,,,,,
b0gi,alexander-binda,Alexander Binda,2025,Clay,,,,,,,,,,,,,,,,,,
b0gi,alexander-binda,Alexander Binda,2025,Grass,,,,,,,,,,,,,,,,,,
b0gi,alexander-binda,Alexander Binda,2025,Carpet,,,,,,,,,,,,,,,,,,
b0gi,alexander-binda,Alexander Binda,2024,all,,,,,,,,,,,,,,,,,,
b0gi,alexander-binda,Alexander Binda,2024,Hard,,,,,,,,,,,,,,,,,,
b0gi,alexander-binda,Alexander Binda,2024,Clay,,,,,,,,,,,,,,,,,,
b0gi,alexander-binda,Alexander Binda,2024,Grass,,,,,,,,,,,,,,,,,,
b0gi,alexander-binda,Alexander Binda,2024,Carpet,,,,,,,,,,,,,,,,,,
b0gi,alexander-binda,Alexander Binda,2023,all,,,,,,,,,,,,,,,,,,
b0gi,alexander-binda,Alexander Binda,2023,Hard,,,,,,,,,,,,,,,,,,
b0gi,alexander-binda,Alexander Binda,2023,Clay,,,,,,,,,,,,,,,,,,
b0gi,alexander-binda,Alexander Binda,2023,Grass,,,,,,,,,,,,,,,,,,
b0gi,alexander-binda,Alexander Binda,2023,Carpet,,,,,,,,,,,,,,,,,,
c0ow,lorenzo-carboni,Lorenzo Carboni,all,all,,,,,,,,,,,,,,,,,,
c0ow,lorenzo-carboni,Lorenzo Carboni,all,Hard,,,,,,,,,,,,,,,,,,
c0ow,lorenzo-carboni,Lorenzo Carboni,all,Clay,,,,,,,,,,,,,,,,,,
c0ow,lorenzo-carboni,Lorenzo Carboni,all,Grass,,,,,,,,,,,,,,,,,,
c0ow,lorenzo-carboni,Lorenzo Carboni,all,Carpet,,,,,,,,,,,,,,,,,,
c0ow,lorenzo-carboni,Lorenzo Carboni,2026,all,,,,,,,,,,,,,,,,,,
c0ow,lorenzo-carboni,Lorenzo Carboni,2026,Hard,,,,,,,,,,,,,,,,,,
c0ow,lorenzo-carboni,Lorenzo Carboni,2026,Clay,,,,,,,,,,,,,,,,,,
c0ow,lorenzo-carboni,Lorenzo Carboni,2026,Grass,,,,,,,,,,,,,,,,,,
c0ow,lorenzo-carboni,Lorenzo Carboni,2026,Carpet,,,,,,,,,,,,,,,,,,
c0ow,lorenzo-carboni,Lorenzo Carboni,2025,all,,,,,,,,,,,,,,,,,,
c0ow,lorenzo-carboni,Lorenzo Carboni,2025,Hard,,,,,,,,,,,,,,,,,,
c0ow,lorenzo-carboni,Lorenzo Carboni,2025,Clay,,,,,,,,,,,,,,,,,,
c0ow,lorenzo-carboni,Lorenzo Carboni,2025,Grass,,,,,,,,,,,,,,,,,,
c0ow,lorenzo-carboni,Lorenzo Carboni,2025,Carpet,,,,,,,,,,,,,,,,,,
c0ow,lorenzo-carboni,Lorenzo Carboni,2024,all,,,,,,,,,,,,,,,,,,
c0ow,lorenzo-carboni,Lorenzo Carboni,2024,Hard,,,,,,,,,,,,,,,,,,
c0ow,lorenzo-carboni,Lorenzo Carboni,2024,Clay,,,,,,,,,,,,,,,,,,
c0ow,lorenzo-carboni,Lorenzo Carboni,2024,Grass,,,,,,,,,,,,,,,,,,
c0ow,lorenzo-carboni,Lorenzo Carboni,2024,Carpet,,,,,,,,,,,,,,,,,,
c0ow,lorenzo-carboni,Lorenzo Carboni,2023,all,,,,,,,,,,,,,,,,,,
c0ow,lorenzo-carboni,Lorenzo Carboni,2023,Hard,,,,,,,,,,,,,,,,,,
c0ow,lorenzo-carboni,Lorenzo Carboni,2023,Clay,,,,,,,,,,,,,,,,,,
c0ow,lorenzo-carboni,Lorenzo Carboni,2023,Grass,,,,,,,,,,,,,,,,,,
c0ow,lorenzo-carboni,Lorenzo Carboni,2023,Carpet,,,,,,,,,,,,,,,,,,
b0ek,moerani-bouzige,Moerani Bouzige,all,all,,,,,,,,,,,,,,,,,,
b0ek,moerani-bouzige,Moerani Bouzige,all,Hard,,,,,,,,,,,,,,,,,,
b0ek,moerani-bouzige,Moerani Bouzige,all,Clay,,,,,,,,,,,,,,,,,,
b0ek,moerani-bouzige,Moerani Bouzige,all,Grass,,,,,,,,,,,,,,,,,,
b0ek,moerani-bouzige,Moerani Bouzige,all,Carpet,,,,,,,,,,,,,,,,,,
b0ek,moerani-bouzige,Moerani Bouzige,2026,all,,,,,,,,,,,,,,,,,,
b0ek,moerani-bouzige,Moerani Bouzige,2026,Hard,,,,,,,,,,,,,,,,,,
b0ek,moerani-bouzige,Moerani Bouzige,2026,Clay,,,,,,,,,,,,,,,,,,
b0ek,moerani-bouzige,Moerani Bouzige,2026,Grass,,,,,,,,,,,,,,,,,,
b0ek,moerani-bouzige,Moerani Bouzige,2026,Carpet,,,,,,,,,,,,,,,,,,
b0ek,moerani-bouzige,Moerani Bouzige,2025,all,,,,,,,,,,,,,,,,,,
b0ek,moerani-bouzige,Moerani Bouzige,2025,Hard,,,,,,,,,,,,,,,,,,
b0ek,moerani-bouzige,Moerani Bouzige,2025,Clay,,,,,,,,,,,,,,,,,,
b0ek,moerani-bouzige,Moerani Bouzige,2025,Grass,,,,,,,,,,,,,,,,,,
b0ek,moerani-bouzige,Moerani Bouzige,2025,Carpet,,,,,,,,,,,,,,,,,,
b0ek,moerani-bouzige,Moerani Bouzige,2024,all,,,,,,,,,,,,,,,,,,
b0ek,moerani-bouzige,Moerani Bouzige,2024,Hard,,,,,,,,,,,,,,,,,,
b0ek,moerani-bouzige,Moerani Bouzige,2024,Clay,,,,,,,,,,,,,,,,,,
b0ek,moerani-bouzige,Moerani Bouzige,2024,Grass,,,,,,,,,,,,,,,,,,
b0ek,moerani-bouzige,Moerani Bouzige,2024,Carpet,,,,,,,,,,,,,,,,,,
b0ek,moerani-bouzige,Moerani Bouzige,2023,all,,,,,,,,,,,,,,,,,,
b0ek,moerani-bouzige,Moerani Bouzige,2023,Hard,,,,,,,,,,,,,,,,,,
b0ek,moerani-bouzige,Moerani Bouzige,2023,Clay,,,,,,,,,,,,,,,,,,
b0ek,moerani-bouzige,Moerani Bouzige,2023,Grass,,,,,,,,,,,,,,,,,,
b0ek,moerani-bouzige,Moerani Bouzige,2023,Carpet,,,,,,,,,,,,,,,,,,
w0c4,edward-winter,Edward Winter,all,all,,,,,,,,,,,,,,,,,,
w0c4,edward-winter,Edward Winter,all,Hard,,,,,,,,,,,,,,,,,,
w0c4,edward-winter,Edward Winter,all,Clay,,,,,,,,,,,,,,,,,,
w0c4,edward-winter,Edward Winter,all,Grass,,,,,,,,,,,,,,,,,,
w0c4,edward-winter,Edward Winter,all,Carpet,,,,,,,,,,,,,,,,,,
w0c4,edward-winter,Edward Winter,2026,all,,,,,,,,,,,,,,,,,,
w0c4,edward-winter,Edward Winter,2026,Hard,,,,,,,,,,,,,,,,,,
w0c4,edward-winter,Edward Winter,2026,Clay,,,,,,,,,,,,,,,,,,
w0c4,edward-winter,Edward Winter,2026,Grass,,,,,,,,,,,,,,,,,,
w0c4,edward-winter,Edward Winter,2026,Carpet,,,,,,,,,,,,,,,,,,
w0c4,edward-winter,Edward Winter,2025,all,,,,,,,,,,,,,,,,,,
w0c4,edward-winter,Edward Winter,2025,Hard,,,,,,,,,,,,,,,,,,
w0c4,edward-winter,Edward Winter,2025,Clay,,,,,,,,,,,,,,,,,,
w0c4,edward-winter,Edward Winter,2025,Grass,,,,,,,,,,,,,,,,,,
w0c4,edward-winter,Edward Winter,2025,Carpet,,,,,,,,,,,,,,,,,,
w0c4,edward-winter,Edward Winter,2024,all,,,,,,,,,,,,,,,,,,
w0c4,edward-winter,Edward Winter,2024,Hard,,,,,,,,,,,,,,,,,,
w0c4,edward-winter,Edward Winter,2024,Clay,,,,,,,,,,,,,,,,,,
w0c4,edward-winter,Edward Winter,2024,Grass,,,,,,,,,,,,,,,,,,
w0c4,edward-winter,Edward Winter,2024,Carpet,,,,,,,,,,,,,,,,,,
w0c4,edward-winter,Edward Winter,2023,all,,,,,,,,,,,,,,,,,,
w0c4,edward-winter,Edward Winter,2023,Hard,,,,,,,,,,,,,,,,,,
w0c4,edward-winter,Edward Winter,2023,Clay,,,,,,,,,,,,,,,,,,
w0c4,edward-winter,Edward Winter,2023,Grass,,,,,,,,,,,,,,,,,,
w0c4,edward-winter,Edward Winter,2023,Carpet,,,,,,,,,,,,,,,,,,
s0gv,robert-strombachs,Robert Strombachs,all,all,0,0,0,0,0,0,0,0,0,0,0,0,0,0,0,0,0,0
s0gv,robert-strombachs,Robert Strombachs,all,Hard,0,0,0,0,0,0,0,0,0,0,0,0,0,0,0,0,0,0
s0gv,robert-strombachs,Robert Strombachs,all,Clay,,,,,,,,,,,,,,,,,,
s0gv,robert-strombachs,Robert Strombachs,all,Grass,,,,,,,,,,,,,,,,,,
s0gv,robert-strombachs,Robert Strombachs,all,Carpet,,,,,,,,,,,,,,,,,,
s0gv,robert-strombachs,Robert Strombachs,2026,all,0,0,0,0,0,0,0,0,0,0,0,0,0,0,0,0,0,0
s0gv,robert-strombachs,Robert Strombachs,2026,Hard,0,0,0,0,0,0,0,0,0,0,0,0,0,0,0,0,0,0
s0gv,robert-strombachs,Robert Strombachs,2026,Clay,,,,,,,,,,,,,,,,,,
s0gv,robert-strombachs,Robert Strombachs,2026,Grass,,,,,,,,,,,,,,,,,,
s0gv,robert-strombachs,Robert Strombachs,2026,Carpet,,,,,,,,,,,,,,,,,,
s0gv,robert-strombachs,Robert Strombachs,2025,all,0,0,0,0,0,0,0,0,0,0,0,0,0,0,0,0,0,0
s0gv,robert-strombachs,Robert Strombachs,2025,Hard,0,0,0,0,0,0,0,0,0,0,0,0,0,0,0,0,0,0
s0gv,robert-strombachs,Robert Strombachs,2025,Clay,,,,,,,,,,,,,,,,,,
s0gv,robert-strombachs,Robert Strombachs,2025,Grass,,,,,,,,,,,,,,,,,,
s0gv,robert-strombachs,Robert Strombachs,2025,Carpet,,,,,,,,,,,,,,,,,,
s0gv,robert-strombachs,Robert Strombachs,2024,all,0,0,0,0,0,0,0,0,0,0,0,0,0,0,0,0,0,0
s0gv,robert-strombachs,Robert Strombachs,2024,Hard,0,0,0,0,0,0,0,0,0,0,0,0,0,0,0,0,0,0
s0gv,robert-strombachs,Robert Strombachs,2024,Clay,,,,,,,,,,,,,,,,,,
s0gv,robert-strombachs,Robert Strombachs,2024,Grass,,,,,,,,,,,,,,,,,,
s0gv,robert-strombachs,Robert Strombachs,2024,Carpet,,,,,,,,,,,,,,,,,,
s0gv,robert-strombachs,Robert Strombachs,2023,all,0,0,0,0,0,0,0,0,0,0,0,0,0,0,0,0,0,0
s0gv,robert-strombachs,Robert Strombachs,2023,Hard,0,0,0,0,0,0,0,0,0,0,0,0,0,0,0,0,0,0
s0gv,robert-strombachs,Robert Strombachs,2023,Clay,,,,,,,,,,,,,,,,,,
s0gv,robert-strombachs,Robert Strombachs,2023,Grass,,,,,,,,,,,,,,,,,,
s0gv,robert-strombachs,Robert Strombachs,2023,Carpet,,,,,,,,,,,,,,,,,,
d0a2,matthew-dellavedova,Matthew Dellavedova,all,all,,,,,,,,,,,,,,,,,,
d0a2,matthew-dellavedova,Matthew Dellavedova,all,Hard,,,,,,,,,,,,,,,,,,
d0a2,matthew-dellavedova,Matthew Dellavedova,all,Clay,,,,,,,,,,,,,,,,,,
d0a2,matthew-dellavedova,Matthew Dellavedova,all,Grass,,,,,,,,,,,,,,,,,,
d0a2,matthew-dellavedova,Matthew Dellavedova,all,Carpet,,,,,,,,,,,,,,,,,,
d0a2,matthew-dellavedova,Matthew Dellavedova,2026,all,,,,,,,,,,,,,,,,,,
d0a2,matthew-dellavedova,Matthew Dellavedova,2026,Hard,,,,,,,,,,,,,,,,,,
d0a2,matthew-dellavedova,Matthew Dellavedova,2026,Clay,,,,,,,,,,,,,,,,,,
d0a2,matthew-dellavedova,Matthew Dellavedova,2026,Grass,,,,,,,,,,,,,,,,,,
d0a2,matthew-dellavedova,Matthew Dellavedova,2026,Carpet,,,,,,,,,,,,,,,,,,
d0a2,matthew-dellavedova,Matthew Dellavedova,2025,all,,,,,,,,,,,,,,,,,,
d0a2,matthew-dellavedova,Matthew Dellavedova,2025,Hard,,,,,,,,,,,,,,,,,,
d0a2,matthew-dellavedova,Matthew Dellavedova,2025,Clay,,,,,,,,,,,,,,,,,,
d0a2,matthew-dellavedova,Matthew Dellavedova,2025,Grass,,,,,,,,,,,,,,,,,,
d0a2,matthew-dellavedova,Matthew Dellavedova,2025,Carpet,,,,,,,,,,,,,,,,,,
d0a2,matthew-dellavedova,Matthew Dellavedova,2024,all,,,,,,,,,,,,,,,,,,
d0a2,matthew-dellavedova,Matthew Dellavedova,2024,Hard,,,,,,,,,,,,,,,,,,
d0a2,matthew-dellavedova,Matthew Dellavedova,2024,Clay,,,,,,,,,,,,,,,,,,
d0a2,matthew-dellavedova,Matthew Dellavedova,2024,Grass,,,,,,,,,,,,,,,,,,
d0a2,matthew-dellavedova,Matthew Dellavedova,2024,Carpet,,,,,,,,,,,,,,,,,,
d0a2,matthew-dellavedova,Matthew Dellavedova,2023,all,,,,,,,,,,,,,,,,,,
d0a2,matthew-dellavedova,Matthew Dellavedova,2023,Hard,,,,,,,,,,,,,,,,,,
d0a2,matthew-dellavedova,Matthew Dellavedova,2023,Clay,,,,,,,,,,,,,,,,,,
d0a2,matthew-dellavedova,Matthew Dellavedova,2023,Grass,,,,,,,,,,,,,,,,,,
d0a2,matthew-dellavedova,Matthew Dellavedova,2023,Carpet,,,,,,,,,,,,,,,,,,
s0c2,hikaru-shiraishi,Hikaru Shiraishi,all,all,,,,,,,,,,,,,,,,,,
s0c2,hikaru-shiraishi,Hikaru Shiraishi,all,Hard,,,,,,,,,,,,,,,,,,
s0c2,hikaru-shiraishi,Hikaru Shiraishi,all,Clay,,,,,,,,,,,,,,,,,,
s0c2,hikaru-shiraishi,Hikaru Shiraishi,all,Grass,,,,,,,,,,,,,,,,,,
s0c2,hikaru-shiraishi,Hikaru Shiraishi,all,Carpet,,,,,,,,,,,,,,,,,,
s0c2,hikaru-shiraishi,Hikaru Shiraishi,2026,all,,,,,,,,,,,,,,,,,,
s0c2,hikaru-shiraishi,Hikaru Shiraishi,2026,Hard,,,,,,,,,,,,,,,,,,
s0c2,hikaru-shiraishi,Hikaru Shiraishi,2026,Clay,,,,,,,,,,,,,,,,,,
s0c2,hikaru-shiraishi,Hikaru Shiraishi,2026,Grass,,,,,,,,,,,,,,,,,,
s0c2,hikaru-shiraishi,Hikaru Shiraishi,2026,Carpet,,,,,,,,,,,,,,,,,,
s0c2,hikaru-shiraishi,Hikaru Shiraishi,2025,all,,,,,,,,,,,,,,,,,,
s0c2,hikaru-shiraishi,Hikaru Shiraishi,2025,Hard,,,,,,,,,,,,,,,,,,
s0c2,hikaru-shiraishi,Hikaru Shiraishi,2025,Clay,,,,,,,,,,,,,,,,,,
s0c2,hikaru-shiraishi,Hikaru Shiraishi,2025,Grass,,,,,,,,,,,,,,,,,,
s0c2,hikaru-shiraishi,Hikaru Shiraishi,2025,Carpet,,,,,,,,,,,,,,,,,,
s0c2,hikaru-shiraishi,Hikaru Shiraishi,2024,all,,,,,,,,,,,,,,,,,,
s0c2,hikaru-shiraishi,Hikaru Shiraishi,2024,Hard,,,,,,,,,,,,,,,,,,
s0c2,hikaru-shiraishi,Hikaru Shiraishi,2024,Clay,,,,,,,,,,,,,,,,,,
s0c2,hikaru-shiraishi,Hikaru Shiraishi,2024,Grass,,,,,,,,,,,,,,,,,,
s0c2,hikaru-shiraishi,Hikaru Shiraishi,2024,Carpet,,,,,,,,,,,,,,,,,,
s0c2,hikaru-shiraishi,Hikaru Shiraishi,2023,all,,,,,,,,,,,,,,,,,,
s0c2,hikaru-shiraishi,Hikaru Shiraishi,2023,Hard,,,,,,,,,,,,,,,,,,
s0c2,hikaru-shiraishi,Hikaru Shiraishi,2023,Clay,,,,,,,,,,,,,,,,,,
s0c2,hikaru-shiraishi,Hikaru Shiraishi,2023,Grass,,,,,,,,,,,,,,,,,,
s0c2,hikaru-shiraishi,Hikaru Shiraishi,2023,Carpet,,,,,,,,,,,,,,,,,,
v0d0,niels-visker,Niels Visker,all,all,,,,,,,,,,,,,,,,,,
v0d0,niels-visker,Niels Visker,all,Hard,,,,,,,,,,,,,,,,,,
v0d0,niels-visker,Niels Visker,all,Clay,,,,,,,,,,,,,,,,,,
v0d0,niels-visker,Niels Visker,all,Grass,,,,,,,,,,,,,,,,,,
v0d0,niels-visker,Niels Visker,all,Carpet,,,,,,,,,,,,,,,,,,
v0d0,niels-visker,Niels Visker,2026,all,,,,,,,,,,,,,,,,,,
v0d0,niels-visker,Niels Visker,2026,Hard,,,,,,,,,,,,,,,,,,
v0d0,niels-visker,Niels Visker,2026,Clay,,,,,,,,,,,,,,,,,,
v0d0,niels-visker,Niels Visker,2026,Grass,,,,,,,,,,,,,,,,,,
v0d0,niels-visker,Niels Visker,2026,Carpet,,,,,,,,,,,,,,,,,,
v0d0,niels-visker,Niels Visker,2025,all,,,,,,,,,,,,,,,,,,
v0d0,niels-visker,Niels Visker,2025,Hard,,,,,,,,,,,,,,,,,,
v0d0,niels-visker,Niels Visker,2025,Clay,,,,,,,,,,,,,,,,,,
v0d0,niels-visker,Niels Visker,2025,Grass,,,,,,,,,,,,,,,,,,
v0d0,niels-visker,Niels Visker,2025,Carpet,,,,,,,,,,,,,,,,,,
v0d0,niels-visker,Niels Visker,2024,all,,,,,,,,,,,,,,,,,,
v0d0,niels-visker,Niels Visker,2024,Hard,,,,,,,,,,,,,,,,,,
v0d0,niels-visker,Niels Visker,2024,Clay,,,,,,,,,,,,,,,,,,
v0d0,niels-visker,Niels Visker,2024,Grass,,,,,,,,,,,,,,,,,,
v0d0,niels-visker,Niels Visker,2024,Carpet,,,,,,,,,,,,,,,,,,
v0d0,niels-visker,Niels Visker,2023,all,,,,,,,,,,,,,,,,,,
v0d0,niels-visker,Niels Visker,2023,Hard,,,,,,,,,,,,,,,,,,
v0d0,niels-visker,Niels Visker,2023,Clay,,,,,,,,,,,,,,,,,,
v0d0,niels-visker,Niels Visker,2023,Grass,,,,,,,,,,,,,,,,,,
v0d0,niels-visker,Niels Visker,2023,Carpet,,,,,,,,,,,,,,,,,,
v0dg,quinn-vandecasteele,Quinn Vandecasteele,all,all,,,,,,,,,,,,,,,,,,
v0dg,quinn-vandecasteele,Quinn Vandecasteele,all,Hard,,,,,,,,,,,,,,,,,,
v0dg,quinn-vandecasteele,Quinn Vandecasteele,all,Clay,,,,,,,,,,,,,,,,,,
v0dg,quinn-vandecasteele,Quinn Vandecasteele,all,Grass,,,,,,,,,,,,,,,,,,
v0dg,quinn-vandecasteele,Quinn Vandecasteele,all,Carpet,,,,,,,,,,,,,,,,,,
v0dg,quinn-vandecasteele,Quinn Vandecasteele,2026,all,,,,,,,,,,,,,,,,,,
v0dg,quinn-vandecasteele,Quinn Vandecasteele,2026,Hard,,,,,,,,,,,,,,,,,,
v0dg,quinn-vandecasteele,Quinn Vandecasteele,2026,Clay,,,,,,,,,,,,,,,,,,
v0dg,quinn-vandecasteele,Quinn Vandecasteele,2026,Grass,,,,,,,,,,,,,,,,,,
v0dg,quinn-vandecasteele,Quinn Vandecasteele,2026,Carpet,,,,,,,,,,,,,,,,,,
v0dg,quinn-vandecasteele,Quinn Vandecasteele,2025,all,,,,,,,,,,,,,,,,,,
v0dg,quinn-vandecasteele,Quinn Vandecasteele,2025,Hard,,,,,,,,,,,,,,,,,,
v0dg,quinn-vandecasteele,Quinn Vandecasteele,2025,Clay,,,,,,,,,,,,,,,,,,
v0dg,quinn-vandecasteele,Quinn Vandecasteele,2025,Grass,,,,,,,,,,,,,,,,,,
v0dg,quinn-vandecasteele,Quinn Vandecasteele,2025,Carpet,,,,,,,,,,,,,,,,,,
v0dg,quinn-vandecasteele,Quinn Vandecasteele,2024,all,,,,,,,,,,,,,,,,,,
v0dg,quinn-vandecasteele,Quinn Vandecasteele,2024,Hard,,,,,,,,,,,,,,,,,,
v0dg,quinn-vandecasteele,Quinn Vandecasteele,2024,Clay,,,,,,,,,,,,,,,,,,
v0dg,quinn-vandecasteele,Quinn Vandecasteele,2024,Grass,,,,,,,,,,,,,,,,,,
v0dg,quinn-vandecasteele,Quinn Vandecasteele,2024,Carpet,,,,,,,,,,,,,,,,,,
v0dg,quinn-vandecasteele,Quinn Vandecasteele,2023,all,,,,,,,,,,,,,,,,,,
v0dg,quinn-vandecasteele,Quinn Vandecasteele,2023,Hard,,,,,,,,,,,,,,,,,,
v0dg,quinn-vandecasteele,Quinn Vandecasteele,2023,Clay,,,,,,,,,,,,,,,,,,
v0dg,quinn-vandecasteele,Quinn Vandecasteele,2023,Grass,,,,,,,,,,,,,,,,,,
v0dg,quinn-vandecasteele,Quinn Vandecasteele,2023,Carpet,,,,,,,,,,,,,,,,,,
i426,masamichi-imamura,Masamichi Imamura,all,all,,,,,,,,,,,,,,,,,,
i426,masamichi-imamura,Masamichi Imamura,all,Hard,,,,,,,,,,,,,,,,,,
i426,masamichi-imamura,Masamichi Imamura,all,Clay,,,,,,,,,,,,,,,,,,
i426,masamichi-imamura,Masamichi Imamura,all,Grass,,,,,,,,,,,,,,,,,,
i426,masamichi-imamura,Masamichi Imamura,all,Carpet,,,,,,,,,,,,,,,,,,
i426,masamichi-imamura,Masamichi Imamura,2026,all,,,,,,,,,,,,,,,,,,
i426,masamichi-imamura,Masamichi Imamura,2026,Hard,,,,,,,,,,,,,,,,,,
i426,masamichi-imamura,Masamichi Imamura,2026,Clay,,,,,,,,,,,,,,,,,,
i426,masamichi-imamura,Masamichi Imamura,2026,Grass,,,,,,,,,,,,,,,,,,
i426,masamichi-imamura,Masamichi Imamura,2026,Carpet,,,,,,,,,,,,,,,,,,
i426,masamichi-imamura,Masamichi Imamura,2025,all,,,,,,,,,,,,,,,,,,
i426,masamichi-imamura,Masamichi Imamura,2025,Hard,,,,,,,,,,,,,,,,,,
i426,masamichi-imamura,Masamichi Imamura,2025,Clay,,,,,,,,,,,,,,,,,,
i426,masamichi-imamura,Masamichi Imamura,2025,Grass,,,,,,,,,,,,,,,,,,
i426,masamichi-imamura,Masamichi Imamura,2025,Carpet,,,,,,,,,,,,,,,,,,
i426,masamichi-imamura,Masamichi Imamura,2024,all,,,,,,,,,,,,,,,,,,
i426,masamichi-imamura,Masamichi Imamura,2024,Hard,,,,,,,,,,,,,,,,,,
i426,masamichi-imamura,Masamichi Imamura,2024,Clay,,,,,,,,,,,,,,,,,,
i426,masamichi-imamura,Masamichi Imamura,2024,Grass,,,,,,,,,,,,,,,,,,
i426,masamichi-imamura,Masamichi Imamura,2024,Carpet,,,,,,,,,,,,,,,,,,
i426,masamichi-imamura,Masamichi Imamura,2023,all,,,,,,,,,,,,,,,,,,
i426,masamichi-imamura,Masamichi Imamura,2023,Hard,,,,,,,,,,,,,,,,,,
i426,masamichi-imamura,Masamichi Imamura,2023,Clay,,,,,,,,,,,,,,,,,,
i426,masamichi-imamura,Masamichi Imamura,2023,Grass,,,,,,,,,,,,,,,,,,
i426,masamichi-imamura,Masamichi Imamura,2023,Carpet,,,,,,,,,,,,,,,,,,
m0ey,alex-marti-pujolras,Alex Marti Pujolras,all,all,,,,,,,,,,,,,,,,,,
m0ey,alex-marti-pujolras,Alex Marti Pujolras,all,Hard,,,,,,,,,,,,,,,,,,
m0ey,alex-marti-pujolras,Alex Marti Pujolras,all,Clay,,,,,,,,,,,,,,,,,,
m0ey,alex-marti-pujolras,Alex Marti Pujolras,all,Grass,,,,,,,,,,,,,,,,,,
m0ey,alex-marti-pujolras,Alex Marti Pujolras,all,Carpet,,,,,,,,,,,,,,,,,,
m0ey,alex-marti-pujolras,Alex Marti Pujolras,2026,all,,,,,,,,,,,,,,,,,,
m0ey,alex-marti-pujolras,Alex Marti Pujolras,2026,Hard,,,,,,,,,,,,,,,,,,
m0ey,alex-marti-pujolras,Alex Marti Pujolras,2026,Clay,,,,,,,,,,,,,,,,,,
m0ey,alex-marti-pujolras,Alex Marti Pujolras,2026,Grass,,,,,,,,,,,,,,,,,,
m0ey,alex-marti-pujolras,Alex Marti Pujolras,2026,Carpet,,,,,,,,,,,,,,,,,,
m0ey,alex-marti-pujolras,Alex Marti Pujolras,2025,all,,,,,,,,,,,,,,,,,,
m0ey,alex-marti-pujolras,Alex Marti Pujolras,2025,Hard,,,,,,,,,,,,,,,,,,
m0ey,alex-marti-pujolras,Alex Marti Pujolras,2025,Clay,,,,,,,,,,,,,,,,,,
m0ey,alex-marti-pujolras,Alex Marti Pujolras,2025,Grass,,,,,,,,,,,,,,,,,,
m0ey,alex-marti-pujolras,Alex Marti Pujolras,2025,Carpet,,,,,,,,,,,,,,,,,,
m0ey,alex-marti-pujolras,Alex Marti Pujolras,2024,all,,,,,,,,,,,,,,,,,,
m0ey,alex-marti-pujolras,Alex Marti Pujolras,2024,Hard,,,,,,,,,,,,,,,,,,
m0ey,alex-marti-pujolras,Alex Marti Pujolras,2024,Clay,,,,,,,,,,,,,,,,,,
m0ey,alex-marti-pujolras,Alex Marti Pujolras,2024,Grass,,,,,,,,,,,,,,,,,,
m0ey,alex-marti-pujolras,Alex Marti Pujolras,2024,Carpet,,,,,,,,,,,,,,,,,,
m0ey,alex-marti-pujolras,Alex Marti Pujolras,2023,all,,,,,,,,,,,,,,,,,,
m0ey,alex-marti-pujolras,Alex Marti Pujolras,2023,Hard,,,,,,,,,,,,,,,,,,
m0ey,alex-marti-pujolras,Alex Marti Pujolras,2023,Clay,,,,,,,,,,,,,,,,,,
m0ey,alex-marti-pujolras,Alex Marti Pujolras,2023,Grass,,,,,,,,,,,,,,,,,,
m0ey,alex-marti-pujolras,Alex Marti Pujolras,2023,Carpet,,,,,,,,,,,,,,,,,,
r0bc,lorenzo-joaquin-rodriguez,Lorenzo Joaquin Rodriguez,all,all,,,,,,,,,,,,,,,,,,
r0bc,lorenzo-joaquin-rodriguez,Lorenzo Joaquin Rodriguez,all,Hard,,,,,,,,,,,,,,,,,,
r0bc,lorenzo-joaquin-rodriguez,Lorenzo Joaquin Rodriguez,all,Clay,,,,,,,,,,,,,,,,,,
r0bc,lorenzo-joaquin-rodriguez,Lorenzo Joaquin Rodriguez,all,Grass,,,,,,,,,,,,,,,,,,
r0bc,lorenzo-joaquin-rodriguez,Lorenzo Joaquin Rodriguez,all,Carpet,,,,,,,,,,,,,,,,,,
r0bc,lorenzo-joaquin-rodriguez,Lorenzo Joaquin Rodriguez,2026,all,,,,,,,,,,,,,,,,,,
r0bc,lorenzo-joaquin-rodriguez,Lorenzo Joaquin Rodriguez,2026,Hard,,,,,,,,,,,,,,,,,,
r0bc,lorenzo-joaquin-rodriguez,Lorenzo Joaquin Rodriguez,2026,Clay,,,,,,,,,,,,,,,,,,
r0bc,lorenzo-joaquin-rodriguez,Lorenzo Joaquin Rodriguez,2026,Grass,,,,,,,,,,,,,,,,,,
r0bc,lorenzo-joaquin-rodriguez,Lorenzo Joaquin Rodriguez,2026,Carpet,,,,,,,,,,,,,,,,,,
r0bc,lorenzo-joaquin-rodriguez,Lorenzo Joaquin Rodriguez,2025,all,,,,,,,,,,,,,,,,,,
r0bc,lorenzo-joaquin-rodriguez,Lorenzo Joaquin Rodriguez,2025,Hard,,,,,,,,,,,,,,,,,,
r0bc,lorenzo-joaquin-rodriguez,Lorenzo Joaquin Rodriguez,2025,Clay,,,,,,,,,,,,,,,,,,
r0bc,lorenzo-joaquin-rodriguez,Lorenzo Joaquin Rodriguez,2025,Grass,,,,,,,,,,,,,,,,,,
r0bc,lorenzo-joaquin-rodriguez,Lorenzo Joaquin Rodriguez,2025,Carpet,,,,,,,,,,,,,,,,,,
r0bc,lorenzo-joaquin-rodriguez,Lorenzo Joaquin Rodriguez,2024,all,,,,,,,,,,,,,,,,,,
r0bc,lorenzo-joaquin-rodriguez,Lorenzo Joaquin Rodriguez,2024,Hard,,,,,,,,,,,,,,,,,,
r0bc,lorenzo-joaquin-rodriguez,Lorenzo Joaquin Rodriguez,2024,Clay,,,,,,,,,,,,,,,,,,
r0bc,lorenzo-joaquin-rodriguez,Lorenzo Joaquin Rodriguez,2024,Grass,,,,,,,,,,,,,,,,,,
r0bc,lorenzo-joaquin-rodriguez,Lorenzo Joaquin Rodriguez,2024,Carpet,,,,,,,,,,,,,,,,,,
r0bc,lorenzo-joaquin-rodriguez,Lorenzo Joaquin Rodriguez,2023,all,,,,,,,,,,,,,,,,,,
r0bc,lorenzo-joaquin-rodriguez,Lorenzo Joaquin Rodriguez,2023,Hard,,,,,,,,,,,,,,,,,,
r0bc,lorenzo-joaquin-rodriguez,Lorenzo Joaquin Rodriguez,2023,Clay,,,,,,,,,,,,,,,,,,
r0bc,lorenzo-joaquin-rodriguez,Lorenzo Joaquin Rodriguez,2023,Grass,,,,,,,,,,,,,,,,,,
r0bc,lorenzo-joaquin-rodriguez,Lorenzo Joaquin Rodriguez,2023,Carpet,,,,,,,,,,,,,,,,,,
p0hy,samuele-pieri,Samuele Pieri,all,all,,,,,,,,,,,,,,,,,,
p0hy,samuele-pieri,Samuele Pieri,all,Hard,,,,,,,,,,,,,,,,,,
p0hy,samuele-pieri,Samuele Pieri,all,Clay,,,,,,,,,,,,,,,,,,
p0hy,samuele-pieri,Samuele Pieri,all,Grass,,,,,,,,,,,,,,,,,,
p0hy,samuele-pieri,Samuele Pieri,all,Carpet,,,,,,,,,,,,,,,,,,
p0hy,samuele-pieri,Samuele Pieri,2026,all,,,,,,,,,,,,,,,,,,
p0hy,samuele-pieri,Samuele Pieri,2026,Hard,,,,,,,,,,,,,,,,,,
p0hy,samuele-pieri,Samuele Pieri,2026,Clay,,,,,,,,,,,,,,,,,,
p0hy,samuele-pieri,Samuele Pieri,2026,Grass,,,,,,,,,,,,,,,,,,
p0hy,samuele-pieri,Samuele Pieri,2026,Carpet,,,,,,,,,,,,,,,,,,
p0hy,samuele-pieri,Samuele Pieri,2025,all,,,,,,,,,,,,,,,,,,
p0hy,samuele-pieri,Samuele Pieri,2025,Hard,,,,,,,,,,,,,,,,,,
p0hy,samuele-pieri,Samuele Pieri,2025,Clay,,,,,,,,,,,,,,,,,,
p0hy,samuele-pieri,Samuele Pieri,2025,Grass,,,,,,,,,,,,,,,,,,
p0hy,samuele-pieri,Samuele Pieri,2025,Carpet,,,,,,,,,,,,,,,,,,
p0hy,samuele-pieri,Samuele Pieri,2024,all,,,,,,,,,,,,,,,,,,
p0hy,samuele-pieri,Samuele Pieri,2024,Hard,,,,,,,,,,,,,,,,,,
p0hy,samuele-pieri,Samuele Pieri,2024,Clay,,,,,,,,,,,,,,,,,,
p0hy,samuele-pieri,Samuele Pieri,2024,Grass,,,,,,,,,,,,,,,,,,
p0hy,samuele-pieri,Samuele Pieri,2024,Carpet,,,,,,,,,,,,,,,,,,
p0hy,samuele-pieri,Samuele Pieri,2023,all,,,,,,,,,,,,,,,,,,
p0hy,samuele-pieri,Samuele Pieri,2023,Hard,,,,,,,,,,,,,,,,,,
p0hy,samuele-pieri,Samuele Pieri,2023,Clay,,,,,,,,,,,,,,,,,,
p0hy,samuele-pieri,Samuele Pieri,2023,Grass,,,,,,,,,,,,,,,,,,
p0hy,samuele-pieri,Samuele Pieri,2023,Carpet,,,,,,,,,,,,,,,,,,
v0j1,jacopo-vasami,Jacopo Vasami,all,all,,,,,,,,,,,,,,,,,,
v0j1,jacopo-vasami,Jacopo Vasami,all,Hard,,,,,,,,,,,,,,,,,,
v0j1,jacopo-vasami,Jacopo Vasami,all,Clay,,,,,,,,,,,,,,,,,,
v0j1,jacopo-vasami,Jacopo Vasami,all,Grass,,,,,,,,,,,,,,,,,,
v0j1,jacopo-vasami,Jacopo Vasami,all,Carpet,,,,,,,,,,,,,,,,,,
v0j1,jacopo-vasami,Jacopo Vasami,2026,all,,,,,,,,,,,,,,,,,,
v0j1,jacopo-vasami,Jacopo Vasami,2026,Hard,,,,,,,,,,,,,,,,,,
v0j1,jacopo-vasami,Jacopo Vasami,2026,Clay,,,,,,,,,,,,,,,,,,
v0j1,jacopo-vasami,Jacopo Vasami,2026,Grass,,,,,,,,,,,,,,,,,,
v0j1,jacopo-vasami,Jacopo Vasami,2026,Carpet,,,,,,,,,,,,,,,,,,
v0j1,jacopo-vasami,Jacopo Vasami,2025,all,,,,,,,,,,,,,,,,,,
v0j1,jacopo-vasami,Jacopo Vasami,2025,Hard,,,,,,,,,,,,,,,,,,
v0j1,jacopo-vasami,Jacopo Vasami,2025,Clay,,,,,,,,,,,,,,,,,,
v0j1,jacopo-vasami,Jacopo Vasami,2025,Grass,,,,,,,,,,,,,,,,,,
v0j1,jacopo-vasami,Jacopo Vasami,2025,Carpet,,,,,,,,,,,,,,,,,,
v0j1,jacopo-vasami,Jacopo Vasami,2024,all,,,,,,,,,,,,,,,,,,
v0j1,jacopo-vasami,Jacopo Vasami,2024,Hard,,,,,,,,,,,,,,,,,,
v0j1,jacopo-vasami,Jacopo Vasami,2024,Clay,,,,,,,,,,,,,,,,,,
v0j1,jacopo-vasami,Jacopo Vasami,2024,Grass,,,,,,,,,,,,,,,,,,
v0j1,jacopo-vasami,Jacopo Vasami,2024,Carpet,,,,,,,,,,,,,,,,,,
v0j1,jacopo-vasami,Jacopo Vasami,2023,all,,,,,,,,,,,,,,,,,,
v0j1,jacopo-vasami,Jacopo Vasami,2023,Hard,,,,,,,,,,,,,,,,,,
v0j1,jacopo-vasami,Jacopo Vasami,2023,Clay,,,,,,,,,,,,,,,,,,
v0j1,jacopo-vasami,Jacopo Vasami,2023,Grass,,,,,,,,,,,,,,,,,,
v0j1,jacopo-vasami,Jacopo Vasami,2023,Carpet,,,,,,,,,,,,,,,,,,
hf80,hady-habib,Hady Habib,all,all,50,20,61,75,52,41,61,73,78,66,23,36,15,40,75,8,28,47
hf80,hady-habib,Hady Habib,all,Hard,50,20,61,75,52,41,61,73,78,66,23,36,15,40,75,8,28,47
hf80,hady-habib,Hady Habib,all,Clay,0,0,0,0,0,0,0,0,0,0,0,0,0,0,0,0,0,0
hf80,hady-habib,Hady Habib,all,Grass,,,,,,,,,,,,,,,,,,
hf80,hady-habib,Hady Habib,all,Carpet,,,,,,,,,,,,,,,,,,
hf80,hady-habib,Hady Habib,2026,all,1,6,53,69,38,7,43,9,56,55,33,31,3,33,9,11,33,44
hf80,hady-habib,Hady Habib,2026,Hard,1,6,53,69,38,7,43,9,56,55,33,31,3,33,9,11,33,44
hf80,hady-habib,Hady Habib,2026,Clay,,,,,,,,,,,,,,,,,,
hf80,hady-habib,Hady Habib,2026,Grass,,,,,,,,,,,,,,,,,,
hf80,hady-habib,Hady Habib,2026,Carpet,,,,,,,,,,,,,,,,,,
hf80,hady-habib,Hady Habib,2025,all,49,14,62,76,54,34,65,64,81,67,21,37,12,42,66,8,27,47
hf80,hady-habib,Hady Habib,2025,Hard,49,14,62,76,54,34,65,64,81,67,21,37,12,42,66,8,27,47
hf80,hady-habib,Hady Habib,2025,Clay,0,0,0,0,0,0,0,0,0,0,0,0,0,0,0,0,0,0
hf80,hady-habib,Hady Habib,2025,Grass,,,,,,,,,,,,,,,,,,
hf80,hady-habib,Hady Habib,2025,Carpet,,,,,,,,,,,,,,,,,,
hf80,hady-habib,Hady Habib,2024,all,0,0,0,0,0,0,0,0,0,0,0,0,0,0,0,0,0,0
hf80,hady-habib,Hady Habib,2024,Hard,,,,,,,,,,,,,,,,,,
hf80,hady-habib,Hady Habib,2024,Clay,0,0,0,0,0,0,0,0,0,0,0,0,0,0,0,0,0,0
hf80,hady-habib,Hady Habib,2024,Grass,,,,,,,,,,,,,,,,,,
hf80,hady-habib,Hady Habib,2024,Carpet,,,,,,,,,,,,,,,,,,
hf80,hady-habib,Hady Habib,2023,all,0,0,0,0,0,0,0,0,0,0,0,0,0,0,0,0,0,0
hf80,hady-habib,Hady Habib,2023,Hard,0,0,0,0,0,0,0,0,0,0,0,0,0,0,0,0,0,0
hf80,hady-habib,Hady Habib,2023,Clay,,,,,,,,,,,,,,,,,,
hf80,hady-habib,Hady Habib,2023,Grass,,,,,,,,,,,,,,,,,,
hf80,hady-habib,Hady Habib,2023,Carpet,,,,,,,,,,,,,,,,,,
n830,johan-nikles,Johan Nikles,all,all,2,10,63,60,45,46,61,45,60,55,28,45,19,37,44,16,34,45
n830,johan-nikles,Johan Nikles,all,Hard,,,,,,,,,,,,,,,,,,
n830,johan-nikles,Johan Nikles,all,Clay,2,10,63,60,45,46,61,45,60,55,28,45,19,37,44,16,34,45
n830,johan-nikles,Johan Nikles,all,Grass,,,,,,,,,,,,,,,,,,
n830,johan-nikles,Johan Nikles,all,Carpet,,,,,,,,,,,,,,,,,,
n830,johan-nikles,Johan Nikles,2026,all,,,,,,,,,,,,,,,,,,
n830,johan-nikles,Johan Nikles,2026,Hard,,,,,,,,,,,,,,,,,,
n830,johan-nikles,Johan Nikles,2026,Clay,,,,,,,,,,,,,,,,,,
n830,johan-nikles,Johan Nikles,2026,Grass,,,,,,,,,,,,,,,,,,
n830,johan-nikles,Johan Nikles,2026,Carpet,,,,,,,,,,,,,,,,,,
n830,johan-nikles,Johan Nikles,2025,all,,,,,,,,,,,,,,,,,,
n830,johan-nikles,Johan Nikles,2025,Hard,,,,,,,,,,,,,,,,,,
n830,johan-nikles,Johan Nikles,2025,Clay,,,,,,,,,,,,,,,,,,
n830,johan-nikles,Johan Nikles,2025,Grass,,,,,,,,,,,,,,,,,,
n830,johan-nikles,Johan Nikles,2025,Carpet,,,,,,,,,,,,,,,,,,
n830,johan-nikles,Johan Nikles,2024,all,,,,,,,,,,,,,,,,,,
n830,johan-nikles,Johan Nikles,2024,Hard,,,,,,,,,,,,,,,,,,
n830,johan-nikles,Johan Nikles,2024,Clay,,,,,,,,,,,,,,,,,,
n830,johan-nikles,Johan Nikles,2024,Grass,,,,,,,,,,,,,,,,,,
n830,johan-nikles,Johan Nikles,2024,Carpet,,,,,,,,,,,,,,,,,,
n830,johan-nikles,Johan Nikles,2023,all,,,,,,,,,,,,,,,,,,
n830,johan-nikles,Johan Nikles,2023,Hard,,,,,,,,,,,,,,,,,,
n830,johan-nikles,Johan Nikles,2023,Clay,,,,,,,,,,,,,,,,,,
n830,johan-nikles,Johan Nikles,2023,Grass,,,,,,,,,,,,,,,,,,
n830,johan-nikles,Johan Nikles,2023,Carpet,,,,,,,,,,,,,,,,,,
n0eg,arthur-nagel,Arthur Nagel,all,all,,,,,,,,,,,,,,,,,,
n0eg,arthur-nagel,Arthur Nagel,all,Hard,,,,,,,,,,,,,,,,,,
n0eg,arthur-nagel,Arthur Nagel,all,Clay,,,,,,,,,,,,,,,,,,
n0eg,arthur-nagel,Arthur Nagel,all,Grass,,,,,,,,,,,,,,,,,,
n0eg,arthur-nagel,Arthur Nagel,all,Carpet,,,,,,,,,,,,,,,,,,
n0eg,arthur-nagel,Arthur Nagel,2026,all,,,,,,,,,,,,,,,,,,
n0eg,arthur-nagel,Arthur Nagel,2026,Hard,,,,,,,,,,,,,,,,,,
n0eg,arthur-nagel,Arthur Nagel,2026,Clay,,,,,,,,,,,,,,,,,,
n0eg,arthur-nagel,Arthur Nagel,2026,Grass,,,,,,,,,,,,,,,,,,
n0eg,arthur-nagel,Arthur Nagel,2026,Carpet,,,,,,,,,,,,,,,,,,
n0eg,arthur-nagel,Arthur Nagel,2025,all,,,,,,,,,,,,,,,,,,
n0eg,arthur-nagel,Arthur Nagel,2025,Hard,,,,,,,,,,,,,,,,,,
n0eg,arthur-nagel,Arthur Nagel,2025,Clay,,,,,,,,,,,,,,,,,,
n0eg,arthur-nagel,Arthur Nagel,2025,Grass,,,,,,,,,,,,,,,,,,
n0eg,arthur-nagel,Arthur Nagel,2025,Carpet,,,,,,,,,,,,,,,,,,
n0eg,arthur-nagel,Arthur Nagel,2024,all,,,,,,,,,,,,,,,,,,
n0eg,arthur-nagel,Arthur Nagel,2024,Hard,,,,,,,,,,,,,,,,,,
n0eg,arthur-nagel,Arthur Nagel,2024,Clay,,,,,,,,,,,,,,,,,,
n0eg,arthur-nagel,Arthur Nagel,2024,Grass,,,,,,,,,,,,,,,,,,
n0eg,arthur-nagel,Arthur Nagel,2024,Carpet,,,,,,,,,,,,,,,,,,
n0eg,arthur-nagel,Arthur Nagel,2023,all,,,,,,,,,,,,,,,,,,
n0eg,arthur-nagel,Arthur Nagel,2023,Hard,,,,,,,,,,,,,,,,,,
n0eg,arthur-nagel,Arthur Nagel,2023,Clay,,,,,,,,,,,,,,,,,,
n0eg,arthur-nagel,Arthur Nagel,2023,Grass,,,,,,,,,,,,,,,,,,
n0eg,arthur-nagel,Arthur Nagel,2023,Carpet,,,,,,,,,,,,,,,,,,
s0de,dhakshineswar-suresh,Dhakshineswar Suresh,all,all,0,3,60,64,42,7,57,9,67,55,17,56,1,0,9,0,29,44
s0de,dhakshineswar-suresh,Dhakshineswar Suresh,all,Hard,0,3,60,64,42,7,57,9,67,55,17,56,1,0,9,0,29,44
s0de,dhakshineswar-suresh,Dhakshineswar Suresh,all,Clay,,,,,,,,,,,,,,,,,,
s0de,dhakshineswar-suresh,Dhakshineswar Suresh,all,Grass,,,,,,,,,,,,,,,,,,
s0de,dhakshineswar-suresh,Dhakshineswar Suresh,all,Carpet,,,,,,,,,,,,,,,,,,
s0de,dhakshineswar-suresh,Dhakshineswar Suresh,2026,all,0,0,0,0,0,0,0,0,0,0,0,0,0,0,0,0,0,0
s0de,dhakshineswar-suresh,Dhakshineswar Suresh,2026,Hard,0,0,0,0,0,0,0,0,0,0,0,0,0,0,0,0,0,0
s0de,dhakshineswar-suresh,Dhakshineswar Suresh,2026,Clay,,,,,,,,,,,,,,,,,,
s0de,dhakshineswar-suresh,Dhakshineswar Suresh,2026,Grass,,,,,,,,,,,,,,,,,,
s0de,dhakshineswar-suresh,Dhakshineswar Suresh,2026,Carpet,,,,,,,,,,,,,,,,,,
s0de,dhakshineswar-suresh,Dhakshineswar Suresh,2025,all,0,3,60,64,42,7,57,9,67,55,17,56,1,0,9,0,29,44
s0de,dhakshineswar-suresh,Dhakshineswar Suresh,2025,Hard,0,3,60,64,42,7,57,9,67,55,17,56,1,0,9,0,29,44
s0de,dhakshineswar-suresh,Dhakshineswar Suresh,2025,Clay,,,,,,,,,,,,,,,,,,
s0de,dhakshineswar-suresh,Dhakshineswar Suresh,2025,Grass,,,,,,,,,,,,,,,,,,
s0de,dhakshineswar-suresh,Dhakshineswar Suresh,2025,Carpet,,,,,,,,,,,,,,,,,,
s0de,dhakshineswar-suresh,Dhakshineswar Suresh,2024,all,,,,,,,,,,,,,,,,,,
s0de,dhakshineswar-suresh,Dhakshineswar Suresh,2024,Hard,,,,,,,,,,,,,,,,,,
s0de,dhakshineswar-suresh,Dhakshineswar Suresh,2024,Clay,,,,,,,,,,,,,,,,,,
s0de,dhakshineswar-suresh,Dhakshineswar Suresh,2024,Grass,,,,,,,,,,,,,,,,,,
s0de,dhakshineswar-suresh,Dhakshineswar Suresh,2024,Carpet,,,,,,,,,,,,,,,,,,
s0de,dhakshineswar-suresh,Dhakshineswar Suresh,2023,all,,,,,,,,,,,,,,,,,,
s0de,dhakshineswar-suresh,Dhakshineswar Suresh,2023,Hard,,,,,,,,,,,,,,,,,,
s0de,dhakshineswar-suresh,Dhakshineswar Suresh,2023,Clay,,,,,,,,,,,,,,,,,,
s0de,dhakshineswar-suresh,Dhakshineswar Suresh,2023,Grass,,,,,,,,,,,,,,,,,,
s0de,dhakshineswar-suresh,Dhakshineswar Suresh,2023,Carpet,,,,,,,,,,,,,,,,,,
a09u,nicolas-alvarez-varona,Nicolas Alvarez Varona,all,all,17,17,64,69,32,26,54,33,64,56,32,56,19,53,31,32,42,49
a09u,nicolas-alvarez-varona,Nicolas Alvarez Varona,all,Hard,10,5,65,68,42,15,60,22,73,59,36,53,11,55,21,29,42,50
a09u,nicolas-alvarez-varona,Nicolas Alvarez Varona,all,Clay,7,12,63,72,14,11,45,11,45,51,23,64,8,50,10,40,40,46
a09u,nicolas-alvarez-varona,Nicolas Alvarez Varona,all,Grass,,,,,,,,,,,,,,,,,,
a09u,nicolas-alvarez-varona,Nicolas Alvarez Varona,all,Carpet,,,,,,,,,,,,,,,,,,
a09u,nicolas-alvarez-varona,Nicolas Alvarez Varona,2026,all,,,,,,,,,,,,,,,,,,
a09u,nicolas-alvarez-varona,Nicolas Alvarez Varona,2026,Hard,,,,,,,,,,,,,,,,,,
a09u,nicolas-alvarez-varona,Nicolas Alvarez Varona,2026,Clay,,,,,,,,,,,,,,,,,,
a09u,nicolas-alvarez-varona,Nicolas Alvarez Varona,2026,Grass,,,,,,,,,,,,,,,,,,
a09u,nicolas-alvarez-varona,Nicolas Alvarez Varona,2026,Carpet,,,,,,,,,,,,,,,,,,
a09u,nicolas-alvarez-varona,Nicolas Alvarez Varona,2025,all,,,,,,,,,,,,,,,,,,
a09u,nicolas-alvarez-varona,Nicolas Alvarez Varona,2025,Hard,,,,,,,,,,,,,,,,,,
a09u,nicolas-alvarez-varona,Nicolas Alvarez Varona,2025,Clay,,,,,,,,,,,,,,,,,,
a09u,nicolas-alvarez-varona,Nicolas Alvarez Varona,2025,Grass,,,,,,,,,,,,,,,,,,
a09u,nicolas-alvarez-varona,Nicolas Alvarez Varona,2025,Carpet,,,,,,,,,,,,,,,,,,
a09u,nicolas-alvarez-varona,Nicolas Alvarez Varona,2024,all,,,,,,,,,,,,,,,,,,
a09u,nicolas-alvarez-varona,Nicolas Alvarez Varona,2024,Hard,,,,,,,,,,,,,,,,,,
a09u,nicolas-alvarez-varona,Nicolas Alvarez Varona,2024,Clay,,,,,,,,,,,,,,,,,,
a09u,nicolas-alvarez-varona,Nicolas Alvarez Varona,2024,Grass,,,,,,,,,,,,,,,,,,
a09u,nicolas-alvarez-varona,Nicolas Alvarez Varona,2024,Carpet,,,,,,,,,,,,,,,,,,
a09u,nicolas-alvarez-varona,Nicolas Alvarez Varona,2023,all,,,,,,,,,,,,,,,,,,
a09u,nicolas-alvarez-varona,Nicolas Alvarez Varona,2023,Hard,,,,,,,,,,,,,,,,,,
a09u,nicolas-alvarez-varona,Nicolas Alvarez Varona,2023,Clay,,,,,,,,,,,,,,,,,,
a09u,nicolas-alvarez-varona,Nicolas Alvarez Varona,2023,Grass,,,,,,,,,,,,,,,,,,
a09u,nicolas-alvarez-varona,Nicolas Alvarez Varona,2023,Carpet,,,,,,,,,,,,,,,,,,
r0hp,lucio-ratti,Lucio Ratti,all,all,,,,,,,,,,,,,,,,,,
r0hp,lucio-ratti,Lucio Ratti,all,Hard,,,,,,,,,,,,,,,,,,
r0hp,lucio-ratti,Lucio Ratti,all,Clay,,,,,,,,,,,,,,,,,,
r0hp,lucio-ratti,Lucio Ratti,all,Grass,,,,,,,,,,,,,,,,,,
r0hp,lucio-ratti,Lucio Ratti,all,Carpet,,,,,,,,,,,,,,,,,,
r0hp,lucio-ratti,Lucio Ratti,2026,all,,,,,,,,,,,,,,,,,,
r0hp,lucio-ratti,Lucio Ratti,2026,Hard,,,,,,,,,,,,,,,,,,
r0hp,lucio-ratti,Lucio Ratti,2026,Clay,,,,,,,,,,,,,,,,,,
r0hp,lucio-ratti,Lucio Ratti,2026,Grass,,,,,,,,,,,,,,,,,,
r0hp,lucio-ratti,Lucio Ratti,2026,Carpet,,,,,,,,,,,,,,,,,,
r0hp,lucio-ratti,Lucio Ratti,2025,all,,,,,,,,,,,,,,,,,,
r0hp,lucio-ratti,Lucio Ratti,2025,Hard,,,,,,,,,,,,,,,,,,
r0hp,lucio-ratti,Lucio Ratti,2025,Clay,,,,,,,,,,,,,,,,,,
r0hp,lucio-ratti,Lucio Ratti,2025,Grass,,,,,,,,,,,,,,,,,,
r0hp,lucio-ratti,Lucio Ratti,2025,Carpet,,,,,,,,,,,,,,,,,,
r0hp,lucio-ratti,Lucio Ratti,2024,all,,,,,,,,,,,,,,,,,,
r0hp,lucio-ratti,Lucio Ratti,2024,Hard,,,,,,,,,,,,,,,,,,
r0hp,lucio-ratti,Lucio Ratti,2024,Clay,,,,,,,,,,,,,,,,,,
r0hp,lucio-ratti,Lucio Ratti,2024,Grass,,,,,,,,,,,,,,,,,,
r0hp,lucio-ratti,Lucio Ratti,2024,Carpet,,,,,,,,,,,,,,,,,,
r0hp,lucio-ratti,Lucio Ratti,2023,all,,,,,,,,,,,,,,,,,,
r0hp,lucio-ratti,Lucio Ratti,2023,Hard,,,,,,,,,,,,,,,,,,
r0hp,lucio-ratti,Lucio Ratti,2023,Clay,,,,,,,,,,,,,,,,,,
r0hp,lucio-ratti,Lucio Ratti,2023,Grass,,,,,,,,,,,,,,,,,,
r0hp,lucio-ratti,Lucio Ratti,2023,Carpet,,,,,,,,,,,,,,,,,,
li10,christian-langmo,Christian Langmo,all,all,,,,,,,,,,,,,,,,,,
li10,christian-langmo,Christian Langmo,all,Hard,,,,,,,,,,,,,,,,,,
li10,christian-langmo,Christian Langmo,all,Clay,,,,,,,,,,,,,,,,,,
li10,christian-langmo,Christian Langmo,all,Grass,,,,,,,,,,,,,,,,,,
li10,christian-langmo,Christian Langmo,all,Carpet,,,,,,,,,,,,,,,,,,
li10,christian-langmo,Christian Langmo,2026,all,,,,,,,,,,,,,,,,,,
li10,christian-langmo,Christian Langmo,2026,Hard,,,,,,,,,,,,,,,,,,
li10,christian-langmo,Christian Langmo,2026,Clay,,,,,,,,,,,,,,,,,,
li10,christian-langmo,Christian Langmo,2026,Grass,,,,,,,,,,,,,,,,,,
li10,christian-langmo,Christian Langmo,2026,Carpet,,,,,,,,,,,,,,,,,,
li10,christian-langmo,Christian Langmo,2025,all,,,,,,,,,,,,,,,,,,
li10,christian-langmo,Christian Langmo,2025,Hard,,,,,,,,,,,,,,,,,,
li10,christian-langmo,Christian Langmo,2025,Clay,,,,,,,,,,,,,,,,,,
li10,christian-langmo,Christian Langmo,2025,Grass,,,,,,,,,,,,,,,,,,
li10,christian-langmo,Christian Langmo,2025,Carpet,,,,,,,,,,,,,,,,,,
li10,christian-langmo,Christian Langmo,2024,all,,,,,,,,,,,,,,,,,,
li10,christian-langmo,Christian Langmo,2024,Hard,,,,,,,,,,,,,,,,,,
li10,christian-langmo,Christian Langmo,2024,Clay,,,,,,,,,,,,,,,,,,
li10,christian-langmo,Christian Langmo,2024,Grass,,,,,,,,,,,,,,,,,,
li10,christian-langmo,Christian Langmo,2024,Carpet,,,,,,,,,,,,,,,,,,
li10,christian-langmo,Christian Langmo,2023,all,,,,,,,,,,,,,,,,,,
li10,christian-langmo,Christian Langmo,2023,Hard,,,,,,,,,,,,,,,,,,
li10,christian-langmo,Christian Langmo,2023,Clay,,,,,,,,,,,,,,,,,,
li10,christian-langmo,Christian Langmo,2023,Grass,,,,,,,,,,,,,,,,,,
li10,christian-langmo,Christian Langmo,2023,Carpet,,,,,,,,,,,,,,,,,,
s0vu,max-schoenhaus,Max Schoenhaus,all,all,,,,,,,,,,,,,,,,,,
s0vu,max-schoenhaus,Max Schoenhaus,all,Hard,,,,,,,,,,,,,,,,,,
s0vu,max-schoenhaus,Max Schoenhaus,all,Clay,,,,,,,,,,,,,,,,,,
s0vu,max-schoenhaus,Max Schoenhaus,all,Grass,,,,,,,,,,,,,,,,,,
s0vu,max-schoenhaus,Max Schoenhaus,all,Carpet,,,,,,,,,,,,,,,,,,
s0vu,max-schoenhaus,Max Schoenhaus,2026,all,,,,,,,,,,,,,,,,,,
s0vu,max-schoenhaus,Max Schoenhaus,2026,Hard,,,,,,,,,,,,,,,,,,
s0vu,max-schoenhaus,Max Schoenhaus,2026,Clay,,,,,,,,,,,,,,,,,,
s0vu,max-schoenhaus,Max Schoenhaus,2026,Grass,,,,,,,,,,,,,,,,,,
s0vu,max-schoenhaus,Max Schoenhaus,2026,Carpet,,,,,,,,,,,,,,,,,,
s0vu,max-schoenhaus,Max Schoenhaus,2025,all,,,,,,,,,,,,,,,,,,
s0vu,max-schoenhaus,Max Schoenhaus,2025,Hard,,,,,,,,,,,,,,,,,,
s0vu,max-schoenhaus,Max Schoenhaus,2025,Clay,,,,,,,,,,,,,,,,,,
s0vu,max-schoenhaus,Max Schoenhaus,2025,Grass,,,,,,,,,,,,,,,,,,
s0vu,max-schoenhaus,Max Schoenhaus,2025,Carpet,,,,,,,,,,,,,,,,,,
s0vu,max-schoenhaus,Max Schoenhaus,2024,all,,,,,,,,,,,,,,,,,,
s0vu,max-schoenhaus,Max Schoenhaus,2024,Hard,,,,,,,,,,,,,,,,,,
s0vu,max-schoenhaus,Max Schoenhaus,2024,Clay,,,,,,,,,,,,,,,,,,
s0vu,max-schoenhaus,Max Schoenhaus,2024,Grass,,,,,,,,,,,,,,,,,,
s0vu,max-schoenhaus,Max Schoenhaus,2024,Carpet,,,,,,,,,,,,,,,,,,
s0vu,max-schoenhaus,Max Schoenhaus,2023,all,,,,,,,,,,,,,,,,,,
s0vu,max-schoenhaus,Max Schoenhaus,2023,Hard,,,,,,,,,,,,,,,,,,
s0vu,max-schoenhaus,Max Schoenhaus,2023,Clay,,,,,,,,,,,,,,,,,,
s0vu,max-schoenhaus,Max Schoenhaus,2023,Grass,,,,,,,,,,,,,,,,,,
s0vu,max-schoenhaus,Max Schoenhaus,2023,Carpet,,,,,,,,,,,,,,,,,,
z0c3,maxim-zhukov,Maxim Zhukov,all,all,,,,,,,,,,,,,,,,,,
z0c3,maxim-zhukov,Maxim Zhukov,all,Hard,,,,,,,,,,,,,,,,,,
z0c3,maxim-zhukov,Maxim Zhukov,all,Clay,,,,,,,,,,,,,,,,,,
z0c3,maxim-zhukov,Maxim Zhukov,all,Grass,,,,,,,,,,,,,,,,,,
z0c3,maxim-zhukov,Maxim Zhukov,all,Carpet,,,,,,,,,,,,,,,,,,
z0c3,maxim-zhukov,Maxim Zhukov,2026,all,,,,,,,,,,,,,,,,,,
z0c3,maxim-zhukov,Maxim Zhukov,2026,Hard,,,,,,,,,,,,,,,,,,
z0c3,maxim-zhukov,Maxim Zhukov,2026,Clay,,,,,,,,,,,,,,,,,,
z0c3,maxim-zhukov,Maxim Zhukov,2026,Grass,,,,,,,,,,,,,,,,,,
z0c3,maxim-zhukov,Maxim Zhukov,2026,Carpet,,,,,,,,,,,,,,,,,,
z0c3,maxim-zhukov,Maxim Zhukov,2025,all,,,,,,,,,,,,,,,,,,
z0c3,maxim-zhukov,Maxim Zhukov,2025,Hard,,,,,,,,,,,,,,,,,,
z0c3,maxim-zhukov,Maxim Zhukov,2025,Clay,,,,,,,,,,,,,,,,,,
z0c3,maxim-zhukov,Maxim Zhukov,2025,Grass,,,,,,,,,,,,,,,,,,
z0c3,maxim-zhukov,Maxim Zhukov,2025,Carpet,,,,,,,,,,,,,,,,,,
z0c3,maxim-zhukov,Maxim Zhukov,2024,all,,,,,,,,,,,,,,,,,,
z0c3,maxim-zhukov,Maxim Zhukov,2024,Hard,,,,,,,,,,,,,,,,,,
z0c3,maxim-zhukov,Maxim Zhukov,2024,Clay,,,,,,,,,,,,,,,,,,
z0c3,maxim-zhukov,Maxim Zhukov,2024,Grass,,,,,,,,,,,,,,,,,,
z0c3,maxim-zhukov,Maxim Zhukov,2024,Carpet,,,,,,,,,,,,,,,,,,
z0c3,maxim-zhukov,Maxim Zhukov,2023,all,,,,,,,,,,,,,,,,,,
z0c3,maxim-zhukov,Maxim Zhukov,2023,Hard,,,,,,,,,,,,,,,,,,
z0c3,maxim-zhukov,Maxim Zhukov,2023,Clay,,,,,,,,,,,,,,,,,,
z0c3,maxim-zhukov,Maxim Zhukov,2023,Grass,,,,,,,,,,,,,,,,,,
z0c3,maxim-zhukov,Maxim Zhukov,2023,Carpet,,,,,,,,,,,,,,,,,,
d0hm,matthew-william-donald,Matthew William Donald,all,all,,,,,,,,,,,,,,,,,,
d0hm,matthew-william-donald,Matthew William Donald,all,Hard,,,,,,,,,,,,,,,,,,
d0hm,matthew-william-donald,Matthew William Donald,all,Clay,,,,,,,,,,,,,,,,,,
d0hm,matthew-william-donald,Matthew William Donald,all,Grass,,,,,,,,,,,,,,,,,,
d0hm,matthew-william-donald,Matthew William Donald,all,Carpet,,,,,,,,,,,,,,,,,,
d0hm,matthew-william-donald,Matthew William Donald,2026,all,,,,,,,,,,,,,,,,,,
d0hm,matthew-william-donald,Matthew William Donald,2026,Hard,,,,,,,,,,,,,,,,,,
d0hm,matthew-william-donald,Matthew William Donald,2026,Clay,,,,,,,,,,,,,,,,,,
d0hm,matthew-william-donald,Matthew William Donald,2026,Grass,,,,,,,,,,,,,,,,,,
d0hm,matthew-william-donald,Matthew William Donald,2026,Carpet,,,,,,,,,,,,,,,,,,
d0hm,matthew-william-donald,Matthew William Donald,2025,all,,,,,,,,,,,,,,,,,,
d0hm,matthew-william-donald,Matthew William Donald,2025,Hard,,,,,,,,,,,,,,,,,,
d0hm,matthew-william-donald,Matthew William Donald,2025,Clay,,,,,,,,,,,,,,,,,,
d0hm,matthew-william-donald,Matthew William Donald,2025,Grass,,,,,,,,,,,,,,,,,,
d0hm,matthew-william-donald,Matthew William Donald,2025,Carpet,,,,,,,,,,,,,,,,,,
d0hm,matthew-william-donald,Matthew William Donald,2024,all,,,,,,,,,,,,,,,,,,
d0hm,matthew-william-donald,Matthew William Donald,2024,Hard,,,,,,,,,,,,,,,,,,
d0hm,matthew-william-donald,Matthew William Donald,2024,Clay,,,,,,,,,,,,,,,,,,
d0hm,matthew-william-donald,Matthew William Donald,2024,Grass,,,,,,,,,,,,,,,,,,
d0hm,matthew-william-donald,Matthew William Donald,2024,Carpet,,,,,,,,,,,,,,,,,,
d0hm,matthew-william-donald,Matthew William Donald,2023,all,,,,,,,,,,,,,,,,,,
d0hm,matthew-william-donald,Matthew William Donald,2023,Hard,,,,,,,,,,,,,,,,,,
d0hm,matthew-william-donald,Matthew William Donald,2023,Clay,,,,,,,,,,,,,,,,,,
d0hm,matthew-william-donald,Matthew William Donald,2023,Grass,,,,,,,,,,,,,,,,,,
d0hm,matthew-william-donald,Matthew William Donald,2023,Carpet,,,,,,,,,,,,,,,,,,
pf65,filip-peliwo,Filip Peliwo,all,all,25,31,54,68,45,59,59,73,67,57,31,49,41,44,78,23,39,48
pf65,filip-peliwo,Filip Peliwo,all,Hard,17,20,56,65,44,42,60,48,65,56,32,48,31,39,52,23,38,47
pf65,filip-peliwo,Filip Peliwo,all,Clay,8,11,49,75,47,17,59,25,72,61,29,53,10,60,26,23,39,49
pf65,filip-peliwo,Filip Peliwo,all,Grass,,,,,,,,,,,,,,,,,,
pf65,filip-peliwo,Filip Peliwo,all,Carpet,,,,,,,,,,,,,,,,,,
pf65,filip-peliwo,Filip Peliwo,2026,all,,,,,,,,,,,,,,,,,,
pf65,filip-peliwo,Filip Peliwo,2026,Hard,,,,,,,,,,,,,,,,,,
pf65,filip-peliwo,Filip Peliwo,2026,Clay,,,,,,,,,,,,,,,,,,
pf65,filip-peliwo,Filip Peliwo,2026,Grass,,,,,,,,,,,,,,,,,,
pf65,filip-peliwo,Filip Peliwo,2026,Carpet,,,,,,,,,,,,,,,,,,
pf65,filip-peliwo,Filip Peliwo,2025,all,,,,,,,,,,,,,,,,,,
pf65,filip-peliwo,Filip Peliwo,2025,Hard,,,,,,,,,,,,,,,,,,
pf65,filip-peliwo,Filip Peliwo,2025,Clay,,,,,,,,,,,,,,,,,,
pf65,filip-peliwo,Filip Peliwo,2025,Grass,,,,,,,,,,,,,,,,,,
pf65,filip-peliwo,Filip Peliwo,2025,Carpet,,,,,,,,,,,,,,,,,,
pf65,filip-peliwo,Filip Peliwo,2024,all,,,,,,,,,,,,,,,,,,
pf65,filip-peliwo,Filip Peliwo,2024,Hard,,,,,,,,,,,,,,,,,,
pf65,filip-peliwo,Filip Peliwo,2024,Clay,,,,,,,,,,,,,,,,,,
pf65,filip-peliwo,Filip Peliwo,2024,Grass,,,,,,,,,,,,,,,,,,
pf65,filip-peliwo,Filip Peliwo,2024,Carpet,,,,,,,,,,,,,,,,,,
pf65,filip-peliwo,Filip Peliwo,2023,all,,,,,,,,,,,,,,,,,,
pf65,filip-peliwo,Filip Peliwo,2023,Hard,,,,,,,,,,,,,,,,,,
pf65,filip-peliwo,Filip Peliwo,2023,Clay,,,,,,,,,,,,,,,,,,
pf65,filip-peliwo,Filip Peliwo,2023,Grass,,,,,,,,,,,,,,,,,,
pf65,filip-peliwo,Filip Peliwo,2023,Carpet,,,,,,,,,,,,,,,,,,
u176,vadym-ursu,Vadym Ursu,all,all,,,,,,,,,,,,,,,,,,
u176,vadym-ursu,Vadym Ursu,all,Hard,,,,,,,,,,,,,,,,,,
u176,vadym-ursu,Vadym Ursu,all,Clay,,,,,,,,,,,,,,,,,,
u176,vadym-ursu,Vadym Ursu,all,Grass,,,,,,,,,,,,,,,,,,
u176,vadym-ursu,Vadym Ursu,all,Carpet,,,,,,,,,,,,,,,,,,
u176,vadym-ursu,Vadym Ursu,2026,all,,,,,,,,,,,,,,,,,,
u176,vadym-ursu,Vadym Ursu,2026,Hard,,,,,,,,,,,,,,,,,,
u176,vadym-ursu,Vadym Ursu,2026,Clay,,,,,,,,,,,,,,,,,,
u176,vadym-ursu,Vadym Ursu,2026,Grass,,,,,,,,,,,,,,,,,,
u176,vadym-ursu,Vadym Ursu,2026,Carpet,,,,,,,,,,,,,,,,,,
u176,vadym-ursu,Vadym Ursu,2025,all,,,,,,,,,,,,,,,,,,
u176,vadym-ursu,Vadym Ursu,2025,Hard,,,,,,,,,,,,,,,,,,
u176,vadym-ursu,Vadym Ursu,2025,Clay,,,,,,,,,,,,,,,,,,
u176,vadym-ursu,Vadym Ursu,2025,Grass,,,,,,,,,,,,,,,,,,
u176,vadym-ursu,Vadym Ursu,2025,Carpet,,,,,,,,,,,,,,,,,,
u176,vadym-ursu,Vadym Ursu,2024,all,,,,,,,,,,,,,,,,,,
u176,vadym-ursu,Vadym Ursu,2024,Hard,,,,,,,,,,,,,,,,,,
u176,vadym-ursu,Vadym Ursu,2024,Clay,,,,,,,,,,,,,,,,,,
u176,vadym-ursu,Vadym Ursu,2024,Grass,,,,,,,,,,,,,,,,,,
u176,vadym-ursu,Vadym Ursu,2024,Carpet,,,,,,,,,,,,,,,,,,
u176,vadym-ursu,Vadym Ursu,2023,all,,,,,,,,,,,,,,,,,,
u176,vadym-ursu,Vadym Ursu,2023,Hard,,,,,,,,,,,,,,,,,,
u176,vadym-ursu,Vadym Ursu,2023,Clay,,,,,,,,,,,,,,,,,,
u176,vadym-ursu,Vadym Ursu,2023,Grass,,,,,,,,,,,,,,,,,,
u176,vadym-ursu,Vadym Ursu,2023,Carpet,,,,,,,,,,,,,,,,,,
m0sb,koki-matsuda,Koki Matsuda,all,all,,,,,,,,,,,,,,,,,,
m0sb,koki-matsuda,Koki Matsuda,all,Hard,,,,,,,,,,,,,,,,,,
m0sb,koki-matsuda,Koki Matsuda,all,Clay,,,,,,,,,,,,,,,,,,
m0sb,koki-matsuda,Koki Matsuda,all,Grass,,,,,,,,,,,,,,,,,,
m0sb,koki-matsuda,Koki Matsuda,all,Carpet,,,,,,,,,,,,,,,,,,
m0sb,koki-matsuda,Koki Matsuda,2026,all,,,,,,,,,,,,,,,,,,
m0sb,koki-matsuda,Koki Matsuda,2026,Hard,,,,,,,,,,,,,,,,,,
m0sb,koki-matsuda,Koki Matsuda,2026,Clay,,,,,,,,,,,,,,,,,,
m0sb,koki-matsuda,Koki Matsuda,2026,Grass,,,,,,,,,,,,,,,,,,
m0sb,koki-matsuda,Koki Matsuda,2026,Carpet,,,,,,,,,,,,,,,,,,
m0sb,koki-matsuda,Koki Matsuda,2025,all,,,,,,,,,,,,,,,,,,
m0sb,koki-matsuda,Koki Matsuda,2025,Hard,,,,,,,,,,,,,,,,,,
m0sb,koki-matsuda,Koki Matsuda,2025,Clay,,,,,,,,,,,,,,,,,,
m0sb,koki-matsuda,Koki Matsuda,2025,Grass,,,,,,,,,,,,,,,,,,
m0sb,koki-matsuda,Koki Matsuda,2025,Carpet,,,,,,,,,,,,,,,,,,
m0sb,koki-matsuda,Koki Matsuda,2024,all,,,,,,,,,,,,,,,,,,
m0sb,koki-matsuda,Koki Matsuda,2024,Hard,,,,,,,,,,,,,,,,,,
m0sb,koki-matsuda,Koki Matsuda,2024,Clay,,,,,,,,,,,,,,,,,,
m0sb,koki-matsuda,Koki Matsuda,2024,Grass,,,,,,,,,,,,,,,,,,
m0sb,koki-matsuda,Koki Matsuda,2024,Carpet,,,,,,,,,,,,,,,,,,
m0sb,koki-matsuda,Koki Matsuda,2023,all,,,,,,,,,,,,,,,,,,
m0sb,koki-matsuda,Koki Matsuda,2023,Hard,,,,,,,,,,,,,,,,,,
m0sb,koki-matsuda,Koki Matsuda,2023,Clay,,,,,,,,,,,,,,,,,,
m0sb,koki-matsuda,Koki Matsuda,2023,Grass,,,,,,,,,,,,,,,,,,
m0sb,koki-matsuda,Koki Matsuda,2023,Carpet,,,,,,,,,,,,,,,,,,
cd00,maxime-chazal,Maxime Chazal,all,all,,,,,,,,,,,,,,,,,,
cd00,maxime-chazal,Maxime Chazal,all,Hard,,,,,,,,,,,,,,,,,,
cd00,maxime-chazal,Maxime Chazal,all,Clay,,,,,,,,,,,,,,,,,,
cd00,maxime-chazal,Maxime Chazal,all,Grass,,,,,,,,,,,,,,,,,,
cd00,maxime-chazal,Maxime Chazal,all,Carpet,,,,,,,,,,,,,,,,,,
cd00,maxime-chazal,Maxime Chazal,2026,all,,,,,,,,,,,,,,,,,,
cd00,maxime-chazal,Maxime Chazal,2026,Hard,,,,,,,,,,,,,,,,,,
cd00,maxime-chazal,Maxime Chazal,2026,Clay,,,,,,,,,,,,,,,,,,
cd00,maxime-chazal,Maxime Chazal,2026,Grass,,,,,,,,,,,,,,,,,,
cd00,maxime-chazal,Maxime Chazal,2026,Carpet,,,,,,,,,,,,,,,,,,
cd00,maxime-chazal,Maxime Chazal,2025,all,,,,,,,,,,,,,,,,,,
cd00,maxime-chazal,Maxime Chazal,2025,Hard,,,,,,,,,,,,,,,,,,
cd00,maxime-chazal,Maxime Chazal,2025,Clay,,,,,,,,,,,,,,,,,,
cd00,maxime-chazal,Maxime Chazal,2025,Grass,,,,,,,,,,,,,,,,,,
cd00,maxime-chazal,Maxime Chazal,2025,Carpet,,,,,,,,,,,,,,,,,,
cd00,maxime-chazal,Maxime Chazal,2024,all,,,,,,,,,,,,,,,,,,
cd00,maxime-chazal,Maxime Chazal,2024,Hard,,,,,,,,,,,,,,,,,,
cd00,maxime-chazal,Maxime Chazal,2024,Clay,,,,,,,,,,,,,,,,,,
cd00,maxime-chazal,Maxime Chazal,2024,Grass,,,,,,,,,,,,,,,,,,
cd00,maxime-chazal,Maxime Chazal,2024,Carpet,,,,,,,,,,,,,,,,,,
cd00,maxime-chazal,Maxime Chazal,2023,all,,,,,,,,,,,,,,,,,,
cd00,maxime-chazal,Maxime Chazal,2023,Hard,,,,,,,,,,,,,,,,,,
cd00,maxime-chazal,Maxime Chazal,2023,Clay,,,,,,,,,,,,,,,,,,
cd00,maxime-chazal,Maxime Chazal,2023,Grass,,,,,,,,,,,,,,,,,,
cd00,maxime-chazal,Maxime Chazal,2023,Carpet,,,,,,,,,,,,,,,,,,
dg80,enrico-dalla-valle,Enrico Dalla Valle,all,all,,,,,,,,,,,,,,,,,,
dg80,enrico-dalla-valle,Enrico Dalla Valle,all,Hard,,,,,,,,,,,,,,,,,,
dg80,enrico-dalla-valle,Enrico Dalla Valle,all,Clay,,,,,,,,,,,,,,,,,,
dg80,enrico-dalla-valle,Enrico Dalla Valle,all,Grass,,,,,,,,,,,,,,,,,,
dg80,enrico-dalla-valle,Enrico Dalla Valle,all,Carpet,,,,,,,,,,,,,,,,,,
dg80,enrico-dalla-valle,Enrico Dalla Valle,2026,all,,,,,,,,,,,,,,,,,,
dg80,enrico-dalla-valle,Enrico Dalla Valle,2026,Hard,,,,,,,,,,,,,,,,,,
dg80,enrico-dalla-valle,Enrico Dalla Valle,2026,Clay,,,,,,,,,,,,,,,,,,
dg80,enrico-dalla-valle,Enrico Dalla Valle,2026,Grass,,,,,,,,,,,,,,,,,,
dg80,enrico-dalla-valle,Enrico Dalla Valle,2026,Carpet,,,,,,,,,,,,,,,,,,
dg80,enrico-dalla-valle,Enrico Dalla Valle,2025,all,,,,,,,,,,,,,,,,,,
dg80,enrico-dalla-valle,Enrico Dalla Valle,2025,Hard,,,,,,,,,,,,,,,,,,
dg80,enrico-dalla-valle,Enrico Dalla Valle,2025,Clay,,,,,,,,,,,,,,,,,,
dg80,enrico-dalla-valle,Enrico Dalla Valle,2025,Grass,,,,,,,,,,,,,,,,,,
dg80,enrico-dalla-valle,Enrico Dalla Valle,2025,Carpet,,,,,,,,,,,,,,,,,,
dg80,enrico-dalla-valle,Enrico Dalla Valle,2024,all,,,,,,,,,,,,,,,,,,
dg80,enrico-dalla-valle,Enrico Dalla Valle,2024,Hard,,,,,,,,,,,,,,,,,,
dg80,enrico-dalla-valle,Enrico Dalla Valle,2024,Clay,,,,,,,,,,,,,,,,,,
dg80,enrico-dalla-valle,Enrico Dalla Valle,2024,Grass,,,,,,,,,,,,,,,,,,
dg80,enrico-dalla-valle,Enrico Dalla Valle,2024,Carpet,,,,,,,,,,,,,,,,,,
dg80,enrico-dalla-valle,Enrico Dalla Valle,2023,all,,,,,,,,,,,,,,,,,,
dg80,enrico-dalla-valle,Enrico Dalla Valle,2023,Hard,,,,,,,,,,,,,,,,,,
dg80,enrico-dalla-valle,Enrico Dalla Valle,2023,Clay,,,,,,,,,,,,,,,,,,
dg80,enrico-dalla-valle,Enrico Dalla Valle,2023,Grass,,,,,,,,,,,,,,,,,,
dg80,enrico-dalla-valle,Enrico Dalla Valle,2023,Carpet,,,,,,,,,,,,,,,,,,
b0tp,henry-bernet,Henry Bernet,all,all,8,4,56,75,61,6,83,16,94,69,18,34,2,0,17,0,25,46
b0tp,henry-bernet,Henry Bernet,all,Hard,8,4,56,75,61,6,83,16,94,69,18,34,2,0,17,0,25,46
b0tp,henry-bernet,Henry Bernet,all,Clay,,,,,,,,,,,,,,,,,,
b0tp,henry-bernet,Henry Bernet,all,Grass,,,,,,,,,,,,,,,,,,
b0tp,henry-bernet,Henry Bernet,all,Carpet,,,,,,,,,,,,,,,,,,
b0tp,henry-bernet,Henry Bernet,2026,all,,,,,,,,,,,,,,,,,,
b0tp,henry-bernet,Henry Bernet,2026,Hard,,,,,,,,,,,,,,,,,,
b0tp,henry-bernet,Henry Bernet,2026,Clay,,,,,,,,,,,,,,,,,,
b0tp,henry-bernet,Henry Bernet,2026,Grass,,,,,,,,,,,,,,,,,,
b0tp,henry-bernet,Henry Bernet,2026,Carpet,,,,,,,,,,,,,,,,,,
b0tp,henry-bernet,Henry Bernet,2025,all,8,4,56,75,61,6,83,16,94,69,18,34,2,0,17,0,25,46
b0tp,henry-bernet,Henry Bernet,2025,Hard,8,4,56,75,61,6,83,16,94,69,18,34,2,0,17,0,25,46
b0tp,henry-bernet,Henry Bernet,2025,Clay,,,,,,,,,,,,,,,,,,
b0tp,henry-bernet,Henry Bernet,2025,Grass,,,,,,,,,,,,,,,,,,
b0tp,henry-bernet,Henry Bernet,2025,Carpet,,,,,,,,,,,,,,,,,,
b0tp,henry-bernet,Henry Bernet,2024,all,,,,,,,,,,,,,,,,,,
b0tp,henry-bernet,Henry Bernet,2024,Hard,,,,,,,,,,,,,,,,,,
b0tp,henry-bernet,Henry Bernet,2024,Clay,,,,,,,,,,,,,,,,,,
b0tp,henry-bernet,Henry Bernet,2024,Grass,,,,,,,,,,,,,,,,,,
b0tp,henry-bernet,Henry Bernet,2024,Carpet,,,,,,,,,,,,,,,,,,
b0tp,henry-bernet,Henry Bernet,2023,all,,,,,,,,,,,,,,,,,,
b0tp,henry-bernet,Henry Bernet,2023,Hard,,,,,,,,,,,,,,,,,,
b0tp,henry-bernet,Henry Bernet,2023,Clay,,,,,,,,,,,,,,,,,,
b0tp,henry-bernet,Henry Bernet,2023,Grass,,,,,,,,,,,,,,,,,,
b0tp,henry-bernet,Henry Bernet,2023,Carpet,,,,,,,,,,,,,,,,,,
m09m,ivan-marrero-curbelo,Ivan Marrero Curbelo,all,all,,,,,,,,,,,,,,,,,,
m09m,ivan-marrero-curbelo,Ivan Marrero Curbelo,all,Hard,,,,,,,,,,,,,,,,,,
m09m,ivan-marrero-curbelo,Ivan Marrero Curbelo,all,Clay,,,,,,,,,,,,,,,,,,
m09m,ivan-marrero-curbelo,Ivan Marrero Curbelo,all,Grass,,,,,,,,,,,,,,,,,,
m09m,ivan-marrero-curbelo,Ivan Marrero Curbelo,all,Carpet,,,,,,,,,,,,,,,,,,
m09m,ivan-marrero-curbelo,Ivan Marrero Curbelo,2026,all,,,,,,,,,,,,,,,,,,
m09m,ivan-marrero-curbelo,Ivan Marrero Curbelo,2026,Hard,,,,,,,,,,,,,,,,,,
m09m,ivan-marrero-curbelo,Ivan Marrero Curbelo,2026,Clay,,,,,,,,,,,,,,,,,,
m09m,ivan-marrero-curbelo,Ivan Marrero Curbelo,2026,Grass,,,,,,,,,,,,,,,,,,
m09m,ivan-marrero-curbelo,Ivan Marrero Curbelo,2026,Carpet,,,,,,,,,,,,,,,,,,
m09m,ivan-marrero-curbelo,Ivan Marrero Curbelo,2025,all,,,,,,,,,,,,,,,,,,
m09m,ivan-marrero-curbelo,Ivan Marrero Curbelo,2025,Hard,,,,,,,,,,,,,,,,,,
m09m,ivan-marrero-curbelo,Ivan Marrero Curbelo,2025,Clay,,,,,,,,,,,,,,,,,,
m09m,ivan-marrero-curbelo,Ivan Marrero Curbelo,2025,Grass,,,,,,,,,,,,,,,,,,
m09m,ivan-marrero-curbelo,Ivan Marrero Curbelo,2025,Carpet,,,,,,,,,,,,,,,,,,
m09m,ivan-marrero-curbelo,Ivan Marrero Curbelo,2024,all,,,,,,,,,,,,,,,,,,
m09m,ivan-marrero-curbelo,Ivan Marrero Curbelo,2024,Hard,,,,,,,,,,,,,,,,,,
m09m,ivan-marrero-curbelo,Ivan Marrero Curbelo,2024,Clay,,,,,,,,,,,,,,,,,,
m09m,ivan-marrero-curbelo,Ivan Marrero Curbelo,2024,Grass,,,,,,,,,,,,,,,,,,
m09m,ivan-marrero-curbelo,Ivan Marrero Curbelo,2024,Carpet,,,,,,,,,,,,,,,,,,
m09m,ivan-marrero-curbelo,Ivan Marrero Curbelo,2023,all,,,,,,,,,,,,,,,,,,
m09m,ivan-marrero-curbelo,Ivan Marrero Curbelo,2023,Hard,,,,,,,,,,,,,,,,,,
m09m,ivan-marrero-curbelo,Ivan Marrero Curbelo,2023,Clay,,,,,,,,,,,,,,,,,,
m09m,ivan-marrero-curbelo,Ivan Marrero Curbelo,2023,Grass,,,,,,,,,,,,,,,,,,
m09m,ivan-marrero-curbelo,Ivan Marrero Curbelo,2023,Carpet,,,,,,,,,,,,,,,,,,
f0cj,gianmarco-ferrari,Gianmarco Ferrari,all,all,,,,,,,,,,,,,,,,,,
f0cj,gianmarco-ferrari,Gianmarco Ferrari,all,Hard,,,,,,,,,,,,,,,,,,
f0cj,gianmarco-ferrari,Gianmarco Ferrari,all,Clay,,,,,,,,,,,,,,,,,,
f0cj,gianmarco-ferrari,Gianmarco Ferrari,all,Grass,,,,,,,,,,,,,,,,,,
f0cj,gianmarco-ferrari,Gianmarco Ferrari,all,Carpet,,,,,,,,,,,,,,,,,,
f0cj,gianmarco-ferrari,Gianmarco Ferrari,2026,all,,,,,,,,,,,,,,,,,,
f0cj,gianmarco-ferrari,Gianmarco Ferrari,2026,Hard,,,,,,,,,,,,,,,,,,
f0cj,gianmarco-ferrari,Gianmarco Ferrari,2026,Clay,,,,,,,,,,,,,,,,,,
f0cj,gianmarco-ferrari,Gianmarco Ferrari,2026,Grass,,,,,,,,,,,,,,,,,,
f0cj,gianmarco-ferrari,Gianmarco Ferrari,2026,Carpet,,,,,,,,,,,,,,,,,,
f0cj,gianmarco-ferrari,Gianmarco Ferrari,2025,all,,,,,,,,,,,,,,,,,,
f0cj,gianmarco-ferrari,Gianmarco Ferrari,2025,Hard,,,,,,,,,,,,,,,,,,
f0cj,gianmarco-ferrari,Gianmarco Ferrari,2025,Clay,,,,,,,,,,,,,,,,,,
f0cj,gianmarco-ferrari,Gianmarco Ferrari,2025,Grass,,,,,,,,,,,,,,,,,,
f0cj,gianmarco-ferrari,Gianmarco Ferrari,2025,Carpet,,,,,,,,,,,,,,,,,,
f0cj,gianmarco-ferrari,Gianmarco Ferrari,2024,all,,,,,,,,,,,,,,,,,,
f0cj,gianmarco-ferrari,Gianmarco Ferrari,2024,Hard,,,,,,,,,,,,,,,,,,
f0cj,gianmarco-ferrari,Gianmarco Ferrari,2024,Clay,,,,,,,,,,,,,,,,,,
f0cj,gianmarco-ferrari,Gianmarco Ferrari,2024,Grass,,,,,,,,,,,,,,,,,,
f0cj,gianmarco-ferrari,Gianmarco Ferrari,2024,Carpet,,,,,,,,,,,,,,,,,,
f0cj,gianmarco-ferrari,Gianmarco Ferrari,2023,all,,,,,,,,,,,,,,,,,,
f0cj,gianmarco-ferrari,Gianmarco Ferrari,2023,Hard,,,,,,,,,,,,,,,,,,
f0cj,gianmarco-ferrari,Gianmarco Ferrari,2023,Clay,,,,,,,,,,,,,,,,,,
f0cj,gianmarco-ferrari,Gianmarco Ferrari,2023,Grass,,,,,,,,,,,,,,,,,,
f0cj,gianmarco-ferrari,Gianmarco Ferrari,2023,Carpet,,,,,,,,,,,,,,,,,,
o0ai,dusan-obradovic,Dusan Obradovic,all,all,,,,,,,,,,,,,,,,,,
o0ai,dusan-obradovic,Dusan Obradovic,all,Hard,,,,,,,,,,,,,,,,,,
o0ai,dusan-obradovic,Dusan Obradovic,all,Clay,,,,,,,,,,,,,,,,,,
o0ai,dusan-obradovic,Dusan Obradovic,all,Grass,,,,,,,,,,,,,,,,,,
o0ai,dusan-obradovic,Dusan Obradovic,all,Carpet,,,,,,,,,,,,,,,,,,
o0ai,dusan-obradovic,Dusan Obradovic,2026,all,,,,,,,,,,,,,,,,,,
o0ai,dusan-obradovic,Dusan Obradovic,2026,Hard,,,,,,,,,,,,,,,,,,
o0ai,dusan-obradovic,Dusan Obradovic,2026,Clay,,,,,,,,,,,,,,,,,,
o0ai,dusan-obradovic,Dusan Obradovic,2026,Grass,,,,,,,,,,,,,,,,,,
o0ai,dusan-obradovic,Dusan Obradovic,2026,Carpet,,,,,,,,,,,,,,,,,,
o0ai,dusan-obradovic,Dusan Obradovic,2025,all,,,,,,,,,,,,,,,,,,
o0ai,dusan-obradovic,Dusan Obradovic,2025,Hard,,,,,,,,,,,,,,,,,,
o0ai,dusan-obradovic,Dusan Obradovic,2025,Clay,,,,,,,,,,,,,,,,,,
o0ai,dusan-obradovic,Dusan Obradovic,2025,Grass,,,,,,,,,,,,,,,,,,
o0ai,dusan-obradovic,Dusan Obradovic,2025,Carpet,,,,,,,,,,,,,,,,,,
o0ai,dusan-obradovic,Dusan Obradovic,2024,all,,,,,,,,,,,,,,,,,,
o0ai,dusan-obradovic,Dusan Obradovic,2024,Hard,,,,,,,,,,,,,,,,,,
o0ai,dusan-obradovic,Dusan Obradovic,2024,Clay,,,,,,,,,,,,,,,,,,
o0ai,dusan-obradovic,Dusan Obradovic,2024,Grass,,,,,,,,,,,,,,,,,,
o0ai,dusan-obradovic,Dusan Obradovic,2024,Carpet,,,,,,,,,,,,,,,,,,
o0ai,dusan-obradovic,Dusan Obradovic,2023,all,,,,,,,,,,,,,,,,,,
o0ai,dusan-obradovic,Dusan Obradovic,2023,Hard,,,,,,,,,,,,,,,,,,
o0ai,dusan-obradovic,Dusan Obradovic,2023,Clay,,,,,,,,,,,,,,,,,,
o0ai,dusan-obradovic,Dusan Obradovic,2023,Grass,,,,,,,,,,,,,,,,,,
o0ai,dusan-obradovic,Dusan Obradovic,2023,Carpet,,,,,,,,,,,,,,,,,,
s0lt,daniel-siniakov,Daniel Siniakov,all,all,,,,,,,,,,,,,,,,,,
s0lt,daniel-siniakov,Daniel Siniakov,all,Hard,,,,,,,,,,,,,,,,,,
s0lt,daniel-siniakov,Daniel Siniakov,all,Clay,,,,,,,,,,,,,,,,,,
s0lt,daniel-siniakov,Daniel Siniakov,all,Grass,,,,,,,,,,,,,,,,,,
s0lt,daniel-siniakov,Daniel Siniakov,all,Carpet,,,,,,,,,,,,,,,,,,
s0lt,daniel-siniakov,Daniel Siniakov,2026,all,,,,,,,,,,,,,,,,,,
s0lt,daniel-siniakov,Daniel Siniakov,2026,Hard,,,,,,,,,,,,,,,,,,
s0lt,daniel-siniakov,Daniel Siniakov,2026,Clay,,,,,,,,,,,,,,,,,,
s0lt,daniel-siniakov,Daniel Siniakov,2026,Grass,,,,,,,,,,,,,,,,,,
s0lt,daniel-siniakov,Daniel Siniakov,2026,Carpet,,,,,,,,,,,,,,,,,,
s0lt,daniel-siniakov,Daniel Siniakov,2025,all,,,,,,,,,,,,,,,,,,
s0lt,daniel-siniakov,Daniel Siniakov,2025,Hard,,,,,,,,,,,,,,,,,,
s0lt,daniel-siniakov,Daniel Siniakov,2025,Clay,,,,,,,,,,,,,,,,,,
s0lt,daniel-siniakov,Daniel Siniakov,2025,Grass,,,,,,,,,,,,,,,,,,
s0lt,daniel-siniakov,Daniel Siniakov,2025,Carpet,,,,,,,,,,,,,,,,,,
s0lt,daniel-siniakov,Daniel Siniakov,2024,all,,,,,,,,,,,,,,,,,,
s0lt,daniel-siniakov,Daniel Siniakov,2024,Hard,,,,,,,,,,,,,,,,,,
s0lt,daniel-siniakov,Daniel Siniakov,2024,Clay,,,,,,,,,,,,,,,,,,
s0lt,daniel-siniakov,Daniel Siniakov,2024,Grass,,,,,,,,,,,,,,,,,,
s0lt,daniel-siniakov,Daniel Siniakov,2024,Carpet,,,,,,,,,,,,,,,,,,
s0lt,daniel-siniakov,Daniel Siniakov,2023,all,,,,,,,,,,,,,,,,,,
s0lt,daniel-siniakov,Daniel Siniakov,2023,Hard,,,,,,,,,,,,,,,,,,
s0lt,daniel-siniakov,Daniel Siniakov,2023,Clay,,,,,,,,,,,,,,,,,,
s0lt,daniel-siniakov,Daniel Siniakov,2023,Grass,,,,,,,,,,,,,,,,,,
s0lt,daniel-siniakov,Daniel Siniakov,2023,Carpet,,,,,,,,,,,,,,,,,,
s0xe,alejo-sanchez-quilez,Alejo Sanchez Quilez,all,all,,,,,,,,,,,,,,,,,,
s0xe,alejo-sanchez-quilez,Alejo Sanchez Quilez,all,Hard,,,,,,,,,,,,,,,,,,
s0xe,alejo-sanchez-quilez,Alejo Sanchez Quilez,all,Clay,,,,,,,,,,,,,,,,,,
s0xe,alejo-sanchez-quilez,Alejo Sanchez Quilez,all,Grass,,,,,,,,,,,,,,,,,,
s0xe,alejo-sanchez-quilez,Alejo Sanchez Quilez,all,Carpet,,,,,,,,,,,,,,,,,,
s0xe,alejo-sanchez-quilez,Alejo Sanchez Quilez,2026,all,,,,,,,,,,,,,,,,,,
s0xe,alejo-sanchez-quilez,Alejo Sanchez Quilez,2026,Hard,,,,,,,,,,,,,,,,,,
s0xe,alejo-sanchez-quilez,Alejo Sanchez Quilez,2026,Clay,,,,,,,,,,,,,,,,,,
s0xe,alejo-sanchez-quilez,Alejo Sanchez Quilez,2026,Grass,,,,,,,,,,,,,,,,,,
s0xe,alejo-sanchez-quilez,Alejo Sanchez Quilez,2026,Carpet,,,,,,,,,,,,,,,,,,
s0xe,alejo-sanchez-quilez,Alejo Sanchez Quilez,2025,all,,,,,,,,,,,,,,,,,,
s0xe,alejo-sanchez-quilez,Alejo Sanchez Quilez,2025,Hard,,,,,,,,,,,,,,,,,,
s0xe,alejo-sanchez-quilez,Alejo Sanchez Quilez,2025,Clay,,,,,,,,,,,,,,,,,,
s0xe,alejo-sanchez-quilez,Alejo Sanchez Quilez,2025,Grass,,,,,,,,,,,,,,,,,,
s0xe,alejo-sanchez-quilez,Alejo Sanchez Quilez,2025,Carpet,,,,,,,,,,,,,,,,,,
s0xe,alejo-sanchez-quilez,Alejo Sanchez Quilez,2024,all,,,,,,,,,,,,,,,,,,
s0xe,alejo-sanchez-quilez,Alejo Sanchez Quilez,2024,Hard,,,,,,,,,,,,,,,,,,
s0xe,alejo-sanchez-quilez,Alejo Sanchez Quilez,2024,Clay,,,,,,,,,,,,,,,,,,
s0xe,alejo-sanchez-quilez,Alejo Sanchez Quilez,2024,Grass,,,,,,,,,,,,,,,,,,
s0xe,alejo-sanchez-quilez,Alejo Sanchez Quilez,2024,Carpet,,,,,,,,,,,,,,,,,,
s0xe,alejo-sanchez-quilez,Alejo Sanchez Quilez,2023,all,,,,,,,,,,,,,,,,,,
s0xe,alejo-sanchez-quilez,Alejo Sanchez Quilez,2023,Hard,,,,,,,,,,,,,,,,,,
s0xe,alejo-sanchez-quilez,Alejo Sanchez Quilez,2023,Clay,,,,,,,,,,,,,,,,,,
s0xe,alejo-sanchez-quilez,Alejo Sanchez Quilez,2023,Grass,,,,,,,,,,,,,,,,,,
s0xe,alejo-sanchez-quilez,Alejo Sanchez Quilez,2023,Carpet,,,,,,,,,,,,,,,,,,
a09p,alafia-ayeni,Alafia Ayeni,all,all,,,,,,,,,,,,,,,,,,
a09p,alafia-ayeni,Alafia Ayeni,all,Hard,,,,,,,,,,,,,,,,,,
a09p,alafia-ayeni,Alafia Ayeni,all,Clay,,,,,,,,,,,,,,,,,,
a09p,alafia-ayeni,Alafia Ayeni,all,Grass,,,,,,,,,,,,,,,,,,
a09p,alafia-ayeni,Alafia Ayeni,all,Carpet,,,,,,,,,,,,,,,,,,
a09p,alafia-ayeni,Alafia Ayeni,2026,all,,,,,,,,,,,,,,,,,,
a09p,alafia-ayeni,Alafia Ayeni,2026,Hard,,,,,,,,,,,,,,,,,,
a09p,alafia-ayeni,Alafia Ayeni,2026,Clay,,,,,,,,,,,,,,,,,,
a09p,alafia-ayeni,Alafia Ayeni,2026,Grass,,,,,,,,,,,,,,,,,,
a09p,alafia-ayeni,Alafia Ayeni,2026,Carpet,,,,,,,,,,,,,,,,,,
a09p,alafia-ayeni,Alafia Ayeni,2025,all,,,,,,,,,,,,,,,,,,
a09p,alafia-ayeni,Alafia Ayeni,2025,Hard,,,,,,,,,,,,,,,,,,
a09p,alafia-ayeni,Alafia Ayeni,2025,Clay,,,,,,,,,,,,,,,,,,
a09p,alafia-ayeni,Alafia Ayeni,2025,Grass,,,,,,,,,,,,,,,,,,
a09p,alafia-ayeni,Alafia Ayeni,2025,Carpet,,,,,,,,,,,,,,,,,,
a09p,alafia-ayeni,Alafia Ayeni,2024,all,,,,,,,,,,,,,,,,,,
a09p,alafia-ayeni,Alafia Ayeni,2024,Hard,,,,,,,,,,,,,,,,,,
a09p,alafia-ayeni,Alafia Ayeni,2024,Clay,,,,,,,,,,,,,,,,,,
a09p,alafia-ayeni,Alafia Ayeni,2024,Grass,,,,,,,,,,,,,,,,,,
a09p,alafia-ayeni,Alafia Ayeni,2024,Carpet,,,,,,,,,,,,,,,,,,
a09p,alafia-ayeni,Alafia Ayeni,2023,all,,,,,,,,,,,,,,,,,,
a09p,alafia-ayeni,Alafia Ayeni,2023,Hard,,,,,,,,,,,,,,,,,,
a09p,alafia-ayeni,Alafia Ayeni,2023,Clay,,,,,,,,,,,,,,,,,,
a09p,alafia-ayeni,Alafia Ayeni,2023,Grass,,,,,,,,,,,,,,,,,,
a09p,alafia-ayeni,Alafia Ayeni,2023,Carpet,,,,,,,,,,,,,,,,,,
p0fj,radu-mihai-papoe,Radu Mihai Papoe,all,all,,,,,,,,,,,,,,,,,,
p0fj,radu-mihai-papoe,Radu Mihai Papoe,all,Hard,,,,,,,,,,,,,,,,,,
p0fj,radu-mihai-papoe,Radu Mihai Papoe,all,Clay,,,,,,,,,,,,,,,,,,
p0fj,radu-mihai-papoe,Radu Mihai Papoe,all,Grass,,,,,,,,,,,,,,,,,,
p0fj,radu-mihai-papoe,Radu Mihai Papoe,all,Carpet,,,,,,,,,,,,,,,,,,
p0fj,radu-mihai-papoe,Radu Mihai Papoe,2026,all,,,,,,,,,,,,,,,,,,
p0fj,radu-mihai-papoe,Radu Mihai Papoe,2026,Hard,,,,,,,,,,,,,,,,,,
p0fj,radu-mihai-papoe,Radu Mihai Papoe,2026,Clay,,,,,,,,,,,,,,,,,,
p0fj,radu-mihai-papoe,Radu Mihai Papoe,2026,Grass,,,,,,,,,,,,,,,,,,
p0fj,radu-mihai-papoe,Radu Mihai Papoe,2026,Carpet,,,,,,,,,,,,,,,,,,
p0fj,radu-mihai-papoe,Radu Mihai Papoe,2025,all,,,,,,,,,,,,,,,,,,
p0fj,radu-mihai-papoe,Radu Mihai Papoe,2025,Hard,,,,,,,,,,,,,,,,,,
p0fj,radu-mihai-papoe,Radu Mihai Papoe,2025,Clay,,,,,,,,,,,,,,,,,,
p0fj,radu-mihai-papoe,Radu Mihai Papoe,2025,Grass,,,,,,,,,,,,,,,,,,
p0fj,radu-mihai-papoe,Radu Mihai Papoe,2025,Carpet,,,,,,,,,,,,,,,,,,
p0fj,radu-mihai-papoe,Radu Mihai Papoe,2024,all,,,,,,,,,,,,,,,,,,
p0fj,radu-mihai-papoe,Radu Mihai Papoe,2024,Hard,,,,,,,,,,,,,,,,,,
p0fj,radu-mihai-papoe,Radu Mihai Papoe,2024,Clay,,,,,,,,,,,,,,,,,,
p0fj,radu-mihai-papoe,Radu Mihai Papoe,2024,Grass,,,,,,,,,,,,,,,,,,
p0fj,radu-mihai-papoe,Radu Mihai Papoe,2024,Carpet,,,,,,,,,,,,,,,,,,
p0fj,radu-mihai-papoe,Radu Mihai Papoe,2023,all,,,,,,,,,,,,,,,,,,
p0fj,radu-mihai-papoe,Radu Mihai Papoe,2023,Hard,,,,,,,,,,,,,,,,,,
p0fj,radu-mihai-papoe,Radu Mihai Papoe,2023,Clay,,,,,,,,,,,,,,,,,,
p0fj,radu-mihai-papoe,Radu Mihai Papoe,2023,Grass,,,,,,,,,,,,,,,,,,
p0fj,radu-mihai-papoe,Radu Mihai Papoe,2023,Carpet,,,,,,,,,,,,,,,,,,
b0jg,leo-borg,Leo Borg,all,all,18,32,62,65,47,65,55,96,70,58,23,46,32,41,94,14,32,46
b0jg,leo-borg,Leo Borg,all,Hard,13,27,62,63,45,49,55,67,67,57,20,46,22,45,65,15,31,45
b0jg,leo-borg,Leo Borg,all,Clay,5,5,63,70,51,16,56,29,76,63,27,45,10,30,29,10,33,48
b0jg,leo-borg,Leo Borg,all,Grass,,,,,,,,,,,,,,,,,,
b0jg,leo-borg,Leo Borg,all,Carpet,,,,,,,,,,,,,,,,,,
b0jg,leo-borg,Leo Borg,2026,all,,,,,,,,,,,,,,,,,,
b0jg,leo-borg,Leo Borg,2026,Hard,,,,,,,,,,,,,,,,,,
b0jg,leo-borg,Leo Borg,2026,Clay,,,,,,,,,,,,,,,,,,
b0jg,leo-borg,Leo Borg,2026,Grass,,,,,,,,,,,,,,,,,,
b0jg,leo-borg,Leo Borg,2026,Carpet,,,,,,,,,,,,,,,,,,
b0jg,leo-borg,Leo Borg,2025,all,2,10,62,63,48,19,63,24,71,57,15,58,10,50,22,23,34,47
b0jg,leo-borg,Leo Borg,2025,Hard,2,10,62,63,48,19,63,24,71,57,15,58,10,50,22,23,34,47
b0jg,leo-borg,Leo Borg,2025,Clay,,,,,,,,,,,,,,,,,,
b0jg,leo-borg,Leo Borg,2025,Grass,,,,,,,,,,,,,,,,,,
b0jg,leo-borg,Leo Borg,2025,Carpet,,,,,,,,,,,,,,,,,,
b0jg,leo-borg,Leo Borg,2024,all,7,5,64,72,43,11,55,20,75,61,17,31,1,100,20,5,22,44
b0jg,leo-borg,Leo Borg,2024,Hard,5,3,67,71,36,7,57,11,73,59,16,29,1,100,10,10,21,43
b0jg,leo-borg,Leo Borg,2024,Clay,2,2,61,74,50,4,50,9,78,64,18,36,0,0,10,0,23,44
b0jg,leo-borg,Leo Borg,2024,Grass,,,,,,,,,,,,,,,,,,
b0jg,leo-borg,Leo Borg,2024,Carpet,,,,,,,,,,,,,,,,,,
b0jg,leo-borg,Leo Borg,2023,all,5,9,64,70,42,21,57,29,69,60,31,47,15,27,28,14,37,48
b0jg,leo-borg,Leo Borg,2023,Hard,2,6,64,74,19,9,56,9,56,54,30,45,5,20,9,11,36,45
b0jg,leo-borg,Leo Borg,2023,Clay,3,3,64,68,52,12,58,20,75,62,31,48,10,30,19,16,37,49
b0jg,leo-borg,Leo Borg,2023,Grass,,,,,,,,,,,,,,,,,,
b0jg,leo-borg,Leo Borg,2023,Carpet,,,,,,,,,,,,,,,,,,
sq79,colin-sinclair,Colin Sinclair,all,all,0,0,0,0,0,0,0,0,0,0,0,0,0,0,0,0,0,0
sq79,colin-sinclair,Colin Sinclair,all,Hard,0,0,0,0,0,0,0,0,0,0,0,0,0,0,0,0,0,0
sq79,colin-sinclair,Colin Sinclair,all,Clay,,,,,,,,,,,,,,,,,,
sq79,colin-sinclair,Colin Sinclair,all,Grass,,,,,,,,,,,,,,,,,,
sq79,colin-sinclair,Colin Sinclair,all,Carpet,,,,,,,,,,,,,,,,,,
sq79,colin-sinclair,Colin Sinclair,2026,all,,,,,,,,,,,,,,,,,,
sq79,colin-sinclair,Colin Sinclair,2026,Hard,,,,,,,,,,,,,,,,,,
sq79,colin-sinclair,Colin Sinclair,2026,Clay,,,,,,,,,,,,,,,,,,
sq79,colin-sinclair,Colin Sinclair,2026,Grass,,,,,,,,,,,,,,,,,,
sq79,colin-sinclair,Colin Sinclair,2026,Carpet,,,,,,,,,,,,,,,,,,
sq79,colin-sinclair,Colin Sinclair,2025,all,,,,,,,,,,,,,,,,,,
sq79,colin-sinclair,Colin Sinclair,2025,Hard,,,,,,,,,,,,,,,,,,
sq79,colin-sinclair,Colin Sinclair,2025,Clay,,,,,,,,,,,,,,,,,,
sq79,colin-sinclair,Colin Sinclair,2025,Grass,,,,,,,,,,,,,,,,,,
sq79,colin-sinclair,Colin Sinclair,2025,Carpet,,,,,,,,,,,,,,,,,,
sq79,colin-sinclair,Colin Sinclair,2024,all,,,,,,,,,,,,,,,,,,
sq79,colin-sinclair,Colin Sinclair,2024,Hard,,,,,,,,,,,,,,,,,,
sq79,colin-sinclair,Colin Sinclair,2024,Clay,,,,,,,,,,,,,,,,,,
sq79,colin-sinclair,Colin Sinclair,2024,Grass,,,,,,,,,,,,,,,,,,
sq79,colin-sinclair,Colin Sinclair,2024,Carpet,,,,,,,,,,,,,,,,,,
sq79,colin-sinclair,Colin Sinclair,2023,all,0,0,0,0,0,0,0,0,0,0,0,0,0,0,0,0,0,0
sq79,colin-sinclair,Colin Sinclair,2023,Hard,0,0,0,0,0,0,0,0,0,0,0,0,0,0,0,0,0,0
sq79,colin-sinclair,Colin Sinclair,2023,Clay,,,,,,,,,,,,,,,,,,
sq79,colin-sinclair,Colin Sinclair,2023,Grass,,,,,,,,,,,,,,,,,,
sq79,colin-sinclair,Colin Sinclair,2023,Carpet,,,,,,,,,,,,,,,,,,
dc38,jake-delaney,Jake Delaney,all,all,,,,,,,,,,,,,,,,,,
dc38,jake-delaney,Jake Delaney,all,Hard,,,,,,,,,,,,,,,,,,
dc38,jake-delaney,Jake Delaney,all,Clay,,,,,,,,,,,,,,,,,,
dc38,jake-delaney,Jake Delaney,all,Grass,,,,,,,,,,,,,,,,,,
dc38,jake-delaney,Jake Delaney,all,Carpet,,,,,,,,,,,,,,,,,,
dc38,jake-delaney,Jake Delaney,2026,all,,,,,,,,,,,,,,,,,,
dc38,jake-delaney,Jake Delaney,2026,Hard,,,,,,,,,,,,,,,,,,
dc38,jake-delaney,Jake Delaney,2026,Clay,,,,,,,,,,,,,,,,,,
dc38,jake-delaney,Jake Delaney,2026,Grass,,,,,,,,,,,,,,,,,,
dc38,jake-delaney,Jake Delaney,2026,Carpet,,,,,,,,,,,,,,,,,,
dc38,jake-delaney,Jake Delaney,2025,all,,,,,,,,,,,,,,,,,,
dc38,jake-delaney,Jake Delaney,2025,Hard,,,,,,,,,,,,,,,,,,
dc38,jake-delaney,Jake Delaney,2025,Clay,,,,,,,,,,,,,,,,,,
dc38,jake-delaney,Jake Delaney,2025,Grass,,,,,,,,,,,,,,,,,,
dc38,jake-delaney,Jake Delaney,2025,Carpet,,,,,,,,,,,,,,,,,,
dc38,jake-delaney,Jake Delaney,2024,all,,,,,,,,,,,,,,,,,,
dc38,jake-delaney,Jake Delaney,2024,Hard,,,,,,,,,,,,,,,,,,
dc38,jake-delaney,Jake Delaney,2024,Clay,,,,,,,,,,,,,,,,,,
dc38,jake-delaney,Jake Delaney,2024,Grass,,,,,,,,,,,,,,,,,,
dc38,jake-delaney,Jake Delaney,2024,Carpet,,,,,,,,,,,,,,,,,,
dc38,jake-delaney,Jake Delaney,2023,all,,,,,,,,,,,,,,,,,,
dc38,jake-delaney,Jake Delaney,2023,Hard,,,,,,,,,,,,,,,,,,
dc38,jake-delaney,Jake Delaney,2023,Clay,,,,,,,,,,,,,,,,,,
dc38,jake-delaney,Jake Delaney,2023,Grass,,,,,,,,,,,,,,,,,,
dc38,jake-delaney,Jake Delaney,2023,Carpet,,,,,,,,,,,,,,,,,,
ea27,blake-ellis,Blake Ellis,all,all,,,,,,,,,,,,,,,,,,
ea27,blake-ellis,Blake Ellis,all,Hard,,,,,,,,,,,,,,,,,,
ea27,blake-ellis,Blake Ellis,all,Clay,,,,,,,,,,,,,,,,,,
ea27,blake-ellis,Blake Ellis,all,Grass,,,,,,,,,,,,,,,,,,
ea27,blake-ellis,Blake Ellis,all,Carpet,,,,,,,,,,,,,,,,,,
ea27,blake-ellis,Blake Ellis,2026,all,,,,,,,,,,,,,,,,,,
ea27,blake-ellis,Blake Ellis,2026,Hard,,,,,,,,,,,,,,,,,,
ea27,blake-ellis,Blake Ellis,2026,Clay,,,,,,,,,,,,,,,,,,
ea27,blake-ellis,Blake Ellis,2026,Grass,,,,,,,,,,,,,,,,,,
ea27,blake-ellis,Blake Ellis,2026,Carpet,,,,,,,,,,,,,,,,,,
ea27,blake-ellis,Blake Ellis,2025,all,,,,,,,,,,,,,,,,,,
ea27,blake-ellis,Blake Ellis,2025,Hard,,,,,,,,,,,,,,,,,,
ea27,blake-ellis,Blake Ellis,2025,Clay,,,,,,,,,,,,,,,,,,
ea27,blake-ellis,Blake Ellis,2025,Grass,,,,,,,,,,,,,,,,,,
ea27,blake-ellis,Blake Ellis,2025,Carpet,,,,,,,,,,,,,,,,,,
ea27,blake-ellis,Blake Ellis,2024,all,,,,,,,,,,,,,,,,,,
ea27,blake-ellis,Blake Ellis,2024,Hard,,,,,,,,,,,,,,,,,,
ea27,blake-ellis,Blake Ellis,2024,Clay,,,,,,,,,,,,,,,,,,
ea27,blake-ellis,Blake Ellis,2024,Grass,,,,,,,,,,,,,,,,,,
ea27,blake-ellis,Blake Ellis,2024,Carpet,,,,,,,,,,,,,,,,,,
ea27,blake-ellis,Blake Ellis,2023,all,,,,,,,,,,,,,,,,,,
ea27,blake-ellis,Blake Ellis,2023,Hard,,,,,,,,,,,,,,,,,,
ea27,blake-ellis,Blake Ellis,2023,Clay,,,,,,,,,,,,,,,,,,
ea27,blake-ellis,Blake Ellis,2023,Grass,,,,,,,,,,,,,,,,,,
ea27,blake-ellis,Blake Ellis,2023,Carpet,,,,,,,,,,,,,,,,,,
t0ei,aristotelis-thanos,Aristotelis Thanos,all,all,2,2,55,52,36,8,38,8,38,45,21,22,3,0,7,0,21,34
t0ei,aristotelis-thanos,Aristotelis Thanos,all,Hard,2,2,55,52,36,8,38,8,38,45,21,22,3,0,7,0,21,34
t0ei,aristotelis-thanos,Aristotelis Thanos,all,Clay,0,0,0,0,0,0,0,0,0,0,0,0,0,0,0,0,0,0
t0ei,aristotelis-thanos,Aristotelis Thanos,all,Grass,,,,,,,,,,,,,,,,,,
t0ei,aristotelis-thanos,Aristotelis Thanos,all,Carpet,,,,,,,,,,,,,,,,,,
t0ei,aristotelis-thanos,Aristotelis Thanos,2026,all,,,,,,,,,,,,,,,,,,
t0ei,aristotelis-thanos,Aristotelis Thanos,2026,Hard,,,,,,,,,,,,,,,,,,
t0ei,aristotelis-thanos,Aristotelis Thanos,2026,Clay,,,,,,,,,,,,,,,,,,
t0ei,aristotelis-thanos,Aristotelis Thanos,2026,Grass,,,,,,,,,,,,,,,,,,
t0ei,aristotelis-thanos,Aristotelis Thanos,2026,Carpet,,,,,,,,,,,,,,,,,,
t0ei,aristotelis-thanos,Aristotelis Thanos,2025,all,0,0,0,0,0,0,0,0,0,0,0,0,0,0,0,0,0,0
t0ei,aristotelis-thanos,Aristotelis Thanos,2025,Hard,,,,,,,,,,,,,,,,,,
t0ei,aristotelis-thanos,Aristotelis Thanos,2025,Clay,0,0,0,0,0,0,0,0,0,0,0,0,0,0,0,0,0,0
t0ei,aristotelis-thanos,Aristotelis Thanos,2025,Grass,,,,,,,,,,,,,,,,,,
t0ei,aristotelis-thanos,Aristotelis Thanos,2025,Carpet,,,,,,,,,,,,,,,,,,
t0ei,aristotelis-thanos,Aristotelis Thanos,2024,all,0,0,0,0,0,0,0,0,0,0,0,0,0,0,0,0,0,0
t0ei,aristotelis-thanos,Aristotelis Thanos,2024,Hard,0,0,0,0,0,0,0,0,0,0,0,0,0,0,0,0,0,0
t0ei,aristotelis-thanos,Aristotelis Thanos,2024,Clay,,,,,,,,,,,,,,,,,,
t0ei,aristotelis-thanos,Aristotelis Thanos,2024,Grass,,,,,,,,,,,,,,,,,,
t0ei,aristotelis-thanos,Aristotelis Thanos,2024,Carpet,,,,,,,,,,,,,,,,,,
t0ei,aristotelis-thanos,Aristotelis Thanos,2023,all,0,0,0,0,0,0,0,0,0,0,0,0,0,0,0,0,0,0
t0ei,aristotelis-thanos,Aristotelis Thanos,2023,Hard,0,0,0,0,0,0,0,0,0,0,0,0,0,0,0,0,0,0
t0ei,aristotelis-thanos,Aristotelis Thanos,2023,Clay,,,,,,,,,,,,,,,,,,
t0ei,aristotelis-thanos,Aristotelis Thanos,2023,Grass,,,,,,,,,,,,,,,,,,
t0ei,aristotelis-thanos,Aristotelis Thanos,2023,Carpet,,,,,,,,,,,,,,,,,,
f0bp,pietro-fellin,Pietro Fellin,all,all,,,,,,,,,,,,,,,,,,
f0bp,pietro-fellin,Pietro Fellin,all,Hard,,,,,,,,,,,,,,,,,,
f0bp,pietro-fellin,Pietro Fellin,all,Clay,,,,,,,,,,,,,,,,,,
f0bp,pietro-fellin,Pietro Fellin,all,Grass,,,,,,,,,,,,,,,,,,
f0bp,pietro-fellin,Pietro Fellin,all,Carpet,,,,,,,,,,,,,,,,,,
f0bp,pietro-fellin,Pietro Fellin,2026,all,,,,,,,,,,,,,,,,,,
f0bp,pietro-fellin,Pietro Fellin,2026,Hard,,,,,,,,,,,,,,,,,,
f0bp,pietro-fellin,Pietro Fellin,2026,Clay,,,,,,,,,,,,,,,,,,
f0bp,pietro-fellin,Pietro Fellin,2026,Grass,,,,,,,,,,,,,,,,,,
f0bp,pietro-fellin,Pietro Fellin,2026,Carpet,,,,,,,,,,,,,,,,,,
f0bp,pietro-fellin,Pietro Fellin,2025,all,,,,,,,,,,,,,,,,,,
f0bp,pietro-fellin,Pietro Fellin,2025,Hard,,,,,,,,,,,,,,,,,,
f0bp,pietro-fellin,Pietro Fellin,2025,Clay,,,,,,,,,,,,,,,,,,
f0bp,pietro-fellin,Pietro Fellin,2025,Grass,,,,,,,,,,,,,,,,,,
f0bp,pietro-fellin,Pietro Fellin,2025,Carpet,,,,,,,,,,,,,,,,,,
f0bp,pietro-fellin,Pietro Fellin,2024,all,,,,,,,,,,,,,,,,,,
f0bp,pietro-fellin,Pietro Fellin,2024,Hard,,,,,,,,,,,,,,,,,,
f0bp,pietro-fellin,Pietro Fellin,2024,Clay,,,,,,,,,,,,,,,,,,
f0bp,pietro-fellin,Pietro Fellin,2024,Grass,,,,,,,,,,,,,,,,,,
f0bp,pietro-fellin,Pietro Fellin,2024,Carpet,,,,,,,,,,,,,,,,,,
f0bp,pietro-fellin,Pietro Fellin,2023,all,,,,,,,,,,,,,,,,,,
f0bp,pietro-fellin,Pietro Fellin,2023,Hard,,,,,,,,,,,,,,,,,,
f0bp,pietro-fellin,Pietro Fellin,2023,Clay,,,,,,,,,,,,,,,,,,
f0bp,pietro-fellin,Pietro Fellin,2023,Grass,,,,,,,,,,,,,,,,,,
f0bp,pietro-fellin,Pietro Fellin,2023,Carpet,,,,,,,,,,,,,,,,,,
a0g7,valerio-aboian,Valerio Aboian,all,all,,,,,,,,,,,,,,,,,,
a0g7,valerio-aboian,Valerio Aboian,all,Hard,,,,,,,,,,,,,,,,,,
a0g7,valerio-aboian,Valerio Aboian,all,Clay,,,,,,,,,,,,,,,,,,
a0g7,valerio-aboian,Valerio Aboian,all,Grass,,,,,,,,,,,,,,,,,,
a0g7,valerio-aboian,Valerio Aboian,all,Carpet,,,,,,,,,,,,,,,,,,
a0g7,valerio-aboian,Valerio Aboian,2026,all,,,,,,,,,,,,,,,,,,
a0g7,valerio-aboian,Valerio Aboian,2026,Hard,,,,,,,,,,,,,,,,,,
a0g7,valerio-aboian,Valerio Aboian,2026,Clay,,,,,,,,,,,,,,,,,,
a0g7,valerio-aboian,Valerio Aboian,2026,Grass,,,,,,,,,,,,,,,,,,
a0g7,valerio-aboian,Valerio Aboian,2026,Carpet,,,,,,,,,,,,,,,,,,
a0g7,valerio-aboian,Valerio Aboian,2025,all,,,,,,,,,,,,,,,,,,
a0g7,valerio-aboian,Valerio Aboian,2025,Hard,,,,,,,,,,,,,,,,,,
a0g7,valerio-aboian,Valerio Aboian,2025,Clay,,,,,,,,,,,,,,,,,,
a0g7,valerio-aboian,Valerio Aboian,2025,Grass,,,,,,,,,,,,,,,,,,
a0g7,valerio-aboian,Valerio Aboian,2025,Carpet,,,,,,,,,,,,,,,,,,
a0g7,valerio-aboian,Valerio Aboian,2024,all,,,,,,,,,,,,,,,,,,
a0g7,valerio-aboian,Valerio Aboian,2024,Hard,,,,,,,,,,,,,,,,,,
a0g7,valerio-aboian,Valerio Aboian,2024,Clay,,,,,,,,,,,,,,,,,,
a0g7,valerio-aboian,Valerio Aboian,2024,Grass,,,,,,,,,,,,,,,,,,
a0g7,valerio-aboian,Valerio Aboian,2024,Carpet,,,,,,,,,,,,,,,,,,
a0g7,valerio-aboian,Valerio Aboian,2023,all,,,,,,,,,,,,,,,,,,
a0g7,valerio-aboian,Valerio Aboian,2023,Hard,,,,,,,,,,,,,,,,,,
a0g7,valerio-aboian,Valerio Aboian,2023,Clay,,,,,,,,,,,,,,,,,,
a0g7,valerio-aboian,Valerio Aboian,2023,Grass,,,,,,,,,,,,,,,,,,
a0g7,valerio-aboian,Valerio Aboian,2023,Carpet,,,,,,,,,,,,,,,,,,
z0bl,fares-zakaria,Fares Zakaria,all,all,0,0,0,0,0,0,0,0,0,0,0,0,0,0,0,0,0,0
z0bl,fares-zakaria,Fares Zakaria,all,Hard,0,0,0,0,0,0,0,0,0,0,0,0,0,0,0,0,0,0
z0bl,fares-zakaria,Fares Zakaria,all,Clay,0,0,0,0,0,0,0,0,0,0,0,0,0,0,0,0,0,0
z0bl,fares-zakaria,Fares Zakaria,all,Grass,,,,,,,,,,,,,,,,,,
z0bl,fares-zakaria,Fares Zakaria,all,Carpet,,,,,,,,,,,,,,,,,,
z0bl,fares-zakaria,Fares Zakaria,2026,all,0,0,0,0,0,0,0,0,0,0,0,0,0,0,0,0,0,0
z0bl,fares-zakaria,Fares Zakaria,2026,Hard,,,,,,,,,,,,,,,,,,
z0bl,fares-zakaria,Fares Zakaria,2026,Clay,0,0,0,0,0,0,0,0,0,0,0,0,0,0,0,0,0,0
z0bl,fares-zakaria,Fares Zakaria,2026,Grass,,,,,,,,,,,,,,,,,,
z0bl,fares-zakaria,Fares Zakaria,2026,Carpet,,,,,,,,,,,,,,,,,,
z0bl,fares-zakaria,Fares Zakaria,2025,all,0,0,0,0,0,0,0,0,0,0,0,0,0,0,0,0,0,0
z0bl,fares-zakaria,Fares Zakaria,2025,Hard,0,0,0,0,0,0,0,0,0,0,0,0,0,0,0,0,0,0
z0bl,fares-zakaria,Fares Zakaria,2025,Clay,,,,,,,,,,,,,,,,,,
z0bl,fares-zakaria,Fares Zakaria,2025,Grass,,,,,,,,,,,,,,,,,,
z0bl,fares-zakaria,Fares Zakaria,2025,Carpet,,,,,,,,,,,,,,,,,,
z0bl,fares-zakaria,Fares Zakaria,2024,all,0,0,0,0,0,0,0,0,0,0,0,0,0,0,0,0,0,0
z0bl,fares-zakaria,Fares Zakaria,2024,Hard,,,,,,,,,,,,,,,,,,
z0bl,fares-zakaria,Fares Zakaria,2024,Clay,0,0,0,0,0,0,0,0,0,0,0,0,0,0,0,0,0,0
z0bl,fares-zakaria,Fares Zakaria,2024,Grass,,,,,,,,,,,,,,,,,,
z0bl,fares-zakaria,Fares Zakaria,2024,Carpet,,,,,,,,,,,,,,,,,,
z0bl,fares-zakaria,Fares Zakaria,2023,all,,,,,,,,,,,,,,,,,,
z0bl,fares-zakaria,Fares Zakaria,2023,Hard,,,,,,,,,,,,,,,,,,
z0bl,fares-zakaria,Fares Zakaria,2023,Clay,,,,,,,,,,,,,,,,,,
z0bl,fares-zakaria,Fares Zakaria,2023,Grass,,,,,,,,,,,,,,,,,,
z0bl,fares-zakaria,Fares Zakaria,2023,Carpet,,,,,,,,,,,,,,,,,,
b0d6,taha-baadi,Taha Baadi,all,all,5,1,65,61,54,23,61,29,69,59,30,48,12,50,30,20,38,48
b0d6,taha-baadi,Taha Baadi,all,Hard,0,0,0,0,0,0,0,0,0,0,0,0,0,0,0,0,0,0
b0d6,taha-baadi,Taha Baadi,all,Clay,5,1,65,61,54,23,61,29,69,59,30,48,12,50,30,20,38,48
b0d6,taha-baadi,Taha Baadi,all,Grass,,,,,,,,,,,,,,,,,,
b0d6,taha-baadi,Taha Baadi,all,Carpet,,,,,,,,,,,,,,,,,,
b0d6,taha-baadi,Taha Baadi,2026,all,4,1,65,62,56,11,45,19,68,60,33,43,7,57,19,21,38,48
b0d6,taha-baadi,Taha Baadi,2026,Hard,,,,,,,,,,,,,,,,,,
b0d6,taha-baadi,Taha Baadi,2026,Clay,4,1,65,62,56,11,45,19,68,60,33,43,7,57,19,21,38,48
b0d6,taha-baadi,Taha Baadi,2026,Grass,,,,,,,,,,,,,,,,,,
b0d6,taha-baadi,Taha Baadi,2026,Carpet,,,,,,,,,,,,,,,,,,
b0d6,taha-baadi,Taha Baadi,2025,all,1,0,66,61,50,12,75,10,70,57,27,55,5,40,11,18,38,48
b0d6,taha-baadi,Taha Baadi,2025,Hard,0,0,0,0,0,0,0,0,0,0,0,0,0,0,0,0,0,0
b0d6,taha-baadi,Taha Baadi,2025,Clay,1,0,66,61,50,12,75,10,70,57,27,55,5,40,11,18,38,48
b0d6,taha-baadi,Taha Baadi,2025,Grass,,,,,,,,,,,,,,,,,,
b0d6,taha-baadi,Taha Baadi,2025,Carpet,,,,,,,,,,,,,,,,,,
b0d6,taha-baadi,Taha Baadi,2024,all,,,,,,,,,,,,,,,,,,
b0d6,taha-baadi,Taha Baadi,2024,Hard,,,,,,,,,,,,,,,,,,
b0d6,taha-baadi,Taha Baadi,2024,Clay,,,,,,,,,,,,,,,,,,
b0d6,taha-baadi,Taha Baadi,2024,Grass,,,,,,,,,,,,,,,,,,
b0d6,taha-baadi,Taha Baadi,2024,Carpet,,,,,,,,,,,,,,,,,,
b0d6,taha-baadi,Taha Baadi,2023,all,,,,,,,,,,,,,,,,,,
b0d6,taha-baadi,Taha Baadi,2023,Hard,,,,,,,,,,,,,,,,,,
b0d6,taha-baadi,Taha Baadi,2023,Clay,,,,,,,,,,,,,,,,,,
b0d6,taha-baadi,Taha Baadi,2023,Grass,,,,,,,,,,,,,,,,,,
b0d6,taha-baadi,Taha Baadi,2023,Carpet,,,,,,,,,,,,,,,,,,
b0p4,tomasz-berkieta,Tomasz Berkieta,all,all,0,0,0,0,0,0,0,0,0,0,0,0,0,0,0,0,0,0
b0p4,tomasz-berkieta,Tomasz Berkieta,all,Hard,0,0,0,0,0,0,0,0,0,0,0,0,0,0,0,0,0,0
b0p4,tomasz-berkieta,Tomasz Berkieta,all,Clay,,,,,,,,,,,,,,,,,,
b0p4,tomasz-berkieta,Tomasz Berkieta,all,Grass,,,,,,,,,,,,,,,,,,
b0p4,tomasz-berkieta,Tomasz Berkieta,all,Carpet,,,,,,,,,,,,,,,,,,
b0p4,tomasz-berkieta,Tomasz Berkieta,2026,all,,,,,,,,,,,,,,,,,,
b0p4,tomasz-berkieta,Tomasz Berkieta,2026,Hard,,,,,,,,,,,,,,,,,,
b0p4,tomasz-berkieta,Tomasz Berkieta,2026,Clay,,,,,,,,,,,,,,,,,,
b0p4,tomasz-berkieta,Tomasz Berkieta,2026,Grass,,,,,,,,,,,,,,,,,,
b0p4,tomasz-berkieta,Tomasz Berkieta,2026,Carpet,,,,,,,,,,,,,,,,,,
b0p4,tomasz-berkieta,Tomasz Berkieta,2025,all,0,0,0,0,0,0,0,0,0,0,0,0,0,0,0,0,0,0
b0p4,tomasz-berkieta,Tomasz Berkieta,2025,Hard,0,0,0,0,0,0,0,0,0,0,0,0,0,0,0,0,0,0
b0p4,tomasz-berkieta,Tomasz Berkieta,2025,Clay,,,,,,,,,,,,,,,,,,
b0p4,tomasz-berkieta,Tomasz Berkieta,2025,Grass,,,,,,,,,,,,,,,,,,
b0p4,tomasz-berkieta,Tomasz Berkieta,2025,Carpet,,,,,,,,,,,,,,,,,,
b0p4,tomasz-berkieta,Tomasz Berkieta,2024,all,,,,,,,,,,,,,,,,,,
b0p4,tomasz-berkieta,Tomasz Berkieta,2024,Hard,,,,,,,,,,,,,,,,,,
b0p4,tomasz-berkieta,Tomasz Berkieta,2024,Clay,,,,,,,,,,,,,,,,,,
b0p4,tomasz-berkieta,Tomasz Berkieta,2024,Grass,,,,,,,,,,,,,,,,,,
b0p4,tomasz-berkieta,Tomasz Berkieta,2024,Carpet,,,,,,,,,,,,,,,,,,
b0p4,tomasz-berkieta,Tomasz Berkieta,2023,all,,,,,,,,,,,,,,,,,,
b0p4,tomasz-berkieta,Tomasz Berkieta,2023,Hard,,,,,,,,,,,,,,,,,,
b0p4,tomasz-berkieta,Tomasz Berkieta,2023,Clay,,,,,,,,,,,,,,,,,,
b0p4,tomasz-berkieta,Tomasz Berkieta,2023,Grass,,,,,,,,,,,,,,,,,,
b0p4,tomasz-berkieta,Tomasz Berkieta,2023,Carpet,,,,,,,,,,,,,,,,,,
g0j9,svyatoslav-gulin,Svyatoslav Gulin,all,all,,,,,,,,,,,,,,,,,,
g0j9,svyatoslav-gulin,Svyatoslav Gulin,all,Hard,,,,,,,,,,,,,,,,,,
g0j9,svyatoslav-gulin,Svyatoslav Gulin,all,Clay,,,,,,,,,,,,,,,,,,
g0j9,svyatoslav-gulin,Svyatoslav Gulin,all,Grass,,,,,,,,,,,,,,,,,,
g0j9,svyatoslav-gulin,Svyatoslav Gulin,all,Carpet,,,,,,,,,,,,,,,,,,
g0j9,svyatoslav-gulin,Svyatoslav Gulin,2026,all,,,,,,,,,,,,,,,,,,
g0j9,svyatoslav-gulin,Svyatoslav Gulin,2026,Hard,,,,,,,,,,,,,,,,,,
g0j9,svyatoslav-gulin,Svyatoslav Gulin,2026,Clay,,,,,,,,,,,,,,,,,,
g0j9,svyatoslav-gulin,Svyatoslav Gulin,2026,Grass,,,,,,,,,,,,,,,,,,
g0j9,svyatoslav-gulin,Svyatoslav Gulin,2026,Carpet,,,,,,,,,,,,,,,,,,
g0j9,svyatoslav-gulin,Svyatoslav Gulin,2025,all,,,,,,,,,,,,,,,,,,
g0j9,svyatoslav-gulin,Svyatoslav Gulin,2025,Hard,,,,,,,,,,,,,,,,,,
g0j9,svyatoslav-gulin,Svyatoslav Gulin,2025,Clay,,,,,,,,,,,,,,,,,,
g0j9,svyatoslav-gulin,Svyatoslav Gulin,2025,Grass,,,,,,,,,,,,,,,,,,
g0j9,svyatoslav-gulin,Svyatoslav Gulin,2025,Carpet,,,,,,,,,,,,,,,,,,
g0j9,svyatoslav-gulin,Svyatoslav Gulin,2024,all,,,,,,,,,,,,,,,,,,
g0j9,svyatoslav-gulin,Svyatoslav Gulin,2024,Hard,,,,,,,,,,,,,,,,,,
g0j9,svyatoslav-gulin,Svyatoslav Gulin,2024,Clay,,,,,,,,,,,,,,,,,,
g0j9,svyatoslav-gulin,Svyatoslav Gulin,2024,Grass,,,,,,,,,,,,,,,,,,
g0j9,svyatoslav-gulin,Svyatoslav Gulin,2024,Carpet,,,,,,,,,,,,,,,,,,
g0j9,svyatoslav-gulin,Svyatoslav Gulin,2023,all,,,,,,,,,,,,,,,,,,
g0j9,svyatoslav-gulin,Svyatoslav Gulin,2023,Hard,,,,,,,,,,,,,,,,,,
g0j9,svyatoslav-gulin,Svyatoslav Gulin,2023,Clay,,,,,,,,,,,,,,,,,,
g0j9,svyatoslav-gulin,Svyatoslav Gulin,2023,Grass,,,,,,,,,,,,,,,,,,
g0j9,svyatoslav-gulin,Svyatoslav Gulin,2023,Carpet,,,,,,,,,,,,,,,,,,
s0iv,paulo-andre-saraiva-dos-santos,Paulo Andre Saraiva Dos Santos,all,all,,,,,,,,,,,,,,,,,,
s0iv,paulo-andre-saraiva-dos-santos,Paulo Andre Saraiva Dos Santos,all,Hard,,,,,,,,,,,,,,,,,,
s0iv,paulo-andre-saraiva-dos-santos,Paulo Andre Saraiva Dos Santos,all,Clay,,,,,,,,,,,,,,,,,,
s0iv,paulo-andre-saraiva-dos-santos,Paulo Andre Saraiva Dos Santos,all,Grass,,,,,,,,,,,,,,,,,,
s0iv,paulo-andre-saraiva-dos-santos,Paulo Andre Saraiva Dos Santos,all,Carpet,,,,,,,,,,,,,,,,,,
s0iv,paulo-andre-saraiva-dos-santos,Paulo Andre Saraiva Dos Santos,2026,all,,,,,,,,,,,,,,,,,,
s0iv,paulo-andre-saraiva-dos-santos,Paulo Andre Saraiva Dos Santos,2026,Hard,,,,,,,,,,,,,,,,,,
s0iv,paulo-andre-saraiva-dos-santos,Paulo Andre Saraiva Dos Santos,2026,Clay,,,,,,,,,,,,,,,,,,
s0iv,paulo-andre-saraiva-dos-santos,Paulo Andre Saraiva Dos Santos,2026,Grass,,,,,,,,,,,,,,,,,,
s0iv,paulo-andre-saraiva-dos-santos,Paulo Andre Saraiva Dos Santos,2026,Carpet,,,,,,,,,,,,,,,,,,
s0iv,paulo-andre-saraiva-dos-santos,Paulo Andre Saraiva Dos Santos,2025,all,,,,,,,,,,,,,,,,,,
s0iv,paulo-andre-saraiva-dos-santos,Paulo Andre Saraiva Dos Santos,2025,Hard,,,,,,,,,,,,,,,,,,
s0iv,paulo-andre-saraiva-dos-santos,Paulo Andre Saraiva Dos Santos,2025,Clay,,,,,,,,,,,,,,,,,,
s0iv,paulo-andre-saraiva-dos-santos,Paulo Andre Saraiva Dos Santos,2025,Grass,,,,,,,,,,,,,,,,,,
s0iv,paulo-andre-saraiva-dos-santos,Paulo Andre Saraiva Dos Santos,2025,Carpet,,,,,,,,,,,,,,,,,,
s0iv,paulo-andre-saraiva-dos-santos,Paulo Andre Saraiva Dos Santos,2024,all,,,,,,,,,,,,,,,,,,
s0iv,paulo-andre-saraiva-dos-santos,Paulo Andre Saraiva Dos Santos,2024,Hard,,,,,,,,,,,,,,,,,,
s0iv,paulo-andre-saraiva-dos-santos,Paulo Andre Saraiva Dos Santos,2024,Clay,,,,,,,,,,,,,,,,,,
s0iv,paulo-andre-saraiva-dos-santos,Paulo Andre Saraiva Dos Santos,2024,Grass,,,,,,,,,,,,,,,,,,
s0iv,paulo-andre-saraiva-dos-santos,Paulo Andre Saraiva Dos Santos,2024,Carpet,,,,,,,,,,,,,,,,,,
s0iv,paulo-andre-saraiva-dos-santos,Paulo Andre Saraiva Dos Santos,2023,all,,,,,,,,,,,,,,,,,,
s0iv,paulo-andre-saraiva-dos-santos,Paulo Andre Saraiva Dos Santos,2023,Hard,,,,,,,,,,,,,,,,,,
s0iv,paulo-andre-saraiva-dos-santos,Paulo Andre Saraiva Dos Santos,2023,Clay,,,,,,,,,,,,,,,,,,
s0iv,paulo-andre-saraiva-dos-santos,Paulo Andre Saraiva Dos Santos,2023,Grass,,,,,,,,,,,,,,,,,,
s0iv,paulo-andre-saraiva-dos-santos,Paulo Andre Saraiva Dos Santos,2023,Carpet,,,,,,,,,,,,,,,,,,
p0e9,dominik-palan,Dominik Palan,all,all,,,,,,,,,,,,,,,,,,
p0e9,dominik-palan,Dominik Palan,all,Hard,,,,,,,,,,,,,,,,,,
p0e9,dominik-palan,Dominik Palan,all,Clay,,,,,,,,,,,,,,,,,,
p0e9,dominik-palan,Dominik Palan,all,Grass,,,,,,,,,,,,,,,,,,
p0e9,dominik-palan,Dominik Palan,all,Carpet,,,,,,,,,,,,,,,,,,
p0e9,dominik-palan,Dominik Palan,2026,all,,,,,,,,,,,,,,,,,,
p0e9,dominik-palan,Dominik Palan,2026,Hard,,,,,,,,,,,,,,,,,,
p0e9,dominik-palan,Dominik Palan,2026,Clay,,,,,,,,,,,,,,,,,,
p0e9,dominik-palan,Dominik Palan,2026,Grass,,,,,,,,,,,,,,,,,,
p0e9,dominik-palan,Dominik Palan,2026,Carpet,,,,,,,,,,,,,,,,,,
p0e9,dominik-palan,Dominik Palan,2025,all,,,,,,,,,,,,,,,,,,
p0e9,dominik-palan,Dominik Palan,2025,Hard,,,,,,,,,,,,,,,,,,
p0e9,dominik-palan,Dominik Palan,2025,Clay,,,,,,,,,,,,,,,,,,
p0e9,dominik-palan,Dominik Palan,2025,Grass,,,,,,,,,,,,,,,,,,
p0e9,dominik-palan,Dominik Palan,2025,Carpet,,,,,,,,,,,,,,,,,,
p0e9,dominik-palan,Dominik Palan,2024,all,,,,,,,,,,,,,,,,,,
p0e9,dominik-palan,Dominik Palan,2024,Hard,,,,,,,,,,,,,,,,,,
p0e9,dominik-palan,Dominik Palan,2024,Clay,,,,,,,,,,,,,,,,,,
p0e9,dominik-palan,Dominik Palan,2024,Grass,,,,,,,,,,,,,,,,,,
p0e9,dominik-palan,Dominik Palan,2024,Carpet,,,,,,,,,,,,,,,,,,
p0e9,dominik-palan,Dominik Palan,2023,all,,,,,,,,,,,,,,,,,,
p0e9,dominik-palan,Dominik Palan,2023,Hard,,,,,,,,,,,,,,,,,,
p0e9,dominik-palan,Dominik Palan,2023,Clay,,,,,,,,,,,,,,,,,,
p0e9,dominik-palan,Dominik Palan,2023,Grass,,,,,,,,,,,,,,,,,,
p0e9,dominik-palan,Dominik Palan,2023,Carpet,,,,,,,,,,,,,,,,,,
