match_id,match_code,tournament_name,event_year,number_of_sets,match_status,round_short
267,MS001,ABN AMRO Open,2023,3,F,F
260,MS002,ABN AMRO Open,2023,2,F,SF
258,MS003,ABN AMRO Open,2023,2,F,SF
270,MS004,ABN AMRO Open,2023,2,F,QF
259,MS006,ABN AMRO Open,2023,2,F,QF
269,MS007,ABN AMRO Open,2023,3,F,QF
261,MS008,ABN AMRO Open,2023,2,F,R16
263,MS011,ABN AMRO Open,2023,3,F,R16
274,MS012,ABN AMRO Open,2023,2,F,R16
273,MS014,ABN AMRO Open,2023,2,F,R16
268,MS017,ABN AMRO Open,2023,3,F,R32
271,MS018,ABN AMRO Open,2023,2,F,R32
277,MS023,ABN AMRO Open,2023,2,F,R32
266,MS024,ABN AMRO Open,2023,3,F,R32
280,MS025,ABN AMRO Open,2023,3,F,R32
272,MS027,ABN AMRO Open,2023,2,F,R32
265,MS028,ABN AMRO Open,2023,3,F,R32
275,MS031,ABN AMRO Open,2023,2,F,R32
285,QS009,ABN AMRO Open,2023,2,F,Q1
284,QS010,ABN AMRO Open,2023,2,F,Q1
278,QS012,ABN AMRO Open,2023,2,F,Q1
276,QS015,ABN AMRO Open,2023,3,F,Q1
47,MS003,ASB Classic,2023,2,F,SF
49,MS006,ASB Classic,2023,2,F,QF
46,MS007,ASB Classic,2023,3,F,QF
43,MS008,ASB Classic,2023,3,F,R16
48,MS012,ASB Classic,2023,2,F,R16
45,MS015,ASB Classic,2023,3,F,R16
53,MS017,ASB Classic,2023,3,F,R32
51,MS023,ASB Classic,2023,2,F,R32
52,MS024,ASB Classic,2023,2,F,R32
55,MS025,ASB Classic,2023,2,F,R32
50,MS030,ASB Classic,2023,2,F,R32
54,QS007,ASB Classic,2023,3,F,Q2
58,QS008,ASB Classic,2023,3,F,Q1
66,QS014,ASB Classic,2023,3,F,Q1
68,QS015,ASB Classic,2023,2,F,Q1
426,MS001,Abierto Mexicano Telcel presentado por HSBC,2023,3,F,F
421,MS002,Abierto Mexicano Telcel presentado por HSBC,2023,3,F,SF
410,MS003,Abierto Mexicano Telcel presentado por HSBC,2023,3,F,SF
411,MS004,Abierto Mexicano Telcel presentado por HSBC,2023,2,F,QF
408,MS005,Abierto Mexicano Telcel presentado por HSBC,2023,2,F,QF
423,MS006,Abierto Mexicano Telcel presentado por HSBC,2023,2,F,QF
412,MS007,Abierto Mexicano Telcel presentado por HSBC,2023,2,F,QF
419,MS008,Abierto Mexicano Telcel presentado por HSBC,2023,2,F,R16
428,MS009,Abierto Mexicano Telcel presentado por HSBC,2023,2,F,R16
414,MS010,Abierto Mexicano Telcel presentado por HSBC,2023,2,F,R16
418,MS012,Abierto Mexicano Telcel presentado por HSBC,2023,2,F,R16
415,MS013,Abierto Mexicano Telcel presentado por HSBC,2023,2,F,R16
417,MS014,Abierto Mexicano Telcel presentado por HSBC,2023,2,F,R16
413,MS015,Abierto Mexicano Telcel presentado por HSBC,2023,3,F,R16
422,MS016,Abierto Mexicano Telcel presentado por HSBC,2023,2,F,R32
434,MS017,Abierto Mexicano Telcel presentado por HSBC,2023,3,F,R32
424,MS018,Abierto Mexicano Telcel presentado por HSBC,2023,2,F,R32
435,MS021,Abierto Mexicano Telcel presentado por HSBC,2023,3,F,R32
430,MS023,Abierto Mexicano Telcel presentado por HSBC,2023,2,F,R32
425,MS024,Abierto Mexicano Telcel presentado por HSBC,2023,3,F,R32
427,MS025,Abierto Mexicano Telcel presentado por HSBC,2023,2,F,R32
429,MS027,Abierto Mexicano Telcel presentado por HSBC,2023,3,F,R32
420,MS028,Abierto Mexicano Telcel presentado por HSBC,2023,2,F,R32
431,QS004,Abierto Mexicano Telcel presentado por HSBC,2023,3,F,Q2
439,QS006,Abierto Mexicano Telcel presentado por HSBC,2023,2,F,Q2
440,QS008,Abierto Mexicano Telcel presentado por HSBC,2023,2,F,Q1
432,QS012,Abierto Mexicano Telcel presentado por HSBC,2023,3,F,Q1
5,MS001,Adelaide International 1,2023,3,F,F
1,MS002,Adelaide International 1,2023,2,F,SF
4,MS003,Adelaide International 1,2023,2,F,SF
2,MS004,Adelaide International 1,2023,2,F,QF
3,MS005,Adelaide International 1,2023,2,F,QF
6,MS006,Adelaide International 1,2023,2,F,QF
7,MS007,Adelaide International 1,2023,3,F,QF
8,MS008,Adelaide International 1,2023,2,F,R16
15,MS009,Adelaide International 1,2023,2,F,R16
9,MS010,Adelaide International 1,2023,2,F,R16
10,MS011,Adelaide International 1,2023,2,F,R16
13,MS013,Adelaide International 1,2023,2,F,R16
14,MS014,Adelaide International 1,2023,2,F,R16
11,MS015,Adelaide International 1,2023,3,F,R16
21,MS017,Adelaide International 1,2023,2,F,R32
17,MS019,Adelaide International 1,2023,3,F,R32
22,MS020,Adelaide International 1,2023,2,F,R32
19,MS021,Adelaide International 1,2023,2,F,R32
23,MS022,Adelaide International 1,2023,2,F,R32
24,MS027,Adelaide International 1,2023,3,F,R32
18,MS028,Adelaide International 1,2023,3,F,R32
20,MS029,Adelaide International 1,2023,1,F,R32
12,MS031,Adelaide International 1,2023,2,F,R32
29,QS004,Adelaide International 1,2023,3,F,Q2
28,QS005,Adelaide International 1,2023,3,F,Q2
27,QS007,Adelaide International 1,2023,2,F,Q2
31,QS009,Adelaide International 1,2023,2,F,Q1
16,QS010,Adelaide International 1,2023,2,F,Q1
25,QS011,Adelaide International 1,2023,2,F,Q1
34,QS012,Adelaide International 1,2023,3,F,Q1
32,QS015,Adelaide International 1,2023,2,F,Q1
59,MS001,Adelaide International 2,2023,3,F,F
57,MS003,Adelaide International 2,2023,3,F,SF
60,MS005,Adelaide International 2,2023,2,F,QF
69,MS006,Adelaide International 2,2023,2,F,QF
70,MS009,Adelaide International 2,2023,3,F,R16
56,MS012,Adelaide International 2,2023,2,F,R16
61,MS013,Adelaide International 2,2023,2,F,R16
67,MS015,Adelaide International 2,2023,3,F,R16
73,MS018,Adelaide International 2,2023,2,F,R32
72,MS023,Adelaide International 2,2023,2,F,R32
62,MS024,Adelaide International 2,2023,2,F,R32
71,MS025,Adelaide International 2,2023,2,F,R32
63,MS026,Adelaide International 2,2023,3,F,R32
65,MS028,Adelaide International 2,2023,2,F,R32
64,MS030,Adelaide International 2,2023,2,F,R32
82,QS007,Adelaide International 2,2023,3,F,Q2
74,QS011,Adelaide International 2,2023,2,F,Q1
84,QS013,Adelaide International 2,2023,3,F,Q1
1917,MS001,Astana Open,2023,3,F,F
1919,MS002,Astana Open,2023,3,F,SF
1921,MS003,Astana Open,2023,2,F,SF
1920,MS004,Astana Open,2023,3,F,QF
1945,MS005,Astana Open,2023,2,F,QF
1923,MS007,Astana Open,2023,2,F,QF
1924,MS008,Astana Open,2023,3,F,R16
1926,MS009,Astana Open,2023,2,F,R16
1929,MS011,Astana Open,2023,2,F,R16
1927,MS013,Astana Open,2023,2,F,R16
1925,MS015,Astana Open,2023,2,F,R16
1937,MS017,Astana Open,2023,2,F,R32
1933,MS018,Astana Open,2023,3,F,R32
1928,MS019,Astana Open,2023,3,F,R32
1936,MS022,Astana Open,2023,2,F,R32
1931,MS023,Astana Open,2023,2,F,R32
1932,MS024,Astana Open,2023,3,F,R32
1934,MS026,Astana Open,2023,3,F,R32
1930,MS028,Astana Open,2023,2,F,R32
1939,QS007,Astana Open,2023,3,F,Q2
1942,QS013,Astana Open,2023,2,F,Q1
1938,QS014,Astana Open,2023,2,F,Q1
1940,QS015,Astana Open,2023,3,F,Q1
1516,MS001,Atlanta Open,2023,3,F,F
1515,MS003,Atlanta Open,2023,3,F,SF
1517,MS007,Atlanta Open,2023,2,F,QF
1518,MS008,Atlanta Open,2023,2,F,R16
1519,MS013,Atlanta Open,2023,3,F,R16
1520,MS014,Atlanta Open,2023,2,F,R16
1524,MS017,Atlanta Open,2023,2,F,R32
1522,MS019,Atlanta Open,2023,2,F,R32
1526,MS026,Atlanta Open,2023,2,F,R32
1523,MS029,Atlanta Open,2023,3,F,R32
1525,QS004,Atlanta Open,2023,3,F,Q2
1528,QS007,Atlanta Open,2023,3,F,Q2
1527,QS010,Atlanta Open,2023,3,F,Q1
1529,QS015,Atlanta Open,2023,2,F,Q1
75,MS001,Australian Open,2023,3,F,F
76,MS002,Australian Open,2023,4,F,SF
85,MS003,Australian Open,2023,3,F,SF
88,MS004,Australian Open,2023,3,F,QF
77,MS005,Australian Open,2023,3,F,QF
87,MS006,Australian Open,2023,3,F,QF
78,MS007,Australian Open,2023,4,F,QF
93,MS008,Australian Open,2023,3,F,R16
95,MS009,Australian Open,2023,5,F,R16
80,MS010,Australian Open,2023,5,F,R16
91,MS011,Australian Open,2023,4,F,R16
81,MS012,Australian Open,2023,5,F,R16
79,MS013,Australian Open,2023,3,F,R16
83,MS015,Australian Open,2023,4,F,R16
92,MS016,Australian Open,2023,3,F,R32
100,MS017,Australian Open,2023,4,F,R32
104,MS018,Australian Open,2023,5,F,R32
99,MS019,Australian Open,2023,3,F,R32
96,MS020,Australian Open,2023,3,F,R32
90,MS021,Australian Open,2023,5,F,R32
103,MS022,Australian Open,2023,5,F,R32
98,MS023,Australian Open,2023,4,F,R32
97,MS024,Australian Open,2023,3,F,R32
89,MS025,Australian Open,2023,3,F,R32
101,MS026,Australian Open,2023,3,F,R32
86,MS027,Australian Open,2023,3,F,R32
105,MS028,Australian Open,2023,3,F,R32
94,MS031,Australian Open,2023,3,F,R32
112,MS033,Australian Open,2023,3,F,R64
116,MS034,Australian Open,2023,4,F,R64
117,MS035,Australian Open,2023,3,F,R64
102,MS036,Australian Open,2023,5,F,R64
118,MS037,Australian Open,2023,3,F,R64
121,MS038,Australian Open,2023,3,F,R64
107,MS040,Australian Open,2023,3,F,R64
123,MS041,Australian Open,2023,3,F,R64
125,MS042,Australian Open,2023,4,F,R64
115,MS043,Australian Open,2023,3,F,R64
111,MS046,Australian Open,2023,4,F,R64
109,MS047,Australian Open,2023,5,F,R64
114,MS052,Australian Open,2023,5,F,R64
106,MS053,Australian Open,2023,4,F,R64
120,MS054,Australian Open,2023,3,F,R64
108,MS056,Australian Open,2023,5,F,R64
126,MS057,Australian Open,2023,3,F,R64
113,MS059,Australian Open,2023,4,F,R64
119,MS061,Australian Open,2023,5,F,R64
124,MS062,Australian Open,2023,5,F,R64
110,MS063,Australian Open,2023,4,F,R64
152,MS065,Australian Open,2023,5,F,R128
149,MS066,Australian Open,2023,3,F,R128
150,MS069,Australian Open,2023,3,F,R128
139,MS071,Australian Open,2023,4,F,R128
138,MS072,Australian Open,2023,3,F,R128
156,MS073,Australian Open,2023,4,F,R128
129,MS075,Australian Open,2023,4,F,R128
143,MS076,Australian Open,2023,4,F,R128
160,MS077,Australian Open,2023,3,F,R128
122,MS079,Australian Open,2023,3,F,R128
132,MS080,Australian Open,2023,3,F,R128
148,MS081,Australian Open,2023,5,F,R128
146,MS082,Australian Open,2023,3,F,R128
140,MS084,Australian Open,2023,5,F,R128
127,MS088,Australian Open,2023,3,F,R128
153,MS093,Australian Open,2023,5,F,R128
154,MS094,Australian Open,2023,5,F,R128
131,MS099,Australian Open,2023,4,F,R128
137,MS105,Australian Open,2023,4,F,R128
133,MS107,Australian Open,2023,3,F,R128
145,MS109,Australian Open,2023,4,F,R128
134,MS111,Australian Open,2023,3,F,R128
136,MS112,Australian Open,2023,4,F,R128
147,MS113,Australian Open,2023,5,F,R128
157,MS114,Australian Open,2023,5,F,R128
141,MS115,Australian Open,2023,3,F,R128
151,MS118,Australian Open,2023,5,F,R128
128,MS119,Australian Open,2023,5,F,R128
142,MS122,Australian Open,2023,5,F,R128
135,MS124,Australian Open,2023,5,F,R128
155,MS125,Australian Open,2023,3,F,R128
144,MS126,Australian Open,2023,4,F,R128
130,MS127,Australian Open,2023,4,F,R128
166,QS016,Australian Open,2023,2,F,Q3
163,QS018,Australian Open,2023,2,F,Q3
168,QS019,Australian Open,2023,2,F,Q3
164,QS020,Australian Open,2023,2,F,Q3
158,QS022,Australian Open,2023,2,F,Q3
169,QS023,Australian Open,2023,2,F,Q3
173,QS024,Australian Open,2023,2,F,Q3
165,QS025,Australian Open,2023,2,F,Q3
162,QS028,Australian Open,2023,2,F,Q3
167,QS031,Australian Open,2023,2,F,Q3
171,QS032,Australian Open,2023,2,F,Q2
184,QS033,Australian Open,2023,3,F,Q2
170,QS035,Australian Open,2023,3,F,Q2
182,QS037,Australian Open,2023,3,F,Q2
187,QS039,Australian Open,2023,3,F,Q2
159,QS040,Australian Open,2023,3,F,Q2
172,QS041,Australian Open,2023,3,F,Q2
161,QS044,Australian Open,2023,2,F,Q2
174,QS045,Australian Open,2023,2,F,Q2
186,QS046,Australian Open,2023,3,F,Q2
189,QS047,Australian Open,2023,3,F,Q2
179,QS049,Australian Open,2023,2,F,Q2
180,QS051,Australian Open,2023,3,F,Q2
176,QS054,Australian Open,2023,2,F,Q2
177,QS056,Australian Open,2023,2,F,Q2
181,QS057,Australian Open,2023,3,F,Q2
175,QS059,Australian Open,2023,3,F,Q2
178,QS061,Australian Open,2023,3,F,Q2
183,QS063,Australian Open,2023,2,F,Q2
199,QS069,Australian Open,2023,2,F,Q1
190,QS072,Australian Open,2023,3,F,Q1
205,QS074,Australian Open,2023,2,F,Q1
195,QS075,Australian Open,2023,2,F,Q1
203,QS077,Australian Open,2023,2,F,Q1
210,QS078,Australian Open,2023,3,F,Q1
191,QS079,Australian Open,2023,2,F,Q1
197,QS081,Australian Open,2023,2,F,Q1
198,QS082,Australian Open,2023,2,F,Q1
192,QS083,Australian Open,2023,2,F,Q1
213,QS085,Australian Open,2023,2,F,Q1
206,QS089,Australian Open,2023,3,F,Q1
215,QS093,Australian Open,2023,2,F,Q1
212,QS094,Australian Open,2023,3,F,Q1
216,QS098,Australian Open,2023,2,F,Q1
200,QS099,Australian Open,2023,2,F,Q1
202,QS102,Australian Open,2023,3,F,Q1
188,QS104,Australian Open,2023,2,F,Q1
204,QS106,Australian Open,2023,2,F,Q1
185,QS108,Australian Open,2023,2,F,Q1
201,QS109,Australian Open,2023,2,F,Q1
193,QS113,Australian Open,2023,2,F,Q1
194,QS114,Australian Open,2023,2,F,Q1
196,QS115,Australian Open,2023,2,F,Q1
209,QS125,Australian Open,2023,2,F,Q1
791,MS001,BMW Open by American Express,2023,3,F,F
786,MS002,BMW Open by American Express,2023,2,F,SF
790,MS003,BMW Open by American Express,2023,2,F,SF
787,MS004,BMW Open by American Express,2023,2,F,QF
792,MS005,BMW Open by American Express,2023,3,F,QF
794,MS006,BMW Open by American Express,2023,2,F,QF
795,MS008,BMW Open by American Express,2023,2,F,R16
814,MS009,BMW Open by American Express,2023,2,F,R16
799,MS010,BMW Open by American Express,2023,2,F,R16
797,MS015,BMW Open by American Express,2023,3,F,R16
812,MS017,BMW Open by American Express,2023,3,F,R32
803,MS018,BMW Open by American Express,2023,2,F,R32
800,MS019,BMW Open by American Express,2023,3,F,R32
813,MS021,BMW Open by American Express,2023,2,F,R32
801,MS022,BMW Open by American Express,2023,2,F,R32
802,MS024,BMW Open by American Express,2023,3,F,R32
811,QS005,BMW Open by American Express,2023,3,F,Q2
804,QS007,BMW Open by American Express,2023,2,F,Q2
805,QS011,BMW Open by American Express,2023,2,F,Q1
818,QS014,BMW Open by American Express,2023,3,F,Q1
2126,MS001,BNP Paribas Nordic Open,2023,3,F,F
2127,MS002,BNP Paribas Nordic Open,2023,2,F,SF
2128,MS003,BNP Paribas Nordic Open,2023,2,F,SF
2133,MS004,BNP Paribas Nordic Open,2023,2,F,QF
2129,MS005,BNP Paribas Nordic Open,2023,2,F,QF
2135,MS006,BNP Paribas Nordic Open,2023,3,F,QF
2130,MS007,BNP Paribas Nordic Open,2023,2,F,QF
2136,MS008,BNP Paribas Nordic Open,2023,2,F,R16
2139,MS009,BNP Paribas Nordic Open,2023,3,F,R16
2134,MS011,BNP Paribas Nordic Open,2023,2,F,R16
2143,MS013,BNP Paribas Nordic Open,2023,2,F,R16
2138,MS014,BNP Paribas Nordic Open,2023,2,F,R16
2132,MS015,BNP Paribas Nordic Open,2023,2,F,R16
2147,MS018,BNP Paribas Nordic Open,2023,2,F,R32
2140,MS019,BNP Paribas Nordic Open,2023,2,F,R32
2145,MS022,BNP Paribas Nordic Open,2023,3,F,R32
2142,MS025,BNP Paribas Nordic Open,2023,2,F,R32
2144,MS026,BNP Paribas Nordic Open,2023,2,F,R32
2141,MS028,BNP Paribas Nordic Open,2023,2,F,R32
2179,MS029,BNP Paribas Nordic Open,2023,3,F,R32
2148,MS030,BNP Paribas Nordic Open,2023,2,F,R32
2146,QS004,BNP Paribas Nordic Open,2023,3,F,Q2
2149,QS005,BNP Paribas Nordic Open,2023,2,F,Q2
2150,QS006,BNP Paribas Nordic Open,2023,2,F,Q2
2153,QS007,BNP Paribas Nordic Open,2023,3,F,Q2
2152,QS008,BNP Paribas Nordic Open,2023,2,F,Q1
2156,QS009,BNP Paribas Nordic Open,2023,2,F,Q1
2154,QS010,BNP Paribas Nordic Open,2023,2,F,Q1
2158,QS011,BNP Paribas Nordic Open,2023,3,F,Q1
2157,QS013,BNP Paribas Nordic Open,2023,2,F,Q1
476,MS001,BNP Paribas Open,2023,2,F,F
459,MS002,BNP Paribas Open,2023,2,F,SF
461,MS003,BNP Paribas Open,2023,2,F,SF
477,MS004,BNP Paribas Open,2023,2,F,QF
462,MS005,BNP Paribas Open,2023,3,F,QF
463,MS006,BNP Paribas Open,2023,2,F,QF
481,MS007,BNP Paribas Open,2023,2,F,QF
465,MS008,BNP Paribas Open,2023,2,F,R16
480,MS009,BNP Paribas Open,2023,3,F,R16
483,MS010,BNP Paribas Open,2023,2,F,R16
467,MS011,BNP Paribas Open,2023,2,F,R16
479,MS012,BNP Paribas Open,2023,3,F,R16
468,MS013,BNP Paribas Open,2023,2,F,R16
466,MS014,BNP Paribas Open,2023,2,F,R16
469,MS015,BNP Paribas Open,2023,2,F,R16
470,MS016,BNP Paribas Open,2023,2,F,R32
473,MS018,BNP Paribas Open,2023,3,F,R32
493,MS019,BNP Paribas Open,2023,2,F,R32
485,MS020,BNP Paribas Open,2023,2,F,R32
478,MS021,BNP Paribas Open,2023,2,F,R32
492,MS022,BNP Paribas Open,2023,2,F,R32
488,MS023,BNP Paribas Open,2023,3,F,R32
474,MS026,BNP Paribas Open,2023,3,F,R32
484,MS027,BNP Paribas Open,2023,2,F,R32
472,MS028,BNP Paribas Open,2023,2,F,R32
475,MS029,BNP Paribas Open,2023,3,F,R32
494,MS030,BNP Paribas Open,2023,2,F,R32
498,MS031,BNP Paribas Open,2023,2,F,R32
516,MS034,BNP Paribas Open,2023,2,F,R64
491,MS036,BNP Paribas Open,2023,2,F,R64
509,MS037,BNP Paribas Open,2023,2,F,R64
490,MS039,BNP Paribas Open,2023,2,F,R64
501,MS040,BNP Paribas Open,2023,3,F,R64
505,MS041,BNP Paribas Open,2023,2,F,R64
495,MS043,BNP Paribas Open,2023,2,F,R64
496,MS045,BNP Paribas Open,2023,2,F,R64
502,MS046,BNP Paribas Open,2023,2,F,R64
504,MS047,BNP Paribas Open,2023,2,F,R64
486,MS048,BNP Paribas Open,2023,2,F,R64
503,MS053,BNP Paribas Open,2023,2,F,R64
515,MS054,BNP Paribas Open,2023,2,F,R64
487,MS056,BNP Paribas Open,2023,2,F,R64
500,MS057,BNP Paribas Open,2023,2,F,R64
499,MS058,BNP Paribas Open,2023,3,F,R64
489,MS059,BNP Paribas Open,2023,2,F,R64
512,MS060,BNP Paribas Open,2023,2,F,R64
497,MS061,BNP Paribas Open,2023,3,F,R64
482,MS063,BNP Paribas Open,2023,3,F,R64
506,MS069,BNP Paribas Open,2023,2,F,R128
514,MS073,BNP Paribas Open,2023,3,F,R128
520,MS074,BNP Paribas Open,2023,3,F,R128
513,MS078,BNP Paribas Open,2023,3,F,R128
521,MS093,BNP Paribas Open,2023,3,F,R128
522,MS106,BNP Paribas Open,2023,3,F,R128
507,MS109,BNP Paribas Open,2023,2,F,R128
517,MS113,BNP Paribas Open,2023,2,F,R128
511,MS117,BNP Paribas Open,2023,2,F,R128
519,MS118,BNP Paribas Open,2023,2,F,R128
508,MS121,BNP Paribas Open,2023,2,F,R128
510,MS122,BNP Paribas Open,2023,2,F,R128
518,MS126,BNP Paribas Open,2023,2,F,R128
525,QS018,BNP Paribas Open,2023,2,F,Q2
526,QS020,BNP Paribas Open,2023,3,F,Q2
523,QS021,BNP Paribas Open,2023,3,F,Q2
529,QS022,BNP Paribas Open,2023,3,F,Q2
531,QS023,BNP Paribas Open,2023,2,F,Q2
534,QS026,BNP Paribas Open,2023,2,F,Q2
524,QS027,BNP Paribas Open,2023,2,F,Q2
550,QS035,BNP Paribas Open,2023,2,F,Q1
547,QS037,BNP Paribas Open,2023,3,F,Q1
527,QS040,BNP Paribas Open,2023,3,F,Q1
538,QS042,BNP Paribas Open,2023,2,F,Q1
532,QS043,BNP Paribas Open,2023,2,F,Q1
539,QS046,BNP Paribas Open,2023,2,F,Q1
533,QS049,BNP Paribas Open,2023,2,F,Q1
535,QS051,BNP Paribas Open,2023,3,F,Q1
528,QS052,BNP Paribas Open,2023,2,F,Q1
549,QS053,BNP Paribas Open,2023,2,F,Q1
530,QS054,BNP Paribas Open,2023,3,F,Q1
548,QS055,BNP Paribas Open,2023,3,F,Q1
1159,MS001,BOSS OPEN,2023,3,F,F
1162,MS002,BOSS OPEN,2023,3,F,SF
1179,MS003,BOSS OPEN,2023,2,F,SF
1169,MS005,BOSS OPEN,2023,2,F,QF
1165,MS006,BOSS OPEN,2023,3,F,QF
1166,MS007,BOSS OPEN,2023,2,F,QF
1175,MS009,BOSS OPEN,2023,2,F,R16
1171,MS010,BOSS OPEN,2023,3,F,R16
1174,MS011,BOSS OPEN,2023,2,F,R16
1170,MS013,BOSS OPEN,2023,2,F,R16
1173,MS014,BOSS OPEN,2023,3,F,R16
1190,MS018,BOSS OPEN,2023,2,F,R32
1178,MS019,BOSS OPEN,2023,2,F,R32
1191,MS022,BOSS OPEN,2023,2,F,R32
1172,MS023,BOSS OPEN,2023,2,F,R32
1176,MS024,BOSS OPEN,2023,2,F,R32
1193,MS026,BOSS OPEN,2023,3,F,R32
1177,MS029,BOSS OPEN,2023,3,F,R32
1180,QS006,BOSS OPEN,2023,2,F,Q2
1182,QS009,BOSS OPEN,2023,2,F,Q1
1181,QS012,BOSS OPEN,2023,2,F,Q1
1196,QS013,BOSS OPEN,2023,3,F,Q1
1183,QS014,BOSS OPEN,2023,3,F,Q1
723,MS001,Barcelona Open Banc Sabadell,2023,2,F,F
720,MS002,Barcelona Open Banc Sabadell,2023,2,F,SF
739,MS003,Barcelona Open Banc Sabadell,2023,3,F,SF
725,MS004,Barcelona Open Banc Sabadell,2023,2,F,QF
722,MS005,Barcelona Open Banc Sabadell,2023,3,F,QF
721,MS007,Barcelona Open Banc Sabadell,2023,2,F,QF
724,MS008,Barcelona Open Banc Sabadell,2023,2,F,R16
727,MS010,Barcelona Open Banc Sabadell,2023,2,F,R16
728,MS011,Barcelona Open Banc Sabadell,2023,2,F,R16
729,MS012,Barcelona Open Banc Sabadell,2023,3,F,R16
743,MS013,Barcelona Open Banc Sabadell,2023,3,F,R16
737,MS015,Barcelona Open Banc Sabadell,2023,2,F,R16
730,MS016,Barcelona Open Banc Sabadell,2023,2,F,R32
736,MS018,Barcelona Open Banc Sabadell,2023,2,F,R32
731,MS020,Barcelona Open Banc Sabadell,2023,2,F,R32
750,MS021,Barcelona Open Banc Sabadell,2023,2,F,R32
735,MS022,Barcelona Open Banc Sabadell,2023,2,F,R32
732,MS023,Barcelona Open Banc Sabadell,2023,2,F,R32
745,MS024,Barcelona Open Banc Sabadell,2023,2,F,R32
746,MS025,Barcelona Open Banc Sabadell,2023,2,F,R32
740,MS026,Barcelona Open Banc Sabadell,2023,2,F,R32
734,MS028,Barcelona Open Banc Sabadell,2023,2,F,R32
744,MS041,Barcelona Open Banc Sabadell,2023,2,F,R64
753,MS045,Barcelona Open Banc Sabadell,2023,2,F,R64
741,MS046,Barcelona Open Banc Sabadell,2023,2,F,R64
742,MS050,Barcelona Open Banc Sabadell,2023,2,F,R64
757,MS057,Barcelona Open Banc Sabadell,2023,2,F,R64
785,QS008,Barcelona Open Banc Sabadell,2023,2,F,Q2
793,QS010,Barcelona Open Banc Sabadell,2023,3,F,Q2
760,QS011,Barcelona Open Banc Sabadell,2023,3,F,Q2
754,QS017,Barcelona Open Banc Sabadell,2023,2,F,Q1
749,QS018,Barcelona Open Banc Sabadell,2023,3,F,Q1
751,QS020,Barcelona Open Banc Sabadell,2023,3,F,Q1
774,QS021,Barcelona Open Banc Sabadell,2023,3,F,Q1
747,QS022,Barcelona Open Banc Sabadell,2023,2,F,Q1
748,QS024,Barcelona Open Banc Sabadell,2023,3,F,Q1
752,QS026,Barcelona Open Banc Sabadell,2023,2,F,Q1
1866,MS001,Chengdu Open,2023,3,F,F
1865,MS002,Chengdu Open,2023,2,F,SF
1867,MS003,Chengdu Open,2023,2,F,SF
1870,MS004,Chengdu Open,2023,3,F,QF
1873,MS005,Chengdu Open,2023,2,F,QF
1875,MS006,Chengdu Open,2023,1,F,QF
1869,MS007,Chengdu Open,2023,2,F,QF
1874,MS008,Chengdu Open,2023,3,F,R16
1892,MS009,Chengdu Open,2023,2,F,R16
1872,MS010,Chengdu Open,2023,2,F,R16
1877,MS011,Chengdu Open,2023,2,F,R16
1880,MS012,Chengdu Open,2023,2,F,R16
1876,MS013,Chengdu Open,2023,2,F,R16
1878,MS014,Chengdu Open,2023,2,F,R16
1871,MS015,Chengdu Open,2023,3,F,R16
1879,MS017,Chengdu Open,2023,2,F,R32
1887,MS021,Chengdu Open,2023,2,F,R32
1883,MS023,Chengdu Open,2023,3,F,R32
1881,MS025,Chengdu Open,2023,3,F,R32
1885,MS026,Chengdu Open,2023,2,F,R32
1882,MS028,Chengdu Open,2023,2,F,R32
1896,MS029,Chengdu Open,2023,2,F,R32
1886,MS030,Chengdu Open,2023,3,F,R32
1888,QS014,Chengdu Open,2023,2,F,Q1
1943,MS001,China Open,2023,2,F,F
1944,MS002,China Open,2023,2,F,SF
1941,MS003,China Open,2023,2,F,SF
1947,MS004,China Open,2023,2,F,QF
1948,MS005,China Open,2023,3,F,QF
1956,MS006,China Open,2023,3,F,QF
1946,MS007,China Open,2023,3,F,QF
1950,MS008,China Open,2023,2,F,R16
1957,MS009,China Open,2023,3,F,R16
1953,MS010,China Open,2023,2,F,R16
1951,MS011,China Open,2023,2,F,R16
1983,MS012,China Open,2023,3,F,R16
1958,MS013,China Open,2023,3,F,R16
1949,MS014,China Open,2023,3,F,R16
1952,MS015,China Open,2023,2,F,R16
1955,MS016,China Open,2023,2,F,R32
1970,MS017,China Open,2023,3,F,R32
1964,MS018,China Open,2023,3,F,R32
1962,MS019,China Open,2023,2,F,R32
1991,MS020,China Open,2023,2,F,R32
1965,MS021,China Open,2023,3,F,R32
1968,MS022,China Open,2023,3,F,R32
1961,MS023,China Open,2023,3,F,R32
1963,MS025,China Open,2023,2,F,R32
1959,MS027,China Open,2023,2,F,R32
1960,MS028,China Open,2023,3,F,R32
1967,MS029,China Open,2023,3,F,R32
1954,MS031,China Open,2023,2,F,R32
1966,QS005,China Open,2023,2,F,Q2
1971,QS006,China Open,2023,2,F,Q2
1969,QS007,China Open,2023,2,F,Q2
1977,QS010,China Open,2023,2,F,Q1
1972,QS011,China Open,2023,2,F,Q1
1973,QS012,China Open,2023,3,F,Q1
1976,QS013,China Open,2023,2,F,Q1
1974,QS014,China Open,2023,3,F,Q1
1975,QS015,China Open,2023,2,F,Q1
1230,MS001,Cinch Championships,2023,2,F,F
1255,MS002,Cinch Championships,2023,2,F,SF
1232,MS003,Cinch Championships,2023,2,F,SF
1237,MS004,Cinch Championships,2023,2,F,QF
1238,MS005,Cinch Championships,2023,2,F,QF
1234,MS006,Cinch Championships,2023,3,F,QF
1241,MS007,Cinch Championships,2023,2,F,QF
1239,MS008,Cinch Championships,2023,2,F,R16
1242,MS009,Cinch Championships,2023,2,F,R16
1236,MS010,Cinch Championships,2023,2,F,R16
1257,MS011,Cinch Championships,2023,3,F,R16
1235,MS013,Cinch Championships,2023,2,F,R16
1240,MS014,Cinch Championships,2023,3,F,R16
1233,MS015,Cinch Championships,2023,2,F,R16
1243,MS016,Cinch Championships,2023,3,F,R32
1247,MS017,Cinch Championships,2023,2,F,R32
1250,MS019,Cinch Championships,2023,3,F,R32
1244,MS020,Cinch Championships,2023,2,F,R32
1249,MS021,Cinch Championships,2023,2,F,R32
1267,MS022,Cinch Championships,2023,2,F,R32
1246,MS023,Cinch Championships,2023,2,F,R32
1248,MS026,Cinch Championships,2023,3,F,R32
1265,MS028,Cinch Championships,2023,2,F,R32
1251,MS030,Cinch Championships,2023,2,F,R32
1253,QS004,Cinch Championships,2023,2,F,Q2
1252,QS005,Cinch Championships,2023,2,F,Q2
1254,QS007,Cinch Championships,2023,3,F,Q2
1268,QS008,Cinch Championships,2023,2,F,Q1
1256,QS010,Cinch Championships,2023,2,F,Q1
1270,QS014,Cinch Championships,2023,2,F,Q1
1259,QS015,Cinch Championships,2023,3,F,Q1
225,MS002,Cordoba Open,2023,2,F,SF
232,MS004,Cordoba Open,2023,3,F,QF
230,MS005,Cordoba Open,2023,3,F,QF
227,MS010,Cordoba Open,2023,2,F,R16
237,MS021,Cordoba Open,2023,2,F,R32
231,MS022,Cordoba Open,2023,2,F,R32
228,MS024,Cordoba Open,2023,3,F,R32
233,MS026,Cordoba Open,2023,2,F,R32
236,MS029,Cordoba Open,2023,2,F,R32
234,QS005,Cordoba Open,2023,2,F,Q2
242,QS007,Cordoba Open,2023,3,F,Q2
247,QS009,Cordoba Open,2023,3,F,Q1
241,QS010,Cordoba Open,2023,2,F,Q1
245,QS012,Cordoba Open,2023,2,F,Q1
235,QS014,Cordoba Open,2023,3,F,Q1
244,QS015,Cordoba Open,2023,3,F,Q1
207,MS002,Dallas Open,2023,3,F,SF
214,MS004,Dallas Open,2023,3,F,QF
208,MS005,Dallas Open,2023,2,F,QF
219,MS010,Dallas Open,2023,2,F,R16
222,MS011,Dallas Open,2023,2,F,R16
218,MS015,Dallas Open,2023,2,F,R16
211,MS019,Dallas Open,2023,3,F,R32
217,MS021,Dallas Open,2023,3,F,R32
223,MS025,Dallas Open,2023,2,F,R32
220,QS005,Dallas Open,2023,2,F,Q2
226,QS007,Dallas Open,2023,2,F,Q2
224,QS009,Dallas Open,2023,2,F,Q1
221,QS010,Dallas Open,2023,2,F,Q1
229,QS013,Dallas Open,2023,2,F,Q1
286,MS001,Delray Beach Open,2023,3,F,F
279,MS002,Delray Beach Open,2023,2,F,SF
287,MS003,Delray Beach Open,2023,3,F,SF
281,MS004,Delray Beach Open,2023,2,F,QF
290,MS005,Delray Beach Open,2023,3,F,QF
292,MS006,Delray Beach Open,2023,2,F,QF
282,MS007,Delray Beach Open,2023,2,F,QF
293,MS010,Delray Beach Open,2023,3,F,R16
283,MS011,Delray Beach Open,2023,3,F,R16
291,MS013,Delray Beach Open,2023,2,F,R16
295,MS014,Delray Beach Open,2023,2,F,R16
288,MS018,Delray Beach Open,2023,3,F,R32
289,MS021,Delray Beach Open,2023,3,F,R32
299,MS022,Delray Beach Open,2023,2,F,R32
296,MS024,Delray Beach Open,2023,2,F,R32
305,QS009,Delray Beach Open,2023,3,F,Q1
294,QS010,Delray Beach Open,2023,2,F,Q1
306,QS015,Delray Beach Open,2023,3,F,Q1
381,MS001,Dubai Duty Free Tennis Championships,2023,2,F,F
389,MS002,Dubai Duty Free Tennis Championships,2023,2,F,SF
382,MS003,Dubai Duty Free Tennis Championships,2023,2,F,SF
390,MS004,Dubai Duty Free Tennis Championships,2023,2,F,QF
395,MS006,Dubai Duty Free Tennis Championships,2023,2,F,QF
392,MS007,Dubai Duty Free Tennis Championships,2023,2,F,QF
383,MS008,Dubai Duty Free Tennis Championships,2023,2,F,R16
398,MS009,Dubai Duty Free Tennis Championships,2023,2,F,R16
394,MS010,Dubai Duty Free Tennis Championships,2023,2,F,R16
397,MS012,Dubai Duty Free Tennis Championships,2023,2,F,R16
396,MS013,Dubai Duty Free Tennis Championships,2023,2,F,R16
385,MS015,Dubai Duty Free Tennis Championships,2023,3,F,R16
406,MS016,Dubai Duty Free Tennis Championships,2023,3,F,R32
409,MS018,Dubai Duty Free Tennis Championships,2023,3,F,R32
407,MS019,Dubai Duty Free Tennis Championships,2023,3,F,R32
405,MS020,Dubai Duty Free Tennis Championships,2023,2,F,R32
393,MS024,Dubai Duty Free Tennis Championships,2023,3,F,R32
401,MS026,Dubai Duty Free Tennis Championships,2023,2,F,R32
391,MS028,Dubai Duty Free Tennis Championships,2023,2,F,R32
399,QS004,Dubai Duty Free Tennis Championships,2023,2,F,Q2
403,QS005,Dubai Duty Free Tennis Championships,2023,2,F,Q2
402,QS006,Dubai Duty Free Tennis Championships,2023,2,F,Q2
400,QS008,Dubai Duty Free Tennis Championships,2023,3,F,Q1
416,QS010,Dubai Duty Free Tennis Championships,2023,3,F,Q1
404,QS013,Dubai Duty Free Tennis Championships,2023,3,F,Q1
1465,MS005,EFG Swiss Open Gstaad,2023,2,F,QF
1464,MS007,EFG Swiss Open Gstaad,2023,3,F,QF
1469,MS009,EFG Swiss Open Gstaad,2023,2,F,R16
1467,MS010,EFG Swiss Open Gstaad,2023,3,F,R16
1471,MS012,EFG Swiss Open Gstaad,2023,2,F,R16
1468,MS014,EFG Swiss Open Gstaad,2023,3,F,R16
1466,MS015,EFG Swiss Open Gstaad,2023,2,F,R16
1473,MS019,EFG Swiss Open Gstaad,2023,2,F,R32
1499,MS021,EFG Swiss Open Gstaad,2023,2,F,R32
1470,MS023,EFG Swiss Open Gstaad,2023,3,F,R32
1478,MS024,EFG Swiss Open Gstaad,2023,2,F,R32
1474,MS025,EFG Swiss Open Gstaad,2023,3,F,R32
1472,MS028,EFG Swiss Open Gstaad,2023,3,F,R32
1476,MS029,EFG Swiss Open Gstaad,2023,2,F,R32
1475,MS030,EFG Swiss Open Gstaad,2023,2,F,R32
1477,QS005,EFG Swiss Open Gstaad,2023,2,F,Q2
1479,QS006,EFG Swiss Open Gstaad,2023,2,F,Q2
1482,QS007,EFG Swiss Open Gstaad,2023,2,F,Q2
1480,QS008,EFG Swiss Open Gstaad,2023,2,F,Q1
1481,QS010,EFG Swiss Open Gstaad,2023,2,F,Q1
1484,QS011,EFG Swiss Open Gstaad,2023,2,F,Q1
1506,QS014,EFG Swiss Open Gstaad,2023,3,F,Q1
1483,QS015,EFG Swiss Open Gstaad,2023,2,F,Q1
2160,MS001,Erste Bank Open,2023,3,F,F
2163,MS002,Erste Bank Open,2023,2,F,SF
2159,MS003,Erste Bank Open,2023,2,F,SF
2162,MS004,Erste Bank Open,2023,3,F,QF
2165,MS005,Erste Bank Open,2023,2,F,QF
2164,MS006,Erste Bank Open,2023,3,F,QF
2161,MS007,Erste Bank Open,2023,2,F,QF
2166,MS008,Erste Bank Open,2023,3,F,R16
2170,MS009,Erste Bank Open,2023,2,F,R16
2168,MS010,Erste Bank Open,2023,3,F,R16
2172,MS011,Erste Bank Open,2023,2,F,R16
2171,MS012,Erste Bank Open,2023,2,F,R16
2169,MS013,Erste Bank Open,2023,2,F,R16
2174,MS014,Erste Bank Open,2023,3,F,R16
2167,MS015,Erste Bank Open,2023,2,F,R16
2173,MS016,Erste Bank Open,2023,2,F,R32
2180,MS017,Erste Bank Open,2023,2,F,R32
2181,MS019,Erste Bank Open,2023,2,F,R32
2182,MS021,Erste Bank Open,2023,2,F,R32
2178,MS023,Erste Bank Open,2023,2,F,R32
2175,MS024,Erste Bank Open,2023,2,F,R32
2184,MS025,Erste Bank Open,2023,3,F,R32
2206,MS027,Erste Bank Open,2023,2,F,R32
2176,MS028,Erste Bank Open,2023,1,F,R32
2183,MS029,Erste Bank Open,2023,2,F,R32
2186,MS030,Erste Bank Open,2023,3,F,R32
2177,MS031,Erste Bank Open,2023,2,F,R32
2185,QS005,Erste Bank Open,2023,3,F,Q2
2190,QS009,Erste Bank Open,2023,2,F,Q1
2187,QS010,Erste Bank Open,2023,2,F,Q1
2191,QS011,Erste Bank Open,2023,2,F,Q1
2189,QS013,Erste Bank Open,2023,2,F,Q1
2188,QS014,Erste Bank Open,2023,2,F,Q1
2102,MS001,European Open,2023,2,F,F
2103,MS002,European Open,2023,2,F,SF
2125,MS004,European Open,2023,2,F,QF
2104,MS005,European Open,2023,2,F,QF
2105,MS006,European Open,2023,3,F,QF
2107,MS008,European Open,2023,2,F,R16
2108,MS010,European Open,2023,2,F,R16
2110,MS011,European Open,2023,3,F,R16
2111,MS012,European Open,2023,2,F,R16
2109,MS015,European Open,2023,3,F,R16
2120,MS017,European Open,2023,3,F,R32
2137,MS019,European Open,2023,2,F,R32
2116,MS021,European Open,2023,2,F,R32
2118,MS022,European Open,2023,3,F,R32
2113,MS023,European Open,2023,2,F,R32
2112,MS024,European Open,2023,3,F,R32
2117,MS025,European Open,2023,2,F,R32
2115,MS030,European Open,2023,2,F,R32
2123,QS004,European Open,2023,2,F,Q2
2122,QS005,European Open,2023,2,F,Q2
2121,QS006,European Open,2023,2,F,Q2
2151,QS009,European Open,2023,2,F,Q1
2124,QS010,European Open,2023,2,F,Q1
2131,QS011,European Open,2023,3,F,Q1
2155,QS015,European Open,2023,3,F,Q1
627,MS001,Fayez Sarofim & Co. U.S. Men's Clay Court Championship,2023,2,F,F
615,MS003,Fayez Sarofim & Co. U.S. Men's Clay Court Championship,2023,2,F,SF
616,MS004,Fayez Sarofim & Co. U.S. Men's Clay Court Championship,2023,2,F,QF
632,MS006,Fayez Sarofim & Co. U.S. Men's Clay Court Championship,2023,3,F,QF
617,MS007,Fayez Sarofim & Co. U.S. Men's Clay Court Championship,2023,2,F,QF
623,MS009,Fayez Sarofim & Co. U.S. Men's Clay Court Championship,2023,2,F,R16
620,MS013,Fayez Sarofim & Co. U.S. Men's Clay Court Championship,2023,2,F,R16
621,MS014,Fayez Sarofim & Co. U.S. Men's Clay Court Championship,2023,2,F,R16
619,MS015,Fayez Sarofim & Co. U.S. Men's Clay Court Championship,2023,2,F,R16
626,MS018,Fayez Sarofim & Co. U.S. Men's Clay Court Championship,2023,2,F,R32
624,MS024,Fayez Sarofim & Co. U.S. Men's Clay Court Championship,2023,2,F,R32
645,MS026,Fayez Sarofim & Co. U.S. Men's Clay Court Championship,2023,2,F,R32
630,MS030,Fayez Sarofim & Co. U.S. Men's Clay Court Championship,2023,3,F,R32
633,QS005,Fayez Sarofim & Co. U.S. Men's Clay Court Championship,2023,2,F,Q2
634,QS006,Fayez Sarofim & Co. U.S. Men's Clay Court Championship,2023,2,F,Q2
647,QS007,Fayez Sarofim & Co. U.S. Men's Clay Court Championship,2023,2,F,Q2
635,QS010,Fayez Sarofim & Co. U.S. Men's Clay Court Championship,2023,3,F,Q1
636,QS011,Fayez Sarofim & Co. U.S. Men's Clay Court Championship,2023,2,F,Q1
637,QS014,Fayez Sarofim & Co. U.S. Men's Clay Court Championship,2023,2,F,Q1
640,QS015,Fayez Sarofim & Co. U.S. Men's Clay Court Championship,2023,2,F,Q1
1597,MS002,Generali Open,2023,3,F,SF
1593,MS004,Generali Open,2023,3,F,QF
1600,MS005,Generali Open,2023,2,F,QF
1602,MS009,Generali Open,2023,3,F,R16
1596,MS010,Generali Open,2023,3,F,R16
1603,MS011,Generali Open,2023,2,F,R16
1604,MS012,Generali Open,2023,2,F,R16
1595,MS015,Generali Open,2023,2,F,R16
1606,MS018,Generali Open,2023,2,F,R32
1607,MS019,Generali Open,2023,3,F,R32
1605,MS021,Generali Open,2023,2,F,R32
1610,MS022,Generali Open,2023,2,F,R32
1601,MS024,Generali Open,2023,2,F,R32
1608,MS028,Generali Open,2023,2,F,R32
1609,MS030,Generali Open,2023,3,F,R32
1612,QS004,Generali Open,2023,2,F,Q2
1611,QS007,Generali Open,2023,3,F,Q2
1613,QS010,Generali Open,2023,2,F,Q1
1614,QS015,Generali Open,2023,2,F,Q1
969,MS001,Gonet Geneva Open,2023,2,F,F
970,MS002,Gonet Geneva Open,2023,2,F,SF
980,MS003,Gonet Geneva Open,2023,3,F,SF
971,MS004,Gonet Geneva Open,2023,3,F,QF
985,MS005,Gonet Geneva Open,2023,1,F,QF
973,MS006,Gonet Geneva Open,2023,3,F,QF
976,MS011,Gonet Geneva Open,2023,2,F,R16
989,MS013,Gonet Geneva Open,2023,2,F,R16
975,MS015,Gonet Geneva Open,2023,3,F,R16
981,MS018,Gonet Geneva Open,2023,2,F,R32
999,MS019,Gonet Geneva Open,2023,2,F,R32
988,MS022,Gonet Geneva Open,2023,3,F,R32
977,MS023,Gonet Geneva Open,2023,3,F,R32
984,MS026,Gonet Geneva Open,2023,3,F,R32
983,MS030,Gonet Geneva Open,2023,2,F,R32
987,QS004,Gonet Geneva Open,2023,3,F,Q2
990,QS007,Gonet Geneva Open,2023,2,F,Q2
991,QS010,Gonet Geneva Open,2023,3,F,Q1
992,QS014,Gonet Geneva Open,2023,2,F,Q1
653,MS001,Grand Prix Hassan II,2023,3,F,F
667,MS002,Grand Prix Hassan II,2023,2,F,SF
655,MS003,Grand Prix Hassan II,2023,3,F,SF
656,MS004,Grand Prix Hassan II,2023,3,F,QF
658,MS005,Grand Prix Hassan II,2023,3,F,QF
669,MS006,Grand Prix Hassan II,2023,3,F,QF
670,MS008,Grand Prix Hassan II,2023,2,F,R16
660,MS009,Grand Prix Hassan II,2023,2,F,R16
659,MS010,Grand Prix Hassan II,2023,3,F,R16
661,MS011,Grand Prix Hassan II,2023,2,F,R16
662,MS012,Grand Prix Hassan II,2023,1,F,R16
663,MS013,Grand Prix Hassan II,2023,3,F,R16
657,MS015,Grand Prix Hassan II,2023,2,F,R16
666,MS017,Grand Prix Hassan II,2023,3,F,R32
665,MS022,Grand Prix Hassan II,2023,3,F,R32
681,MS025,Grand Prix Hassan II,2023,2,F,R32
668,QS004,Grand Prix Hassan II,2023,3,F,Q2
672,QS008,Grand Prix Hassan II,2023,2,F,Q1
671,QS010,Grand Prix Hassan II,2023,3,F,Q1
689,QS015,Grand Prix Hassan II,2023,2,F,Q1
1485,MS001,Hamburg European Open,2023,2,F,F
1486,MS002,Hamburg European Open,2023,2,F,SF
1488,MS003,Hamburg European Open,2023,2,F,SF
1490,MS004,Hamburg European Open,2023,2,F,QF
1487,MS005,Hamburg European Open,2023,2,F,QF
1489,MS006,Hamburg European Open,2023,2,F,QF
1491,MS007,Hamburg European Open,2023,2,F,QF
1550,MS008,Hamburg European Open,2023,3,F,R16
1493,MS009,Hamburg European Open,2023,2,F,R16
1494,MS011,Hamburg European Open,2023,3,F,R16
1495,MS014,Hamburg European Open,2023,3,F,R16
1492,MS015,Hamburg European Open,2023,2,F,R16
1496,MS016,Hamburg European Open,2023,3,F,R32
1503,MS017,Hamburg European Open,2023,3,F,R32
1504,MS018,Hamburg European Open,2023,2,F,R32
1501,MS019,Hamburg European Open,2023,3,F,R32
1500,MS020,Hamburg European Open,2023,2,F,R32
1505,MS022,Hamburg European Open,2023,2,F,R32
1498,MS024,Hamburg European Open,2023,2,F,R32
1497,MS027,Hamburg European Open,2023,2,F,R32
1502,MS028,Hamburg European Open,2023,3,F,R32
1521,MS029,Hamburg European Open,2023,2,F,R32
1508,QS004,Hamburg European Open,2023,3,F,Q2
1507,QS006,Hamburg European Open,2023,3,F,Q2
1509,QS007,Hamburg European Open,2023,2,F,Q2
1510,QS009,Hamburg European Open,2023,2,F,Q1
1514,QS011,Hamburg European Open,2023,2,F,Q1
1511,QS012,Hamburg European Open,2023,2,F,Q1
1512,QS013,Hamburg European Open,2023,2,F,Q1
1513,QS014,Hamburg European Open,2023,2,F,Q1
1890,MS001,Huafa Properties Zhuhai Championships,2023,2,F,F
1889,MS002,Huafa Properties Zhuhai Championships,2023,2,F,SF
1891,MS004,Huafa Properties Zhuhai Championships,2023,3,F,QF
1894,MS005,Huafa Properties Zhuhai Championships,2023,2,F,QF
1893,MS006,Huafa Properties Zhuhai Championships,2023,2,F,QF
1895,MS008,Huafa Properties Zhuhai Championships,2023,2,F,R16
1900,MS009,Huafa Properties Zhuhai Championships,2023,3,F,R16
1899,MS010,Huafa Properties Zhuhai Championships,2023,3,F,R16
1901,MS011,Huafa Properties Zhuhai Championships,2023,2,F,R16
1898,MS012,Huafa Properties Zhuhai Championships,2023,2,F,R16
1911,MS013,Huafa Properties Zhuhai Championships,2023,3,F,R16
1897,MS015,Huafa Properties Zhuhai Championships,2023,2,F,R16
1903,MS018,Huafa Properties Zhuhai Championships,2023,2,F,R32
1902,MS019,Huafa Properties Zhuhai Championships,2023,3,F,R32
1905,MS021,Huafa Properties Zhuhai Championships,2023,2,F,R32
1922,MS024,Huafa Properties Zhuhai Championships,2023,3,F,R32
1904,MS026,Huafa Properties Zhuhai Championships,2023,3,F,R32
1906,MS030,Huafa Properties Zhuhai Championships,2023,2,F,R32
1907,QS004,Huafa Properties Zhuhai Championships,2023,2,F,Q2
1908,QS005,Huafa Properties Zhuhai Championships,2023,3,F,Q2
1935,QS009,Huafa Properties Zhuhai Championships,2023,3,F,Q1
1909,QS010,Huafa Properties Zhuhai Championships,2023,3,F,Q1
1910,QS014,Huafa Properties Zhuhai Championships,2023,2,F,Q1
297,MS001,IEB+ ARGENTINA OPEN,2023,2,F,F
308,MS003,IEB+ ARGENTINA OPEN,2023,2,F,SF
298,MS004,IEB+ ARGENTINA OPEN,2023,2,F,QF
301,MS006,IEB+ ARGENTINA OPEN,2023,2,F,QF
300,MS007,IEB+ ARGENTINA OPEN,2023,3,F,QF
302,MS008,IEB+ ARGENTINA OPEN,2023,3,F,R16
311,MS009,IEB+ ARGENTINA OPEN,2023,2,F,R16
303,MS011,IEB+ ARGENTINA OPEN,2023,2,F,R16
310,MS014,IEB+ ARGENTINA OPEN,2023,3,F,R16
304,MS015,IEB+ ARGENTINA OPEN,2023,3,F,R16
316,MS018,IEB+ ARGENTINA OPEN,2023,2,F,R32
312,MS019,IEB+ ARGENTINA OPEN,2023,3,F,R32
307,MS023,IEB+ ARGENTINA OPEN,2023,3,F,R32
315,MS029,IEB+ ARGENTINA OPEN,2023,3,F,R32
318,QS004,IEB+ ARGENTINA OPEN,2023,3,F,Q2
309,QS007,IEB+ ARGENTINA OPEN,2023,2,F,Q2
317,QS008,IEB+ ARGENTINA OPEN,2023,2,F,Q1
321,QS009,IEB+ ARGENTINA OPEN,2023,2,F,Q1
323,QS012,IEB+ ARGENTINA OPEN,2023,2,F,Q1
319,QS015,IEB+ ARGENTINA OPEN,2023,3,F,Q1
1429,MS001,Infosys Hall of Fame Open,2023,2,F,F
1428,MS003,Infosys Hall of Fame Open,2023,2,F,SF
1431,MS005,Infosys Hall of Fame Open,2023,2,F,QF
1426,MS007,Infosys Hall of Fame Open,2023,3,F,QF
1430,MS008,Infosys Hall of Fame Open,2023,2,F,R16
1432,MS010,Infosys Hall of Fame Open,2023,2,F,R16
1434,MS011,Infosys Hall of Fame Open,2023,3,F,R16
1433,MS014,Infosys Hall of Fame Open,2023,2,F,R16
1441,MS015,Infosys Hall of Fame Open,2023,2,F,R16
1452,MS019,Infosys Hall of Fame Open,2023,2,F,R32
1438,MS021,Infosys Hall of Fame Open,2023,2,F,R32
1435,MS028,Infosys Hall of Fame Open,2023,2,F,R32
1436,MS029,Infosys Hall of Fame Open,2023,2,F,R32
1437,MS030,Infosys Hall of Fame Open,2023,2,F,R32
888,MS001,Internazionali BNL d'Italia,2023,2,F,F
887,MS002,Internazionali BNL d'Italia,2023,3,F,SF
886,MS003,Internazionali BNL d'Italia,2023,2,F,SF
906,MS004,Internazionali BNL d'Italia,2023,3,F,QF
892,MS005,Internazionali BNL d'Italia,2023,2,F,QF
890,MS006,Internazionali BNL d'Italia,2023,2,F,QF
895,MS008,Internazionali BNL d'Italia,2023,2,F,R16
896,MS009,Internazionali BNL d'Italia,2023,3,F,R16
891,MS010,Internazionali BNL d'Italia,2023,2,F,R16
912,MS011,Internazionali BNL d'Italia,2023,3,F,R16
893,MS012,Internazionali BNL d'Italia,2023,3,F,R16
894,MS013,Internazionali BNL d'Italia,2023,2,F,R16
889,MS014,Internazionali BNL d'Italia,2023,2,F,R16
898,MS016,Internazionali BNL d'Italia,2023,3,F,R32
902,MS017,Internazionali BNL d'Italia,2023,2,F,R32
908,MS018,Internazionali BNL d'Italia,2023,2,F,R32
917,MS020,Internazionali BNL d'Italia,2023,3,F,R32
904,MS021,Internazionali BNL d'Italia,2023,2,F,R32
900,MS023,Internazionali BNL d'Italia,2023,3,F,R32
919,MS024,Internazionali BNL d'Italia,2023,2,F,R32
905,MS025,Internazionali BNL d'Italia,2023,3,F,R32
901,MS028,Internazionali BNL d'Italia,2023,2,F,R32
903,MS029,Internazionali BNL d'Italia,2023,3,F,R32
899,MS031,Internazionali BNL d'Italia,2023,2,F,R32
907,MS032,Internazionali BNL d'Italia,2023,2,F,R64
940,MS033,Internazionali BNL d'Italia,2023,2,F,R64
921,MS034,Internazionali BNL d'Italia,2023,2,F,R64
915,MS035,Internazionali BNL d'Italia,2023,2,F,R64
913,MS036,Internazionali BNL d'Italia,2023,3,F,R64
943,MS037,Internazionali BNL d'Italia,2023,2,F,R64
927,MS039,Internazionali BNL d'Italia,2023,2,F,R64
926,MS040,Internazionali BNL d'Italia,2023,2,F,R64
925,MS041,Internazionali BNL d'Italia,2023,3,F,R64
922,MS042,Internazionali BNL d'Italia,2023,2,F,R64
916,MS043,Internazionali BNL d'Italia,2023,3,F,R64
923,MS045,Internazionali BNL d'Italia,2023,3,F,R64
931,MS046,Internazionali BNL d'Italia,2023,2,F,R64
909,MS048,Internazionali BNL d'Italia,2023,2,F,R64
938,MS050,Internazionali BNL d'Italia,2023,2,F,R64
910,MS051,Internazionali BNL d'Italia,2023,2,F,R64
920,MS053,Internazionali BNL d'Italia,2023,3,F,R64
911,MS056,Internazionali BNL d'Italia,2023,2,F,R64
924,MS057,Internazionali BNL d'Italia,2023,2,F,R64
939,MS058,Internazionali BNL d'Italia,2023,2,F,R64
914,MS059,Internazionali BNL d'Italia,2023,3,F,R64
918,MS061,Internazionali BNL d'Italia,2023,3,F,R64
928,MS062,Internazionali BNL d'Italia,2023,3,F,R64
936,MS065,Internazionali BNL d'Italia,2023,2,F,R128
947,MS073,Internazionali BNL d'Italia,2023,2,F,R128
946,MS074,Internazionali BNL d'Italia,2023,2,F,R128
937,MS078,Internazionali BNL d'Italia,2023,3,F,R128
945,MS081,Internazionali BNL d'Italia,2023,2,F,R128
935,MS082,Internazionali BNL d'Italia,2023,2,F,R128
932,MS093,Internazionali BNL d'Italia,2023,2,F,R128
944,MS097,Internazionali BNL d'Italia,2023,3,F,R128
934,MS101,Internazionali BNL d'Italia,2023,2,F,R128
941,MS102,Internazionali BNL d'Italia,2023,2,F,R128
956,MS106,Internazionali BNL d'Italia,2023,3,F,R128
957,MS109,Internazionali BNL d'Italia,2023,3,F,R128
930,MS113,Internazionali BNL d'Italia,2023,2,F,R128
929,MS118,Internazionali BNL d'Italia,2023,3,F,R128
955,MS121,Internazionali BNL d'Italia,2023,2,F,R128
933,MS122,Internazionali BNL d'Italia,2023,2,F,R128
942,MS125,Internazionali BNL d'Italia,2023,3,F,R128
948,QS016,Internazionali BNL d'Italia,2023,2,F,Q2
974,QS017,Internazionali BNL d'Italia,2023,2,F,Q2
949,QS018,Internazionali BNL d'Italia,2023,2,F,Q2
950,QS019,Internazionali BNL d'Italia,2023,2,F,Q2
953,QS020,Internazionali BNL d'Italia,2023,2,F,Q2
952,QS021,Internazionali BNL d'Italia,2023,2,F,Q2
951,QS022,Internazionali BNL d'Italia,2023,2,F,Q2
962,QS024,Internazionali BNL d'Italia,2023,2,F,Q2
954,QS025,Internazionali BNL d'Italia,2023,3,F,Q2
968,QS033,Internazionali BNL d'Italia,2023,3,F,Q1
979,QS035,Internazionali BNL d'Italia,2023,3,F,Q1
958,QS036,Internazionali BNL d'Italia,2023,3,F,Q1
963,QS037,Internazionali BNL d'Italia,2023,3,F,Q1
964,QS039,Internazionali BNL d'Italia,2023,3,F,Q1
972,QS040,Internazionali BNL d'Italia,2023,3,F,Q1
959,QS042,Internazionali BNL d'Italia,2023,3,F,Q1
960,QS044,Internazionali BNL d'Italia,2023,2,F,Q1
967,QS045,Internazionali BNL d'Italia,2023,2,F,Q1
961,QS046,Internazionali BNL d'Italia,2023,2,F,Q1
965,QS049,Internazionali BNL d'Italia,2023,3,F,Q1
982,QS050,Internazionali BNL d'Italia,2023,3,F,Q1
966,QS051,Internazionali BNL d'Italia,2023,1,F,Q1
986,QS053,Internazionali BNL d'Italia,2023,3,F,Q1
978,QS055,Internazionali BNL d'Italia,2023,3,F,Q1
2071,MS003,Kinoshita Group Japan Open Tennis Championships,2023,3,F,SF
2075,MS004,Kinoshita Group Japan Open Tennis Championships,2023,3,F,QF
2097,MS006,Kinoshita Group Japan Open Tennis Championships,2023,2,F,QF
2072,MS007,Kinoshita Group Japan Open Tennis Championships,2023,2,F,QF
2074,MS008,Kinoshita Group Japan Open Tennis Championships,2023,3,F,R16
2079,MS009,Kinoshita Group Japan Open Tennis Championships,2023,3,F,R16
2076,MS012,Kinoshita Group Japan Open Tennis Championships,2023,2,F,R16
2080,MS013,Kinoshita Group Japan Open Tennis Championships,2023,3,F,R16
2078,MS014,Kinoshita Group Japan Open Tennis Championships,2023,2,F,R16
2073,MS015,Kinoshita Group Japan Open Tennis Championships,2023,2,F,R16
2082,MS016,Kinoshita Group Japan Open Tennis Championships,2023,2,F,R32
2106,MS017,Kinoshita Group Japan Open Tennis Championships,2023,2,F,R32
2089,MS018,Kinoshita Group Japan Open Tennis Championships,2023,3,F,R32
2088,MS019,Kinoshita Group Japan Open Tennis Championships,2023,2,F,R32
2085,MS020,Kinoshita Group Japan Open Tennis Championships,2023,3,F,R32
2092,MS022,Kinoshita Group Japan Open Tennis Championships,2023,3,F,R32
2084,MS024,Kinoshita Group Japan Open Tennis Championships,2023,3,F,R32
2091,MS026,Kinoshita Group Japan Open Tennis Championships,2023,3,F,R32
2083,MS027,Kinoshita Group Japan Open Tennis Championships,2023,2,F,R32
2086,MS028,Kinoshita Group Japan Open Tennis Championships,2023,3,F,R32
2090,MS029,Kinoshita Group Japan Open Tennis Championships,2023,3,F,R32
2087,MS030,Kinoshita Group Japan Open Tennis Championships,2023,3,F,R32
2081,MS031,Kinoshita Group Japan Open Tennis Championships,2023,2,F,R32
2093,QS004,Kinoshita Group Japan Open Tennis Championships,2023,3,F,Q2
2119,QS005,Kinoshita Group Japan Open Tennis Championships,2023,2,F,Q2
2096,QS006,Kinoshita Group Japan Open Tennis Championships,2023,2,F,Q2
2094,QS007,Kinoshita Group Japan Open Tennis Championships,2023,2,F,Q2
2100,QS009,Kinoshita Group Japan Open Tennis Championships,2023,2,F,Q1
2095,QS010,Kinoshita Group Japan Open Tennis Championships,2023,2,F,Q1
2099,QS011,Kinoshita Group Japan Open Tennis Championships,2023,3,F,Q1
2114,QS012,Kinoshita Group Japan Open Tennis Championships,2023,2,F,Q1
2098,QS013,Kinoshita Group Japan Open Tennis Championships,2023,3,F,Q1
2101,QS015,Kinoshita Group Japan Open Tennis Championships,2023,3,F,Q1
1916,MS011,Laver Cup,2023,2,F,RR
1918,MS012,Laver Cup,2023,2,F,RR
1914,MS013,Laver Cup,2023,2,F,RR
1915,MS021,Laver Cup,2023,2,F,RR
1912,MS022,Laver Cup,2023,2,F,RR
1913,MS023,Laver Cup,2023,2,F,RR
1195,MS001,Libema Open,2023,3,F,F
1185,MS002,Libema Open,2023,2,F,SF
1187,MS004,Libema Open,2023,3,F,QF
1186,MS005,Libema Open,2023,3,F,QF
1184,MS006,Libema Open,2023,3,F,QF
1188,MS008,Libema Open,2023,3,F,R16
1194,MS011,Libema Open,2023,3,F,R16
1192,MS012,Libema Open,2023,2,F,R16
1189,MS013,Libema Open,2023,3,F,R16
1205,MS015,Libema Open,2023,2,F,R16
1213,MS017,Libema Open,2023,2,F,R32
1200,MS018,Libema Open,2023,2,F,R32
1199,MS025,Libema Open,2023,2,F,R32
1198,MS028,Libema Open,2023,2,F,R32
1197,MS030,Libema Open,2023,2,F,R32
1201,QS004,Libema Open,2023,2,F,Q2
1203,QS005,Libema Open,2023,3,F,Q2
1202,QS008,Libema Open,2023,2,F,Q1
1223,QS009,Libema Open,2023,2,F,Q1
1258,MS002,Mallorca Championships,2023,2,F,SF
1260,MS005,Mallorca Championships,2023,2,F,QF
1261,MS007,Mallorca Championships,2023,2,F,QF
1262,MS008,Mallorca Championships,2023,3,F,R16
1264,MS011,Mallorca Championships,2023,2,F,R16
1266,MS014,Mallorca Championships,2023,2,F,R16
1263,MS015,Mallorca Championships,2023,3,F,R16
1269,MS022,Mallorca Championships,2023,2,F,R32
1271,MS029,Mallorca Championships,2023,2,F,R32
1286,MS030,Mallorca Championships,2023,2,F,R32
1273,QS004,Mallorca Championships,2023,3,F,Q2
1275,QS005,Mallorca Championships,2023,3,F,Q2
1272,QS006,Mallorca Championships,2023,3,F,Q2
1274,QS007,Mallorca Championships,2023,2,F,Q2
1276,QS008,Mallorca Championships,2023,3,F,Q1
1278,QS009,Mallorca Championships,2023,2,F,Q1
1280,QS011,Mallorca Championships,2023,2,F,Q1
1277,QS012,Mallorca Championships,2023,2,F,Q1
1279,QS013,Mallorca Championships,2023,3,F,Q1
536,MS001,Miami Open presented by Itau,2023,2,F,F
540,MS002,Miami Open presented by Itau,2023,3,F,SF
537,MS003,Miami Open presented by Itau,2023,3,F,SF
541,MS004,Miami Open presented by Itau,2023,2,F,QF
543,MS007,Miami Open presented by Itau,2023,2,F,QF
562,MS008,Miami Open presented by Itau,2023,2,F,R16
545,MS009,Miami Open presented by Itau,2023,2,F,R16
546,MS011,Miami Open presented by Itau,2023,2,F,R16
544,MS013,Miami Open presented by Itau,2023,2,F,R16
564,MS014,Miami Open presented by Itau,2023,3,F,R16
542,MS015,Miami Open presented by Itau,2023,2,F,R16
551,MS016,Miami Open presented by Itau,2023,2,F,R32
570,MS017,Miami Open presented by Itau,2023,2,F,R32
557,MS018,Miami Open presented by Itau,2023,2,F,R32
556,MS020,Miami Open presented by Itau,2023,3,F,R32
558,MS022,Miami Open presented by Itau,2023,2,F,R32
553,MS023,Miami Open presented by Itau,2023,2,F,R32
555,MS024,Miami Open presented by Itau,2023,2,F,R32
567,MS026,Miami Open presented by Itau,2023,2,F,R32
554,MS028,Miami Open presented by Itau,2023,2,F,R32
566,MS029,Miami Open presented by Itau,2023,2,F,R32
568,MS030,Miami Open presented by Itau,2023,2,F,R32
552,MS031,Miami Open presented by Itau,2023,3,F,R32
569,MS032,Miami Open presented by Itau,2023,2,F,R64
588,MS034,Miami Open presented by Itau,2023,2,F,R64
565,MS035,Miami Open presented by Itau,2023,3,F,R64
572,MS036,Miami Open presented by Itau,2023,2,F,R64
561,MS039,Miami Open presented by Itau,2023,2,F,R64
577,MS041,Miami Open presented by Itau,2023,3,F,R64
563,MS043,Miami Open presented by Itau,2023,2,F,R64
573,MS044,Miami Open presented by Itau,2023,2,F,R64
574,MS045,Miami Open presented by Itau,2023,3,F,R64
579,MS046,Miami Open presented by Itau,2023,3,F,R64
582,MS049,Miami Open presented by Itau,2023,3,F,R64
578,MS052,Miami Open presented by Itau,2023,3,F,R64
571,MS053,Miami Open presented by Itau,2023,2,F,R64
580,MS054,Miami Open presented by Itau,2023,3,F,R64
560,MS055,Miami Open presented by Itau,2023,2,F,R64
559,MS056,Miami Open presented by Itau,2023,2,F,R64
589,MS057,Miami Open presented by Itau,2023,2,F,R64
576,MS058,Miami Open presented by Itau,2023,3,F,R64
575,MS059,Miami Open presented by Itau,2023,3,F,R64
581,MS060,Miami Open presented by Itau,2023,3,F,R64
584,MS061,Miami Open presented by Itau,2023,2,F,R64
593,MS062,Miami Open presented by Itau,2023,2,F,R64
595,MS086,Miami Open presented by Itau,2023,1,F,R128
583,MS089,Miami Open presented by Itau,2023,2,F,R128
587,MS093,Miami Open presented by Itau,2023,1,F,R128
591,MS098,Miami Open presented by Itau,2023,3,F,R128
596,MS105,Miami Open presented by Itau,2023,2,F,R128
592,MS106,Miami Open presented by Itau,2023,2,F,R128
604,MS109,Miami Open presented by Itau,2023,3,F,R128
594,MS113,Miami Open presented by Itau,2023,2,F,R128
590,MS114,Miami Open presented by Itau,2023,3,F,R128
586,MS121,Miami Open presented by Itau,2023,2,F,R128
585,MS125,Miami Open presented by Itau,2023,3,F,R128
606,QS016,Miami Open presented by Itau,2023,3,F,Q2
597,QS017,Miami Open presented by Itau,2023,2,F,Q2
607,QS018,Miami Open presented by Itau,2023,3,F,Q2
598,QS020,Miami Open presented by Itau,2023,2,F,Q2
599,QS022,Miami Open presented by Itau,2023,2,F,Q2
600,QS023,Miami Open presented by Itau,2023,2,F,Q2
601,QS024,Miami Open presented by Itau,2023,2,F,Q2
602,QS026,Miami Open presented by Itau,2023,2,F,Q2
612,QS027,Miami Open presented by Itau,2023,2,F,Q2
625,QS033,Miami Open presented by Itau,2023,3,F,Q1
603,QS034,Miami Open presented by Itau,2023,2,F,Q1
629,QS035,Miami Open presented by Itau,2023,3,F,Q1
605,QS040,Miami Open presented by Itau,2023,2,F,Q1
613,QS041,Miami Open presented by Itau,2023,3,F,Q1
618,QS044,Miami Open presented by Itau,2023,2,F,Q1
631,QS045,Miami Open presented by Itau,2023,3,F,Q1
609,QS046,Miami Open presented by Itau,2023,2,F,Q1
628,QS047,Miami Open presented by Itau,2023,3,F,Q1
611,QS049,Miami Open presented by Itau,2023,2,F,Q1
610,QS051,Miami Open presented by Itau,2023,3,F,Q1
608,QS052,Miami Open presented by Itau,2023,3,F,Q1
622,QS053,Miami Open presented by Itau,2023,2,F,Q1
614,QS055,Miami Open presented by Itau,2023,2,F,Q1
1582,MS001,Mifel Tennis Open by Telcel Oppo,2023,2,F,F
1583,MS004,Mifel Tennis Open by Telcel Oppo,2023,3,F,QF
1584,MS006,Mifel Tennis Open by Telcel Oppo,2023,3,F,QF
1588,MS012,Mifel Tennis Open by Telcel Oppo,2023,2,F,R16
1586,MS015,Mifel Tennis Open by Telcel Oppo,2023,3,F,R16
1589,MS019,Mifel Tennis Open by Telcel Oppo,2023,2,F,R32
1590,MS022,Mifel Tennis Open by Telcel Oppo,2023,3,F,R32
1594,MS029,Mifel Tennis Open by Telcel Oppo,2023,2,F,R32
1591,QS007,Mifel Tennis Open by Telcel Oppo,2023,2,F,Q2
1598,QS015,Mifel Tennis Open by Telcel Oppo,2023,3,F,Q1
638,MS001,Millennium Estoril Open,2023,2,F,F
639,MS002,Millennium Estoril Open,2023,3,F,SF
648,MS003,Millennium Estoril Open,2023,2,F,SF
641,MS004,Millennium Estoril Open,2023,2,F,QF
649,MS006,Millennium Estoril Open,2023,2,F,QF
651,MS010,Millennium Estoril Open,2023,2,F,R16
642,MS013,Millennium Estoril Open,2023,2,F,R16
644,MS014,Millennium Estoril Open,2023,2,F,R16
643,MS019,Millennium Estoril Open,2023,2,F,R32
654,MS021,Millennium Estoril Open,2023,2,F,R32
646,MS028,Millennium Estoril Open,2023,2,F,R32
650,QS005,Millennium Estoril Open,2023,3,F,Q2
664,QS011,Millennium Estoril Open,2023,3,F,Q1
652,QS012,Millennium Estoril Open,2023,2,F,Q1
2282,MS001,Moselle Open,2023,2,F,F
2296,MS003,Moselle Open,2023,2,F,SF
2283,MS005,Moselle Open,2023,2,F,QF
2295,MS006,Moselle Open,2023,2,F,QF
2281,MS007,Moselle Open,2023,3,F,QF
2284,MS009,Moselle Open,2023,2,F,R16
2286,MS014,Moselle Open,2023,2,F,R16
2291,MS018,Moselle Open,2023,2,F,R32
2287,MS019,Moselle Open,2023,3,F,R32
2289,MS022,Moselle Open,2023,3,F,R32
2293,MS029,Moselle Open,2023,3,F,R32
2290,MS030,Moselle Open,2023,2,F,R32
2294,QS006,Moselle Open,2023,2,F,Q2
2300,QS011,Moselle Open,2023,2,F,Q1
2297,QS013,Moselle Open,2023,2,F,Q1
2298,QS015,Moselle Open,2023,2,F,Q1
433,MS001,Movistar Chile Open,2023,3,F,F
443,MS002,Movistar Chile Open,2023,3,F,SF
442,MS003,Movistar Chile Open,2023,2,F,SF
437,MS004,Movistar Chile Open,2023,3,F,QF
447,MS005,Movistar Chile Open,2023,3,F,QF
444,MS006,Movistar Chile Open,2023,2,F,QF
436,MS007,Movistar Chile Open,2023,2,F,QF
449,MS008,Movistar Chile Open,2023,2,F,R16
453,MS009,Movistar Chile Open,2023,3,F,R16
441,MS011,Movistar Chile Open,2023,2,F,R16
438,MS013,Movistar Chile Open,2023,2,F,R16
450,MS014,Movistar Chile Open,2023,3,F,R16
448,MS015,Movistar Chile Open,2023,3,F,R16
452,MS017,Movistar Chile Open,2023,3,F,R32
446,MS018,Movistar Chile Open,2023,3,F,R32
464,MS021,Movistar Chile Open,2023,2,F,R32
460,MS022,Movistar Chile Open,2023,2,F,R32
445,MS023,Movistar Chile Open,2023,1,F,R32
451,MS029,Movistar Chile Open,2023,2,F,R32
454,QS006,Movistar Chile Open,2023,3,F,Q2
455,QS007,Movistar Chile Open,2023,2,F,Q2
456,QS010,Movistar Chile Open,2023,3,F,Q1
471,QS012,Movistar Chile Open,2023,2,F,Q1
458,QS013,Movistar Chile Open,2023,3,F,Q1
457,QS014,Movistar Chile Open,2023,2,F,Q1
1557,MS001,Mubadala Citi DC Open,2023,2,F,F
1559,MS002,Mubadala Citi DC Open,2023,3,F,SF
1561,MS003,Mubadala Citi DC Open,2023,2,F,SF
1579,MS004,Mubadala Citi DC Open,2023,2,F,QF
1560,MS007,Mubadala Citi DC Open,2023,2,F,QF
1566,MS011,Mubadala Citi DC Open,2023,3,F,R16
1565,MS013,Mubadala Citi DC Open,2023,2,F,R16
1563,MS014,Mubadala Citi DC Open,2023,2,F,R16
1564,MS015,Mubadala Citi DC Open,2023,2,F,R16
1567,MS016,Mubadala Citi DC Open,2023,2,F,R32
1572,MS019,Mubadala Citi DC Open,2023,2,F,R32
1570,MS020,Mubadala Citi DC Open,2023,3,F,R32
1575,MS022,Mubadala Citi DC Open,2023,2,F,R32
1569,MS023,Mubadala Citi DC Open,2023,2,F,R32
1568,MS024,Mubadala Citi DC Open,2023,2,F,R32
1581,MS027,Mubadala Citi DC Open,2023,2,F,R32
1574,MS028,Mubadala Citi DC Open,2023,3,F,R32
1576,MS030,Mubadala Citi DC Open,2023,3,F,R32
1585,MS034,Mubadala Citi DC Open,2023,2,F,R64
1580,MS037,Mubadala Citi DC Open,2023,2,F,R64
1577,MS042,Mubadala Citi DC Open,2023,3,F,R64
1578,MS045,Mubadala Citi DC Open,2023,2,F,R64
1587,MS054,Mubadala Citi DC Open,2023,1,F,R64
1592,QS013,Mubadala Citi DC Open,2023,2,F,Q2
1599,QS026,Mubadala Citi DC Open,2023,2,F,Q1
806,MS001,Mutua Madrid Open,2023,3,F,F
808,MS004,Mutua Madrid Open,2023,2,F,QF
807,MS006,Mutua Madrid Open,2023,3,F,QF
822,MS008,Mutua Madrid Open,2023,2,F,R16
809,MS009,Mutua Madrid Open,2023,2,F,R16
828,MS010,Mutua Madrid Open,2023,2,F,R16
810,MS014,Mutua Madrid Open,2023,3,F,R16
815,MS016,Mutua Madrid Open,2023,2,F,R32
842,MS017,Mutua Madrid Open,2023,2,F,R32
820,MS018,Mutua Madrid Open,2023,3,F,R32
838,MS019,Mutua Madrid Open,2023,2,F,R32
823,MS020,Mutua Madrid Open,2023,3,F,R32
821,MS021,Mutua Madrid Open,2023,2,F,R32
817,MS023,Mutua Madrid Open,2023,3,F,R32
845,MS024,Mutua Madrid Open,2023,3,F,R32
834,MS027,Mutua Madrid Open,2023,3,F,R32
819,MS028,Mutua Madrid Open,2023,2,F,R32
839,MS029,Mutua Madrid Open,2023,3,F,R32
816,MS031,Mutua Madrid Open,2023,3,F,R32
840,MS034,Mutua Madrid Open,2023,2,F,R64
832,MS035,Mutua Madrid Open,2023,3,F,R64
851,MS036,Mutua Madrid Open,2023,3,F,R64
836,MS037,Mutua Madrid Open,2023,3,F,R64
844,MS038,Mutua Madrid Open,2023,3,F,R64
825,MS039,Mutua Madrid Open,2023,2,F,R64
824,MS040,Mutua Madrid Open,2023,2,F,R64
847,MS041,Mutua Madrid Open,2023,1,F,R64
859,MS043,Mutua Madrid Open,2023,2,F,R64
827,MS047,Mutua Madrid Open,2023,3,F,R64
830,MS048,Mutua Madrid Open,2023,3,F,R64
862,MS049,Mutua Madrid Open,2023,3,F,R64
826,MS051,Mutua Madrid Open,2023,2,F,R64
833,MS052,Mutua Madrid Open,2023,2,F,R64
841,MS054,Mutua Madrid Open,2023,3,F,R64
829,MS056,Mutua Madrid Open,2023,2,F,R64
843,MS057,Mutua Madrid Open,2023,3,F,R64
837,MS058,Mutua Madrid Open,2023,3,F,R64
831,MS059,Mutua Madrid Open,2023,2,F,R64
835,MS060,Mutua Madrid Open,2023,2,F,R64
846,MS062,Mutua Madrid Open,2023,2,F,R64
864,MS070,Mutua Madrid Open,2023,2,F,R128
857,MS073,Mutua Madrid Open,2023,3,F,R128
854,MS074,Mutua Madrid Open,2023,3,F,R128
856,MS077,Mutua Madrid Open,2023,2,F,R128
855,MS086,Mutua Madrid Open,2023,3,F,R128
850,MS094,Mutua Madrid Open,2023,3,F,R128
858,MS097,Mutua Madrid Open,2023,2,F,R128
860,MS098,Mutua Madrid Open,2023,2,F,R128
848,MS102,Mutua Madrid Open,2023,2,F,R128
868,MS105,Mutua Madrid Open,2023,3,F,R128
853,MS109,Mutua Madrid Open,2023,2,F,R128
852,MS114,Mutua Madrid Open,2023,2,F,R128
881,MS117,Mutua Madrid Open,2023,2,F,R128
861,MS118,Mutua Madrid Open,2023,2,F,R128
849,MS121,Mutua Madrid Open,2023,2,F,R128
879,QS017,Mutua Madrid Open,2023,2,F,Q2
863,QS019,Mutua Madrid Open,2023,2,F,Q2
865,QS021,Mutua Madrid Open,2023,2,F,Q2
872,QS022,Mutua Madrid Open,2023,3,F,Q2
882,QS023,Mutua Madrid Open,2023,3,F,Q2
866,QS024,Mutua Madrid Open,2023,2,F,Q2
867,QS025,Mutua Madrid Open,2023,3,F,Q2
869,QS026,Mutua Madrid Open,2023,2,F,Q2
871,QS027,Mutua Madrid Open,2023,2,F,Q2
870,QS032,Mutua Madrid Open,2023,2,F,Q1
873,QS034,Mutua Madrid Open,2023,3,F,Q1
897,QS039,Mutua Madrid Open,2023,3,F,Q1
874,QS040,Mutua Madrid Open,2023,2,F,Q1
883,QS043,Mutua Madrid Open,2023,2,F,Q1
875,QS044,Mutua Madrid Open,2023,3,F,Q1
884,QS045,Mutua Madrid Open,2023,3,F,Q1
876,QS046,Mutua Madrid Open,2023,2,F,Q1
880,QS049,Mutua Madrid Open,2023,2,F,Q1
878,QS050,Mutua Madrid Open,2023,3,F,Q1
877,QS052,Mutua Madrid Open,2023,2,F,Q1
885,QS055,Mutua Madrid Open,2023,3,F,Q1
1616,MS001,National Bank Open Presented by Rogers,2023,2,F,F
1615,MS002,National Bank Open Presented by Rogers,2023,2,F,SF
1619,MS003,National Bank Open Presented by Rogers,2023,2,F,SF
1642,MS004,National Bank Open Presented by Rogers,2023,3,F,QF
1622,MS005,National Bank Open Presented by Rogers,2023,3,F,QF
1621,MS006,National Bank Open Presented by Rogers,2023,2,F,QF
1617,MS007,National Bank Open Presented by Rogers,2023,2,F,QF
1618,MS008,National Bank Open Presented by Rogers,2023,3,F,R16
1627,MS009,National Bank Open Presented by Rogers,2023,2,F,R16
1625,MS010,National Bank Open Presented by Rogers,2023,2,F,R16
1623,MS013,National Bank Open Presented by Rogers,2023,3,F,R16
1624,MS014,National Bank Open Presented by Rogers,2023,3,F,R16
1620,MS015,National Bank Open Presented by Rogers,2023,2,F,R16
1626,MS016,National Bank Open Presented by Rogers,2023,2,F,R32
1635,MS017,National Bank Open Presented by Rogers,2023,3,F,R32
1631,MS018,National Bank Open Presented by Rogers,2023,3,F,R32
1634,MS019,National Bank Open Presented by Rogers,2023,3,F,R32
1630,MS020,National Bank Open Presented by Rogers,2023,2,F,R32
1639,MS021,National Bank Open Presented by Rogers,2023,3,F,R32
1633,MS023,National Bank Open Presented by Rogers,2023,2,F,R32
1629,MS024,National Bank Open Presented by Rogers,2023,2,F,R32
1636,MS026,National Bank Open Presented by Rogers,2023,2,F,R32
1650,MS027,National Bank Open Presented by Rogers,2023,2,F,R32
1632,MS028,National Bank Open Presented by Rogers,2023,3,F,R32
1638,MS029,National Bank Open Presented by Rogers,2023,2,F,R32
1628,MS031,National Bank Open Presented by Rogers,2023,2,F,R32
1646,MS034,National Bank Open Presented by Rogers,2023,3,F,R64
1643,MS035,National Bank Open Presented by Rogers,2023,2,F,R64
1647,MS037,National Bank Open Presented by Rogers,2023,3,F,R64
1648,MS042,National Bank Open Presented by Rogers,2023,2,F,R64
1644,MS050,National Bank Open Presented by Rogers,2023,2,F,R64
1640,MS052,National Bank Open Presented by Rogers,2023,2,F,R64
1649,MS054,National Bank Open Presented by Rogers,2023,3,F,R64
1705,MS057,National Bank Open Presented by Rogers,2023,3,F,R64
1645,MS058,National Bank Open Presented by Rogers,2023,2,F,R64
1637,MS059,National Bank Open Presented by Rogers,2023,2,F,R64
1641,MS060,National Bank Open Presented by Rogers,2023,2,F,R64
1651,QS010,National Bank Open Presented by Rogers,2023,2,F,Q2
1669,QS011,National Bank Open Presented by Rogers,2023,2,F,Q2
1652,QS013,National Bank Open Presented by Rogers,2023,2,F,Q2
1653,QS016,National Bank Open Presented by Rogers,2023,2,F,Q1
1668,QS018,National Bank Open Presented by Rogers,2023,2,F,Q1
1654,QS026,National Bank Open Presented by Rogers,2023,2,F,Q1
1655,QS027,National Bank Open Presented by Rogers,2023,2,F,Q1
2329,MS001,Next Gen ATP Finals presented by NEOM,2023,5,F,F
2331,MS002,Next Gen ATP Finals presented by NEOM,2023,4,F,SF
2335,MS003,Next Gen ATP Finals presented by NEOM,2023,2,F,SF
2340,MS008,Next Gen ATP Finals presented by NEOM,2023,4,F,RR
2344,MS009,Next Gen ATP Finals presented by NEOM,2023,3,F,RR
2347,MS010,Next Gen ATP Finals presented by NEOM,2023,5,F,RR
2348,MS011,Next Gen ATP Finals presented by NEOM,2023,4,F,RR
2343,MS012,Next Gen ATP Finals presented by NEOM,2023,3,F,RR
2338,MS013,Next Gen ATP Finals presented by NEOM,2023,5,F,RR
2334,MS016,Next Gen ATP Finals presented by NEOM,2023,5,F,RR
2339,MS017,Next Gen ATP Finals presented by NEOM,2023,4,F,RR
2341,MS018,Next Gen ATP Finals presented by NEOM,2023,4,F,RR
2342,MS019,Next Gen ATP Finals presented by NEOM,2023,5,F,RR
2345,MS020,Next Gen ATP Finals presented by NEOM,2023,4,F,RR
2337,MS021,Next Gen ATP Finals presented by NEOM,2023,4,F,RR
2324,MS008,Nitto ATP Finals,2023,3,F,RR
2325,MS009,Nitto ATP Finals,2023,3,F,RR
2333,MS010,Nitto ATP Finals,2023,3,F,RR
2336,MS011,Nitto ATP Finals,2023,2,F,RR
2322,MS012,Nitto ATP Finals,2023,3,F,RR
2327,MS013,Nitto ATP Finals,2023,1,F,RR
2321,MS016,Nitto ATP Finals,2023,2,F,RR
2323,MS017,Nitto ATP Finals,2023,2,F,RR
2332,MS018,Nitto ATP Finals,2023,3,F,RR
2328,MS019,Nitto ATP Finals,2023,2,F,RR
2330,MS020,Nitto ATP Finals,2023,2,F,RR
2326,MS021,Nitto ATP Finals,2023,2,F,RR
1439,MS001,Nordea Open,2023,2,F,F
1443,MS002,Nordea Open,2023,2,F,SF
1440,MS003,Nordea Open,2023,3,F,SF
1462,MS004,Nordea Open,2023,2,F,QF
1444,MS005,Nordea Open,2023,3,F,QF
1442,MS007,Nordea Open,2023,2,F,QF
1445,MS008,Nordea Open,2023,2,F,R16
1449,MS010,Nordea Open,2023,3,F,R16
1448,MS013,Nordea Open,2023,2,F,R16
1447,MS014,Nordea Open,2023,2,F,R16
1446,MS015,Nordea Open,2023,2,F,R16
1457,MS017,Nordea Open,2023,2,F,R32
1451,MS019,Nordea Open,2023,3,F,R32
1454,MS022,Nordea Open,2023,2,F,R32
1453,MS025,Nordea Open,2023,2,F,R32
1450,MS028,Nordea Open,2023,3,F,R32
1455,MS029,Nordea Open,2023,3,F,R32
1456,MS030,Nordea Open,2023,2,F,R32
1458,QS006,Nordea Open,2023,3,F,Q2
1459,QS007,Nordea Open,2023,0,F,Q2
1460,QS012,Nordea Open,2023,2,F,Q1
1463,QS013,Nordea Open,2023,3,F,Q1
1461,QS015,Nordea Open,2023,3,F,Q1
363,MS001,Open 13 Provence,2023,2,F,F
372,MS002,Open 13 Provence,2023,2,F,SF
373,MS003,Open 13 Provence,2023,2,F,SF
367,MS005,Open 13 Provence,2023,3,F,QF
376,MS006,Open 13 Provence,2023,2,F,QF
377,MS007,Open 13 Provence,2023,2,F,QF
368,MS008,Open 13 Provence,2023,3,F,R16
384,MS017,Open 13 Provence,2023,2,F,R32
371,MS019,Open 13 Provence,2023,2,F,R32
374,MS025,Open 13 Provence,2023,2,F,R32
386,MS029,Open 13 Provence,2023,3,F,R32
375,MS030,Open 13 Provence,2023,2,F,R32
379,QS005,Open 13 Provence,2023,2,F,Q2
380,QS006,Open 13 Provence,2023,2,F,Q2
387,QS008,Open 13 Provence,2023,3,F,Q1
388,QS010,Open 13 Provence,2023,3,F,Q1
378,QS012,Open 13 Provence,2023,2,F,Q1
1006,MS001,Open Parc Auvergne-Rhone-Alpes Lyon,2023,2,F,F
993,MS002,Open Parc Auvergne-Rhone-Alpes Lyon,2023,3,F,SF
1009,MS003,Open Parc Auvergne-Rhone-Alpes Lyon,2023,2,F,SF
997,MS005,Open Parc Auvergne-Rhone-Alpes Lyon,2023,2,F,QF
995,MS006,Open Parc Auvergne-Rhone-Alpes Lyon,2023,3,F,QF
994,MS007,Open Parc Auvergne-Rhone-Alpes Lyon,2023,3,F,QF
996,MS008,Open Parc Auvergne-Rhone-Alpes Lyon,2023,2,F,R16
1001,MS011,Open Parc Auvergne-Rhone-Alpes Lyon,2023,3,F,R16
1002,MS012,Open Parc Auvergne-Rhone-Alpes Lyon,2023,2,F,R16
1013,MS013,Open Parc Auvergne-Rhone-Alpes Lyon,2023,1,F,R16
1012,MS015,Open Parc Auvergne-Rhone-Alpes Lyon,2023,2,F,R16
1004,MS018,Open Parc Auvergne-Rhone-Alpes Lyon,2023,2,F,R32
1007,MS022,Open Parc Auvergne-Rhone-Alpes Lyon,2023,2,F,R32
998,MS024,Open Parc Auvergne-Rhone-Alpes Lyon,2023,2,F,R32
1003,MS025,Open Parc Auvergne-Rhone-Alpes Lyon,2023,2,F,R32
1000,MS028,Open Parc Auvergne-Rhone-Alpes Lyon,2023,2,F,R32
1005,QS004,Open Parc Auvergne-Rhone-Alpes Lyon,2023,3,F,Q2
1008,QS006,Open Parc Auvergne-Rhone-Alpes Lyon,2023,2,F,Q2
1026,QS007,Open Parc Auvergne-Rhone-Alpes Lyon,2023,2,F,Q2
1035,QS009,Open Parc Auvergne-Rhone-Alpes Lyon,2023,3,F,Q1
1011,QS010,Open Parc Auvergne-Rhone-Alpes Lyon,2023,2,F,Q1
1010,QS012,Open Parc Auvergne-Rhone-Alpes Lyon,2023,2,F,Q1
1037,QS015,Open Parc Auvergne-Rhone-Alpes Lyon,2023,2,F,Q1
238,MS003,Open Sud de France – Montpellier,2023,2,F,SF
252,MS006,Open Sud de France – Montpellier,2023,2,F,QF
239,MS007,Open Sud de France – Montpellier,2023,2,F,QF
240,MS008,Open Sud de France – Montpellier,2023,2,F,R16
243,MS012,Open Sud de France – Montpellier,2023,2,F,R16
255,MS013,Open Sud de France – Montpellier,2023,2,F,R16
262,MS017,Open Sud de France – Montpellier,2023,3,F,R32
264,MS021,Open Sud de France – Montpellier,2023,2,F,R32
246,MS024,Open Sud de France – Montpellier,2023,2,F,R32
249,MS025,Open Sud de France – Montpellier,2023,3,F,R32
248,MS028,Open Sud de France – Montpellier,2023,2,F,R32
250,MS030,Open Sud de France – Montpellier,2023,3,F,R32
253,QS004,Open Sud de France – Montpellier,2023,2,F,Q2
251,QS007,Open Sud de France – Montpellier,2023,3,F,Q2
254,QS008,Open Sud de France – Montpellier,2023,3,F,Q1
257,QS009,Open Sud de France – Montpellier,2023,2,F,Q1
256,QS015,Open Sud de France – Montpellier,2023,2,F,Q1
1530,MS001,Plava Laguna Croatia Open Umag,2023,3,F,F
1532,MS002,Plava Laguna Croatia Open Umag,2023,3,F,SF
1534,MS003,Plava Laguna Croatia Open Umag,2023,2,F,SF
1531,MS004,Plava Laguna Croatia Open Umag,2023,3,F,QF
1537,MS005,Plava Laguna Croatia Open Umag,2023,2,F,QF
1536,MS006,Plava Laguna Croatia Open Umag,2023,2,F,QF
1533,MS007,Plava Laguna Croatia Open Umag,2023,3,F,QF
1540,MS009,Plava Laguna Croatia Open Umag,2023,2,F,R16
1538,MS010,Plava Laguna Croatia Open Umag,2023,2,F,R16
1541,MS011,Plava Laguna Croatia Open Umag,2023,2,F,R16
1562,MS013,Plava Laguna Croatia Open Umag,2023,2,F,R16
1539,MS014,Plava Laguna Croatia Open Umag,2023,2,F,R16
1535,MS015,Plava Laguna Croatia Open Umag,2023,2,F,R16
1547,MS018,Plava Laguna Croatia Open Umag,2023,2,F,R32
1543,MS019,Plava Laguna Croatia Open Umag,2023,2,F,R32
1546,MS021,Plava Laguna Croatia Open Umag,2023,2,F,R32
1548,MS022,Plava Laguna Croatia Open Umag,2023,2,F,R32
1544,MS023,Plava Laguna Croatia Open Umag,2023,2,F,R32
1542,MS024,Plava Laguna Croatia Open Umag,2023,2,F,R32
1573,MS026,Plava Laguna Croatia Open Umag,2023,3,F,R32
1549,MS029,Plava Laguna Croatia Open Umag,2023,2,F,R32
1545,MS030,Plava Laguna Croatia Open Umag,2023,3,F,R32
1553,QS004,Plava Laguna Croatia Open Umag,2023,2,F,Q2
1551,QS005,Plava Laguna Croatia Open Umag,2023,2,F,Q2
1571,QS006,Plava Laguna Croatia Open Umag,2023,2,F,Q2
1552,QS007,Plava Laguna Croatia Open Umag,2023,3,F,Q2
1554,QS008,Plava Laguna Croatia Open Umag,2023,3,F,Q1
1555,QS011,Plava Laguna Croatia Open Umag,2023,3,F,Q1
1558,QS013,Plava Laguna Croatia Open Umag,2023,2,F,Q1
1556,QS015,Plava Laguna Croatia Open Umag,2023,2,F,Q1
343,MS003,Qatar ExxonMobil Open,2023,2,F,SF
347,MS004,Qatar ExxonMobil Open,2023,3,F,QF
346,MS006,Qatar ExxonMobil Open,2023,3,F,QF
344,MS007,Qatar ExxonMobil Open,2023,2,F,QF
348,MS008,Qatar ExxonMobil Open,2023,3,F,R16
352,MS011,Qatar ExxonMobil Open,2023,2,F,R16
351,MS012,Qatar ExxonMobil Open,2023,3,F,R16
349,MS013,Qatar ExxonMobil Open,2023,2,F,R16
362,MS014,Qatar ExxonMobil Open,2023,2,F,R16
350,MS015,Qatar ExxonMobil Open,2023,3,F,R16
354,MS017,Qatar ExxonMobil Open,2023,3,F,R32
356,MS018,Qatar ExxonMobil Open,2023,2,F,R32
366,MS022,Qatar ExxonMobil Open,2023,3,F,R32
353,MS024,Qatar ExxonMobil Open,2023,3,F,R32
355,MS029,Qatar ExxonMobil Open,2023,3,F,R32
364,QS004,Qatar ExxonMobil Open,2023,2,F,Q2
365,QS005,Qatar ExxonMobil Open,2023,3,F,Q2
358,QS006,Qatar ExxonMobil Open,2023,2,F,Q2
359,QS010,Qatar ExxonMobil Open,2023,3,F,Q1
370,QS011,Qatar ExxonMobil Open,2023,2,F,Q1
361,QS012,Qatar ExxonMobil Open,2023,3,F,Q1
369,QS013,Qatar ExxonMobil Open,2023,2,F,Q1
314,MS001,Rio Open presented by Claro,2023,3,F,F
313,MS002,Rio Open presented by Claro,2023,3,F,SF
329,MS004,Rio Open presented by Claro,2023,2,F,QF
322,MS005,Rio Open presented by Claro,2023,2,F,QF
324,MS007,Rio Open presented by Claro,2023,3,F,QF
327,MS009,Rio Open presented by Claro,2023,2,F,R16
339,MS010,Rio Open presented by Claro,2023,2,F,R16
325,MS011,Rio Open presented by Claro,2023,2,F,R16
335,MS014,Rio Open presented by Claro,2023,3,F,R16
320,MS015,Rio Open presented by Claro,2023,2,F,R16
338,MS018,Rio Open presented by Claro,2023,2,F,R32
337,MS020,Rio Open presented by Claro,2023,2,F,R32
342,MS021,Rio Open presented by Claro,2023,2,F,R32
345,MS022,Rio Open presented by Claro,2023,2,F,R32
326,MS027,Rio Open presented by Claro,2023,3,F,R32
328,MS028,Rio Open presented by Claro,2023,2,F,R32
341,MS031,Rio Open presented by Claro,2023,2,F,R32
330,QS004,Rio Open presented by Claro,2023,2,F,Q2
334,QS005,Rio Open presented by Claro,2023,2,F,Q2
332,QS006,Rio Open presented by Claro,2023,2,F,Q2
331,QS007,Rio Open presented by Claro,2023,2,F,Q2
333,QS008,Rio Open presented by Claro,2023,3,F,Q1
336,QS010,Rio Open presented by Claro,2023,2,F,Q1
360,QS013,Rio Open presented by Claro,2023,3,F,Q1
340,QS014,Rio Open presented by Claro,2023,2,F,Q1
357,QS015,Rio Open presented by Claro,2023,2,F,Q1
1015,MS001,Roland Garros,2023,3,F,F
1014,MS002,Roland Garros,2023,4,F,SF
1016,MS003,Roland Garros,2023,3,F,SF
1017,MS004,Roland Garros,2023,3,F,QF
1018,MS005,Roland Garros,2023,4,F,QF
1021,MS006,Roland Garros,2023,4,F,QF
1019,MS007,Roland Garros,2023,4,F,QF
1022,MS008,Roland Garros,2023,3,F,R16
1046,MS009,Roland Garros,2023,3,F,R16
1020,MS010,Roland Garros,2023,3,F,R16
1023,MS011,Roland Garros,2023,4,F,R16
1025,MS012,Roland Garros,2023,5,F,R16
1044,MS013,Roland Garros,2023,3,F,R16
1049,MS014,Roland Garros,2023,3,F,R16
1050,MS015,Roland Garros,2023,3,F,R16
1027,MS016,Roland Garros,2023,3,F,R32
1034,MS017,Roland Garros,2023,3,F,R32
1024,MS020,Roland Garros,2023,3,F,R32
1033,MS021,Roland Garros,2023,5,F,R32
1030,MS023,Roland Garros,2023,5,F,R32
1031,MS024,Roland Garros,2023,3,F,R32
1029,MS025,Roland Garros,2023,4,F,R32
1038,MS026,Roland Garros,2023,4,F,R32
1028,MS027,Roland Garros,2023,4,F,R32
1039,MS028,Roland Garros,2023,3,F,R32
1032,MS029,Roland Garros,2023,4,F,R32
1036,MS031,Roland Garros,2023,5,F,R32
1040,MS032,Roland Garros,2023,4,F,R64
1057,MS033,Roland Garros,2023,4,F,R64
1053,MS034,Roland Garros,2023,3,F,R64
1056,MS037,Roland Garros,2023,3,F,R64
1043,MS039,Roland Garros,2023,3,F,R64
1041,MS040,Roland Garros,2023,3,F,R64
1058,MS041,Roland Garros,2023,3,F,R64
1067,MS042,Roland Garros,2023,5,F,R64
1055,MS043,Roland Garros,2023,5,F,R64
1047,MS044,Roland Garros,2023,3,F,R64
1059,MS046,Roland Garros,2023,3,F,R64
1064,MS047,Roland Garros,2023,4,F,R64
1070,MS050,Roland Garros,2023,3,F,R64
1048,MS051,Roland Garros,2023,4,F,R64
1051,MS052,Roland Garros,2023,4,F,R64
1073,MS053,Roland Garros,2023,3,F,R64
1060,MS054,Roland Garros,2023,3,F,R64
1042,MS055,Roland Garros,2023,4,F,R64
1045,MS056,Roland Garros,2023,5,F,R64
1054,MS058,Roland Garros,2023,3,F,R64
1052,MS061,Roland Garros,2023,3,F,R64
1061,MS064,Roland Garros,2023,3,F,R128
1088,MS065,Roland Garros,2023,3,F,R128
1083,MS066,Roland Garros,2023,4,F,R128
1077,MS067,Roland Garros,2023,5,F,R128
1092,MS073,Roland Garros,2023,5,F,R128
1074,MS075,Roland Garros,2023,3,F,R128
1108,MS078,Roland Garros,2023,3,F,R128
1062,MS080,Roland Garros,2023,3,F,R128
1084,MS081,Roland Garros,2023,4,F,R128
1099,MS082,Roland Garros,2023,3,F,R128
1076,MS083,Roland Garros,2023,4,F,R128
1072,MS084,Roland Garros,2023,3,F,R128
1100,MS085,Roland Garros,2023,5,F,R128
1086,MS086,Roland Garros,2023,5,F,R128
1069,MS087,Roland Garros,2023,5,F,R128
1082,MS089,Roland Garros,2023,4,F,R128
1078,MS092,Roland Garros,2023,4,F,R128
1094,MS093,Roland Garros,2023,3,F,R128
1109,MS094,Roland Garros,2023,4,F,R128
1066,MS095,Roland Garros,2023,4,F,R128
1095,MS097,Roland Garros,2023,5,F,R128
1096,MS098,Roland Garros,2023,5,F,R128
1097,MS100,Roland Garros,2023,4,F,R128
1089,MS101,Roland Garros,2023,5,F,R128
1068,MS103,Roland Garros,2023,3,F,R128
1071,MS104,Roland Garros,2023,3,F,R128
1091,MS105,Roland Garros,2023,3,F,R128
1090,MS106,Roland Garros,2023,4,F,R128
1080,MS107,Roland Garros,2023,5,F,R128
1098,MS108,Roland Garros,2023,4,F,R128
1101,MS109,Roland Garros,2023,2,F,R128
1102,MS110,Roland Garros,2023,5,F,R128
1065,MS111,Roland Garros,2023,3,F,R128
1087,MS112,Roland Garros,2023,3,F,R128
1079,MS113,Roland Garros,2023,3,F,R128
1081,MS115,Roland Garros,2023,3,F,R128
1075,MS116,Roland Garros,2023,3,F,R128
1093,MS117,Roland Garros,2023,3,F,R128
1085,MS122,Roland Garros,2023,2,F,R128
1063,MS127,Roland Garros,2023,5,F,R128
1105,QS017,Roland Garros,2023,2,F,Q3
1110,QS019,Roland Garros,2023,3,F,Q3
1126,QS020,Roland Garros,2023,3,F,Q3
1111,QS022,Roland Garros,2023,2,F,Q3
1106,QS023,Roland Garros,2023,3,F,Q3
1103,QS024,Roland Garros,2023,3,F,Q3
1104,QS027,Roland Garros,2023,2,F,Q3
1107,QS029,Roland Garros,2023,2,F,Q3
1128,QS030,Roland Garros,2023,3,F,Q3
1117,QS034,Roland Garros,2023,2,F,Q2
1132,QS035,Roland Garros,2023,2,F,Q2
1118,QS036,Roland Garros,2023,2,F,Q2
1119,QS038,Roland Garros,2023,3,F,Q2
1122,QS039,Roland Garros,2023,2,F,Q2
1125,QS041,Roland Garros,2023,3,F,Q2
1129,QS042,Roland Garros,2023,2,F,Q2
1113,QS044,Roland Garros,2023,3,F,Q2
1124,QS045,Roland Garros,2023,2,F,Q2
1112,QS046,Roland Garros,2023,3,F,Q2
1131,QS047,Roland Garros,2023,3,F,Q2
1138,QS048,Roland Garros,2023,2,F,Q2
1130,QS049,Roland Garros,2023,3,F,Q2
1123,QS051,Roland Garros,2023,2,F,Q2
1115,QS052,Roland Garros,2023,3,F,Q2
1114,QS054,Roland Garros,2023,2,F,Q2
1120,QS055,Roland Garros,2023,2,F,Q2
1116,QS058,Roland Garros,2023,3,F,Q2
1121,QS060,Roland Garros,2023,3,F,Q2
1127,QS061,Roland Garros,2023,2,F,Q2
1143,QS067,Roland Garros,2023,3,F,Q1
1134,QS068,Roland Garros,2023,2,F,Q1
1153,QS069,Roland Garros,2023,2,F,Q1
1168,QS070,Roland Garros,2023,2,F,Q1
1142,QS071,Roland Garros,2023,2,F,Q1
1133,QS072,Roland Garros,2023,3,F,Q1
1167,QS073,Roland Garros,2023,3,F,Q1
1137,QS076,Roland Garros,2023,2,F,Q1
1164,QS077,Roland Garros,2023,3,F,Q1
1163,QS079,Roland Garros,2023,3,F,Q1
1160,QS082,Roland Garros,2023,2,F,Q1
1145,QS083,Roland Garros,2023,3,F,Q1
1135,QS084,Roland Garros,2023,3,F,Q1
1136,QS088,Roland Garros,2023,1,F,Q1
1151,QS090,Roland Garros,2023,3,F,Q1
1147,QS091,Roland Garros,2023,2,F,Q1
1139,QS092,Roland Garros,2023,2,F,Q1
1158,QS094,Roland Garros,2023,3,F,Q1
1150,QS096,Roland Garros,2023,2,F,Q1
1156,QS097,Roland Garros,2023,2,F,Q1
1161,QS099,Roland Garros,2023,2,F,Q1
1146,QS103,Roland Garros,2023,2,F,Q1
1155,QS105,Roland Garros,2023,2,F,Q1
1152,QS108,Roland Garros,2023,2,F,Q1
1157,QS110,Roland Garros,2023,3,F,Q1
1141,QS116,Roland Garros,2023,2,F,Q1
1148,QS117,Roland Garros,2023,3,F,Q1
1144,QS119,Roland Garros,2023,2,F,Q1
1140,QS120,Roland Garros,2023,2,F,Q1
1149,QS123,Roland Garros,2023,2,F,Q1
1154,QS127,Roland Garros,2023,2,F,Q1
673,MS001,Rolex Monte-Carlo Masters,2023,3,F,F
692,MS002,Rolex Monte-Carlo Masters,2023,3,F,SF
674,MS003,Rolex Monte-Carlo Masters,2023,3,F,SF
676,MS004,Rolex Monte-Carlo Masters,2023,2,F,QF
675,MS005,Rolex Monte-Carlo Masters,2023,2,F,QF
677,MS006,Rolex Monte-Carlo Masters,2023,2,F,QF
693,MS007,Rolex Monte-Carlo Masters,2023,2,F,QF
678,MS008,Rolex Monte-Carlo Masters,2023,3,F,R16
683,MS009,Rolex Monte-Carlo Masters,2023,3,F,R16
679,MS010,Rolex Monte-Carlo Masters,2023,3,F,R16
682,MS012,Rolex Monte-Carlo Masters,2023,2,F,R16
680,MS013,Rolex Monte-Carlo Masters,2023,2,F,R16
684,MS014,Rolex Monte-Carlo Masters,2023,3,F,R16
698,MS015,Rolex Monte-Carlo Masters,2023,2,F,R16
697,MS016,Rolex Monte-Carlo Masters,2023,2,F,R32
688,MS017,Rolex Monte-Carlo Masters,2023,2,F,R32
704,MS018,Rolex Monte-Carlo Masters,2023,3,F,R32
685,MS020,Rolex Monte-Carlo Masters,2023,2,F,R32
686,MS021,Rolex Monte-Carlo Masters,2023,2,F,R32
691,MS022,Rolex Monte-Carlo Masters,2023,3,F,R32
706,MS024,Rolex Monte-Carlo Masters,2023,3,F,R32
687,MS026,Rolex Monte-Carlo Masters,2023,2,F,R32
701,MS027,Rolex Monte-Carlo Masters,2023,2,F,R32
705,MS028,Rolex Monte-Carlo Masters,2023,2,F,R32
694,MS029,Rolex Monte-Carlo Masters,2023,2,F,R32
690,MS030,Rolex Monte-Carlo Masters,2023,3,F,R32
699,MS031,Rolex Monte-Carlo Masters,2023,1,F,R32
707,MS033,Rolex Monte-Carlo Masters,2023,3,F,R64
708,MS034,Rolex Monte-Carlo Masters,2023,2,F,R64
700,MS035,Rolex Monte-Carlo Masters,2023,2,F,R64
715,MS036,Rolex Monte-Carlo Masters,2023,3,F,R64
702,MS037,Rolex Monte-Carlo Masters,2023,2,F,R64
711,MS041,Rolex Monte-Carlo Masters,2023,3,F,R64
696,MS043,Rolex Monte-Carlo Masters,2023,3,F,R64
717,MS044,Rolex Monte-Carlo Masters,2023,2,F,R64
709,MS049,Rolex Monte-Carlo Masters,2023,3,F,R64
695,MS051,Rolex Monte-Carlo Masters,2023,2,F,R64
714,MS054,Rolex Monte-Carlo Masters,2023,3,F,R64
712,MS057,Rolex Monte-Carlo Masters,2023,3,F,R64
703,MS058,Rolex Monte-Carlo Masters,2023,3,F,R64
710,MS061,Rolex Monte-Carlo Masters,2023,2,F,R64
726,QS009,Rolex Monte-Carlo Masters,2023,3,F,Q2
713,QS012,Rolex Monte-Carlo Masters,2023,3,F,Q2
719,QS017,Rolex Monte-Carlo Masters,2023,2,F,Q1
716,QS018,Rolex Monte-Carlo Masters,2023,3,F,Q1
738,QS021,Rolex Monte-Carlo Masters,2023,3,F,Q1
718,QS026,Rolex Monte-Carlo Masters,2023,3,F,Q1
733,QS029,Rolex Monte-Carlo Masters,2023,2,F,Q1
2223,MS001,Rolex Paris Masters,2023,2,F,F
2227,MS002,Rolex Paris Masters,2023,3,F,SF
2225,MS003,Rolex Paris Masters,2023,3,F,SF
2224,MS004,Rolex Paris Masters,2023,3,F,QF
2228,MS005,Rolex Paris Masters,2023,3,F,QF
2229,MS006,Rolex Paris Masters,2023,3,F,QF
2226,MS007,Rolex Paris Masters,2023,2,F,QF
2231,MS008,Rolex Paris Masters,2023,3,F,R16
2232,MS009,Rolex Paris Masters,2023,2,F,R16
2234,MS011,Rolex Paris Masters,2023,2,F,R16
2237,MS012,Rolex Paris Masters,2023,2,F,R16
2238,MS013,Rolex Paris Masters,2023,2,F,R16
2235,MS014,Rolex Paris Masters,2023,2,F,R16
2236,MS015,Rolex Paris Masters,2023,3,F,R16
2239,MS016,Rolex Paris Masters,2023,2,F,R32
2253,MS017,Rolex Paris Masters,2023,2,F,R32
2242,MS020,Rolex Paris Masters,2023,3,F,R32
2246,MS021,Rolex Paris Masters,2023,3,F,R32
2249,MS022,Rolex Paris Masters,2023,3,F,R32
2243,MS023,Rolex Paris Masters,2023,2,F,R32
2247,MS024,Rolex Paris Masters,2023,2,F,R32
2250,MS025,Rolex Paris Masters,2023,2,F,R32
2245,MS026,Rolex Paris Masters,2023,2,F,R32
2241,MS027,Rolex Paris Masters,2023,3,F,R32
2273,MS028,Rolex Paris Masters,2023,2,F,R32
2244,MS029,Rolex Paris Masters,2023,3,F,R32
2248,MS030,Rolex Paris Masters,2023,2,F,R32
2240,MS031,Rolex Paris Masters,2023,2,F,R32
2263,MS033,Rolex Paris Masters,2023,3,F,R64
2259,MS035,Rolex Paris Masters,2023,3,F,R64
2251,MS036,Rolex Paris Masters,2023,2,F,R64
2257,MS037,Rolex Paris Masters,2023,2,F,R64
2266,MS042,Rolex Paris Masters,2023,2,F,R64
2269,MS045,Rolex Paris Masters,2023,2,F,R64
2267,MS046,Rolex Paris Masters,2023,3,F,R64
2280,MS049,Rolex Paris Masters,2023,3,F,R64
2261,MS050,Rolex Paris Masters,2023,2,F,R64
2255,MS051,Rolex Paris Masters,2023,3,F,R64
2254,MS052,Rolex Paris Masters,2023,2,F,R64
2265,MS053,Rolex Paris Masters,2023,2,F,R64
2262,MS054,Rolex Paris Masters,2023,3,F,R64
2258,MS057,Rolex Paris Masters,2023,2,F,R64
2264,MS058,Rolex Paris Masters,2023,2,F,R64
2252,MS059,Rolex Paris Masters,2023,3,F,R64
2260,MS061,Rolex Paris Masters,2023,3,F,R64
2285,MS062,Rolex Paris Masters,2023,2,F,R64
2268,QS008,Rolex Paris Masters,2023,3,F,Q2
2272,QS009,Rolex Paris Masters,2023,2,F,Q2
2271,QS011,Rolex Paris Masters,2023,2,F,Q2
2270,QS014,Rolex Paris Masters,2023,3,F,Q2
2274,QS016,Rolex Paris Masters,2023,2,F,Q1
2292,QS017,Rolex Paris Masters,2023,2,F,Q1
2275,QS018,Rolex Paris Masters,2023,3,F,Q1
2277,QS021,Rolex Paris Masters,2023,2,F,Q1
2276,QS022,Rolex Paris Masters,2023,3,F,Q1
2278,QS023,Rolex Paris Masters,2023,3,F,Q1
2279,QS027,Rolex Paris Masters,2023,3,F,Q1
2288,QS028,Rolex Paris Masters,2023,3,F,Q1
1978,MS001,Rolex Shanghai Masters,2023,3,F,F
1980,MS002,Rolex Shanghai Masters,2023,2,F,SF
1981,MS003,Rolex Shanghai Masters,2023,2,F,SF
1984,MS004,Rolex Shanghai Masters,2023,2,F,QF
1979,MS005,Rolex Shanghai Masters,2023,2,F,QF
1982,MS006,Rolex Shanghai Masters,2023,3,F,QF
1985,MS007,Rolex Shanghai Masters,2023,3,F,QF
1987,MS008,Rolex Shanghai Masters,2023,3,F,R16
1986,MS011,Rolex Shanghai Masters,2023,2,F,R16
1988,MS012,Rolex Shanghai Masters,2023,3,F,R16
1990,MS013,Rolex Shanghai Masters,2023,3,F,R16
1989,MS014,Rolex Shanghai Masters,2023,3,F,R16
1992,MS015,Rolex Shanghai Masters,2023,2,F,R16
1995,MS016,Rolex Shanghai Masters,2023,2,F,R32
2001,MS017,Rolex Shanghai Masters,2023,2,F,R32
2003,MS018,Rolex Shanghai Masters,2023,2,F,R32
1993,MS020,Rolex Shanghai Masters,2023,3,F,R32
1997,MS022,Rolex Shanghai Masters,2023,3,F,R32
1998,MS023,Rolex Shanghai Masters,2023,2,F,R32
2002,MS025,Rolex Shanghai Masters,2023,2,F,R32
1999,MS026,Rolex Shanghai Masters,2023,2,F,R32
2004,MS027,Rolex Shanghai Masters,2023,2,F,R32
1996,MS028,Rolex Shanghai Masters,2023,3,F,R32
2021,MS029,Rolex Shanghai Masters,2023,3,F,R32
2000,MS030,Rolex Shanghai Masters,2023,3,F,R32
1994,MS031,Rolex Shanghai Masters,2023,2,F,R32
2028,MS033,Rolex Shanghai Masters,2023,2,F,R64
2016,MS034,Rolex Shanghai Masters,2023,2,F,R64
2017,MS035,Rolex Shanghai Masters,2023,3,F,R64
2010,MS036,Rolex Shanghai Masters,2023,3,F,R64
2024,MS037,Rolex Shanghai Masters,2023,2,F,R64
2014,MS039,Rolex Shanghai Masters,2023,3,F,R64
2008,MS040,Rolex Shanghai Masters,2023,2,F,R64
2031,MS041,Rolex Shanghai Masters,2023,3,F,R64
2019,MS042,Rolex Shanghai Masters,2023,3,F,R64
2012,MS044,Rolex Shanghai Masters,2023,2,F,R64
2026,MS045,Rolex Shanghai Masters,2023,2,F,R64
2030,MS046,Rolex Shanghai Masters,2023,2,F,R64
2007,MS047,Rolex Shanghai Masters,2023,2,F,R64
2013,MS048,Rolex Shanghai Masters,2023,2,F,R64
2023,MS050,Rolex Shanghai Masters,2023,2,F,R64
2044,MS051,Rolex Shanghai Masters,2023,2,F,R64
2018,MS053,Rolex Shanghai Masters,2023,2,F,R64
2027,MS054,Rolex Shanghai Masters,2023,3,F,R64
2006,MS055,Rolex Shanghai Masters,2023,2,F,R64
2009,MS056,Rolex Shanghai Masters,2023,2,F,R64
2025,MS057,Rolex Shanghai Masters,2023,2,F,R64
2022,MS058,Rolex Shanghai Masters,2023,2,F,R64
2011,MS059,Rolex Shanghai Masters,2023,2,F,R64
2015,MS060,Rolex Shanghai Masters,2023,3,F,R64
2020,MS061,Rolex Shanghai Masters,2023,2,F,R64
2029,MS062,Rolex Shanghai Masters,2023,2,F,R64
2005,MS063,Rolex Shanghai Masters,2023,2,F,R64
2041,MS066,Rolex Shanghai Masters,2023,3,F,R128
2053,MS069,Rolex Shanghai Masters,2023,2,F,R128
2052,MS070,Rolex Shanghai Masters,2023,2,F,R128
2048,MS073,Rolex Shanghai Masters,2023,2,F,R128
2033,MS074,Rolex Shanghai Masters,2023,3,F,R128
2051,MS078,Rolex Shanghai Masters,2023,3,F,R128
2040,MS081,Rolex Shanghai Masters,2023,2,F,R128
2047,MS082,Rolex Shanghai Masters,2023,3,F,R128
2032,MS085,Rolex Shanghai Masters,2023,3,F,R128
2045,MS089,Rolex Shanghai Masters,2023,2,F,R128
2035,MS090,Rolex Shanghai Masters,2023,2,F,R128
2050,MS093,Rolex Shanghai Masters,2023,3,F,R128
2046,MS097,Rolex Shanghai Masters,2023,3,F,R128
2039,MS098,Rolex Shanghai Masters,2023,3,F,R128
2042,MS101,Rolex Shanghai Masters,2023,2,F,R128
2064,MS102,Rolex Shanghai Masters,2023,2,F,R128
2034,MS113,Rolex Shanghai Masters,2023,2,F,R128
2049,MS114,Rolex Shanghai Masters,2023,2,F,R128
2036,MS121,Rolex Shanghai Masters,2023,2,F,R128
2043,MS122,Rolex Shanghai Masters,2023,2,F,R128
2038,MS125,Rolex Shanghai Masters,2023,3,F,R128
2037,MS126,Rolex Shanghai Masters,2023,2,F,R128
2070,QS017,Rolex Shanghai Masters,2023,3,F,Q2
2054,QS018,Rolex Shanghai Masters,2023,2,F,Q2
2056,QS019,Rolex Shanghai Masters,2023,2,F,Q2
2059,QS021,Rolex Shanghai Masters,2023,2,F,Q2
2060,QS022,Rolex Shanghai Masters,2023,3,F,Q2
2055,QS024,Rolex Shanghai Masters,2023,3,F,Q2
2057,QS025,Rolex Shanghai Masters,2023,3,F,Q2
2077,QS026,Rolex Shanghai Masters,2023,3,F,Q2
2058,QS032,Rolex Shanghai Masters,2023,2,F,Q1
2066,QS035,Rolex Shanghai Masters,2023,3,F,Q1
2061,QS040,Rolex Shanghai Masters,2023,2,F,Q1
2062,QS042,Rolex Shanghai Masters,2023,3,F,Q1
2067,QS043,Rolex Shanghai Masters,2023,2,F,Q1
2063,QS044,Rolex Shanghai Masters,2023,3,F,Q1
2069,QS049,Rolex Shanghai Masters,2023,2,F,Q1
2068,QS051,Rolex Shanghai Masters,2023,2,F,Q1
2065,QS052,Rolex Shanghai Masters,2023,3,F,Q1
1282,QS004,Rothesay International,2023,2,F,Q2
1284,QS005,Rothesay International,2023,2,F,Q2
1281,QS006,Rothesay International,2023,2,F,Q2
1311,QS009,Rothesay International,2023,2,F,Q1
1283,QS010,Rothesay International,2023,2,F,Q1
1287,QS013,Rothesay International,2023,3,F,Q1
1285,QS014,Rothesay International,2023,2,F,Q1
2299,MS001,Sofia Open,2023,3,F,F
2301,MS002,Sofia Open,2023,2,F,SF
2320,MS003,Sofia Open,2023,2,F,SF
2303,MS005,Sofia Open,2023,3,F,QF
2304,MS006,Sofia Open,2023,2,F,QF
2302,MS007,Sofia Open,2023,3,F,QF
2307,MS008,Sofia Open,2023,2,F,R16
2306,MS010,Sofia Open,2023,2,F,R16
2312,MS011,Sofia Open,2023,3,F,R16
2308,MS012,Sofia Open,2023,3,F,R16
2305,MS013,Sofia Open,2023,2,F,R16
2309,MS014,Sofia Open,2023,3,F,R16
2311,MS021,Sofia Open,2023,3,F,R32
2315,MS022,Sofia Open,2023,2,F,R32
2314,MS023,Sofia Open,2023,3,F,R32
2313,MS024,Sofia Open,2023,2,F,R32
2310,MS028,Sofia Open,2023,3,F,R32
2316,MS029,Sofia Open,2023,3,F,R32
2317,QS006,Sofia Open,2023,3,F,Q2
2318,QS007,Sofia Open,2023,2,F,Q2
2319,QS011,Sofia Open,2023,3,F,Q1
759,MS001,Srpska Open,2023,3,F,F
756,MS002,Srpska Open,2023,3,F,SF
780,MS003,Srpska Open,2023,2,F,SF
758,MS004,Srpska Open,2023,2,F,QF
762,MS005,Srpska Open,2023,2,F,QF
755,MS006,Srpska Open,2023,3,F,QF
761,MS007,Srpska Open,2023,2,F,QF
775,MS008,Srpska Open,2023,3,F,R16
763,MS010,Srpska Open,2023,2,F,R16
765,MS011,Srpska Open,2023,2,F,R16
766,MS012,Srpska Open,2023,3,F,R16
776,MS015,Srpska Open,2023,2,F,R16
796,MS017,Srpska Open,2023,3,F,R32
770,MS021,Srpska Open,2023,2,F,R32
767,MS023,Srpska Open,2023,2,F,R32
764,MS024,Srpska Open,2023,2,F,R32
769,MS025,Srpska Open,2023,3,F,R32
768,MS026,Srpska Open,2023,2,F,R32
798,MS029,Srpska Open,2023,2,F,R32
771,MS030,Srpska Open,2023,2,F,R32
772,QS004,Srpska Open,2023,2,F,Q2
777,QS005,Srpska Open,2023,2,F,Q2
778,QS006,Srpska Open,2023,2,F,Q2
773,QS007,Srpska Open,2023,2,F,Q2
789,QS009,Srpska Open,2023,2,F,Q1
779,QS010,Srpska Open,2023,3,F,Q1
788,QS011,Srpska Open,2023,3,F,Q1
781,QS012,Srpska Open,2023,2,F,Q1
783,QS013,Srpska Open,2023,2,F,Q1
782,QS014,Srpska Open,2023,3,F,Q1
784,QS015,Srpska Open,2023,2,F,Q1
2193,MS001,Swiss Indoors Basel,2023,2,F,F
2192,MS002,Swiss Indoors Basel,2023,2,F,SF
2194,MS003,Swiss Indoors Basel,2023,3,F,SF
2195,MS004,Swiss Indoors Basel,2023,3,F,QF
2199,MS005,Swiss Indoors Basel,2023,3,F,QF
2196,MS006,Swiss Indoors Basel,2023,3,F,QF
2197,MS007,Swiss Indoors Basel,2023,3,F,QF
2198,MS008,Swiss Indoors Basel,2023,2,F,R16
2200,MS010,Swiss Indoors Basel,2023,3,F,R16
2230,MS011,Swiss Indoors Basel,2023,2,F,R16
2202,MS012,Swiss Indoors Basel,2023,2,F,R16
2204,MS013,Swiss Indoors Basel,2023,2,F,R16
2203,MS014,Swiss Indoors Basel,2023,2,F,R16
2201,MS015,Swiss Indoors Basel,2023,3,F,R16
2205,MS016,Swiss Indoors Basel,2023,3,F,R32
2221,MS017,Swiss Indoors Basel,2023,3,F,R32
2211,MS019,Swiss Indoors Basel,2023,3,F,R32
2213,MS021,Swiss Indoors Basel,2023,2,F,R32
2214,MS022,Swiss Indoors Basel,2023,3,F,R32
2208,MS023,Swiss Indoors Basel,2023,2,F,R32
2210,MS025,Swiss Indoors Basel,2023,3,F,R32
2233,MS027,Swiss Indoors Basel,2023,2,F,R32
2209,MS028,Swiss Indoors Basel,2023,3,F,R32
2212,MS029,Swiss Indoors Basel,2023,3,F,R32
2215,MS030,Swiss Indoors Basel,2023,2,F,R32
2207,MS031,Swiss Indoors Basel,2023,2,F,R32
2216,QS004,Swiss Indoors Basel,2023,2,F,Q2
2217,QS006,Swiss Indoors Basel,2023,2,F,Q2
2219,QS007,Swiss Indoors Basel,2023,2,F,Q2
2220,QS009,Swiss Indoors Basel,2023,3,F,Q1
2256,QS010,Swiss Indoors Basel,2023,3,F,Q1
2218,QS012,Swiss Indoors Basel,2023,2,F,Q1
2222,QS013,Swiss Indoors Basel,2023,2,F,Q1
33,MS001,Tata Open Maharashtra,2023,3,F,F
26,MS003,Tata Open Maharashtra,2023,3,F,SF
30,MS008,Tata Open Maharashtra,2023,3,F,R16
39,MS009,Tata Open Maharashtra,2023,2,F,R16
38,MS010,Tata Open Maharashtra,2023,3,F,R16
36,MS015,Tata Open Maharashtra,2023,2,F,R16
42,MS018,Tata Open Maharashtra,2023,2,F,R32
40,MS019,Tata Open Maharashtra,2023,2,F,R32
37,MS025,Tata Open Maharashtra,2023,2,F,R32
35,MS026,Tata Open Maharashtra,2023,2,F,R32
41,MS028,Tata Open Maharashtra,2023,2,F,R32
44,QS004,Tata Open Maharashtra,2023,2,F,Q2
1204,MS001,Terra Wortmann Open,2023,3,F,F
1206,MS002,Terra Wortmann Open,2023,2,F,SF
1208,MS003,Terra Wortmann Open,2023,2,F,SF
1211,MS004,Terra Wortmann Open,2023,2,F,QF
1207,MS005,Terra Wortmann Open,2023,3,F,QF
1209,MS006,Terra Wortmann Open,2023,2,F,QF
1210,MS007,Terra Wortmann Open,2023,2,F,QF
1212,MS008,Terra Wortmann Open,2023,3,F,R16
1218,MS009,Terra Wortmann Open,2023,2,F,R16
1215,MS010,Terra Wortmann Open,2023,2,F,R16
1220,MS011,Terra Wortmann Open,2023,3,F,R16
1216,MS012,Terra Wortmann Open,2023,3,F,R16
1219,MS013,Terra Wortmann Open,2023,3,F,R16
1217,MS014,Terra Wortmann Open,2023,2,F,R16
1214,MS015,Terra Wortmann Open,2023,2,F,R16
1222,MS016,Terra Wortmann Open,2023,2,F,R32
1221,MS020,Terra Wortmann Open,2023,3,F,R32
1224,MS022,Terra Wortmann Open,2023,2,F,R32
1245,MS025,Terra Wortmann Open,2023,2,F,R32
1226,MS029,Terra Wortmann Open,2023,2,F,R32
1225,MS030,Terra Wortmann Open,2023,2,F,R32
1231,QS009,Terra Wortmann Open,2023,2,F,Q1
1227,QS011,Terra Wortmann Open,2023,2,F,Q1
1229,QS012,Terra Wortmann Open,2023,2,F,Q1
1228,QS014,Terra Wortmann Open,2023,2,F,Q1
1714,MS001,US Open,2023,3,F,F
1716,MS002,US Open,2023,4,F,SF
1715,MS003,US Open,2023,3,F,SF
1723,MS004,US Open,2023,3,F,QF
1720,MS005,US Open,2023,3,F,QF
1718,MS006,US Open,2023,4,F,QF
1722,MS007,US Open,2023,3,F,QF
1721,MS008,US Open,2023,3,F,R16
1747,MS009,US Open,2023,5,F,R16
1724,MS010,US Open,2023,4,F,R16
1727,MS011,US Open,2023,4,F,R16
1729,MS012,US Open,2023,3,F,R16
1728,MS013,US Open,2023,4,F,R16
1752,MS014,US Open,2023,3,F,R16
1726,MS015,US Open,2023,3,F,R16
1731,MS016,US Open,2023,4,F,R32
1737,MS017,US Open,2023,3,F,R32
1732,MS018,US Open,2023,4,F,R32
1759,MS019,US Open,2023,4,F,R32
1733,MS020,US Open,2023,3,F,R32
1735,MS021,US Open,2023,3,F,R32
1738,MS022,US Open,2023,4,F,R32
1730,MS023,US Open,2023,4,F,R32
1740,MS024,US Open,2023,4,F,R32
1758,MS025,US Open,2023,4,F,R32
1736,MS026,US Open,2023,4,F,R32
1739,MS028,US Open,2023,5,F,R32
1760,MS029,US Open,2023,3,F,R32
1734,MS031,US Open,2023,5,F,R32
1741,MS032,US Open,2023,3,F,R64
1754,MS033,US Open,2023,4,F,R64
1785,MS034,US Open,2023,5,F,R64
1755,MS035,US Open,2023,3,F,R64
1773,MS036,US Open,2023,4,F,R64
1762,MS038,US Open,2023,4,F,R64
1742,MS039,US Open,2023,3,F,R64
1743,MS040,US Open,2023,4,F,R64
1779,MS042,US Open,2023,4,F,R64
1750,MS043,US Open,2023,3,F,R64
1756,MS045,US Open,2023,3,F,R64
1766,MS046,US Open,2023,2,F,R64
1748,MS047,US Open,2023,4,F,R64
1744,MS048,US Open,2023,5,F,R64
1764,MS049,US Open,2023,3,F,R64
1757,MS050,US Open,2023,4,F,R64
1746,MS051,US Open,2023,3,F,R64
1751,MS052,US Open,2023,5,F,R64
1753,MS053,US Open,2023,3,F,R64
1745,MS056,US Open,2023,5,F,R64
1765,MS058,US Open,2023,4,F,R64
1749,MS059,US Open,2023,3,F,R64
1763,MS060,US Open,2023,3,F,R64
1761,MS062,US Open,2023,3,F,R64
1803,MS066,US Open,2023,1,F,R128
1789,MS067,US Open,2023,3,F,R128
1788,MS068,US Open,2023,5,F,R128
1794,MS069,US Open,2023,2,F,R128
1780,MS071,US Open,2023,3,F,R128
1775,MS072,US Open,2023,3,F,R128
1782,MS075,US Open,2023,5,F,R128
1792,MS076,US Open,2023,5,F,R128
1805,MS077,US Open,2023,3,F,R128
1767,MS079,US Open,2023,3,F,R128
1807,MS084,US Open,2023,4,F,R128
1829,MS086,US Open,2023,5,F,R128
1776,MS087,US Open,2023,4,F,R128
1774,MS088,US Open,2023,3,F,R128
1796,MS090,US Open,2023,3,F,R128
1781,MS091,US Open,2023,5,F,R128
1790,MS092,US Open,2023,3,F,R128
1800,MS094,US Open,2023,4,F,R128
1771,MS095,US Open,2023,3,F,R128
1769,MS096,US Open,2023,4,F,R128
1798,MS098,US Open,2023,4,F,R128
1791,MS099,US Open,2023,5,F,R128
1787,MS100,US Open,2023,4,F,R128
1801,MS102,US Open,2023,4,F,R128
1772,MS103,US Open,2023,3,F,R128
1777,MS104,US Open,2023,4,F,R128
1802,MS105,US Open,2023,3,F,R128
1786,MS107,US Open,2023,3,F,R128
1770,MS111,US Open,2023,4,F,R128
1804,MS113,US Open,2023,4,F,R128
1795,MS114,US Open,2023,4,F,R128
1784,MS116,US Open,2023,5,F,R128
1806,MS118,US Open,2023,4,F,R128
1778,MS120,US Open,2023,4,F,R128
1797,MS121,US Open,2023,3,F,R128
1783,MS123,US Open,2023,4,F,R128
1793,MS124,US Open,2023,3,F,R128
1799,MS125,US Open,2023,3,F,R128
1768,MS127,US Open,2023,3,F,R128
1816,QS017,US Open,2023,3,F,Q3
1808,QS019,US Open,2023,2,F,Q3
1819,QS020,US Open,2023,2,F,Q3
1809,QS021,US Open,2023,3,F,Q3
1815,QS022,US Open,2023,3,F,Q3
1810,QS023,US Open,2023,2,F,Q3
1818,QS024,US Open,2023,2,F,Q3
1814,QS025,US Open,2023,3,F,Q3
1812,QS026,US Open,2023,3,F,Q3
1811,QS027,US Open,2023,2,F,Q3
1813,QS030,US Open,2023,2,F,Q3
1817,QS031,US Open,2023,3,F,Q3
1830,QS035,US Open,2023,2,F,Q2
1820,QS042,US Open,2023,3,F,Q2
1832,QS044,US Open,2023,2,F,Q2
1828,QS045,US Open,2023,3,F,Q2
1821,QS048,US Open,2023,2,F,Q2
1831,QS049,US Open,2023,3,F,Q2
1822,QS050,US Open,2023,3,F,Q2
1833,QS051,US Open,2023,2,F,Q2
1824,QS053,US Open,2023,2,F,Q2
1823,QS054,US Open,2023,3,F,Q2
1827,QS055,US Open,2023,2,F,Q2
1834,QS060,US Open,2023,2,F,Q2
1826,QS061,US Open,2023,3,F,Q2
1825,QS063,US Open,2023,2,F,Q2
1857,QS065,US Open,2023,2,F,Q1
1835,QS068,US Open,2023,2,F,Q1
1859,QS070,US Open,2023,3,F,Q1
1851,QS071,US Open,2023,3,F,Q1
1852,QS075,US Open,2023,2,F,Q1
1836,QS076,US Open,2023,2,F,Q1
1864,QS082,US Open,2023,3,F,Q1
1858,QS085,US Open,2023,3,F,Q1
1856,QS086,US Open,2023,2,F,Q1
1837,QS088,US Open,2023,2,F,Q1
1861,QS089,US Open,2023,2,F,Q1
1868,QS090,US Open,2023,2,F,Q1
1839,QS092,US Open,2023,3,F,Q1
1848,QS095,US Open,2023,2,F,Q1
1838,QS096,US Open,2023,3,F,Q1
1853,QS099,US Open,2023,3,F,Q1
1840,QS100,US Open,2023,3,F,Q1
1855,QS101,US Open,2023,2,F,Q1
1860,QS102,US Open,2023,2,F,Q1
1847,QS103,US Open,2023,2,F,Q1
1862,QS105,US Open,2023,3,F,Q1
1845,QS107,US Open,2023,2,F,Q1
1841,QS108,US Open,2023,2,F,Q1
1854,QS110,US Open,2023,2,F,Q1
1849,QS111,US Open,2023,2,F,Q1
1843,QS116,US Open,2023,3,F,Q1
1844,QS120,US Open,2023,2,F,Q1
1884,QS122,US Open,2023,2,F,Q1
1846,QS123,US Open,2023,3,F,Q1
1842,QS124,US Open,2023,2,F,Q1
1863,QS126,US Open,2023,3,F,Q1
1850,QS127,US Open,2023,3,F,Q1
1657,MS001,Western & Southern Open,2023,3,F,F
1656,MS002,Western & Southern Open,2023,3,F,SF
1658,MS003,Western & Southern Open,2023,2,F,SF
1659,MS005,Western & Southern Open,2023,2,F,QF
1660,MS006,Western & Southern Open,2023,2,F,QF
1666,MS007,Western & Southern Open,2023,2,F,QF
1662,MS008,Western & Southern Open,2023,3,F,R16
1664,MS010,Western & Southern Open,2023,2,F,R16
1667,MS012,Western & Southern Open,2023,2,F,R16
1663,MS013,Western & Southern Open,2023,3,F,R16
1665,MS014,Western & Southern Open,2023,1,F,R16
1661,MS015,Western & Southern Open,2023,2,F,R16
1686,MS016,Western & Southern Open,2023,3,F,R32
1676,MS017,Western & Southern Open,2023,2,F,R32
1675,MS018,Western & Southern Open,2023,2,F,R32
1690,MS020,Western & Southern Open,2023,2,F,R32
1672,MS024,Western & Southern Open,2023,2,F,R32
1674,MS025,Western & Southern Open,2023,2,F,R32
1694,MS026,Western & Southern Open,2023,2,F,R32
1670,MS027,Western & Southern Open,2023,2,F,R32
1673,MS028,Western & Southern Open,2023,2,F,R32
1691,MS029,Western & Southern Open,2023,2,F,R32
1677,MS030,Western & Southern Open,2023,2,F,R32
1671,MS031,Western & Southern Open,2023,1,F,R32
1703,MS034,Western & Southern Open,2023,3,F,R64
1682,MS035,Western & Southern Open,2023,2,F,R64
1678,MS036,Western & Southern Open,2023,3,F,R64
1693,MS037,Western & Southern Open,2023,3,F,R64
1708,MS044,Western & Southern Open,2023,3,F,R64
1685,MS045,Western & Southern Open,2023,3,F,R64
1689,MS049,Western & Southern Open,2023,2,F,R64
1679,MS051,Western & Southern Open,2023,3,F,R64
1683,MS052,Western & Southern Open,2023,2,F,R64
1688,MS054,Western & Southern Open,2023,2,F,R64
1687,MS057,Western & Southern Open,2023,2,F,R64
1692,MS058,Western & Southern Open,2023,3,F,R64
1680,MS059,Western & Southern Open,2023,2,F,R64
1681,MS060,Western & Southern Open,2023,3,F,R64
1684,MS062,Western & Southern Open,2023,2,F,R64
1695,QS009,Western & Southern Open,2023,2,F,Q2
1696,QS010,Western & Southern Open,2023,2,F,Q2
1697,QS011,Western & Southern Open,2023,2,F,Q2
1698,QS014,Western & Southern Open,2023,2,F,Q2
1704,QS017,Western & Southern Open,2023,3,F,Q1
1699,QS018,Western & Southern Open,2023,2,F,Q1
1719,QS020,Western & Southern Open,2023,3,F,Q1
1702,QS021,Western & Southern Open,2023,3,F,Q1
1700,QS022,Western & Southern Open,2023,3,F,Q1
1701,QS026,Western & Southern Open,2023,2,F,Q1
1707,QS028,Western & Southern Open,2023,2,F,Q1
1725,QS029,Western & Southern Open,2023,2,F,Q1
1288,MS001,Wimbledon,2023,5,F,F
1290,MS002,Wimbledon,2023,3,F,SF
1289,MS003,Wimbledon,2023,3,F,SF
1291,MS004,Wimbledon,2023,3,F,QF
1294,MS006,Wimbledon,2023,4,F,QF
1292,MS007,Wimbledon,2023,4,F,QF
1315,MS008,Wimbledon,2023,4,F,R16
1296,MS009,Wimbledon,2023,4,F,R16
1313,MS010,Wimbledon,2023,2,F,R16
1298,MS012,Wimbledon,2023,3,F,R16
1299,MS013,Wimbledon,2023,4,F,R16
1295,MS014,Wimbledon,2023,5,F,R16
1293,MS015,Wimbledon,2023,4,F,R16
1297,MS016,Wimbledon,2023,4,F,R32
1306,MS017,Wimbledon,2023,3,F,R32
1307,MS018,Wimbledon,2023,3,F,R32
1303,MS019,Wimbledon,2023,5,F,R32
1302,MS020,Wimbledon,2023,4,F,R32
1309,MS021,Wimbledon,2023,5,F,R32
1301,MS023,Wimbledon,2023,3,F,R32
1308,MS024,Wimbledon,2023,4,F,R32
1310,MS027,Wimbledon,2023,4,F,R32
1305,MS028,Wimbledon,2023,4,F,R32
1304,MS030,Wimbledon,2023,3,F,R32
1300,MS031,Wimbledon,2023,3,F,R32
1312,MS032,Wimbledon,2023,3,F,R64
1324,MS033,Wimbledon,2023,4,F,R64
1323,MS034,Wimbledon,2023,4,F,R64
1320,MS035,Wimbledon,2023,3,F,R64
1318,MS036,Wimbledon,2023,3,F,R64
1327,MS038,Wimbledon,2023,4,F,R64
1316,MS039,Wimbledon,2023,3,F,R64
1314,MS040,Wimbledon,2023,3,F,R64
1329,MS041,Wimbledon,2023,4,F,R64
1322,MS042,Wimbledon,2023,3,F,R64
1326,MS046,Wimbledon,2023,4,F,R64
1330,MS049,Wimbledon,2023,3,F,R64
1354,MS053,Wimbledon,2023,3,F,R64
1317,MS055,Wimbledon,2023,5,F,R64
1328,MS057,Wimbledon,2023,4,F,R64
1319,MS060,Wimbledon,2023,3,F,R64
1321,MS061,Wimbledon,2023,3,F,R64
1325,MS062,Wimbledon,2023,4,F,R64
1334,MS063,Wimbledon,2023,3,F,R64
1362,MS065,Wimbledon,2023,4,F,R128
1358,MS066,Wimbledon,2023,5,F,R128
1366,MS067,Wimbledon,2023,4,F,R128
1371,MS069,Wimbledon,2023,5,F,R128
1351,MS070,Wimbledon,2023,4,F,R128
1365,MS071,Wimbledon,2023,4,F,R128
1335,MS072,Wimbledon,2023,3,F,R128
1370,MS073,Wimbledon,2023,5,F,R128
1343,MS075,Wimbledon,2023,3,F,R128
1349,MS076,Wimbledon,2023,3,F,R128
1367,MS077,Wimbledon,2023,5,F,R128
1352,MS078,Wimbledon,2023,4,F,R128
1333,MS079,Wimbledon,2023,3,F,R128
1331,MS080,Wimbledon,2023,3,F,R128
1360,MS081,Wimbledon,2023,3,F,R128
1355,MS082,Wimbledon,2023,3,F,R128
1347,MS083,Wimbledon,2023,3,F,R128
1341,MS084,Wimbledon,2023,4,F,R128
1357,MS085,Wimbledon,2023,3,F,R128
1340,MS087,Wimbledon,2023,3,F,R128
1338,MS088,Wimbledon,2023,4,F,R128
1363,MS090,Wimbledon,2023,4,F,R128
1348,MS092,Wimbledon,2023,5,F,R128
1359,MS096,Wimbledon,2023,3,F,R128
1369,MS098,Wimbledon,2023,4,F,R128
1345,MS099,Wimbledon,2023,4,F,R128
1344,MS100,Wimbledon,2023,3,F,R128
1336,MS103,Wimbledon,2023,5,F,R128
1361,MS105,Wimbledon,2023,3,F,R128
1342,MS107,Wimbledon,2023,5,F,R128
1346,MS108,Wimbledon,2023,4,F,R128
1332,MS111,Wimbledon,2023,4,F,R128
1350,MS114,Wimbledon,2023,4,F,R128
1356,MS115,Wimbledon,2023,4,F,R128
1364,MS116,Wimbledon,2023,4,F,R128
1339,MS119,Wimbledon,2023,4,F,R128
1337,MS120,Wimbledon,2023,3,F,R128
1353,MS122,Wimbledon,2023,4,F,R128
1368,MS126,Wimbledon,2023,5,F,R128
1373,QS016,Wimbledon,2023,3,F,Q3
1372,QS019,Wimbledon,2023,5,F,Q3
1388,QS022,Wimbledon,2023,3,F,Q3
1377,QS024,Wimbledon,2023,5,F,Q3
1374,QS025,Wimbledon,2023,4,F,Q3
1375,QS028,Wimbledon,2023,5,F,Q3
1378,QS030,Wimbledon,2023,3,F,Q3
1376,QS031,Wimbledon,2023,3,F,Q3
1395,QS035,Wimbledon,2023,3,F,Q2
1379,QS036,Wimbledon,2023,2,F,Q2
1381,QS038,Wimbledon,2023,2,F,Q2
1391,QS039,Wimbledon,2023,2,F,Q2
1396,QS040,Wimbledon,2023,3,F,Q2
1380,QS042,Wimbledon,2023,3,F,Q2
1382,QS044,Wimbledon,2023,2,F,Q2
1389,QS045,Wimbledon,2023,2,F,Q2
1383,QS048,Wimbledon,2023,2,F,Q2
1403,QS049,Wimbledon,2023,2,F,Q2
1384,QS050,Wimbledon,2023,2,F,Q2
1390,QS051,Wimbledon,2023,2,F,Q2
1387,QS053,Wimbledon,2023,2,F,Q2
1394,QS054,Wimbledon,2023,3,F,Q2
1392,QS057,Wimbledon,2023,2,F,Q2
1400,QS058,Wimbledon,2023,2,F,Q2
1386,QS061,Wimbledon,2023,3,F,Q2
1385,QS062,Wimbledon,2023,2,F,Q2
1412,QS063,Wimbledon,2023,3,F,Q2
1393,QS064,Wimbledon,2023,3,F,Q1
1417,QS066,Wimbledon,2023,2,F,Q1
1425,QS070,Wimbledon,2023,3,F,Q1
1407,QS075,Wimbledon,2023,2,F,Q1
1397,QS076,Wimbledon,2023,2,F,Q1
1413,QS078,Wimbledon,2023,2,F,Q1
1410,QS079,Wimbledon,2023,3,F,Q1
1421,QS081,Wimbledon,2023,3,F,Q1
1398,QS084,Wimbledon,2023,2,F,Q1
1424,QS085,Wimbledon,2023,3,F,Q1
1408,QS087,Wimbledon,2023,2,F,Q1
1422,QS089,Wimbledon,2023,2,F,Q1
1419,QS090,Wimbledon,2023,2,F,Q1
1399,QS096,Wimbledon,2023,2,F,Q1
1420,QS098,Wimbledon,2023,3,F,Q1
1406,QS099,Wimbledon,2023,2,F,Q1
1416,QS101,Wimbledon,2023,2,F,Q1
1414,QS102,Wimbledon,2023,3,F,Q1
1411,QS103,Wimbledon,2023,2,F,Q1
1423,QS106,Wimbledon,2023,2,F,Q1
1402,QS108,Wimbledon,2023,3,F,Q1
1427,QS110,Wimbledon,2023,3,F,Q1
1404,QS116,Wimbledon,2023,2,F,Q1
1415,QS117,Wimbledon,2023,2,F,Q1
1401,QS120,Wimbledon,2023,2,F,Q1
1409,QS123,Wimbledon,2023,2,F,Q1
1418,QS126,Wimbledon,2023,2,F,Q1
1405,QS127,Wimbledon,2023,2,F,Q1
1710,MS037,Winston-Salem Open,2023,3,F,R64
1712,MS042,Winston-Salem Open,2023,3,F,R64
1711,MS046,Winston-Salem Open,2023,2,F,R64
1709,MS050,Winston-Salem Open,2023,3,F,R64
1706,MS054,Winston-Salem Open,2023,2,F,R64
1713,QS006,Winston-Salem Open,2023,2,F,Q2
1717,QS013,Winston-Salem Open,2023,3,F,Q1
2705,MS001,ABN AMRO Open,2024,2,F,F
2703,MS002,ABN AMRO Open,2024,2,F,SF
2704,MS003,ABN AMRO Open,2024,2,F,SF
2709,MS006,ABN AMRO Open,2024,3,F,QF
2707,MS007,ABN AMRO Open,2024,3,F,QF
2714,MS008,ABN AMRO Open,2024,3,F,R16
2713,MS010,ABN AMRO Open,2024,3,F,R16
2716,MS012,ABN AMRO Open,2024,2,F,R16
2737,MS013,ABN AMRO Open,2024,3,F,R16
2712,MS014,ABN AMRO Open,2024,2,F,R16
2711,MS015,ABN AMRO Open,2024,3,F,R16
2715,MS016,ABN AMRO Open,2024,2,F,R32
2726,MS017,ABN AMRO Open,2024,2,F,R32
2720,MS020,ABN AMRO Open,2024,3,F,R32
2724,MS021,ABN AMRO Open,2024,3,F,R32
2729,MS022,ABN AMRO Open,2024,3,F,R32
2721,MS024,ABN AMRO Open,2024,2,F,R32
2722,MS025,ABN AMRO Open,2024,2,F,R32
2725,MS026,ABN AMRO Open,2024,3,F,R32
2718,MS027,ABN AMRO Open,2024,3,F,R32
2719,MS028,ABN AMRO Open,2024,2,F,R32
2723,MS029,ABN AMRO Open,2024,3,F,R32
2717,MS031,ABN AMRO Open,2024,2,F,R32
2727,QS006,ABN AMRO Open,2024,2,F,Q2
2728,QS007,ABN AMRO Open,2024,2,F,Q2
2732,QS010,ABN AMRO Open,2024,2,F,Q1
2730,QS014,ABN AMRO Open,2024,2,F,Q1
2731,QS015,ABN AMRO Open,2024,2,F,Q1
2437,MS001,ASB Classic,2024,2,F,F
2435,MS002,ASB Classic,2024,2,F,SF
2434,MS003,ASB Classic,2024,2,F,SF
2440,MS004,ASB Classic,2024,2,F,QF
2443,MS005,ASB Classic,2024,3,F,QF
2441,MS006,ASB Classic,2024,2,F,QF
2442,MS008,ASB Classic,2024,2,F,R16
2446,MS009,ASB Classic,2024,2,F,R16
2444,MS010,ASB Classic,2024,2,F,R16
2447,MS012,ASB Classic,2024,2,F,R16
2445,MS013,ASB Classic,2024,2,F,R16
2450,MS014,ASB Classic,2024,2,F,R16
2439,MS015,ASB Classic,2024,3,F,R16
2455,MS017,ASB Classic,2024,3,F,R32
2485,MS018,ASB Classic,2024,2,F,R32
2448,MS019,ASB Classic,2024,2,F,R32
2453,MS021,ASB Classic,2024,2,F,R32
2449,MS022,ASB Classic,2024,2,F,R32
2454,MS025,ASB Classic,2024,3,F,R32
2451,MS026,ASB Classic,2024,2,F,R32
2456,MS029,ASB Classic,2024,3,F,R32
2452,QS005,ASB Classic,2024,2,F,Q2
2457,QS007,ASB Classic,2024,3,F,Q2
2458,QS010,ASB Classic,2024,2,F,Q1
2898,MS001,Abierto Mexicano Telcel presentado por HSBC,2024,2,F,F
2901,MS002,Abierto Mexicano Telcel presentado por HSBC,2024,3,F,SF
2900,MS003,Abierto Mexicano Telcel presentado por HSBC,2024,3,F,SF
2930,MS004,Abierto Mexicano Telcel presentado por HSBC,2024,2,F,QF
2904,MS005,Abierto Mexicano Telcel presentado por HSBC,2024,3,F,QF
2902,MS006,Abierto Mexicano Telcel presentado por HSBC,2024,3,F,QF
2938,MS008,Abierto Mexicano Telcel presentado por HSBC,2024,2,F,R16
2908,MS009,Abierto Mexicano Telcel presentado por HSBC,2024,2,F,R16
2903,MS010,Abierto Mexicano Telcel presentado por HSBC,2024,2,F,R16
2905,MS011,Abierto Mexicano Telcel presentado por HSBC,2024,2,F,R16
2907,MS012,Abierto Mexicano Telcel presentado por HSBC,2024,2,F,R16
2910,MS013,Abierto Mexicano Telcel presentado por HSBC,2024,3,F,R16
2906,MS015,Abierto Mexicano Telcel presentado por HSBC,2024,2,F,R16
2911,MS016,Abierto Mexicano Telcel presentado por HSBC,2024,3,F,R32
2919,MS018,Abierto Mexicano Telcel presentado por HSBC,2024,3,F,R32
2913,MS019,Abierto Mexicano Telcel presentado por HSBC,2024,2,F,R32
2916,MS020,Abierto Mexicano Telcel presentado por HSBC,2024,2,F,R32
2915,MS022,Abierto Mexicano Telcel presentado por HSBC,2024,3,F,R32
2914,MS023,Abierto Mexicano Telcel presentado por HSBC,2024,2,F,R32
2918,MS025,Abierto Mexicano Telcel presentado por HSBC,2024,2,F,R32
2921,MS026,Abierto Mexicano Telcel presentado por HSBC,2024,3,F,R32
2912,MS027,Abierto Mexicano Telcel presentado por HSBC,2024,3,F,R32
2917,MS030,Abierto Mexicano Telcel presentado por HSBC,2024,3,F,R32
2920,MS031,Abierto Mexicano Telcel presentado por HSBC,2024,2,F,R32
2924,QS005,Abierto Mexicano Telcel presentado por HSBC,2024,3,F,Q2
2922,QS006,Abierto Mexicano Telcel presentado por HSBC,2024,3,F,Q2
2923,QS007,Abierto Mexicano Telcel presentado por HSBC,2024,3,F,Q2
2928,QS008,Abierto Mexicano Telcel presentado por HSBC,2024,3,F,Q1
2926,QS010,Abierto Mexicano Telcel presentado por HSBC,2024,2,F,Q1
2925,QS011,Abierto Mexicano Telcel presentado por HSBC,2024,2,F,Q1
2927,QS012,Abierto Mexicano Telcel presentado por HSBC,2024,3,F,Q1
2929,QS013,Abierto Mexicano Telcel presentado por HSBC,2024,3,F,Q1
2408,MS001,Adelaide International,2024,3,F,F
2407,MS002,Adelaide International,2024,2,F,SF
2401,MS003,Adelaide International,2024,2,F,SF
2404,MS004,Adelaide International,2024,2,F,QF
2409,MS005,Adelaide International,2024,3,F,QF
2413,MS006,Adelaide International,2024,2,F,QF
2410,MS007,Adelaide International,2024,2,F,QF
2405,MS008,Adelaide International,2024,2,F,R16
2416,MS009,Adelaide International,2024,3,F,R16
2411,MS010,Adelaide International,2024,2,F,R16
2417,MS011,Adelaide International,2024,3,F,R16
2419,MS012,Adelaide International,2024,2,F,R16
2414,MS013,Adelaide International,2024,2,F,R16
2415,MS014,Adelaide International,2024,3,F,R16
2406,MS015,Adelaide International,2024,3,F,R16
2427,MS017,Adelaide International,2024,2,F,R32
2422,MS018,Adelaide International,2024,2,F,R32
2421,MS019,Adelaide International,2024,2,F,R32
2428,MS021,Adelaide International,2024,2,F,R32
2420,MS022,Adelaide International,2024,2,F,R32
2424,MS023,Adelaide International,2024,2,F,R32
2423,MS024,Adelaide International,2024,3,F,R32
2426,MS025,Adelaide International,2024,2,F,R32
2430,MS026,Adelaide International,2024,3,F,R32
2425,MS028,Adelaide International,2024,2,F,R32
2431,QS004,Adelaide International,2024,2,F,Q2
2432,QS006,Adelaide International,2024,2,F,Q2
2429,QS007,Adelaide International,2024,3,F,Q2
2433,QS012,Adelaide International,2024,2,F,Q1
2438,QS013,Adelaide International,2024,3,F,Q1
2436,QS015,Adelaide International,2024,3,F,Q1
4979,MS001,Almaty Open,2024,3,F,F
4977,MS002,Almaty Open,2024,3,F,SF
4978,MS003,Almaty Open,2024,2,F,SF
4983,MS004,Almaty Open,2024,2,F,QF
4980,MS005,Almaty Open,2024,2,F,QF
5003,MS006,Almaty Open,2024,2,F,QF
4981,MS007,Almaty Open,2024,3,F,QF
4987,MS008,Almaty Open,2024,3,F,R16
4986,MS009,Almaty Open,2024,2,F,R16
4984,MS010,Almaty Open,2024,2,F,R16
4985,MS011,Almaty Open,2024,1,F,R16
4988,MS013,Almaty Open,2024,2,F,R16
4994,MS017,Almaty Open,2024,2,F,R32
4997,MS018,Almaty Open,2024,2,F,R32
4990,MS019,Almaty Open,2024,3,F,R32
4995,MS022,Almaty Open,2024,2,F,R32
4989,MS023,Almaty Open,2024,2,F,R32
4993,MS025,Almaty Open,2024,2,F,R32
4991,MS026,Almaty Open,2024,2,F,R32
4992,MS029,Almaty Open,2024,2,F,R32
4996,QS004,Almaty Open,2024,3,F,Q2
4999,QS006,Almaty Open,2024,2,F,Q2
5000,QS013,Almaty Open,2024,2,F,Q1
4998,QS015,Almaty Open,2024,2,F,Q1
4287,MS001,Atlanta Open,2024,3,F,F
4272,MS002,Atlanta Open,2024,3,F,SF
4273,MS003,Atlanta Open,2024,3,F,SF
4274,MS005,Atlanta Open,2024,3,F,QF
4291,MS006,Atlanta Open,2024,2,F,QF
4275,MS007,Atlanta Open,2024,3,F,QF
4277,MS008,Atlanta Open,2024,2,F,R16
4288,MS010,Atlanta Open,2024,2,F,R16
4276,MS011,Atlanta Open,2024,2,F,R16
4278,MS012,Atlanta Open,2024,2,F,R16
4290,MS014,Atlanta Open,2024,2,F,R16
4285,MS015,Atlanta Open,2024,3,F,R16
4284,MS017,Atlanta Open,2024,2,F,R32
4282,MS018,Atlanta Open,2024,3,F,R32
4293,MS022,Atlanta Open,2024,2,F,R32
4279,MS023,Atlanta Open,2024,2,F,R32
4281,MS024,Atlanta Open,2024,2,F,R32
4283,MS025,Atlanta Open,2024,2,F,R32
4280,MS028,Atlanta Open,2024,2,F,R32
4295,MS030,Atlanta Open,2024,3,F,R32
4286,QS005,Atlanta Open,2024,3,F,Q2
4294,QS007,Atlanta Open,2024,3,F,Q2
4299,QS008,Atlanta Open,2024,3,F,Q1
4289,QS010,Atlanta Open,2024,2,F,Q1
4300,QS011,Atlanta Open,2024,2,F,Q1
4298,QS012,Atlanta Open,2024,2,F,Q1
4296,QS015,Atlanta Open,2024,3,F,Q1
2460,MS001,Australian Open,2024,5,F,F
2464,MS002,Australian Open,2024,4,F,SF
2459,MS003,Australian Open,2024,5,F,SF
2462,MS004,Australian Open,2024,4,F,QF
2468,MS005,Australian Open,2024,3,F,QF
2461,MS006,Australian Open,2024,5,F,QF
2466,MS007,Australian Open,2024,4,F,QF
2463,MS008,Australian Open,2024,3,F,R16
2471,MS009,Australian Open,2024,4,F,R16
2494,MS010,Australian Open,2024,3,F,R16
2469,MS011,Australian Open,2024,5,F,R16
2472,MS012,Australian Open,2024,3,F,R16
2467,MS013,Australian Open,2024,4,F,R16
2470,MS014,Australian Open,2024,5,F,R16
2465,MS015,Australian Open,2024,3,F,R16
2473,MS016,Australian Open,2024,3,F,R32
2489,MS017,Australian Open,2024,5,F,R32
2484,MS018,Australian Open,2024,4,F,R32
2482,MS019,Australian Open,2024,3,F,R32
2476,MS020,Australian Open,2024,3,F,R32
2480,MS021,Australian Open,2024,4,F,R32
2479,MS022,Australian Open,2024,3,F,R32
2478,MS023,Australian Open,2024,3,F,R32
2488,MS024,Australian Open,2024,3,F,R32
2481,MS025,Australian Open,2024,4,F,R32
2487,MS026,Australian Open,2024,4,F,R32
2474,MS027,Australian Open,2024,3,F,R32
2477,MS028,Australian Open,2024,3,F,R32
2483,MS029,Australian Open,2024,4,F,R32
2486,MS030,Australian Open,2024,5,F,R32
2475,MS031,Australian Open,2024,3,F,R32
2490,MS032,Australian Open,2024,4,F,R64
2509,MS033,Australian Open,2024,3,F,R64
2505,MS034,Australian Open,2024,5,F,R64
2500,MS035,Australian Open,2024,4,F,R64
2497,MS036,Australian Open,2024,3,F,R64
2507,MS037,Australian Open,2024,3,F,R64
2513,MS038,Australian Open,2024,5,F,R64
2495,MS039,Australian Open,2024,4,F,R64
2492,MS040,Australian Open,2024,3,F,R64
2534,MS041,Australian Open,2024,4,F,R64
2504,MS042,Australian Open,2024,3,F,R64
2502,MS043,Australian Open,2024,4,F,R64
2499,MS044,Australian Open,2024,3,F,R64
2511,MS045,Australian Open,2024,4,F,R64
2514,MS046,Australian Open,2024,3,F,R64
2496,MS048,Australian Open,2024,4,F,R64
2515,MS049,Australian Open,2024,4,F,R64
2506,MS050,Australian Open,2024,4,F,R64
2498,MS051,Australian Open,2024,5,F,R64
2508,MS053,Australian Open,2024,3,F,R64
2512,MS054,Australian Open,2024,4,F,R64
2493,MS056,Australian Open,2024,5,F,R64
2536,MS057,Australian Open,2024,4,F,R64
2503,MS058,Australian Open,2024,5,F,R64
2501,MS060,Australian Open,2024,4,F,R64
2535,MS061,Australian Open,2024,5,F,R64
2510,MS062,Australian Open,2024,4,F,R64
2491,MS063,Australian Open,2024,4,F,R64
2518,MS064,Australian Open,2024,4,F,R128
2558,MS065,Australian Open,2024,3,F,R128
2543,MS066,Australian Open,2024,3,F,R128
2527,MS068,Australian Open,2024,5,F,R128
2555,MS069,Australian Open,2024,3,F,R128
2556,MS070,Australian Open,2024,5,F,R128
2525,MS071,Australian Open,2024,3,F,R128
2524,MS072,Australian Open,2024,5,F,R128
2551,MS073,Australian Open,2024,4,F,R128
2554,MS074,Australian Open,2024,4,F,R128
2529,MS075,Australian Open,2024,5,F,R128
2531,MS076,Australian Open,2024,4,F,R128
2561,MS077,Australian Open,2024,5,F,R128
2583,MS078,Australian Open,2024,5,F,R128
2520,MS079,Australian Open,2024,4,F,R128
2517,MS080,Australian Open,2024,3,F,R128
2548,MS082,Australian Open,2024,5,F,R128
2541,MS085,Australian Open,2024,3,F,R128
2549,MS086,Australian Open,2024,5,F,R128
2522,MS087,Australian Open,2024,4,F,R128
2538,MS089,Australian Open,2024,3,F,R128
2550,MS090,Australian Open,2024,5,F,R128
2526,MS091,Australian Open,2024,5,F,R128
2533,MS092,Australian Open,2024,5,F,R128
2553,MS093,Australian Open,2024,4,F,R128
2519,MS095,Australian Open,2024,5,F,R128
2521,MS096,Australian Open,2024,4,F,R128
2546,MS097,Australian Open,2024,5,F,R128
2532,MS099,Australian Open,2024,5,F,R128
2542,MS100,Australian Open,2024,4,F,R128
2557,MS102,Australian Open,2024,3,F,R128
2523,MS104,Australian Open,2024,4,F,R128
2539,MS109,Australian Open,2024,5,F,R128
2516,MS111,Australian Open,2024,4,F,R128
2540,MS113,Australian Open,2024,4,F,R128
2544,MS114,Australian Open,2024,4,F,R128
2528,MS116,Australian Open,2024,3,F,R128
2565,MS117,Australian Open,2024,4,F,R128
2545,MS121,Australian Open,2024,5,F,R128
2552,MS122,Australian Open,2024,4,F,R128
2530,MS123,Australian Open,2024,5,F,R128
2537,MS124,Australian Open,2024,3,F,R128
2547,MS125,Australian Open,2024,5,F,R128
2564,MS126,Australian Open,2024,4,F,R128
2563,QS017,Australian Open,2024,2,F,Q3
2569,QS018,Australian Open,2024,3,F,Q3
2566,QS019,Australian Open,2024,2,F,Q3
2589,QS020,Australian Open,2024,3,F,Q3
2560,QS021,Australian Open,2024,2,F,Q3
2559,QS022,Australian Open,2024,3,F,Q3
2562,QS023,Australian Open,2024,3,F,Q3
2571,QS024,Australian Open,2024,2,F,Q3
2570,QS026,Australian Open,2024,2,F,Q3
2587,QS028,Australian Open,2024,3,F,Q3
2567,QS029,Australian Open,2024,2,F,Q3
2568,QS030,Australian Open,2024,2,F,Q3
2591,QS033,Australian Open,2024,2,F,Q2
2572,QS034,Australian Open,2024,2,F,Q2
2577,QS035,Australian Open,2024,3,F,Q2
2588,QS036,Australian Open,2024,3,F,Q2
2574,QS038,Australian Open,2024,2,F,Q2
2584,QS039,Australian Open,2024,2,F,Q2
2586,QS042,Australian Open,2024,3,F,Q2
2580,QS043,Australian Open,2024,2,F,Q2
2573,QS044,Australian Open,2024,2,F,Q2
2581,QS045,Australian Open,2024,2,F,Q2
2576,QS046,Australian Open,2024,3,F,Q2
2582,QS047,Australian Open,2024,3,F,Q2
10358,QS048,Australian Open,2024,2,F,Q2
2594,QS050,Australian Open,2024,3,F,Q2
2592,QS053,Australian Open,2024,3,F,Q2
2578,QS055,Australian Open,2024,2,F,Q2
2575,QS056,Australian Open,2024,2,F,Q2
2579,QS059,Australian Open,2024,2,F,Q2
2585,QS060,Australian Open,2024,3,F,Q2
2590,QS061,Australian Open,2024,2,F,Q2
2626,QS065,Australian Open,2024,3,F,Q1
2612,QS066,Australian Open,2024,2,F,Q1
2599,QS067,Australian Open,2024,3,F,Q1
2620,QS069,Australian Open,2024,2,F,Q1
2603,QS071,Australian Open,2024,3,F,Q1
2593,QS072,Australian Open,2024,2,F,Q1
2621,QS073,Australian Open,2024,3,F,Q1
2618,QS074,Australian Open,2024,2,F,Q1
2615,QS076,Australian Open,2024,2,F,Q1
2633,QS077,Australian Open,2024,2,F,Q1
2608,QS079,Australian Open,2024,2,F,Q1
2614,QS081,Australian Open,2024,2,F,Q1
2617,QS084,Australian Open,2024,2,F,Q1
2629,QS086,Australian Open,2024,2,F,Q1
2605,QS087,Australian Open,2024,2,F,Q1
2595,QS088,Australian Open,2024,3,F,Q1
2631,QS089,Australian Open,2024,2,F,Q1
2630,QS090,Australian Open,2024,3,F,Q1
2596,QS092,Australian Open,2024,2,F,Q1
2619,QS093,Australian Open,2024,3,F,Q1
2622,QS094,Australian Open,2024,3,F,Q1
2610,QS095,Australian Open,2024,2,F,Q1
2624,QS097,Australian Open,2024,2,F,Q1
2607,QS099,Australian Open,2024,2,F,Q1
2597,QS100,Australian Open,2024,2,F,Q1
2627,QS101,Australian Open,2024,2,F,Q1
2611,QS103,Australian Open,2024,3,F,Q1
2623,QS105,Australian Open,2024,3,F,Q1
2625,QS106,Australian Open,2024,2,F,Q1
2606,QS107,Australian Open,2024,2,F,Q1
2616,QS110,Australian Open,2024,3,F,Q1
2613,QS112,Australian Open,2024,2,F,Q1
2628,QS113,Australian Open,2024,2,F,Q1
2602,QS115,Australian Open,2024,2,F,Q1
2632,QS118,Australian Open,2024,2,F,Q1
2609,QS119,Australian Open,2024,2,F,Q1
2598,QS120,Australian Open,2024,3,F,Q1
2604,QS123,Australian Open,2024,2,F,Q1
2600,QS124,Australian Open,2024,3,F,Q1
2601,QS127,Australian Open,2024,2,F,Q1
3365,MS001,BMW Open,2024,2,F,F
3368,MS002,BMW Open,2024,2,F,SF
3366,MS003,BMW Open,2024,2,F,SF
3417,MS004,BMW Open,2024,2,F,QF
3369,MS005,BMW Open,2024,3,F,QF
3367,MS006,BMW Open,2024,2,F,QF
3370,MS007,BMW Open,2024,2,F,QF
3371,MS008,BMW Open,2024,2,F,R16
3376,MS009,BMW Open,2024,3,F,R16
3373,MS010,BMW Open,2024,2,F,R16
3377,MS011,BMW Open,2024,3,F,R16
3375,MS012,BMW Open,2024,2,F,R16
3374,MS013,BMW Open,2024,2,F,R16
3379,MS014,BMW Open,2024,2,F,R16
3372,MS015,BMW Open,2024,2,F,R16
3387,MS017,BMW Open,2024,2,F,R32
3384,MS022,BMW Open,2024,2,F,R32
3378,MS023,BMW Open,2024,3,F,R32
3383,MS025,BMW Open,2024,2,F,R32
3386,MS026,BMW Open,2024,3,F,R32
3382,MS028,BMW Open,2024,3,F,R32
3381,MS029,BMW Open,2024,3,F,R32
3380,MS030,BMW Open,2024,2,F,R32
3388,QS004,BMW Open,2024,2,F,Q2
3392,QS005,BMW Open,2024,2,F,Q2
3390,QS006,BMW Open,2024,3,F,Q2
3389,QS007,BMW Open,2024,2,F,Q2
3391,QS008,BMW Open,2024,2,F,Q1
3393,QS015,BMW Open,2024,3,F,Q1
5032,MS001,BNP Paribas Nordic Open,2024,2,F,F
5034,MS002,BNP Paribas Nordic Open,2024,2,F,SF
5033,MS003,BNP Paribas Nordic Open,2024,3,F,SF
5039,MS004,BNP Paribas Nordic Open,2024,2,F,QF
5040,MS005,BNP Paribas Nordic Open,2024,2,F,QF
5035,MS006,BNP Paribas Nordic Open,2024,2,F,QF
5041,MS007,BNP Paribas Nordic Open,2024,2,F,QF
5036,MS008,BNP Paribas Nordic Open,2024,2,F,R16
5044,MS009,BNP Paribas Nordic Open,2024,3,F,R16
5042,MS010,BNP Paribas Nordic Open,2024,2,F,R16
5047,MS011,BNP Paribas Nordic Open,2024,3,F,R16
5045,MS012,BNP Paribas Nordic Open,2024,2,F,R16
5037,MS013,BNP Paribas Nordic Open,2024,2,F,R16
5038,MS014,BNP Paribas Nordic Open,2024,2,F,R16
5046,MS015,BNP Paribas Nordic Open,2024,2,F,R16
5059,MS017,BNP Paribas Nordic Open,2024,2,F,R32
5051,MS018,BNP Paribas Nordic Open,2024,2,F,R32
5048,MS019,BNP Paribas Nordic Open,2024,2,F,R32
5081,MS021,BNP Paribas Nordic Open,2024,2,F,R32
5054,MS022,BNP Paribas Nordic Open,2024,2,F,R32
5049,MS023,BNP Paribas Nordic Open,2024,3,F,R32
5050,MS024,BNP Paribas Nordic Open,2024,2,F,R32
5055,MS025,BNP Paribas Nordic Open,2024,3,F,R32
5056,MS026,BNP Paribas Nordic Open,2024,2,F,R32
5043,MS028,BNP Paribas Nordic Open,2024,2,F,R32
5052,MS029,BNP Paribas Nordic Open,2024,2,F,R32
5053,MS030,BNP Paribas Nordic Open,2024,2,F,R32
5061,QS004,BNP Paribas Nordic Open,2024,3,F,Q2
5058,QS005,BNP Paribas Nordic Open,2024,2,F,Q2
5060,QS006,BNP Paribas Nordic Open,2024,2,F,Q2
5062,QS007,BNP Paribas Nordic Open,2024,2,F,Q2
5063,QS014,BNP Paribas Nordic Open,2024,3,F,Q1
2964,MS001,BNP Paribas Open,2024,2,F,F
2963,MS002,BNP Paribas Open,2024,3,F,SF
2962,MS003,BNP Paribas Open,2024,3,F,SF
2969,MS004,BNP Paribas Open,2024,3,F,QF
2967,MS005,BNP Paribas Open,2024,2,F,QF
2966,MS006,BNP Paribas Open,2024,2,F,QF
2965,MS007,BNP Paribas Open,2024,2,F,QF
2975,MS008,BNP Paribas Open,2024,2,F,R16
2973,MS009,BNP Paribas Open,2024,3,F,R16
2972,MS010,BNP Paribas Open,2024,2,F,R16
2971,MS011,BNP Paribas Open,2024,3,F,R16
3002,MS012,BNP Paribas Open,2024,2,F,R16
2970,MS013,BNP Paribas Open,2024,2,F,R16
2974,MS014,BNP Paribas Open,2024,3,F,R16
2968,MS015,BNP Paribas Open,2024,2,F,R16
2999,MS016,BNP Paribas Open,2024,3,F,R32
3017,MS017,BNP Paribas Open,2024,2,F,R32
2982,MS018,BNP Paribas Open,2024,2,F,R32
2988,MS019,BNP Paribas Open,2024,3,F,R32
2977,MS020,BNP Paribas Open,2024,3,F,R32
2987,MS021,BNP Paribas Open,2024,2,F,R32
2985,MS022,BNP Paribas Open,2024,2,F,R32
2981,MS023,BNP Paribas Open,2024,2,F,R32
2980,MS024,BNP Paribas Open,2024,2,F,R32
2989,MS025,BNP Paribas Open,2024,2,F,R32
2986,MS026,BNP Paribas Open,2024,3,F,R32
2978,MS027,BNP Paribas Open,2024,2,F,R32
2979,MS028,BNP Paribas Open,2024,2,F,R32
2983,MS029,BNP Paribas Open,2024,2,F,R32
2993,MS030,BNP Paribas Open,2024,2,F,R32
2976,MS031,BNP Paribas Open,2024,2,F,R32
2991,MS032,BNP Paribas Open,2024,3,F,R64
3016,MS033,BNP Paribas Open,2024,3,F,R64
3005,MS034,BNP Paribas Open,2024,2,F,R64
3000,MS035,BNP Paribas Open,2024,2,F,R64
2998,MS036,BNP Paribas Open,2024,2,F,R64
3010,MS037,BNP Paribas Open,2024,2,F,R64
3036,MS038,BNP Paribas Open,2024,2,F,R64
2995,MS039,BNP Paribas Open,2024,3,F,R64
2992,MS040,BNP Paribas Open,2024,2,F,R64
3015,MS041,BNP Paribas Open,2024,2,F,R64
3008,MS042,BNP Paribas Open,2024,2,F,R64
3003,MS043,BNP Paribas Open,2024,2,F,R64
2997,MS044,BNP Paribas Open,2024,2,F,R64
3012,MS046,BNP Paribas Open,2024,3,F,R64
3014,MS049,BNP Paribas Open,2024,3,F,R64
3007,MS050,BNP Paribas Open,2024,2,F,R64
3004,MS052,BNP Paribas Open,2024,3,F,R64
3009,MS053,BNP Paribas Open,2024,2,F,R64
2994,MS056,BNP Paribas Open,2024,2,F,R64
3013,MS057,BNP Paribas Open,2024,2,F,R64
3006,MS058,BNP Paribas Open,2024,2,F,R64
2996,MS059,BNP Paribas Open,2024,2,F,R64
3001,MS060,BNP Paribas Open,2024,2,F,R64
3011,MS061,BNP Paribas Open,2024,3,F,R64
2990,MS063,BNP Paribas Open,2024,3,F,R64
3032,MS065,BNP Paribas Open,2024,2,F,R128
3054,MS066,BNP Paribas Open,2024,3,F,R128
3026,MS069,BNP Paribas Open,2024,2,F,R128
3022,MS070,BNP Paribas Open,2024,2,F,R128
3020,MS074,BNP Paribas Open,2024,2,F,R128
3031,MS077,BNP Paribas Open,2024,2,F,R128
3021,MS081,BNP Paribas Open,2024,2,F,R128
3027,MS082,BNP Paribas Open,2024,3,F,R128
3024,MS085,BNP Paribas Open,2024,3,F,R128
3025,MS086,BNP Paribas Open,2024,2,F,R128
3033,MS089,BNP Paribas Open,2024,3,F,R128
3029,MS093,BNP Paribas Open,2024,2,F,R128
3028,MS113,BNP Paribas Open,2024,3,F,R128
3030,MS117,BNP Paribas Open,2024,2,F,R128
3019,MS118,BNP Paribas Open,2024,2,F,R128
3023,MS122,BNP Paribas Open,2024,2,F,R128
3018,MS126,BNP Paribas Open,2024,2,F,R128
3034,QS016,BNP Paribas Open,2024,2,F,Q2
3038,QS018,BNP Paribas Open,2024,2,F,Q2
3039,QS020,BNP Paribas Open,2024,2,F,Q2
3040,QS022,BNP Paribas Open,2024,3,F,Q2
3035,QS026,BNP Paribas Open,2024,3,F,Q2
3037,QS027,BNP Paribas Open,2024,2,F,Q2
3041,QS032,BNP Paribas Open,2024,2,F,Q1
3050,QS033,BNP Paribas Open,2024,2,F,Q1
3051,QS035,BNP Paribas Open,2024,2,F,Q1
3042,QS036,BNP Paribas Open,2024,3,F,Q1
3047,QS037,BNP Paribas Open,2024,3,F,Q1
3043,QS040,BNP Paribas Open,2024,2,F,Q1
3048,QS045,BNP Paribas Open,2024,3,F,Q1
3044,QS046,BNP Paribas Open,2024,2,F,Q1
3046,QS050,BNP Paribas Open,2024,2,F,Q1
3045,QS052,BNP Paribas Open,2024,2,F,Q1
3049,QS055,BNP Paribas Open,2024,2,F,Q1
3792,MS001,BOSS OPEN,2024,3,F,F
3798,MS002,BOSS OPEN,2024,2,F,SF
3795,MS003,BOSS OPEN,2024,2,F,SF
3794,MS005,BOSS OPEN,2024,3,F,QF
3796,MS006,BOSS OPEN,2024,3,F,QF
3799,MS007,BOSS OPEN,2024,2,F,QF
3801,MS009,BOSS OPEN,2024,2,F,R16
3803,MS010,BOSS OPEN,2024,2,F,R16
3800,MS011,BOSS OPEN,2024,3,F,R16
3802,MS013,BOSS OPEN,2024,2,F,R16
3804,MS014,BOSS OPEN,2024,2,F,R16
3797,MS015,BOSS OPEN,2024,3,F,R16
3812,MS018,BOSS OPEN,2024,2,F,R32
3807,MS019,BOSS OPEN,2024,2,F,R32
3810,MS021,BOSS OPEN,2024,2,F,R32
3806,MS023,BOSS OPEN,2024,2,F,R32
3805,MS024,BOSS OPEN,2024,2,F,R32
3811,MS026,BOSS OPEN,2024,3,F,R32
3808,MS028,BOSS OPEN,2024,3,F,R32
3814,MS029,BOSS OPEN,2024,2,F,R32
3809,MS030,BOSS OPEN,2024,2,F,R32
3813,QS004,BOSS OPEN,2024,3,F,Q2
3815,QS006,BOSS OPEN,2024,3,F,Q2
3816,QS008,BOSS OPEN,2024,2,F,Q1
3818,QS015,BOSS OPEN,2024,3,F,Q1
2378,MS002,Bank of China Hong Kong Tennis Open,2024,3,F,SF
2379,MS004,Bank of China Hong Kong Tennis Open,2024,3,F,QF
2371,MS005,Bank of China Hong Kong Tennis Open,2024,2,F,QF
2372,MS006,Bank of China Hong Kong Tennis Open,2024,2,F,QF
2399,MS008,Bank of China Hong Kong Tennis Open,2024,2,F,R16
2383,MS009,Bank of China Hong Kong Tennis Open,2024,2,F,R16
2380,MS010,Bank of China Hong Kong Tennis Open,2024,2,F,R16
2386,MS011,Bank of China Hong Kong Tennis Open,2024,3,F,R16
2381,MS012,Bank of China Hong Kong Tennis Open,2024,3,F,R16
2382,MS013,Bank of China Hong Kong Tennis Open,2024,2,F,R16
2384,MS014,Bank of China Hong Kong Tennis Open,2024,2,F,R16
2393,MS018,Bank of China Hong Kong Tennis Open,2024,2,F,R32
2388,MS019,Bank of China Hong Kong Tennis Open,2024,3,F,R32
2395,MS021,Bank of China Hong Kong Tennis Open,2024,2,F,R32
2418,MS022,Bank of China Hong Kong Tennis Open,2024,2,F,R32
2397,MS023,Bank of China Hong Kong Tennis Open,2024,3,F,R32
2385,MS024,Bank of China Hong Kong Tennis Open,2024,3,F,R32
2396,MS025,Bank of China Hong Kong Tennis Open,2024,2,F,R32
2389,MS026,Bank of China Hong Kong Tennis Open,2024,2,F,R32
2387,MS028,Bank of China Hong Kong Tennis Open,2024,2,F,R32
2394,MS029,Bank of China Hong Kong Tennis Open,2024,2,F,R32
2391,QS004,Bank of China Hong Kong Tennis Open,2024,3,F,Q2
2398,QS005,Bank of China Hong Kong Tennis Open,2024,2,F,Q2
2390,QS006,Bank of China Hong Kong Tennis Open,2024,2,F,Q2
2392,QS007,Bank of China Hong Kong Tennis Open,2024,2,F,Q2
2402,QS009,Bank of China Hong Kong Tennis Open,2024,2,F,Q1
2400,QS010,Bank of China Hong Kong Tennis Open,2024,3,F,Q1
2412,QS011,Bank of China Hong Kong Tennis Open,2024,2,F,Q1
2403,QS014,Bank of China Hong Kong Tennis Open,2024,2,F,Q1
3289,MS001,Barcelona Open Banc Sabadell,2024,2,F,F
3291,MS002,Barcelona Open Banc Sabadell,2024,3,F,SF
3290,MS003,Barcelona Open Banc Sabadell,2024,2,F,SF
3292,MS004,Barcelona Open Banc Sabadell,2024,3,F,QF
3295,MS005,Barcelona Open Banc Sabadell,2024,3,F,QF
3293,MS006,Barcelona Open Banc Sabadell,2024,2,F,QF
3294,MS007,Barcelona Open Banc Sabadell,2024,2,F,QF
3302,MS008,Barcelona Open Banc Sabadell,2024,3,F,R16
3297,MS009,Barcelona Open Banc Sabadell,2024,2,F,R16
3299,MS010,Barcelona Open Banc Sabadell,2024,2,F,R16
3300,MS011,Barcelona Open Banc Sabadell,2024,3,F,R16
3304,MS012,Barcelona Open Banc Sabadell,2024,2,F,R16
3296,MS013,Barcelona Open Banc Sabadell,2024,2,F,R16
3298,MS014,Barcelona Open Banc Sabadell,2024,2,F,R16
3301,MS015,Barcelona Open Banc Sabadell,2024,3,F,R16
3314,MS016,Barcelona Open Banc Sabadell,2024,2,F,R32
3309,MS018,Barcelona Open Banc Sabadell,2024,2,F,R32
3307,MS019,Barcelona Open Banc Sabadell,2024,2,F,R32
3313,MS021,Barcelona Open Banc Sabadell,2024,3,F,R32
3308,MS023,Barcelona Open Banc Sabadell,2024,2,F,R32
3306,MS024,Barcelona Open Banc Sabadell,2024,3,F,R32
3310,MS025,Barcelona Open Banc Sabadell,2024,2,F,R32
3312,MS026,Barcelona Open Banc Sabadell,2024,3,F,R32
3305,MS027,Barcelona Open Banc Sabadell,2024,2,F,R32
3311,MS029,Barcelona Open Banc Sabadell,2024,2,F,R32
3303,MS031,Barcelona Open Banc Sabadell,2024,2,F,R32
3324,MS033,Barcelona Open Banc Sabadell,2024,2,F,R64
3316,MS034,Barcelona Open Banc Sabadell,2024,2,F,R64
3318,MS037,Barcelona Open Banc Sabadell,2024,2,F,R64
3326,MS038,Barcelona Open Banc Sabadell,2024,3,F,R64
3340,MS042,Barcelona Open Banc Sabadell,2024,2,F,R64
3320,MS045,Barcelona Open Banc Sabadell,2024,2,F,R64
3319,MS049,Barcelona Open Banc Sabadell,2024,1,F,R64
3325,MS050,Barcelona Open Banc Sabadell,2024,2,F,R64
3321,MS053,Barcelona Open Banc Sabadell,2024,2,F,R64
3317,MS057,Barcelona Open Banc Sabadell,2024,2,F,R64
3322,MS062,Barcelona Open Banc Sabadell,2024,2,F,R64
3323,QS008,Barcelona Open Banc Sabadell,2024,2,F,Q2
3329,QS009,Barcelona Open Banc Sabadell,2024,2,F,Q2
3327,QS016,Barcelona Open Banc Sabadell,2024,2,F,Q1
3335,QS017,Barcelona Open Banc Sabadell,2024,2,F,Q1
3328,QS018,Barcelona Open Banc Sabadell,2024,3,F,Q1
3334,QS019,Barcelona Open Banc Sabadell,2024,2,F,Q1
3331,QS020,Barcelona Open Banc Sabadell,2024,3,F,Q1
3333,QS023,Barcelona Open Banc Sabadell,2024,3,F,Q1
3336,QS025,Barcelona Open Banc Sabadell,2024,3,F,Q1
3332,QS027,Barcelona Open Banc Sabadell,2024,3,F,Q1
5214,MS001,Belgrade Open,2024,2,F,F
5223,MS002,Belgrade Open,2024,3,F,SF
5216,MS003,Belgrade Open,2024,2,F,SF
5220,MS004,Belgrade Open,2024,2,F,QF
5217,MS005,Belgrade Open,2024,2,F,QF
5218,MS006,Belgrade Open,2024,3,F,QF
5250,MS007,Belgrade Open,2024,2,F,QF
5226,MS008,Belgrade Open,2024,2,F,R16
5228,MS009,Belgrade Open,2024,2,F,R16
5221,MS010,Belgrade Open,2024,2,F,R16
5225,MS011,Belgrade Open,2024,2,F,R16
5219,MS012,Belgrade Open,2024,2,F,R16
5224,MS013,Belgrade Open,2024,2,F,R16
5227,MS014,Belgrade Open,2024,2,F,R16
5222,MS015,Belgrade Open,2024,2,F,R16
5233,MS017,Belgrade Open,2024,2,F,R32
5235,MS018,Belgrade Open,2024,3,F,R32
5229,MS019,Belgrade Open,2024,2,F,R32
5252,MS023,Belgrade Open,2024,3,F,R32
5231,MS024,Belgrade Open,2024,2,F,R32
5234,MS025,Belgrade Open,2024,2,F,R32
5232,MS026,Belgrade Open,2024,2,F,R32
5230,MS028,Belgrade Open,2024,2,F,R32
5236,MS029,Belgrade Open,2024,2,F,R32
5258,MS030,Belgrade Open,2024,3,F,R32
5237,QS004,Belgrade Open,2024,2,F,Q2
5238,QS006,Belgrade Open,2024,2,F,Q2
5241,QS009,Belgrade Open,2024,3,F,Q1
5240,QS013,Belgrade Open,2024,2,F,Q1
5239,QS014,Belgrade Open,2024,2,F,Q1
2346,MS001,Brisbane International presented by Evie,2024,2,F,F
2352,MS002,Brisbane International presented by Evie,2024,2,F,SF
2349,MS003,Brisbane International presented by Evie,2024,2,F,SF
2350,MS004,Brisbane International presented by Evie,2024,2,F,QF
2355,MS005,Brisbane International presented by Evie,2024,2,F,QF
2351,MS007,Brisbane International presented by Evie,2024,2,F,QF
2353,MS008,Brisbane International presented by Evie,2024,3,F,R16
2358,MS009,Brisbane International presented by Evie,2024,3,F,R16
2368,MS010,Brisbane International presented by Evie,2024,3,F,R16
2357,MS011,Brisbane International presented by Evie,2024,3,F,R16
2356,MS014,Brisbane International presented by Evie,2024,3,F,R16
2354,MS015,Brisbane International presented by Evie,2024,2,F,R16
2377,MS017,Brisbane International presented by Evie,2024,2,F,R32
2374,MS019,Brisbane International presented by Evie,2024,2,F,R32
2373,MS020,Brisbane International presented by Evie,2024,3,F,R32
2362,MS021,Brisbane International presented by Evie,2024,3,F,R32
2370,MS022,Brisbane International presented by Evie,2024,3,F,R32
2375,MS023,Brisbane International presented by Evie,2024,3,F,R32
2376,MS026,Brisbane International presented by Evie,2024,2,F,R32
2359,MS027,Brisbane International presented by Evie,2024,2,F,R32
2361,MS028,Brisbane International presented by Evie,2024,3,F,R32
2360,MS030,Brisbane International presented by Evie,2024,2,F,R32
2363,QS008,Brisbane International presented by Evie,2024,2,F,Q2
2364,QS010,Brisbane International presented by Evie,2024,2,F,Q2
2365,QS016,Brisbane International presented by Evie,2024,2,F,Q1
2367,QS019,Brisbane International presented by Evie,2024,2,F,Q1
2369,QS021,Brisbane International presented by Evie,2024,3,F,Q1
2366,QS026,Brisbane International presented by Evie,2024,2,F,Q1
4726,MS001,Chengdu Open,2024,2,F,F
4727,MS003,Chengdu Open,2024,2,F,SF
4762,MS004,Chengdu Open,2024,3,F,QF
4733,MS006,Chengdu Open,2024,2,F,QF
4728,MS007,Chengdu Open,2024,2,F,QF
4729,MS008,Chengdu Open,2024,3,F,R16
4735,MS009,Chengdu Open,2024,3,F,R16
4731,MS010,Chengdu Open,2024,3,F,R16
4753,MS012,Chengdu Open,2024,3,F,R16
4732,MS013,Chengdu Open,2024,2,F,R16
4734,MS014,Chengdu Open,2024,3,F,R16
4730,MS015,Chengdu Open,2024,2,F,R16
4741,MS017,Chengdu Open,2024,2,F,R32
4745,MS018,Chengdu Open,2024,3,F,R32
4736,MS019,Chengdu Open,2024,3,F,R32
4740,MS021,Chengdu Open,2024,2,F,R32
4737,MS023,Chengdu Open,2024,2,F,R32
4738,MS024,Chengdu Open,2024,3,F,R32
4739,MS025,Chengdu Open,2024,2,F,R32
4742,MS030,Chengdu Open,2024,2,F,R32
4743,QS005,Chengdu Open,2024,3,F,Q2
4744,QS006,Chengdu Open,2024,2,F,Q2
4751,QS009,Chengdu Open,2024,2,F,Q1
4747,QS012,Chengdu Open,2024,2,F,Q1
4748,QS013,Chengdu Open,2024,2,F,Q1
4746,QS014,Chengdu Open,2024,3,F,Q1
4828,MS001,China Open,2024,3,F,F
4829,MS002,China Open,2024,2,F,SF
4832,MS003,China Open,2024,2,F,SF
4831,MS004,China Open,2024,2,F,QF
4833,MS005,China Open,2024,2,F,QF
4835,MS006,China Open,2024,2,F,QF
4830,MS007,China Open,2024,2,F,QF
4837,MS008,China Open,2024,3,F,R16
4878,MS009,China Open,2024,3,F,R16
4838,MS010,China Open,2024,2,F,R16
4840,MS011,China Open,2024,2,F,R16
4839,MS012,China Open,2024,2,F,R16
4834,MS013,China Open,2024,2,F,R16
4841,MS014,China Open,2024,2,F,R16
4836,MS015,China Open,2024,2,F,R16
4842,MS016,China Open,2024,3,F,R32
4857,MS017,China Open,2024,2,F,R32
4854,MS018,China Open,2024,2,F,R32
4849,MS019,China Open,2024,2,F,R32
4844,MS020,China Open,2024,3,F,R32
4850,MS021,China Open,2024,3,F,R32
4848,MS022,China Open,2024,3,F,R32
4872,MS023,China Open,2024,3,F,R32
4847,MS024,China Open,2024,3,F,R32
4853,MS025,China Open,2024,3,F,R32
4855,MS026,China Open,2024,3,F,R32
4845,MS027,China Open,2024,2,F,R32
4846,MS028,China Open,2024,2,F,R32
4851,MS029,China Open,2024,2,F,R32
4852,MS030,China Open,2024,3,F,R32
4869,MS031,China Open,2024,2,F,R32
4889,QS004,China Open,2024,2,F,Q2
4856,QS005,China Open,2024,3,F,Q2
4860,QS006,China Open,2024,3,F,Q2
4859,QS007,China Open,2024,3,F,Q2
4896,QS008,China Open,2024,2,F,Q1
4861,QS009,China Open,2024,2,F,Q1
4865,QS011,China Open,2024,2,F,Q1
4864,QS013,China Open,2024,3,F,Q1
4862,QS015,China Open,2024,3,F,Q1
4437,MS001,Cincinnati Open,2024,2,F,F
4440,MS002,Cincinnati Open,2024,3,F,SF
4442,MS003,Cincinnati Open,2024,3,F,SF
4436,MS004,Cincinnati Open,2024,3,F,QF
4443,MS005,Cincinnati Open,2024,3,F,QF
4439,MS006,Cincinnati Open,2024,1,F,QF
4438,MS007,Cincinnati Open,2024,2,F,QF
4447,MS009,Cincinnati Open,2024,2,F,R16
4441,MS010,Cincinnati Open,2024,2,F,R16
4446,MS011,Cincinnati Open,2024,2,F,R16
4444,MS012,Cincinnati Open,2024,3,F,R16
4448,MS013,Cincinnati Open,2024,3,F,R16
4449,MS014,Cincinnati Open,2024,3,F,R16
4445,MS015,Cincinnati Open,2024,3,F,R16
4450,MS016,Cincinnati Open,2024,2,F,R32
4460,MS017,Cincinnati Open,2024,2,F,R32
4465,MS018,Cincinnati Open,2024,2,F,R32
4456,MS019,Cincinnati Open,2024,2,F,R32
4453,MS020,Cincinnati Open,2024,2,F,R32
4457,MS022,Cincinnati Open,2024,3,F,R32
4458,MS023,Cincinnati Open,2024,3,F,R32
4452,MS024,Cincinnati Open,2024,3,F,R32
4464,MS025,Cincinnati Open,2024,2,F,R32
4462,MS026,Cincinnati Open,2024,2,F,R32
4454,MS027,Cincinnati Open,2024,2,F,R32
4455,MS028,Cincinnati Open,2024,2,F,R32
4459,MS029,Cincinnati Open,2024,3,F,R32
4463,MS030,Cincinnati Open,2024,2,F,R32
4451,MS031,Cincinnati Open,2024,3,F,R32
4484,MS033,Cincinnati Open,2024,3,F,R64
4474,MS034,Cincinnati Open,2024,3,F,R64
4469,MS035,Cincinnati Open,2024,3,F,R64
4467,MS036,Cincinnati Open,2024,3,F,R64
4476,MS037,Cincinnati Open,2024,2,F,R64
4488,MS038,Cincinnati Open,2024,2,F,R64
4482,MS041,Cincinnati Open,2024,2,F,R64
4473,MS043,Cincinnati Open,2024,2,F,R64
4468,MS044,Cincinnati Open,2024,2,F,R64
4479,MS045,Cincinnati Open,2024,3,F,R64
4483,MS046,Cincinnati Open,2024,2,F,R64
4485,MS049,Cincinnati Open,2024,2,F,R64
4475,MS050,Cincinnati Open,2024,2,F,R64
4466,MS051,Cincinnati Open,2024,3,F,R64
4472,MS052,Cincinnati Open,2024,3,F,R64
4487,MS053,Cincinnati Open,2024,2,F,R64
4481,MS054,Cincinnati Open,2024,2,F,R64
4507,MS057,Cincinnati Open,2024,2,F,R64
4478,MS058,Cincinnati Open,2024,3,F,R64
4461,MS059,Cincinnati Open,2024,3,F,R64
4471,MS060,Cincinnati Open,2024,3,F,R64
4477,MS061,Cincinnati Open,2024,3,F,R64
4480,MS062,Cincinnati Open,2024,2,F,R64
4486,QS008,Cincinnati Open,2024,2,F,Q2
4491,QS009,Cincinnati Open,2024,2,F,Q2
4489,QS010,Cincinnati Open,2024,2,F,Q2
4496,QS011,Cincinnati Open,2024,3,F,Q2
4492,QS012,Cincinnati Open,2024,2,F,Q2
4490,QS013,Cincinnati Open,2024,3,F,Q2
4493,QS014,Cincinnati Open,2024,3,F,Q2
4500,QS017,Cincinnati Open,2024,2,F,Q1
4526,QS018,Cincinnati Open,2024,3,F,Q1
4495,QS020,Cincinnati Open,2024,2,F,Q1
4501,QS021,Cincinnati Open,2024,3,F,Q1
4494,QS022,Cincinnati Open,2024,3,F,Q1
4499,QS024,Cincinnati Open,2024,3,F,Q1
4502,QS025,Cincinnati Open,2024,2,F,Q1
4497,QS027,Cincinnati Open,2024,2,F,Q1
4498,QS028,Cincinnati Open,2024,2,F,Q1
4503,QS029,Cincinnati Open,2024,2,F,Q1
2674,MS001,Cordoba Open,2024,2,F,F
2676,MS003,Cordoba Open,2024,3,F,SF
2680,MS004,Cordoba Open,2024,2,F,QF
2677,MS006,Cordoba Open,2024,2,F,QF
2679,MS007,Cordoba Open,2024,2,F,QF
2681,MS008,Cordoba Open,2024,2,F,R16
2710,MS009,Cordoba Open,2024,2,F,R16
2706,MS012,Cordoba Open,2024,3,F,R16
2682,MS013,Cordoba Open,2024,2,F,R16
2685,MS014,Cordoba Open,2024,3,F,R16
2701,MS015,Cordoba Open,2024,3,F,R16
2690,MS017,Cordoba Open,2024,2,F,R32
2689,MS018,Cordoba Open,2024,2,F,R32
2683,MS019,Cordoba Open,2024,3,F,R32
2708,MS024,Cordoba Open,2024,3,F,R32
2686,MS026,Cordoba Open,2024,3,F,R32
2692,MS028,Cordoba Open,2024,2,F,R32
2688,MS029,Cordoba Open,2024,2,F,R32
2687,MS030,Cordoba Open,2024,3,F,R32
2695,QS004,Cordoba Open,2024,2,F,Q2
2694,QS005,Cordoba Open,2024,2,F,Q2
2693,QS007,Cordoba Open,2024,2,F,Q2
2696,QS008,Cordoba Open,2024,2,F,Q1
2702,QS009,Cordoba Open,2024,2,F,Q1
2697,QS011,Cordoba Open,2024,2,F,Q1
2698,QS012,Cordoba Open,2024,3,F,Q1
2699,QS014,Cordoba Open,2024,2,F,Q1
2700,QS015,Cordoba Open,2024,2,F,Q1
2655,MS001,Dallas Open,2024,3,F,F
2659,MS002,Dallas Open,2024,2,F,SF
2657,MS003,Dallas Open,2024,2,F,SF
2658,MS004,Dallas Open,2024,2,F,QF
2662,MS005,Dallas Open,2024,2,F,QF
2660,MS006,Dallas Open,2024,3,F,QF
2661,MS008,Dallas Open,2024,2,F,R16
2665,MS013,Dallas Open,2024,2,F,R16
2664,MS015,Dallas Open,2024,2,F,R16
2668,MS021,Dallas Open,2024,3,F,R32
2666,MS022,Dallas Open,2024,2,F,R32
2684,MS026,Dallas Open,2024,2,F,R32
2667,MS029,Dallas Open,2024,2,F,R32
2669,QS005,Dallas Open,2024,3,F,Q2
2670,QS011,Dallas Open,2024,3,F,Q1
2733,MS001,Delray Beach Open,2024,2,F,F
2734,MS002,Delray Beach Open,2024,2,F,SF
2736,MS003,Delray Beach Open,2024,2,F,SF
2739,MS004,Delray Beach Open,2024,2,F,QF
2738,MS005,Delray Beach Open,2024,2,F,QF
2759,MS006,Delray Beach Open,2024,2,F,QF
2735,MS007,Delray Beach Open,2024,2,F,QF
2740,MS008,Delray Beach Open,2024,2,F,R16
2767,MS009,Delray Beach Open,2024,3,F,R16
2743,MS010,Delray Beach Open,2024,3,F,R16
2741,MS013,Delray Beach Open,2024,3,F,R16
2744,MS014,Delray Beach Open,2024,3,F,R16
2742,MS015,Delray Beach Open,2024,2,F,R16
2750,MS017,Delray Beach Open,2024,2,F,R32
2751,MS018,Delray Beach Open,2024,3,F,R32
2746,MS019,Delray Beach Open,2024,3,F,R32
2752,MS021,Delray Beach Open,2024,2,F,R32
2745,MS023,Delray Beach Open,2024,2,F,R32
2747,MS024,Delray Beach Open,2024,2,F,R32
2749,MS029,Delray Beach Open,2024,3,F,R32
2748,MS030,Delray Beach Open,2024,3,F,R32
2753,QS006,Delray Beach Open,2024,2,F,Q2
2755,QS007,Delray Beach Open,2024,3,F,Q2
2757,QS011,Delray Beach Open,2024,2,F,Q1
2754,QS012,Delray Beach Open,2024,2,F,Q1
2756,QS014,Delray Beach Open,2024,2,F,Q1
2758,QS015,Delray Beach Open,2024,2,F,Q1
2867,MS001,Dubai Duty Free Tennis Championships,2024,2,F,F
2868,MS002,Dubai Duty Free Tennis Championships,2024,2,F,SF
2887,MS003,Dubai Duty Free Tennis Championships,2024,3,F,SF
2869,MS004,Dubai Duty Free Tennis Championships,2024,2,F,QF
2871,MS005,Dubai Duty Free Tennis Championships,2024,3,F,QF
2896,MS006,Dubai Duty Free Tennis Championships,2024,2,F,QF
2870,MS007,Dubai Duty Free Tennis Championships,2024,2,F,QF
2872,MS008,Dubai Duty Free Tennis Championships,2024,3,F,R16
2880,MS009,Dubai Duty Free Tennis Championships,2024,2,F,R16
2875,MS010,Dubai Duty Free Tennis Championships,2024,2,F,R16
2876,MS012,Dubai Duty Free Tennis Championships,2024,2,F,R16
2874,MS013,Dubai Duty Free Tennis Championships,2024,3,F,R16
2878,MS014,Dubai Duty Free Tennis Championships,2024,2,F,R16
2873,MS015,Dubai Duty Free Tennis Championships,2024,2,F,R16
2877,MS016,Dubai Duty Free Tennis Championships,2024,2,F,R32
2890,MS017,Dubai Duty Free Tennis Championships,2024,3,F,R32
2885,MS019,Dubai Duty Free Tennis Championships,2024,3,F,R32
2909,MS020,Dubai Duty Free Tennis Championships,2024,3,F,R32
2881,MS023,Dubai Duty Free Tennis Championships,2024,3,F,R32
2883,MS024,Dubai Duty Free Tennis Championships,2024,3,F,R32
2886,MS025,Dubai Duty Free Tennis Championships,2024,2,F,R32
2889,MS026,Dubai Duty Free Tennis Championships,2024,3,F,R32
2899,MS027,Dubai Duty Free Tennis Championships,2024,2,F,R32
2882,MS028,Dubai Duty Free Tennis Championships,2024,2,F,R32
2888,MS029,Dubai Duty Free Tennis Championships,2024,2,F,R32
2884,MS030,Dubai Duty Free Tennis Championships,2024,2,F,R32
2879,MS031,Dubai Duty Free Tennis Championships,2024,3,F,R32
2891,QS004,Dubai Duty Free Tennis Championships,2024,3,F,Q2
2893,QS006,Dubai Duty Free Tennis Championships,2024,2,F,Q2
2892,QS008,Dubai Duty Free Tennis Championships,2024,2,F,Q1
2897,QS009,Dubai Duty Free Tennis Championships,2024,2,F,Q1
2894,QS012,Dubai Duty Free Tennis Championships,2024,3,F,Q1
2895,QS013,Dubai Duty Free Tennis Championships,2024,2,F,Q1
4220,MS001,EFG Swiss Open Gstaad,2024,2,F,F
4221,MS002,EFG Swiss Open Gstaad,2024,2,F,SF
4222,MS003,EFG Swiss Open Gstaad,2024,2,F,SF
4224,MS005,EFG Swiss Open Gstaad,2024,2,F,QF
4223,MS006,EFG Swiss Open Gstaad,2024,3,F,QF
4226,MS007,EFG Swiss Open Gstaad,2024,2,F,QF
4229,MS008,EFG Swiss Open Gstaad,2024,2,F,R16
4228,MS010,EFG Swiss Open Gstaad,2024,2,F,R16
4232,MS011,EFG Swiss Open Gstaad,2024,2,F,R16
4230,MS012,EFG Swiss Open Gstaad,2024,2,F,R16
4231,MS013,EFG Swiss Open Gstaad,2024,3,F,R16
4234,MS014,EFG Swiss Open Gstaad,2024,3,F,R16
4227,MS015,EFG Swiss Open Gstaad,2024,3,F,R16
4237,MS017,EFG Swiss Open Gstaad,2024,3,F,R32
4235,MS022,EFG Swiss Open Gstaad,2024,2,F,R32
4268,MS026,EFG Swiss Open Gstaad,2024,2,F,R32
4233,MS028,EFG Swiss Open Gstaad,2024,3,F,R32
4236,MS030,EFG Swiss Open Gstaad,2024,3,F,R32
4238,QS004,EFG Swiss Open Gstaad,2024,2,F,Q2
4242,QS006,EFG Swiss Open Gstaad,2024,3,F,Q2
4239,QS007,EFG Swiss Open Gstaad,2024,3,F,Q2
4241,QS008,EFG Swiss Open Gstaad,2024,3,F,Q1
4247,QS009,EFG Swiss Open Gstaad,2024,2,F,Q1
4244,QS012,EFG Swiss Open Gstaad,2024,2,F,Q1
4245,QS014,EFG Swiss Open Gstaad,2024,3,F,Q1
4243,QS015,EFG Swiss Open Gstaad,2024,2,F,Q1
5067,MS001,Erste Bank Open,2024,2,F,F
5066,MS002,Erste Bank Open,2024,2,F,SF
5064,MS003,Erste Bank Open,2024,2,F,SF
5068,MS004,Erste Bank Open,2024,3,F,QF
5065,MS005,Erste Bank Open,2024,3,F,QF
5071,MS006,Erste Bank Open,2024,2,F,QF
5069,MS007,Erste Bank Open,2024,3,F,QF
5070,MS008,Erste Bank Open,2024,2,F,R16
5076,MS010,Erste Bank Open,2024,3,F,R16
5073,MS011,Erste Bank Open,2024,2,F,R16
5074,MS012,Erste Bank Open,2024,3,F,R16
5191,MS013,Erste Bank Open,2024,3,F,R16
5075,MS014,Erste Bank Open,2024,2,F,R16
5072,MS015,Erste Bank Open,2024,2,F,R16
5080,MS016,Erste Bank Open,2024,2,F,R32
5084,MS017,Erste Bank Open,2024,2,F,R32
5090,MS018,Erste Bank Open,2024,2,F,R32
5113,MS019,Erste Bank Open,2024,2,F,R32
5078,MS020,Erste Bank Open,2024,2,F,R32
5086,MS021,Erste Bank Open,2024,2,F,R32
5082,MS024,Erste Bank Open,2024,2,F,R32
5087,MS025,Erste Bank Open,2024,2,F,R32
5088,MS026,Erste Bank Open,2024,2,F,R32
5079,MS027,Erste Bank Open,2024,2,F,R32
5085,MS028,Erste Bank Open,2024,2,F,R32
5089,MS029,Erste Bank Open,2024,2,F,R32
5083,MS030,Erste Bank Open,2024,2,F,R32
5077,MS031,Erste Bank Open,2024,3,F,R32
5093,QS004,Erste Bank Open,2024,2,F,Q2
5091,QS006,Erste Bank Open,2024,2,F,Q2
5092,QS007,Erste Bank Open,2024,2,F,Q2
5094,QS010,Erste Bank Open,2024,2,F,Q1
5095,QS012,Erste Bank Open,2024,2,F,Q1
5097,QS013,Erste Bank Open,2024,3,F,Q1
5099,QS014,Erste Bank Open,2024,3,F,Q1
5096,QS015,Erste Bank Open,2024,2,F,Q1
5001,MS001,European Open,2024,2,F,F
5005,MS002,European Open,2024,2,F,SF
5002,MS003,European Open,2024,3,F,SF
5004,MS004,European Open,2024,3,F,QF
5009,MS005,European Open,2024,3,F,QF
5006,MS006,European Open,2024,2,F,QF
5014,MS007,European Open,2024,2,F,QF
5010,MS008,European Open,2024,3,F,R16
5015,MS009,European Open,2024,3,F,R16
5013,MS010,European Open,2024,3,F,R16
5011,MS011,European Open,2024,2,F,R16
5007,MS012,European Open,2024,2,F,R16
5008,MS013,European Open,2024,2,F,R16
5012,MS014,European Open,2024,2,F,R16
5019,MS015,European Open,2024,3,F,R16
5017,MS019,European Open,2024,3,F,R32
5023,MS021,European Open,2024,2,F,R32
5021,MS022,European Open,2024,2,F,R32
5018,MS024,European Open,2024,2,F,R32
5029,MS025,European Open,2024,2,F,R32
5022,MS026,European Open,2024,2,F,R32
5016,MS028,European Open,2024,2,F,R32
5020,MS029,European Open,2024,2,F,R32
5024,MS030,European Open,2024,2,F,R32
5028,QS005,European Open,2024,2,F,Q2
5026,QS006,European Open,2024,2,F,Q2
5025,QS007,European Open,2024,2,F,Q2
5031,QS011,European Open,2024,2,F,Q1
5057,QS012,European Open,2024,2,F,Q1
5027,QS013,European Open,2024,2,F,Q1
5030,QS014,European Open,2024,2,F,Q1
3155,MS001,Fayez Sarofim & Co. U.S. Men's Clay Court Championship,2024,3,F,F
3176,MS002,Fayez Sarofim & Co. U.S. Men's Clay Court Championship,2024,3,F,SF
3157,MS003,Fayez Sarofim & Co. U.S. Men's Clay Court Championship,2024,2,F,SF
3159,MS004,Fayez Sarofim & Co. U.S. Men's Clay Court Championship,2024,2,F,QF
3156,MS005,Fayez Sarofim & Co. U.S. Men's Clay Court Championship,2024,2,F,QF
3158,MS006,Fayez Sarofim & Co. U.S. Men's Clay Court Championship,2024,2,F,QF
3160,MS007,Fayez Sarofim & Co. U.S. Men's Clay Court Championship,2024,2,F,QF
3161,MS008,Fayez Sarofim & Co. U.S. Men's Clay Court Championship,2024,3,F,R16
3166,MS009,Fayez Sarofim & Co. U.S. Men's Clay Court Championship,2024,2,F,R16
3164,MS010,Fayez Sarofim & Co. U.S. Men's Clay Court Championship,2024,2,F,R16
3165,MS012,Fayez Sarofim & Co. U.S. Men's Clay Court Championship,2024,3,F,R16
3163,MS013,Fayez Sarofim & Co. U.S. Men's Clay Court Championship,2024,3,F,R16
3162,MS015,Fayez Sarofim & Co. U.S. Men's Clay Court Championship,2024,3,F,R16
3169,MS017,Fayez Sarofim & Co. U.S. Men's Clay Court Championship,2024,2,F,R32
3172,MS018,Fayez Sarofim & Co. U.S. Men's Clay Court Championship,2024,2,F,R32
3171,MS022,Fayez Sarofim & Co. U.S. Men's Clay Court Championship,2024,2,F,R32
3168,MS024,Fayez Sarofim & Co. U.S. Men's Clay Court Championship,2024,2,F,R32
3170,MS028,Fayez Sarofim & Co. U.S. Men's Clay Court Championship,2024,2,F,R32
3173,QS005,Fayez Sarofim & Co. U.S. Men's Clay Court Championship,2024,1,F,Q2
3175,QS007,Fayez Sarofim & Co. U.S. Men's Clay Court Championship,2024,2,F,Q2
3180,QS008,Fayez Sarofim & Co. U.S. Men's Clay Court Championship,2024,2,F,Q1
3183,QS011,Fayez Sarofim & Co. U.S. Men's Clay Court Championship,2024,3,F,Q1
3177,QS012,Fayez Sarofim & Co. U.S. Men's Clay Court Championship,2024,3,F,Q1
3178,QS014,Fayez Sarofim & Co. U.S. Men's Clay Court Championship,2024,2,F,Q1
3179,QS015,Fayez Sarofim & Co. U.S. Men's Clay Court Championship,2024,2,F,Q1
4303,MS001,Generali Open,2024,2,F,F
4302,MS002,Generali Open,2024,2,F,SF
4301,MS003,Generali Open,2024,2,F,SF
4304,MS004,Generali Open,2024,3,F,QF
4307,MS005,Generali Open,2024,3,F,QF
4306,MS006,Generali Open,2024,2,F,QF
4305,MS008,Generali Open,2024,2,F,R16
4309,MS009,Generali Open,2024,2,F,R16
4312,MS010,Generali Open,2024,2,F,R16
4310,MS011,Generali Open,2024,3,F,R16
4313,MS012,Generali Open,2024,3,F,R16
4311,MS013,Generali Open,2024,3,F,R16
4308,MS015,Generali Open,2024,2,F,R16
4316,MS018,Generali Open,2024,3,F,R32
4341,MS019,Generali Open,2024,3,F,R32
4321,MS021,Generali Open,2024,3,F,R32
4318,MS023,Generali Open,2024,3,F,R32
4375,MS024,Generali Open,2024,2,F,R32
4320,MS025,Generali Open,2024,2,F,R32
4317,MS026,Generali Open,2024,2,F,R32
4314,MS028,Generali Open,2024,3,F,R32
4315,MS030,Generali Open,2024,2,F,R32
4324,QS004,Generali Open,2024,2,F,Q2
4319,QS005,Generali Open,2024,3,F,Q2
4322,QS006,Generali Open,2024,2,F,Q2
4323,QS007,Generali Open,2024,3,F,Q2
4328,QS009,Generali Open,2024,3,F,Q1
4326,QS010,Generali Open,2024,3,F,Q1
4325,QS012,Generali Open,2024,2,F,Q1
4327,QS015,Generali Open,2024,3,F,Q1
3585,MS001,Gonet Geneva Open,2024,2,F,F
3587,MS002,Gonet Geneva Open,2024,3,F,SF
3588,MS003,Gonet Geneva Open,2024,3,F,SF
3608,MS004,Gonet Geneva Open,2024,2,F,QF
3592,MS005,Gonet Geneva Open,2024,2,F,QF
3590,MS006,Gonet Geneva Open,2024,2,F,QF
3589,MS007,Gonet Geneva Open,2024,3,F,QF
3591,MS008,Gonet Geneva Open,2024,2,F,R16
3597,MS009,Gonet Geneva Open,2024,3,F,R16
3596,MS010,Gonet Geneva Open,2024,3,F,R16
3598,MS013,Gonet Geneva Open,2024,3,F,R16
3595,MS014,Gonet Geneva Open,2024,2,F,R16
3594,MS015,Gonet Geneva Open,2024,3,F,R16
3603,MS021,Gonet Geneva Open,2024,3,F,R32
3601,MS023,Gonet Geneva Open,2024,2,F,R32
3600,MS024,Gonet Geneva Open,2024,2,F,R32
3599,MS028,Gonet Geneva Open,2024,2,F,R32
3640,MS029,Gonet Geneva Open,2024,2,F,R32
3604,MS030,Gonet Geneva Open,2024,3,F,R32
3606,QS004,Gonet Geneva Open,2024,2,F,Q2
3605,QS005,Gonet Geneva Open,2024,3,F,Q2
3609,QS009,Gonet Geneva Open,2024,3,F,Q1
3607,QS010,Gonet Geneva Open,2024,3,F,Q1
3207,MS001,Grand Prix Hassan II,2024,2,F,F
3219,MS002,Grand Prix Hassan II,2024,2,F,SF
3205,MS003,Grand Prix Hassan II,2024,3,F,SF
3208,MS006,Grand Prix Hassan II,2024,2,F,QF
3206,MS007,Grand Prix Hassan II,2024,2,F,QF
3212,MS009,Grand Prix Hassan II,2024,2,F,R16
3210,MS010,Grand Prix Hassan II,2024,2,F,R16
3214,MS012,Grand Prix Hassan II,2024,3,F,R16
3211,MS013,Grand Prix Hassan II,2024,3,F,R16
3213,MS014,Grand Prix Hassan II,2024,3,F,R16
3209,MS015,Grand Prix Hassan II,2024,3,F,R16
3220,MS019,Grand Prix Hassan II,2024,2,F,R32
3230,MS021,Grand Prix Hassan II,2024,2,F,R32
3223,MS022,Grand Prix Hassan II,2024,2,F,R32
3215,MS024,Grand Prix Hassan II,2024,2,F,R32
3221,MS025,Grand Prix Hassan II,2024,2,F,R32
3216,MS026,Grand Prix Hassan II,2024,3,F,R32
3225,MS030,Grand Prix Hassan II,2024,2,F,R32
3224,QS005,Grand Prix Hassan II,2024,3,F,Q2
3227,QS007,Grand Prix Hassan II,2024,3,F,Q2
3222,QS010,Grand Prix Hassan II,2024,2,F,Q1
3217,QS015,Grand Prix Hassan II,2024,2,F,Q1
4140,MS001,Hamburg Open,2024,3,F,F
4143,MS002,Hamburg Open,2024,2,F,SF
4144,MS003,Hamburg Open,2024,2,F,SF
4142,MS004,Hamburg Open,2024,2,F,QF
4148,MS005,Hamburg Open,2024,3,F,QF
4146,MS006,Hamburg Open,2024,3,F,QF
4145,MS007,Hamburg Open,2024,2,F,QF
4147,MS008,Hamburg Open,2024,3,F,R16
4154,MS009,Hamburg Open,2024,2,F,R16
4155,MS011,Hamburg Open,2024,3,F,R16
4153,MS012,Hamburg Open,2024,3,F,R16
4150,MS013,Hamburg Open,2024,3,F,R16
4152,MS014,Hamburg Open,2024,2,F,R16
4149,MS015,Hamburg Open,2024,2,F,R16
4151,MS016,Hamburg Open,2024,2,F,R32
4164,MS017,Hamburg Open,2024,3,F,R32
4178,MS018,Hamburg Open,2024,3,F,R32
4160,MS019,Hamburg Open,2024,2,F,R32
4157,MS020,Hamburg Open,2024,2,F,R32
4161,MS022,Hamburg Open,2024,3,F,R32
4159,MS023,Hamburg Open,2024,2,F,R32
4165,MS025,Hamburg Open,2024,3,F,R32
4158,MS028,Hamburg Open,2024,3,F,R32
4162,MS029,Hamburg Open,2024,2,F,R32
4163,MS030,Hamburg Open,2024,2,F,R32
4156,MS031,Hamburg Open,2024,2,F,R32
4166,QS005,Hamburg Open,2024,2,F,Q2
4167,QS010,Hamburg Open,2024,2,F,Q1
4168,QS011,Hamburg Open,2024,2,F,Q1
4193,QS013,Hamburg Open,2024,3,F,Q1
4755,MS001,Hangzhou Open,2024,2,F,F
4749,MS002,Hangzhou Open,2024,2,F,SF
4757,MS003,Hangzhou Open,2024,2,F,SF
4754,MS004,Hangzhou Open,2024,3,F,QF
4750,MS005,Hangzhou Open,2024,2,F,QF
4756,MS006,Hangzhou Open,2024,2,F,QF
4752,MS007,Hangzhou Open,2024,2,F,QF
4758,MS008,Hangzhou Open,2024,2,F,R16
4763,MS009,Hangzhou Open,2024,2,F,R16
4760,MS010,Hangzhou Open,2024,3,F,R16
4761,MS012,Hangzhou Open,2024,2,F,R16
4764,MS013,Hangzhou Open,2024,3,F,R16
4765,MS014,Hangzhou Open,2024,2,F,R16
4759,MS015,Hangzhou Open,2024,3,F,R16
4799,MS017,Hangzhou Open,2024,2,F,R32
4772,MS018,Hangzhou Open,2024,3,F,R32
4774,MS021,Hangzhou Open,2024,1,F,R32
4773,MS022,Hangzhou Open,2024,3,F,R32
4768,MS023,Hangzhou Open,2024,2,F,R32
4769,MS024,Hangzhou Open,2024,3,F,R32
4767,MS026,Hangzhou Open,2024,2,F,R32
4766,MS028,Hangzhou Open,2024,2,F,R32
4771,MS029,Hangzhou Open,2024,2,F,R32
4770,MS030,Hangzhou Open,2024,2,F,R32
4777,QS004,Hangzhou Open,2024,3,F,Q2
4776,QS005,Hangzhou Open,2024,2,F,Q2
4775,QS006,Hangzhou Open,2024,2,F,Q2
4778,QS008,Hangzhou Open,2024,3,F,Q1
4783,QS009,Hangzhou Open,2024,3,F,Q1
4780,QS010,Hangzhou Open,2024,3,F,Q1
4781,QS011,Hangzhou Open,2024,3,F,Q1
4779,QS012,Hangzhou Open,2024,2,F,Q1
2779,MS001,IEB+ Argentina Open,2024,2,F,F
2760,MS002,IEB+ Argentina Open,2024,2,F,SF
2761,MS005,IEB+ Argentina Open,2024,2,F,QF
2764,MS006,IEB+ Argentina Open,2024,2,F,QF
2762,MS008,IEB+ Argentina Open,2024,2,F,R16
2763,MS010,IEB+ Argentina Open,2024,3,F,R16
2768,MS011,IEB+ Argentina Open,2024,2,F,R16
2769,MS012,IEB+ Argentina Open,2024,3,F,R16
2766,MS013,IEB+ Argentina Open,2024,2,F,R16
2765,MS014,IEB+ Argentina Open,2024,2,F,R16
2776,MS017,IEB+ Argentina Open,2024,2,F,R32
2773,MS019,IEB+ Argentina Open,2024,3,F,R32
2770,MS023,IEB+ Argentina Open,2024,2,F,R32
2771,MS024,IEB+ Argentina Open,2024,2,F,R32
2775,MS025,IEB+ Argentina Open,2024,2,F,R32
2774,MS026,IEB+ Argentina Open,2024,2,F,R32
2772,MS029,IEB+ Argentina Open,2024,2,F,R32
2778,QS004,IEB+ Argentina Open,2024,3,F,Q2
2777,QS005,IEB+ Argentina Open,2024,3,F,Q2
2780,QS008,IEB+ Argentina Open,2024,2,F,Q1
2788,QS009,IEB+ Argentina Open,2024,2,F,Q1
2781,QS010,IEB+ Argentina Open,2024,2,F,Q1
2782,QS011,IEB+ Argentina Open,2024,2,F,Q1
2783,QS013,IEB+ Argentina Open,2024,3,F,Q1
2787,QS015,IEB+ Argentina Open,2024,3,F,Q1
4169,MS001,Infosys Hall of Fame Open,2024,3,F,F
4173,MS002,Infosys Hall of Fame Open,2024,2,F,SF
4170,MS004,Infosys Hall of Fame Open,2024,3,F,QF
4172,MS005,Infosys Hall of Fame Open,2024,2,F,QF
4171,MS007,Infosys Hall of Fame Open,2024,2,F,QF
4174,MS008,Infosys Hall of Fame Open,2024,3,F,R16
4177,MS009,Infosys Hall of Fame Open,2024,2,F,R16
4201,MS011,Infosys Hall of Fame Open,2024,3,F,R16
4175,MS012,Infosys Hall of Fame Open,2024,2,F,R16
4176,MS014,Infosys Hall of Fame Open,2024,2,F,R16
4183,MS018,Infosys Hall of Fame Open,2024,2,F,R32
4184,MS019,Infosys Hall of Fame Open,2024,3,F,R32
4185,MS022,Infosys Hall of Fame Open,2024,2,F,R32
4181,MS023,Infosys Hall of Fame Open,2024,2,F,R32
4180,MS024,Infosys Hall of Fame Open,2024,2,F,R32
4186,MS025,Infosys Hall of Fame Open,2024,2,F,R32
4187,MS026,Infosys Hall of Fame Open,2024,3,F,R32
4179,MS028,Infosys Hall of Fame Open,2024,2,F,R32
4182,MS029,Infosys Hall of Fame Open,2024,2,F,R32
4189,QS005,Infosys Hall of Fame Open,2024,2,F,Q2
4188,QS006,Infosys Hall of Fame Open,2024,2,F,Q2
4191,QS007,Infosys Hall of Fame Open,2024,2,F,Q2
4190,QS008,Infosys Hall of Fame Open,2024,2,F,Q1
4192,QS010,Infosys Hall of Fame Open,2024,2,F,Q1
4194,QS015,Infosys Hall of Fame Open,2024,2,F,Q1
3492,MS001,Internazionali BNL d'Italia,2024,2,F,F
3491,MS002,Internazionali BNL d'Italia,2024,3,F,SF
3495,MS003,Internazionali BNL d'Italia,2024,3,F,SF
3497,MS004,Internazionali BNL d'Italia,2024,2,F,QF
3496,MS005,Internazionali BNL d'Italia,2024,2,F,QF
3493,MS006,Internazionali BNL d'Italia,2024,3,F,QF
3498,MS007,Internazionali BNL d'Italia,2024,3,F,QF
3503,MS008,Internazionali BNL d'Italia,2024,2,F,R16
3505,MS009,Internazionali BNL d'Italia,2024,2,F,R16
3501,MS010,Internazionali BNL d'Italia,2024,2,F,R16
3566,MS011,Internazionali BNL d'Italia,2024,3,F,R16
3494,MS012,Internazionali BNL d'Italia,2024,2,F,R16
3502,MS013,Internazionali BNL d'Italia,2024,2,F,R16
3562,MS014,Internazionali BNL d'Italia,2024,3,F,R16
3500,MS015,Internazionali BNL d'Italia,2024,2,F,R16
3506,MS016,Internazionali BNL d'Italia,2024,2,F,R32
3516,MS017,Internazionali BNL d'Italia,2024,2,F,R32
3581,MS018,Internazionali BNL d'Italia,2024,2,F,R32
3517,MS019,Internazionali BNL d'Italia,2024,3,F,R32
3499,MS020,Internazionali BNL d'Italia,2024,2,F,R32
3518,MS021,Internazionali BNL d'Italia,2024,3,F,R32
3513,MS022,Internazionali BNL d'Italia,2024,2,F,R32
3512,MS023,Internazionali BNL d'Italia,2024,2,F,R32
3508,MS024,Internazionali BNL d'Italia,2024,2,F,R32
3511,MS025,Internazionali BNL d'Italia,2024,3,F,R32
3515,MS026,Internazionali BNL d'Italia,2024,3,F,R32
3509,MS027,Internazionali BNL d'Italia,2024,3,F,R32
3510,MS028,Internazionali BNL d'Italia,2024,2,F,R32
3514,MS029,Internazionali BNL d'Italia,2024,3,F,R32
3507,MS031,Internazionali BNL d'Italia,2024,3,F,R32
3544,MS032,Internazionali BNL d'Italia,2024,2,F,R64
3573,MS033,Internazionali BNL d'Italia,2024,2,F,R64
3533,MS034,Internazionali BNL d'Italia,2024,2,F,R64
3529,MS035,Internazionali BNL d'Italia,2024,2,F,R64
3526,MS036,Internazionali BNL d'Italia,2024,3,F,R64
3531,MS037,Internazionali BNL d'Italia,2024,2,F,R64
3541,MS038,Internazionali BNL d'Italia,2024,2,F,R64
3523,MS039,Internazionali BNL d'Italia,2024,3,F,R64
3520,MS040,Internazionali BNL d'Italia,2024,2,F,R64
3539,MS041,Internazionali BNL d'Italia,2024,2,F,R64
3536,MS042,Internazionali BNL d'Italia,2024,3,F,R64
3528,MS043,Internazionali BNL d'Italia,2024,2,F,R64
3602,MS045,Internazionali BNL d'Italia,2024,3,F,R64
3538,MS046,Internazionali BNL d'Italia,2024,2,F,R64
3525,MS047,Internazionali BNL d'Italia,2024,2,F,R64
3524,MS048,Internazionali BNL d'Italia,2024,3,F,R64
3537,MS049,Internazionali BNL d'Italia,2024,3,F,R64
3532,MS050,Internazionali BNL d'Italia,2024,2,F,R64
3545,MS051,Internazionali BNL d'Italia,2024,2,F,R64
3542,MS052,Internazionali BNL d'Italia,2024,3,F,R64
3534,MS053,Internazionali BNL d'Italia,2024,2,F,R64
3576,MS054,Internazionali BNL d'Italia,2024,2,F,R64
3522,MS055,Internazionali BNL d'Italia,2024,3,F,R64
3535,MS057,Internazionali BNL d'Italia,2024,2,F,R64
3530,MS058,Internazionali BNL d'Italia,2024,2,F,R64
3527,MS059,Internazionali BNL d'Italia,2024,2,F,R64
3540,MS062,Internazionali BNL d'Italia,2024,2,F,R64
3519,MS063,Internazionali BNL d'Italia,2024,2,F,R64
3554,MS065,Internazionali BNL d'Italia,2024,3,F,R128
3549,MS066,Internazionali BNL d'Italia,2024,2,F,R128
3547,MS069,Internazionali BNL d'Italia,2024,2,F,R128
3560,MS070,Internazionali BNL d'Italia,2024,2,F,R128
3552,MS073,Internazionali BNL d'Italia,2024,2,F,R128
3561,MS074,Internazionali BNL d'Italia,2024,2,F,R128
3568,MS077,Internazionali BNL d'Italia,2024,2,F,R128
3550,MS078,Internazionali BNL d'Italia,2024,2,F,R128
3548,MS082,Internazionali BNL d'Italia,2024,3,F,R128
3558,MS085,Internazionali BNL d'Italia,2024,3,F,R128
3593,MS086,Internazionali BNL d'Italia,2024,3,F,R128
3559,MS094,Internazionali BNL d'Italia,2024,3,F,R128
3556,MS098,Internazionali BNL d'Italia,2024,2,F,R128
3546,MS102,Internazionali BNL d'Italia,2024,2,F,R128
3543,MS106,Internazionali BNL d'Italia,2024,3,F,R128
3555,MS109,Internazionali BNL d'Italia,2024,3,F,R128
3551,MS117,Internazionali BNL d'Italia,2024,3,F,R128
3557,MS118,Internazionali BNL d'Italia,2024,2,F,R128
3553,MS125,Internazionali BNL d'Italia,2024,2,F,R128
3563,QS016,Internazionali BNL d'Italia,2024,3,F,Q2
3567,QS018,Internazionali BNL d'Italia,2024,2,F,Q2
3564,QS019,Internazionali BNL d'Italia,2024,2,F,Q2
3626,QS021,Internazionali BNL d'Italia,2024,3,F,Q2
3668,QS023,Internazionali BNL d'Italia,2024,3,F,Q2
3565,QS026,Internazionali BNL d'Italia,2024,2,F,Q2
3569,QS027,Internazionali BNL d'Italia,2024,2,F,Q2
3583,QS032,Internazionali BNL d'Italia,2024,2,F,Q1
3584,QS033,Internazionali BNL d'Italia,2024,3,F,Q1
3571,QS036,Internazionali BNL d'Italia,2024,3,F,Q1
3579,QS037,Internazionali BNL d'Italia,2024,3,F,Q1
3570,QS038,Internazionali BNL d'Italia,2024,2,F,Q1
3572,QS040,Internazionali BNL d'Italia,2024,3,F,Q1
3622,QS043,Internazionali BNL d'Italia,2024,2,F,Q1
3574,QS046,Internazionali BNL d'Italia,2024,2,F,Q1
3586,QS047,Internazionali BNL d'Italia,2024,3,F,Q1
3578,QS051,Internazionali BNL d'Italia,2024,2,F,Q1
3575,QS052,Internazionali BNL d'Italia,2024,3,F,Q1
3580,QS053,Internazionali BNL d'Italia,2024,3,F,Q1
3577,QS054,Internazionali BNL d'Italia,2024,2,F,Q1
3582,QS055,Internazionali BNL d'Italia,2024,2,F,Q1
4823,MS001,Kinoshita Group Japan Open Tennis Championships,2024,3,F,F
4791,MS002,Kinoshita Group Japan Open Tennis Championships,2024,2,F,SF
4792,MS003,Kinoshita Group Japan Open Tennis Championships,2024,3,F,SF
4826,MS004,Kinoshita Group Japan Open Tennis Championships,2024,3,F,QF
4795,MS006,Kinoshita Group Japan Open Tennis Championships,2024,2,F,QF
4793,MS007,Kinoshita Group Japan Open Tennis Championships,2024,2,F,QF
4798,MS008,Kinoshita Group Japan Open Tennis Championships,2024,1,F,R16
4800,MS009,Kinoshita Group Japan Open Tennis Championships,2024,2,F,R16
4794,MS011,Kinoshita Group Japan Open Tennis Championships,2024,2,F,R16
4797,MS012,Kinoshita Group Japan Open Tennis Championships,2024,3,F,R16
4801,MS013,Kinoshita Group Japan Open Tennis Championships,2024,2,F,R16
4804,MS014,Kinoshita Group Japan Open Tennis Championships,2024,2,F,R16
4796,MS015,Kinoshita Group Japan Open Tennis Championships,2024,2,F,R16
4803,MS016,Kinoshita Group Japan Open Tennis Championships,2024,3,F,R32
4843,MS017,Kinoshita Group Japan Open Tennis Championships,2024,2,F,R32
4814,MS018,Kinoshita Group Japan Open Tennis Championships,2024,2,F,R32
4810,MS019,Kinoshita Group Japan Open Tennis Championships,2024,3,F,R32
4802,MS020,Kinoshita Group Japan Open Tennis Championships,2024,2,F,R32
4816,MS022,Kinoshita Group Japan Open Tennis Championships,2024,3,F,R32
4809,MS023,Kinoshita Group Japan Open Tennis Championships,2024,3,F,R32
4807,MS024,Kinoshita Group Japan Open Tennis Championships,2024,2,F,R32
4813,MS025,Kinoshita Group Japan Open Tennis Championships,2024,3,F,R32
4815,MS026,Kinoshita Group Japan Open Tennis Championships,2024,2,F,R32
4806,MS027,Kinoshita Group Japan Open Tennis Championships,2024,3,F,R32
4808,MS028,Kinoshita Group Japan Open Tennis Championships,2024,2,F,R32
4812,MS029,Kinoshita Group Japan Open Tennis Championships,2024,2,F,R32
4811,MS030,Kinoshita Group Japan Open Tennis Championships,2024,2,F,R32
4805,MS031,Kinoshita Group Japan Open Tennis Championships,2024,3,F,R32
4818,QS005,Kinoshita Group Japan Open Tennis Championships,2024,2,F,Q2
4819,QS006,Kinoshita Group Japan Open Tennis Championships,2024,2,F,Q2
4817,QS007,Kinoshita Group Japan Open Tennis Championships,2024,2,F,Q2
4820,QS008,Kinoshita Group Japan Open Tennis Championships,2024,2,F,Q1
4822,QS010,Kinoshita Group Japan Open Tennis Championships,2024,3,F,Q1
4858,QS011,Kinoshita Group Japan Open Tennis Championships,2024,2,F,Q1
4821,QS012,Kinoshita Group Japan Open Tennis Championships,2024,3,F,Q1
4827,QS013,Kinoshita Group Japan Open Tennis Championships,2024,3,F,Q1
4825,QS014,Kinoshita Group Japan Open Tennis Championships,2024,3,F,Q1
4824,QS015,Kinoshita Group Japan Open Tennis Championships,2024,2,F,Q1
4789,MS011,Laver Cup,2024,2,F,RR
4790,MS013,Laver Cup,2024,2,F,RR
4787,MS021,Laver Cup,2024,3,F,RR
4786,MS022,Laver Cup,2024,2,F,RR
4785,MS023,Laver Cup,2024,2,F,RR
4784,MS031,Laver Cup,2024,3,F,RR
4788,MS032,Laver Cup,2024,3,F,RR
4782,MS033,Laver Cup,2024,2,F,RR
3819,MS001,Libema Open,2024,2,F,F
3820,MS002,Libema Open,2024,2,F,SF
3824,MS003,Libema Open,2024,2,F,SF
3847,MS006,Libema Open,2024,3,F,QF
3821,MS007,Libema Open,2024,2,F,QF
3826,MS008,Libema Open,2024,2,F,R16
3822,MS010,Libema Open,2024,2,F,R16
3827,MS012,Libema Open,2024,2,F,R16
3825,MS013,Libema Open,2024,3,F,R16
3828,MS014,Libema Open,2024,2,F,R16
3823,MS015,Libema Open,2024,3,F,R16
3831,MS018,Libema Open,2024,2,F,R32
3832,MS021,Libema Open,2024,2,F,R32
3829,MS023,Libema Open,2024,3,F,R32
3830,MS024,Libema Open,2024,3,F,R32
3833,MS025,Libema Open,2024,3,F,R32
3856,MS028,Libema Open,2024,2,F,R32
3836,MS029,Libema Open,2024,2,F,R32
3835,MS030,Libema Open,2024,2,F,R32
3837,QS005,Libema Open,2024,2,F,Q2
3834,QS006,Libema Open,2024,2,F,Q2
3840,QS009,Libema Open,2024,3,F,Q1
3839,QS010,Libema Open,2024,2,F,Q1
3842,QS011,Libema Open,2024,3,F,Q1
3841,QS013,Libema Open,2024,3,F,Q1
3838,QS014,Libema Open,2024,2,F,Q1
3909,MS001,Mallorca Championships presented by Waterdrop,2024,2,F,F
3911,MS002,Mallorca Championships presented by Waterdrop,2024,2,F,SF
3914,MS003,Mallorca Championships presented by Waterdrop,2024,3,F,SF
3910,MS004,Mallorca Championships presented by Waterdrop,2024,3,F,QF
3915,MS005,Mallorca Championships presented by Waterdrop,2024,3,F,QF
3916,MS006,Mallorca Championships presented by Waterdrop,2024,2,F,QF
3912,MS007,Mallorca Championships presented by Waterdrop,2024,3,F,QF
3919,MS008,Mallorca Championships presented by Waterdrop,2024,2,F,R16
3923,MS009,Mallorca Championships presented by Waterdrop,2024,2,F,R16
3917,MS010,Mallorca Championships presented by Waterdrop,2024,2,F,R16
3921,MS011,Mallorca Championships presented by Waterdrop,2024,2,F,R16
3920,MS013,Mallorca Championships presented by Waterdrop,2024,2,F,R16
3922,MS014,Mallorca Championships presented by Waterdrop,2024,2,F,R16
3918,MS015,Mallorca Championships presented by Waterdrop,2024,3,F,R16
3928,MS017,Mallorca Championships presented by Waterdrop,2024,3,F,R32
3931,MS019,Mallorca Championships presented by Waterdrop,2024,2,F,R32
3930,MS021,Mallorca Championships presented by Waterdrop,2024,2,F,R32
3927,MS022,Mallorca Championships presented by Waterdrop,2024,3,F,R32
3924,MS023,Mallorca Championships presented by Waterdrop,2024,2,F,R32
3925,MS029,Mallorca Championships presented by Waterdrop,2024,3,F,R32
3926,MS030,Mallorca Championships presented by Waterdrop,2024,2,F,R32
3933,QS004,Mallorca Championships presented by Waterdrop,2024,2,F,Q2
3932,QS007,Mallorca Championships presented by Waterdrop,2024,2,F,Q2
3934,QS008,Mallorca Championships presented by Waterdrop,2024,2,F,Q1
3935,QS014,Mallorca Championships presented by Waterdrop,2024,2,F,Q1
3953,QS015,Mallorca Championships presented by Waterdrop,2024,2,F,Q1
3052,MS001,Miami Open presented by Itau,2024,2,F,F
3053,MS002,Miami Open presented by Itau,2024,3,F,SF
3055,MS003,Miami Open presented by Itau,2024,2,F,SF
3056,MS004,Miami Open presented by Itau,2024,2,F,QF
3057,MS005,Miami Open presented by Itau,2024,2,F,QF
3058,MS006,Miami Open presented by Itau,2024,2,F,QF
3092,MS007,Miami Open presented by Itau,2024,2,F,QF
3060,MS008,Miami Open presented by Itau,2024,2,F,R16
3064,MS009,Miami Open presented by Itau,2024,3,F,R16
3059,MS010,Miami Open presented by Itau,2024,2,F,R16
3065,MS011,Miami Open presented by Itau,2024,3,F,R16
3062,MS012,Miami Open presented by Itau,2024,2,F,R16
3063,MS014,Miami Open presented by Itau,2024,2,F,R16
3061,MS015,Miami Open presented by Itau,2024,2,F,R16
3066,MS016,Miami Open presented by Itau,2024,2,F,R32
3072,MS017,Miami Open presented by Itau,2024,2,F,R32
3070,MS018,Miami Open presented by Itau,2024,2,F,R32
3069,MS019,Miami Open presented by Itau,2024,3,F,R32
3074,MS021,Miami Open presented by Itau,2024,3,F,R32
3073,MS022,Miami Open presented by Itau,2024,2,F,R32
3077,MS023,Miami Open presented by Itau,2024,2,F,R32
3068,MS024,Miami Open presented by Itau,2024,2,F,R32
3075,MS025,Miami Open presented by Itau,2024,3,F,R32
3128,MS027,Miami Open presented by Itau,2024,2,F,R32
3071,MS029,Miami Open presented by Itau,2024,2,F,R32
3076,MS030,Miami Open presented by Itau,2024,2,F,R32
3067,MS031,Miami Open presented by Itau,2024,3,F,R32
3079,MS032,Miami Open presented by Itau,2024,2,F,R64
3104,MS033,Miami Open presented by Itau,2024,3,F,R64
3095,MS034,Miami Open presented by Itau,2024,2,F,R64
3091,MS035,Miami Open presented by Itau,2024,2,F,R64
3089,MS036,Miami Open presented by Itau,2024,3,F,R64
3093,MS037,Miami Open presented by Itau,2024,3,F,R64
3103,MS038,Miami Open presented by Itau,2024,3,F,R64
3085,MS039,Miami Open presented by Itau,2024,3,F,R64
3080,MS040,Miami Open presented by Itau,2024,2,F,R64
3096,MS042,Miami Open presented by Itau,2024,3,F,R64
3090,MS043,Miami Open presented by Itau,2024,2,F,R64
3086,MS044,Miami Open presented by Itau,2024,2,F,R64
3100,MS045,Miami Open presented by Itau,2024,2,F,R64
3102,MS046,Miami Open presented by Itau,2024,2,F,R64
3082,MS047,Miami Open presented by Itau,2024,2,F,R64
3083,MS048,Miami Open presented by Itau,2024,3,F,R64
3101,MS049,Miami Open presented by Itau,2024,2,F,R64
3097,MS050,Miami Open presented by Itau,2024,3,F,R64
3088,MS051,Miami Open presented by Itau,2024,2,F,R64
10363,MS052,Miami Open presented by Itau,2024,2,F,R64
3105,MS054,Miami Open presented by Itau,2024,3,F,R64
3078,MS055,Miami Open presented by Itau,2024,2,F,R64
3081,MS056,Miami Open presented by Itau,2024,2,F,R64
3094,MS058,Miami Open presented by Itau,2024,2,F,R64
3084,MS059,Miami Open presented by Itau,2024,2,F,R64
3087,MS060,Miami Open presented by Itau,2024,2,F,R64
3098,MS061,Miami Open presented by Itau,2024,2,F,R64
3099,MS062,Miami Open presented by Itau,2024,3,F,R64
3113,MS065,Miami Open presented by Itau,2024,2,F,R128
3122,MS066,Miami Open presented by Itau,2024,2,F,R128
3116,MS070,Miami Open presented by Itau,2024,3,F,R128
3127,MS073,Miami Open presented by Itau,2024,3,F,R128
3109,MS077,Miami Open presented by Itau,2024,2,F,R128
10360,MS078,Miami Open presented by Itau,2024,3,F,R128
3108,MS081,Miami Open presented by Itau,2024,2,F,R128
3112,MS082,Miami Open presented by Itau,2024,3,F,R128
3114,MS086,Miami Open presented by Itau,2024,2,F,R128
3120,MS089,Miami Open presented by Itau,2024,2,F,R128
3107,MS090,Miami Open presented by Itau,2024,2,F,R128
3125,MS093,Miami Open presented by Itau,2024,2,F,R128
3117,MS094,Miami Open presented by Itau,2024,2,F,R128
3129,MS097,Miami Open presented by Itau,2024,2,F,R128
3123,MS098,Miami Open presented by Itau,2024,3,F,R128
3115,MS101,Miami Open presented by Itau,2024,2,F,R128
3124,MS102,Miami Open presented by Itau,2024,2,F,R128
3130,MS105,Miami Open presented by Itau,2024,2,F,R128
3111,MS109,Miami Open presented by Itau,2024,3,F,R128
3119,MS113,Miami Open presented by Itau,2024,2,F,R128
3106,MS117,Miami Open presented by Itau,2024,2,F,R128
3126,MS118,Miami Open presented by Itau,2024,3,F,R128
3110,MS121,Miami Open presented by Itau,2024,2,F,R128
3121,MS122,Miami Open presented by Itau,2024,2,F,R128
3118,MS125,Miami Open presented by Itau,2024,2,F,R128
3132,QS016,Miami Open presented by Itau,2024,2,F,Q2
3131,QS017,Miami Open presented by Itau,2024,2,F,Q2
3138,QS018,Miami Open presented by Itau,2024,2,F,Q2
3133,QS019,Miami Open presented by Itau,2024,2,F,Q2
3136,QS021,Miami Open presented by Itau,2024,3,F,Q2
3137,QS023,Miami Open presented by Itau,2024,3,F,Q2
3139,QS024,Miami Open presented by Itau,2024,2,F,Q2
3134,QS025,Miami Open presented by Itau,2024,1,F,Q2
3135,QS027,Miami Open presented by Itau,2024,3,F,Q2
3141,QS032,Miami Open presented by Itau,2024,2,F,Q1
3140,QS034,Miami Open presented by Itau,2024,2,F,Q1
3181,QS035,Miami Open presented by Itau,2024,2,F,Q1
3142,QS036,Miami Open presented by Itau,2024,3,F,Q1
3151,QS037,Miami Open presented by Itau,2024,2,F,Q1
3143,QS038,Miami Open presented by Itau,2024,2,F,Q1
3167,QS040,Miami Open presented by Itau,2024,2,F,Q1
3144,QS042,Miami Open presented by Itau,2024,3,F,Q1
3152,QS043,Miami Open presented by Itau,2024,2,F,Q1
3145,QS044,Miami Open presented by Itau,2024,2,F,Q1
3146,QS046,Miami Open presented by Itau,2024,2,F,Q1
3174,QS047,Miami Open presented by Itau,2024,3,F,Q1
3147,QS048,Miami Open presented by Itau,2024,2,F,Q1
3148,QS050,Miami Open presented by Itau,2024,3,F,Q1
3154,QS051,Miami Open presented by Itau,2024,2,F,Q1
3153,QS053,Miami Open presented by Itau,2024,2,F,Q1
3149,QS054,Miami Open presented by Itau,2024,3,F,Q1
3150,QS055,Miami Open presented by Itau,2024,2,F,Q1
2842,MS001,Mifel Tennis Open by Telcel Oppo,2024,2,F,F
2844,MS002,Mifel Tennis Open by Telcel Oppo,2024,3,F,SF
2843,MS003,Mifel Tennis Open by Telcel Oppo,2024,2,F,SF
2846,MS005,Mifel Tennis Open by Telcel Oppo,2024,3,F,QF
2845,MS006,Mifel Tennis Open by Telcel Oppo,2024,2,F,QF
2866,MS007,Mifel Tennis Open by Telcel Oppo,2024,2,F,QF
2849,MS008,Mifel Tennis Open by Telcel Oppo,2024,2,F,R16
2851,MS010,Mifel Tennis Open by Telcel Oppo,2024,2,F,R16
2853,MS011,Mifel Tennis Open by Telcel Oppo,2024,2,F,R16
2848,MS013,Mifel Tennis Open by Telcel Oppo,2024,2,F,R16
2852,MS014,Mifel Tennis Open by Telcel Oppo,2024,3,F,R16
2850,MS015,Mifel Tennis Open by Telcel Oppo,2024,2,F,R16
2858,MS017,Mifel Tennis Open by Telcel Oppo,2024,2,F,R32
2854,MS019,Mifel Tennis Open by Telcel Oppo,2024,2,F,R32
2857,MS026,Mifel Tennis Open by Telcel Oppo,2024,2,F,R32
2855,MS028,Mifel Tennis Open by Telcel Oppo,2024,2,F,R32
2856,MS029,Mifel Tennis Open by Telcel Oppo,2024,2,F,R32
2862,MS030,Mifel Tennis Open by Telcel Oppo,2024,2,F,R32
2861,QS004,Mifel Tennis Open by Telcel Oppo,2024,2,F,Q2
2859,QS005,Mifel Tennis Open by Telcel Oppo,2024,2,F,Q2
2860,QS006,Mifel Tennis Open by Telcel Oppo,2024,2,F,Q2
2865,QS008,Mifel Tennis Open by Telcel Oppo,2024,3,F,Q1
2863,QS013,Mifel Tennis Open by Telcel Oppo,2024,2,F,Q1
2864,QS015,Mifel Tennis Open by Telcel Oppo,2024,3,F,Q1
3182,MS001,Millennium Estoril Open,2024,2,F,F
3184,MS002,Millennium Estoril Open,2024,3,F,SF
3185,MS003,Millennium Estoril Open,2024,3,F,SF
3186,MS004,Millennium Estoril Open,2024,2,F,QF
3187,MS006,Millennium Estoril Open,2024,2,F,QF
3188,MS007,Millennium Estoril Open,2024,2,F,QF
3189,MS008,Millennium Estoril Open,2024,2,F,R16
3192,MS009,Millennium Estoril Open,2024,3,F,R16
3196,MS011,Millennium Estoril Open,2024,2,F,R16
3193,MS012,Millennium Estoril Open,2024,3,F,R16
3191,MS013,Millennium Estoril Open,2024,2,F,R16
3194,MS014,Millennium Estoril Open,2024,2,F,R16
3190,MS015,Millennium Estoril Open,2024,2,F,R16
3195,MS019,Millennium Estoril Open,2024,2,F,R32
3201,MS022,Millennium Estoril Open,2024,2,F,R32
3197,MS023,Millennium Estoril Open,2024,2,F,R32
3200,MS025,Millennium Estoril Open,2024,2,F,R32
3198,MS029,Millennium Estoril Open,2024,2,F,R32
3199,MS030,Millennium Estoril Open,2024,3,F,R32
3202,QS006,Millennium Estoril Open,2024,3,F,Q2
3203,QS007,Millennium Estoril Open,2024,2,F,Q2
3204,QS014,Millennium Estoril Open,2024,3,F,Q1
5242,MS001,Moselle Open,2024,2,F,F
5243,MS002,Moselle Open,2024,2,F,SF
5246,MS003,Moselle Open,2024,3,F,SF
5249,MS005,Moselle Open,2024,3,F,QF
5244,MS006,Moselle Open,2024,3,F,QF
5245,MS007,Moselle Open,2024,2,F,QF
5279,MS008,Moselle Open,2024,2,F,R16
5247,MS009,Moselle Open,2024,3,F,R16
5255,MS010,Moselle Open,2024,3,F,R16
5253,MS011,Moselle Open,2024,2,F,R16
5251,MS013,Moselle Open,2024,2,F,R16
5254,MS014,Moselle Open,2024,3,F,R16
5248,MS015,Moselle Open,2024,2,F,R16
5263,MS018,Moselle Open,2024,2,F,R32
5257,MS019,Moselle Open,2024,3,F,R32
5262,MS021,Moselle Open,2024,3,F,R32
5265,MS023,Moselle Open,2024,3,F,R32
5261,MS024,Moselle Open,2024,2,F,R32
5260,MS026,Moselle Open,2024,2,F,R32
5256,MS028,Moselle Open,2024,3,F,R32
5259,MS030,Moselle Open,2024,2,F,R32
5264,QS004,Moselle Open,2024,3,F,Q2
5266,QS007,Moselle Open,2024,3,F,Q2
5268,QS008,Moselle Open,2024,3,F,Q1
5269,QS009,Moselle Open,2024,3,F,Q1
5267,QS010,Moselle Open,2024,2,F,Q1
5271,QS013,Moselle Open,2024,2,F,Q1
5270,QS015,Moselle Open,2024,3,F,Q1
2931,MS001,Movistar Chile Open,2024,3,F,F
2934,MS002,Movistar Chile Open,2024,3,F,SF
2932,MS003,Movistar Chile Open,2024,2,F,SF
2936,MS004,Movistar Chile Open,2024,2,F,QF
2933,MS005,Movistar Chile Open,2024,2,F,QF
2935,MS006,Movistar Chile Open,2024,3,F,QF
2937,MS007,Movistar Chile Open,2024,2,F,QF
2944,MS009,Movistar Chile Open,2024,3,F,R16
2940,MS010,Movistar Chile Open,2024,2,F,R16
2942,MS011,Movistar Chile Open,2024,3,F,R16
2943,MS012,Movistar Chile Open,2024,3,F,R16
2941,MS013,Movistar Chile Open,2024,2,F,R16
2939,MS015,Movistar Chile Open,2024,3,F,R16
2950,MS018,Movistar Chile Open,2024,2,F,R32
2946,MS019,Movistar Chile Open,2024,3,F,R32
2948,MS021,Movistar Chile Open,2024,2,F,R32
2949,MS022,Movistar Chile Open,2024,3,F,R32
2945,MS023,Movistar Chile Open,2024,3,F,R32
2947,MS025,Movistar Chile Open,2024,2,F,R32
2984,MS026,Movistar Chile Open,2024,2,F,R32
2951,MS030,Movistar Chile Open,2024,3,F,R32
2952,QS004,Movistar Chile Open,2024,2,F,Q2
2953,QS005,Movistar Chile Open,2024,2,F,Q2
2955,QS006,Movistar Chile Open,2024,2,F,Q2
2960,QS007,Movistar Chile Open,2024,2,F,Q2
2956,QS008,Movistar Chile Open,2024,3,F,Q1
2959,QS009,Movistar Chile Open,2024,3,F,Q1
2957,QS010,Movistar Chile Open,2024,2,F,Q1
2954,QS012,Movistar Chile Open,2024,2,F,Q1
2961,QS014,Movistar Chile Open,2024,2,F,Q1
2958,QS015,Movistar Chile Open,2024,3,F,Q1
4330,MS001,Mubadala Citi DC Open,2024,3,F,F
4333,MS002,Mubadala Citi DC Open,2024,2,F,SF
4329,MS003,Mubadala Citi DC Open,2024,3,F,SF
4337,MS004,Mubadala Citi DC Open,2024,2,F,QF
4334,MS005,Mubadala Citi DC Open,2024,2,F,QF
4332,MS006,Mubadala Citi DC Open,2024,3,F,QF
4360,MS007,Mubadala Citi DC Open,2024,2,F,QF
4331,MS008,Mubadala Citi DC Open,2024,2,F,R16
4336,MS009,Mubadala Citi DC Open,2024,3,F,R16
4338,MS011,Mubadala Citi DC Open,2024,2,F,R16
4339,MS012,Mubadala Citi DC Open,2024,3,F,R16
4340,MS014,Mubadala Citi DC Open,2024,3,F,R16
4335,MS015,Mubadala Citi DC Open,2024,2,F,R16
4342,MS016,Mubadala Citi DC Open,2024,3,F,R32
4352,MS017,Mubadala Citi DC Open,2024,1,F,R32
4351,MS018,Mubadala Citi DC Open,2024,2,F,R32
4346,MS019,Mubadala Citi DC Open,2024,3,F,R32
4344,MS020,Mubadala Citi DC Open,2024,2,F,R32
4349,MS023,Mubadala Citi DC Open,2024,2,F,R32
4350,MS024,Mubadala Citi DC Open,2024,3,F,R32
4347,MS025,Mubadala Citi DC Open,2024,2,F,R32
4348,MS026,Mubadala Citi DC Open,2024,2,F,R32
4343,MS028,Mubadala Citi DC Open,2024,2,F,R32
4353,MS030,Mubadala Citi DC Open,2024,2,F,R32
4345,MS031,Mubadala Citi DC Open,2024,3,F,R32
4364,MS033,Mubadala Citi DC Open,2024,2,F,R64
4387,MS034,Mubadala Citi DC Open,2024,2,F,R64
4358,MS037,Mubadala Citi DC Open,2024,3,F,R64
4359,MS046,Mubadala Citi DC Open,2024,3,F,R64
4362,MS049,Mubadala Citi DC Open,2024,2,F,R64
4356,MS050,Mubadala Citi DC Open,2024,2,F,R64
4354,MS053,Mubadala Citi DC Open,2024,2,F,R64
4361,MS057,Mubadala Citi DC Open,2024,2,F,R64
4357,MS061,Mubadala Citi DC Open,2024,2,F,R64
4355,MS062,Mubadala Citi DC Open,2024,2,F,R64
4363,QS010,Mubadala Citi DC Open,2024,2,F,Q2
4365,QS011,Mubadala Citi DC Open,2024,3,F,Q2
4367,QS012,Mubadala Citi DC Open,2024,3,F,Q2
4366,QS013,Mubadala Citi DC Open,2024,2,F,Q2
4372,QS018,Mubadala Citi DC Open,2024,2,F,Q1
4368,QS020,Mubadala Citi DC Open,2024,2,F,Q1
4373,QS021,Mubadala Citi DC Open,2024,2,F,Q1
4369,QS022,Mubadala Citi DC Open,2024,2,F,Q1
4374,QS023,Mubadala Citi DC Open,2024,2,F,Q1
4371,QS025,Mubadala Citi DC Open,2024,2,F,Q1
4370,QS026,Mubadala Citi DC Open,2024,3,F,Q1
4395,QS027,Mubadala Citi DC Open,2024,2,F,Q1
3394,MS001,Mutua Madrid Open,2024,3,F,F
3396,MS002,Mutua Madrid Open,2024,1,F,SF
3395,MS003,Mutua Madrid Open,2024,2,F,SF
3398,MS005,Mutua Madrid Open,2024,1,F,QF
3399,MS006,Mutua Madrid Open,2024,3,F,QF
3397,MS007,Mutua Madrid Open,2024,3,F,QF
3429,MS008,Mutua Madrid Open,2024,3,F,R16
3438,MS009,Mutua Madrid Open,2024,2,F,R16
3402,MS010,Mutua Madrid Open,2024,2,F,R16
3404,MS012,Mutua Madrid Open,2024,2,F,R16
3401,MS013,Mutua Madrid Open,2024,2,F,R16
3403,MS014,Mutua Madrid Open,2024,2,F,R16
3400,MS015,Mutua Madrid Open,2024,3,F,R16
3405,MS016,Mutua Madrid Open,2024,2,F,R32
3418,MS017,Mutua Madrid Open,2024,2,F,R32
3419,MS018,Mutua Madrid Open,2024,2,F,R32
3410,MS019,Mutua Madrid Open,2024,2,F,R32
3407,MS020,Mutua Madrid Open,2024,3,F,R32
3416,MS021,Mutua Madrid Open,2024,3,F,R32
3420,MS023,Mutua Madrid Open,2024,2,F,R32
3409,MS024,Mutua Madrid Open,2024,2,F,R32
3412,MS025,Mutua Madrid Open,2024,2,F,R32
3415,MS026,Mutua Madrid Open,2024,3,F,R32
3408,MS027,Mutua Madrid Open,2024,2,F,R32
3411,MS028,Mutua Madrid Open,2024,2,F,R32
3414,MS029,Mutua Madrid Open,2024,3,F,R32
3413,MS030,Mutua Madrid Open,2024,2,F,R32
3406,MS031,Mutua Madrid Open,2024,2,F,R32
3421,MS032,Mutua Madrid Open,2024,2,F,R64
3449,MS033,Mutua Madrid Open,2024,3,F,R64
3442,MS034,Mutua Madrid Open,2024,3,F,R64
3435,MS035,Mutua Madrid Open,2024,3,F,R64
3430,MS036,Mutua Madrid Open,2024,3,F,R64
3439,MS037,Mutua Madrid Open,2024,2,F,R64
3446,MS038,Mutua Madrid Open,2024,2,F,R64
3425,MS039,Mutua Madrid Open,2024,2,F,R64
3422,MS040,Mutua Madrid Open,2024,3,F,R64
3436,MS042,Mutua Madrid Open,2024,3,F,R64
3434,MS043,Mutua Madrid Open,2024,2,F,R64
3445,MS046,Mutua Madrid Open,2024,2,F,R64
3426,MS047,Mutua Madrid Open,2024,2,F,R64
3427,MS048,Mutua Madrid Open,2024,2,F,R64
3447,MS049,Mutua Madrid Open,2024,2,F,R64
3433,MS050,Mutua Madrid Open,2024,3,F,R64
3428,MS051,Mutua Madrid Open,2024,2,F,R64
3432,MS052,Mutua Madrid Open,2024,3,F,R64
3440,MS053,Mutua Madrid Open,2024,2,F,R64
3443,MS054,Mutua Madrid Open,2024,2,F,R64
3424,MS056,Mutua Madrid Open,2024,2,F,R64
3448,MS057,Mutua Madrid Open,2024,2,F,R64
3466,MS058,Mutua Madrid Open,2024,3,F,R64
3431,MS059,Mutua Madrid Open,2024,3,F,R64
3437,MS060,Mutua Madrid Open,2024,2,F,R64
3441,MS061,Mutua Madrid Open,2024,2,F,R64
3444,MS062,Mutua Madrid Open,2024,2,F,R64
3423,MS063,Mutua Madrid Open,2024,2,F,R64
3455,MS069,Mutua Madrid Open,2024,3,F,R128
3454,MS070,Mutua Madrid Open,2024,3,F,R128
3485,MS073,Mutua Madrid Open,2024,2,F,R128
3452,MS074,Mutua Madrid Open,2024,3,F,R128
3458,MS077,Mutua Madrid Open,2024,3,F,R128
3460,MS078,Mutua Madrid Open,2024,2,F,R128
3453,MS081,Mutua Madrid Open,2024,2,F,R128
3462,MS093,Mutua Madrid Open,2024,3,F,R128
3461,MS094,Mutua Madrid Open,2024,2,F,R128
3450,MS098,Mutua Madrid Open,2024,2,F,R128
3469,MS101,Mutua Madrid Open,2024,3,F,R128
3456,MS102,Mutua Madrid Open,2024,2,F,R128
3459,MS105,Mutua Madrid Open,2024,3,F,R128
3468,MS109,Mutua Madrid Open,2024,3,F,R128
3451,MS113,Mutua Madrid Open,2024,2,F,R128
3464,MS114,Mutua Madrid Open,2024,3,F,R128
3457,MS117,Mutua Madrid Open,2024,3,F,R128
3465,MS118,Mutua Madrid Open,2024,2,F,R128
3484,MS122,Mutua Madrid Open,2024,2,F,R128
3463,MS125,Mutua Madrid Open,2024,2,F,R128
3467,MS126,Mutua Madrid Open,2024,3,F,R128
3473,QS016,Mutua Madrid Open,2024,3,F,Q2
3470,QS019,Mutua Madrid Open,2024,2,F,Q2
3475,QS020,Mutua Madrid Open,2024,2,F,Q2
3477,QS021,Mutua Madrid Open,2024,3,F,Q2
3471,QS022,Mutua Madrid Open,2024,2,F,Q2
3472,QS025,Mutua Madrid Open,2024,2,F,Q2
3474,QS026,Mutua Madrid Open,2024,2,F,Q2
3504,QS027,Mutua Madrid Open,2024,2,F,Q2
3476,QS032,Mutua Madrid Open,2024,2,F,Q1
3490,QS035,Mutua Madrid Open,2024,2,F,Q1
3478,QS040,Mutua Madrid Open,2024,2,F,Q1
3486,QS041,Mutua Madrid Open,2024,2,F,Q1
3521,QS042,Mutua Madrid Open,2024,2,F,Q1
3483,QS043,Mutua Madrid Open,2024,2,F,Q1
3479,QS044,Mutua Madrid Open,2024,2,F,Q1
3489,QS045,Mutua Madrid Open,2024,3,F,Q1
3488,QS048,Mutua Madrid Open,2024,2,F,Q1
3480,QS050,Mutua Madrid Open,2024,3,F,Q1
3481,QS052,Mutua Madrid Open,2024,2,F,Q1
3487,QS053,Mutua Madrid Open,2024,3,F,Q1
3482,QS054,Mutua Madrid Open,2024,3,F,Q1
5288,MS001,Next Gen ATP Finals presented by PIF,2024,4,F,F
5287,MS002,Next Gen ATP Finals presented by PIF,2024,3,F,SF
5317,MS003,Next Gen ATP Finals presented by PIF,2024,5,F,SF
5328,MS008,Next Gen ATP Finals presented by PIF,2024,3,F,RR
5289,MS009,Next Gen ATP Finals presented by PIF,2024,4,F,RR
5296,MS010,Next Gen ATP Finals presented by PIF,2024,5,F,RR
5301,MS011,Next Gen ATP Finals presented by PIF,2024,5,F,RR
5327,MS012,Next Gen ATP Finals presented by PIF,2024,5,F,RR
5297,MS013,Next Gen ATP Finals presented by PIF,2024,4,F,RR
5291,MS016,Next Gen ATP Finals presented by PIF,2024,2,F,RR
5292,MS017,Next Gen ATP Finals presented by PIF,2024,4,F,RR
5299,MS018,Next Gen ATP Finals presented by PIF,2024,4,F,RR
5298,MS019,Next Gen ATP Finals presented by PIF,2024,4,F,RR
5294,MS020,Next Gen ATP Finals presented by PIF,2024,4,F,RR
5293,MS021,Next Gen ATP Finals presented by PIF,2024,4,F,RR
5273,MS001,Nitto ATP Finals,2024,2,F,F
5272,MS002,Nitto ATP Finals,2024,2,F,SF
5278,MS003,Nitto ATP Finals,2024,3,F,SF
5284,MS008,Nitto ATP Finals,2024,2,F,RR
5280,MS009,Nitto ATP Finals,2024,2,F,RR
5286,MS010,Nitto ATP Finals,2024,2,F,RR
5290,MS011,Nitto ATP Finals,2024,2,F,RR
5281,MS012,Nitto ATP Finals,2024,2,F,RR
5275,MS013,Nitto ATP Finals,2024,3,F,RR
5274,MS016,Nitto ATP Finals,2024,2,F,RR
5276,MS017,Nitto ATP Finals,2024,2,F,RR
5283,MS018,Nitto ATP Finals,2024,2,F,RR
5285,MS019,Nitto ATP Finals,2024,2,F,RR
5282,MS020,Nitto ATP Finals,2024,2,F,RR
5277,MS021,Nitto ATP Finals,2024,3,F,RR
4196,MS002,Nordea Open,2024,2,F,SF
4197,MS004,Nordea Open,2024,3,F,QF
4195,MS005,Nordea Open,2024,2,F,QF
4225,MS007,Nordea Open,2024,3,F,QF
4240,MS008,Nordea Open,2024,3,F,R16
4206,MS009,Nordea Open,2024,3,F,R16
4198,MS010,Nordea Open,2024,3,F,R16
4202,MS011,Nordea Open,2024,3,F,R16
4200,MS013,Nordea Open,2024,2,F,R16
4203,MS014,Nordea Open,2024,3,F,R16
4199,MS015,Nordea Open,2024,2,F,R16
4213,MS017,Nordea Open,2024,3,F,R32
4211,MS018,Nordea Open,2024,2,F,R32
4204,MS019,Nordea Open,2024,3,F,R32
4212,MS021,Nordea Open,2024,3,F,R32
4210,MS022,Nordea Open,2024,3,F,R32
4205,MS023,Nordea Open,2024,2,F,R32
4207,MS026,Nordea Open,2024,2,F,R32
4208,MS028,Nordea Open,2024,3,F,R32
4209,MS029,Nordea Open,2024,2,F,R32
4215,QS004,Nordea Open,2024,2,F,Q2
4214,QS005,Nordea Open,2024,2,F,Q2
4216,QS007,Nordea Open,2024,2,F,Q2
4217,QS008,Nordea Open,2024,2,F,Q1
4219,QS009,Nordea Open,2024,3,F,Q1
4218,QS011,Nordea Open,2024,2,F,Q1
4376,MS001,Omnium Banque National présenté par Rogers,2024,2,F,F
4378,MS002,Omnium Banque National présenté par Rogers,2024,2,F,SF
4377,MS003,Omnium Banque National présenté par Rogers,2024,2,F,SF
4380,MS004,Omnium Banque National présenté par Rogers,2024,3,F,QF
4382,MS006,Omnium Banque National présenté par Rogers,2024,3,F,QF
4379,MS007,Omnium Banque National présenté par Rogers,2024,3,F,QF
4383,MS008,Omnium Banque National présenté par Rogers,2024,2,F,R16
4384,MS009,Omnium Banque National présenté par Rogers,2024,2,F,R16
4410,MS010,Omnium Banque National présenté par Rogers,2024,3,F,R16
4385,MS012,Omnium Banque National présenté par Rogers,2024,3,F,R16
4386,MS013,Omnium Banque National présenté par Rogers,2024,3,F,R16
4381,MS015,Omnium Banque National présenté par Rogers,2024,2,F,R16
4398,MS017,Omnium Banque National présenté par Rogers,2024,2,F,R32
4394,MS018,Omnium Banque National présenté par Rogers,2024,3,F,R32
4390,MS019,Omnium Banque National présenté par Rogers,2024,2,F,R32
4389,MS020,Omnium Banque National présenté par Rogers,2024,3,F,R32
4399,MS021,Omnium Banque National présenté par Rogers,2024,2,F,R32
4397,MS022,Omnium Banque National présenté par Rogers,2024,3,F,R32
4391,MS024,Omnium Banque National présenté par Rogers,2024,2,F,R32
4396,MS025,Omnium Banque National présenté par Rogers,2024,2,F,R32
4401,MS026,Omnium Banque National présenté par Rogers,2024,2,F,R32
4392,MS028,Omnium Banque National présenté par Rogers,2024,3,F,R32
4393,MS029,Omnium Banque National présenté par Rogers,2024,2,F,R32
4400,MS030,Omnium Banque National présenté par Rogers,2024,2,F,R32
4388,MS031,Omnium Banque National présenté par Rogers,2024,2,F,R32
4420,MS034,Omnium Banque National présenté par Rogers,2024,3,F,R64
4407,MS035,Omnium Banque National présenté par Rogers,2024,2,F,R64
4404,MS036,Omnium Banque National présenté par Rogers,2024,2,F,R64
4418,MS037,Omnium Banque National présenté par Rogers,2024,2,F,R64
4415,MS038,Omnium Banque National présenté par Rogers,2024,3,F,R64
4414,MS041,Omnium Banque National présenté par Rogers,2024,2,F,R64
4409,MS042,Omnium Banque National présenté par Rogers,2024,3,F,R64
4408,MS043,Omnium Banque National présenté par Rogers,2024,2,F,R64
4405,MS044,Omnium Banque National présenté par Rogers,2024,2,F,R64
4413,MS045,Omnium Banque National présenté par Rogers,2024,3,F,R64
4416,MS049,Omnium Banque National présenté par Rogers,2024,2,F,R64
4417,MS050,Omnium Banque National présenté par Rogers,2024,2,F,R64
4402,MS051,Omnium Banque National présenté par Rogers,2024,2,F,R64
4406,MS052,Omnium Banque National présenté par Rogers,2024,2,F,R64
4419,MS053,Omnium Banque National présenté par Rogers,2024,3,F,R64
4412,MS057,Omnium Banque National présenté par Rogers,2024,2,F,R64
4403,MS059,Omnium Banque National présenté par Rogers,2024,2,F,R64
4434,MS060,Omnium Banque National présenté par Rogers,2024,3,F,R64
4411,MS061,Omnium Banque National présenté par Rogers,2024,3,F,R64
4421,MS062,Omnium Banque National présenté par Rogers,2024,2,F,R64
4430,QS008,Omnium Banque National présenté par Rogers,2024,2,F,Q2
4423,QS009,Omnium Banque National présenté par Rogers,2024,1,F,Q2
4422,QS011,Omnium Banque National présenté par Rogers,2024,2,F,Q2
4426,QS012,Omnium Banque National présenté par Rogers,2024,2,F,Q2
4427,QS013,Omnium Banque National présenté par Rogers,2024,3,F,Q2
4424,QS016,Omnium Banque National présenté par Rogers,2024,3,F,Q1
4470,QS017,Omnium Banque National présenté par Rogers,2024,2,F,Q1
4425,QS018,Omnium Banque National présenté par Rogers,2024,2,F,Q1
4432,QS019,Omnium Banque National présenté par Rogers,2024,3,F,Q1
4435,QS023,Omnium Banque National présenté par Rogers,2024,2,F,Q1
4433,QS025,Omnium Banque National présenté par Rogers,2024,2,F,Q1
4429,QS026,Omnium Banque National présenté par Rogers,2024,2,F,Q1
4431,QS027,Omnium Banque National présenté par Rogers,2024,2,F,Q1
4428,QS028,Omnium Banque National présenté par Rogers,2024,2,F,Q1
2672,QS008,Open 13 Provence,2024,2,F,Q1
2678,QS009,Open 13 Provence,2024,2,F,Q1
2691,QS010,Open 13 Provence,2024,2,F,Q1
2673,QS011,Open 13 Provence,2024,2,F,Q1
2675,QS013,Open 13 Provence,2024,2,F,Q1
2671,QS014,Open 13 Provence,2024,3,F,Q1
2634,MS003,Open Occitanie,2024,3,F,SF
2648,MS004,Open Occitanie,2024,2,F,QF
2638,MS006,Open Occitanie,2024,2,F,QF
2635,MS007,Open Occitanie,2024,3,F,QF
2636,MS008,Open Occitanie,2024,2,F,R16
2640,MS009,Open Occitanie,2024,2,F,R16
2639,MS013,Open Occitanie,2024,3,F,R16
2637,MS015,Open Occitanie,2024,3,F,R16
2643,MS018,Open Occitanie,2024,2,F,R32
2642,MS021,Open Occitanie,2024,2,F,R32
2663,MS023,Open Occitanie,2024,3,F,R32
2641,MS028,Open Occitanie,2024,3,F,R32
2644,MS030,Open Occitanie,2024,2,F,R32
2646,QS005,Open Occitanie,2024,2,F,Q2
2645,QS006,Open Occitanie,2024,3,F,Q2
2647,QS007,Open Occitanie,2024,2,F,Q2
2650,QS008,Open Occitanie,2024,2,F,Q1
2654,QS010,Open Occitanie,2024,2,F,Q1
2652,QS011,Open Occitanie,2024,2,F,Q1
2649,QS012,Open Occitanie,2024,3,F,Q1
2656,QS013,Open Occitanie,2024,3,F,Q1
2651,QS014,Open Occitanie,2024,2,F,Q1
2653,QS015,Open Occitanie,2024,2,F,Q1
3610,MS001,Open Parc,2024,3,F,F
3613,MS002,Open Parc,2024,2,F,SF
3611,MS003,Open Parc,2024,2,F,SF
3614,MS006,Open Parc,2024,3,F,QF
3612,MS007,Open Parc,2024,3,F,QF
3617,MS009,Open Parc,2024,2,F,R16
3615,MS010,Open Parc,2024,2,F,R16
3618,MS011,Open Parc,2024,2,F,R16
3616,MS013,Open Parc,2024,3,F,R16
3619,MS014,Open Parc,2024,2,F,R16
3633,MS015,Open Parc,2024,2,F,R16
3627,MS018,Open Parc,2024,2,F,R32
3620,MS019,Open Parc,2024,3,F,R32
3621,MS021,Open Parc,2024,2,F,R32
3625,MS022,Open Parc,2024,3,F,R32
3643,MS023,Open Parc,2024,2,F,R32
3624,MS025,Open Parc,2024,2,F,R32
3623,MS026,Open Parc,2024,2,F,R32
3628,MS030,Open Parc,2024,2,F,R32
3632,QS005,Open Parc,2024,2,F,Q2
3629,QS006,Open Parc,2024,2,F,Q2
3631,QS008,Open Parc,2024,2,F,Q1
3634,QS011,Open Parc,2024,3,F,Q1
3630,QS012,Open Parc,2024,2,F,Q1
4246,MS001,Plava Laguna Croatia Open Umag,2024,3,F,F
4248,MS002,Plava Laguna Croatia Open Umag,2024,2,F,SF
4249,MS003,Plava Laguna Croatia Open Umag,2024,2,F,SF
4250,MS004,Plava Laguna Croatia Open Umag,2024,3,F,QF
4251,MS005,Plava Laguna Croatia Open Umag,2024,3,F,QF
4254,MS006,Plava Laguna Croatia Open Umag,2024,2,F,QF
4252,MS007,Plava Laguna Croatia Open Umag,2024,3,F,QF
4253,MS008,Plava Laguna Croatia Open Umag,2024,2,F,R16
4259,MS009,Plava Laguna Croatia Open Umag,2024,2,F,R16
4257,MS010,Plava Laguna Croatia Open Umag,2024,2,F,R16
4260,MS011,Plava Laguna Croatia Open Umag,2024,2,F,R16
4256,MS012,Plava Laguna Croatia Open Umag,2024,2,F,R16
4258,MS014,Plava Laguna Croatia Open Umag,2024,2,F,R16
4255,MS015,Plava Laguna Croatia Open Umag,2024,2,F,R16
4270,MS017,Plava Laguna Croatia Open Umag,2024,2,F,R32
4269,MS018,Plava Laguna Croatia Open Umag,2024,3,F,R32
4264,MS019,Plava Laguna Croatia Open Umag,2024,3,F,R32
4267,MS022,Plava Laguna Croatia Open Umag,2024,3,F,R32
4262,MS023,Plava Laguna Croatia Open Umag,2024,2,F,R32
4261,MS024,Plava Laguna Croatia Open Umag,2024,2,F,R32
4266,MS025,Plava Laguna Croatia Open Umag,2024,2,F,R32
4263,MS028,Plava Laguna Croatia Open Umag,2024,2,F,R32
4265,MS029,Plava Laguna Croatia Open Umag,2024,3,F,R32
4271,QS004,Plava Laguna Croatia Open Umag,2024,2,F,Q2
4297,QS006,Plava Laguna Croatia Open Umag,2024,2,F,Q2
4292,QS013,Plava Laguna Croatia Open Umag,2024,2,F,Q1
2822,MS001,Qatar ExxonMobil Open,2024,2,F,F
2819,MS002,Qatar ExxonMobil Open,2024,3,F,SF
2821,MS003,Qatar ExxonMobil Open,2024,2,F,SF
2820,MS004,Qatar ExxonMobil Open,2024,2,F,QF
2824,MS005,Qatar ExxonMobil Open,2024,2,F,QF
2823,MS006,Qatar ExxonMobil Open,2024,2,F,QF
2847,MS010,Qatar ExxonMobil Open,2024,2,F,R16
2831,MS011,Qatar ExxonMobil Open,2024,3,F,R16
2832,MS012,Qatar ExxonMobil Open,2024,3,F,R16
2826,MS013,Qatar ExxonMobil Open,2024,3,F,R16
2825,MS015,Qatar ExxonMobil Open,2024,2,F,R16
2827,MS019,Qatar ExxonMobil Open,2024,2,F,R32
2834,MS021,Qatar ExxonMobil Open,2024,2,F,R32
2836,MS022,Qatar ExxonMobil Open,2024,2,F,R32
2830,MS023,Qatar ExxonMobil Open,2024,2,F,R32
2837,MS025,Qatar ExxonMobil Open,2024,3,F,R32
2829,MS026,Qatar ExxonMobil Open,2024,2,F,R32
2833,MS028,Qatar ExxonMobil Open,2024,2,F,R32
2835,MS030,Qatar ExxonMobil Open,2024,2,F,R32
2838,QS005,Qatar ExxonMobil Open,2024,2,F,Q2
2839,QS007,Qatar ExxonMobil Open,2024,2,F,Q2
2840,QS009,Qatar ExxonMobil Open,2024,3,F,Q1
2841,QS011,Qatar ExxonMobil Open,2024,2,F,Q1
2792,MS001,Rio Open presented by Claro,2024,2,F,F
2786,MS002,Rio Open presented by Claro,2024,2,F,SF
2785,MS003,Rio Open presented by Claro,2024,2,F,SF
2789,MS004,Rio Open presented by Claro,2024,3,F,QF
2790,MS005,Rio Open presented by Claro,2024,3,F,QF
2791,MS006,Rio Open presented by Claro,2024,3,F,QF
2784,MS007,Rio Open presented by Claro,2024,3,F,QF
2793,MS009,Rio Open presented by Claro,2024,2,F,R16
2795,MS011,Rio Open presented by Claro,2024,2,F,R16
2797,MS012,Rio Open presented by Claro,2024,2,F,R16
2796,MS013,Rio Open presented by Claro,2024,2,F,R16
2798,MS014,Rio Open presented by Claro,2024,3,F,R16
2794,MS015,Rio Open presented by Claro,2024,2,F,R16
2799,MS016,Rio Open presented by Claro,2024,1,F,R32
2801,MS018,Rio Open presented by Claro,2024,2,F,R32
2804,MS019,Rio Open presented by Claro,2024,2,F,R32
2800,MS020,Rio Open presented by Claro,2024,3,F,R32
2808,MS022,Rio Open presented by Claro,2024,3,F,R32
2803,MS024,Rio Open presented by Claro,2024,2,F,R32
2807,MS025,Rio Open presented by Claro,2024,3,F,R32
2828,MS027,Rio Open presented by Claro,2024,3,F,R32
2806,MS028,Rio Open presented by Claro,2024,2,F,R32
2811,MS029,Rio Open presented by Claro,2024,3,F,R32
2802,MS030,Rio Open presented by Claro,2024,2,F,R32
2805,MS031,Rio Open presented by Claro,2024,2,F,R32
2812,QS005,Rio Open presented by Claro,2024,2,F,Q2
2809,QS006,Rio Open presented by Claro,2024,2,F,Q2
2810,QS007,Rio Open presented by Claro,2024,2,F,Q2
2814,QS008,Rio Open presented by Claro,2024,2,F,Q1
2813,QS010,Rio Open presented by Claro,2024,2,F,Q1
2817,QS011,Rio Open presented by Claro,2024,2,F,Q1
2815,QS012,Rio Open presented by Claro,2024,3,F,Q1
2816,QS013,Rio Open presented by Claro,2024,2,F,Q1
2818,QS015,Rio Open presented by Claro,2024,2,F,Q1
3637,MS001,Roland Garros,2024,5,F,F
3636,MS002,Roland Garros,2024,4,F,SF
3639,MS003,Roland Garros,2024,5,F,SF
3641,MS005,Roland Garros,2024,3,F,QF
3638,MS006,Roland Garros,2024,3,F,QF
3635,MS007,Roland Garros,2024,3,F,QF
3644,MS008,Roland Garros,2024,5,F,R16
3647,MS009,Roland Garros,2024,4,F,R16
3645,MS010,Roland Garros,2024,5,F,R16
3646,MS011,Roland Garros,2024,4,F,R16
3650,MS012,Roland Garros,2024,4,F,R16
3648,MS013,Roland Garros,2024,3,F,R16
3649,MS014,Roland Garros,2024,3,F,R16
3642,MS015,Roland Garros,2024,4,F,R16
3652,MS016,Roland Garros,2024,5,F,R32
3684,MS017,Roland Garros,2024,4,F,R32
3656,MS019,Roland Garros,2024,4,F,R32
3651,MS020,Roland Garros,2024,5,F,R32
3675,MS022,Roland Garros,2024,4,F,R32
3674,MS023,Roland Garros,2024,4,F,R32
3655,MS024,Roland Garros,2024,3,F,R32
3658,MS025,Roland Garros,2024,3,F,R32
3659,MS026,Roland Garros,2024,3,F,R32
3654,MS027,Roland Garros,2024,3,F,R32
3657,MS028,Roland Garros,2024,4,F,R32
3679,MS029,Roland Garros,2024,4,F,R32
3662,MS030,Roland Garros,2024,4,F,R32
3653,MS031,Roland Garros,2024,3,F,R32
3660,MS032,Roland Garros,2024,3,F,R64
3685,MS033,Roland Garros,2024,3,F,R64
3677,MS034,Roland Garros,2024,3,F,R64
3670,MS036,Roland Garros,2024,4,F,R64
3682,MS038,Roland Garros,2024,4,F,R64
3663,MS039,Roland Garros,2024,5,F,R64
3704,MS040,Roland Garros,2024,3,F,R64
3680,MS041,Roland Garros,2024,3,F,R64
3671,MS043,Roland Garros,2024,5,F,R64
3669,MS044,Roland Garros,2024,3,F,R64
3673,MS045,Roland Garros,2024,3,F,R64
3683,MS046,Roland Garros,2024,5,F,R64
3689,MS047,Roland Garros,2024,2,F,R64
3664,MS048,Roland Garros,2024,3,F,R64
3686,MS049,Roland Garros,2024,3,F,R64
3690,MS050,Roland Garros,2024,4,F,R64
3665,MS051,Roland Garros,2024,4,F,R64
3676,MS053,Roland Garros,2024,4,F,R64
3681,MS054,Roland Garros,2024,4,F,R64
3661,MS055,Roland Garros,2024,4,F,R64
3667,MS056,Roland Garros,2024,4,F,R64
3678,MS057,Roland Garros,2024,4,F,R64
3666,MS059,Roland Garros,2024,3,F,R64
3687,MS060,Roland Garros,2024,4,F,R64
3672,MS061,Roland Garros,2024,5,F,R64
3688,MS062,Roland Garros,2024,4,F,R64
3691,MS064,Roland Garros,2024,3,F,R128
3727,MS066,Roland Garros,2024,4,F,R128
3713,MS067,Roland Garros,2024,3,F,R128
3705,MS068,Roland Garros,2024,3,F,R128
3726,MS069,Roland Garros,2024,5,F,R128
3722,MS073,Roland Garros,2024,5,F,R128
3702,MS075,Roland Garros,2024,4,F,R128
3711,MS076,Roland Garros,2024,4,F,R128
3731,MS077,Roland Garros,2024,3,F,R128
3717,MS078,Roland Garros,2024,4,F,R128
3719,MS081,Roland Garros,2024,5,F,R128
3715,MS082,Roland Garros,2024,3,F,R128
3708,MS083,Roland Garros,2024,4,F,R128
3701,MS084,Roland Garros,2024,3,F,R128
3716,MS086,Roland Garros,2024,4,F,R128
3696,MS087,Roland Garros,2024,3,F,R128
3695,MS088,Roland Garros,2024,3,F,R128
3729,MS089,Roland Garros,2024,4,F,R128
3736,MS090,Roland Garros,2024,3,F,R128
3712,MS092,Roland Garros,2024,4,F,R128
3721,MS093,Roland Garros,2024,3,F,R128
3720,MS094,Roland Garros,2024,4,F,R128
3692,MS096,Roland Garros,2024,4,F,R128
3723,MS097,Roland Garros,2024,5,F,R128
3728,MS098,Roland Garros,2024,3,F,R128
3710,MS099,Roland Garros,2024,4,F,R128
3699,MS100,Roland Garros,2024,4,F,R128
3737,MS101,Roland Garros,2024,4,F,R128
3714,MS102,Roland Garros,2024,5,F,R128
3693,MS103,Roland Garros,2024,3,F,R128
3697,MS104,Roland Garros,2024,4,F,R128
3700,MS107,Roland Garros,2024,3,F,R128
3709,MS108,Roland Garros,2024,3,F,R128
3718,MS110,Roland Garros,2024,5,F,R128
3725,MS112,Roland Garros,2024,5,F,R128
3732,MS114,Roland Garros,2024,3,F,R128
3706,MS115,Roland Garros,2024,5,F,R128
3707,MS116,Roland Garros,2024,4,F,R128
3724,MS118,Roland Garros,2024,3,F,R128
3694,MS119,Roland Garros,2024,3,F,R128
3698,MS120,Roland Garros,2024,4,F,R128
3730,MS122,Roland Garros,2024,5,F,R128
3703,MS123,Roland Garros,2024,5,F,R128
3733,MS124,Roland Garros,2024,5,F,R128
3744,QS016,Roland Garros,2024,3,F,Q3
3741,QS018,Roland Garros,2024,3,F,Q3
3734,QS021,Roland Garros,2024,2,F,Q3
3740,QS022,Roland Garros,2024,3,F,Q3
3743,QS026,Roland Garros,2024,2,F,Q3
3742,QS027,Roland Garros,2024,2,F,Q3
3735,QS028,Roland Garros,2024,2,F,Q3
3738,QS029,Roland Garros,2024,2,F,Q3
3739,QS030,Roland Garros,2024,2,F,Q3
3756,QS032,Roland Garros,2024,2,F,Q2
3750,QS037,Roland Garros,2024,2,F,Q2
3757,QS039,Roland Garros,2024,2,F,Q2
3753,QS040,Roland Garros,2024,2,F,Q2
3746,QS042,Roland Garros,2024,3,F,Q2
3751,QS045,Roland Garros,2024,2,F,Q2
3754,QS048,Roland Garros,2024,3,F,Q2
3755,QS054,Roland Garros,2024,2,F,Q2
3752,QS055,Roland Garros,2024,3,F,Q2
3745,QS056,Roland Garros,2024,2,F,Q2
3748,QS057,Roland Garros,2024,2,F,Q2
3749,QS061,Roland Garros,2024,2,F,Q2
3747,QS062,Roland Garros,2024,2,F,Q2
3758,QS064,Roland Garros,2024,3,F,Q1
3787,QS065,Roland Garros,2024,2,F,Q1
3781,QS066,Roland Garros,2024,2,F,Q1
3789,QS069,Roland Garros,2024,2,F,Q1
3771,QS071,Roland Garros,2024,2,F,Q1
3788,QS073,Roland Garros,2024,2,F,Q1
3790,QS074,Roland Garros,2024,3,F,Q1
3785,QS075,Roland Garros,2024,3,F,Q1
3783,QS077,Roland Garros,2024,3,F,Q1
3782,QS078,Roland Garros,2024,3,F,Q1
3768,QS079,Roland Garros,2024,3,F,Q1
3760,QS080,Roland Garros,2024,2,F,Q1
3793,QS081,Roland Garros,2024,3,F,Q1
3774,QS082,Roland Garros,2024,3,F,Q1
3761,QS084,Roland Garros,2024,2,F,Q1
3769,QS087,Roland Garros,2024,3,F,Q1
3786,QS089,Roland Garros,2024,3,F,Q1
3791,QS090,Roland Garros,2024,3,F,Q1
3777,QS091,Roland Garros,2024,2,F,Q1
3759,QS092,Roland Garros,2024,2,F,Q1
3770,QS095,Roland Garros,2024,3,F,Q1
3779,QS096,Roland Garros,2024,2,F,Q1
3778,QS097,Roland Garros,2024,3,F,Q1
3817,QS105,Roland Garros,2024,2,F,Q1
3773,QS107,Roland Garros,2024,2,F,Q1
3763,QS108,Roland Garros,2024,3,F,Q1
3776,QS109,Roland Garros,2024,2,F,Q1
3772,QS111,Roland Garros,2024,3,F,Q1
3762,QS112,Roland Garros,2024,2,F,Q1
3775,QS113,Roland Garros,2024,2,F,Q1
3765,QS115,Roland Garros,2024,2,F,Q1
3766,QS119,Roland Garros,2024,3,F,Q1
3767,QS123,Roland Garros,2024,2,F,Q1
3764,QS124,Roland Garros,2024,2,F,Q1
3780,QS125,Roland Garros,2024,2,F,Q1
3784,QS126,Roland Garros,2024,3,F,Q1
3226,MS001,Rolex Monte-Carlo Masters,2024,2,F,F
3218,MS002,Rolex Monte-Carlo Masters,2024,3,F,SF
3229,MS003,Rolex Monte-Carlo Masters,2024,3,F,SF
3228,MS004,Rolex Monte-Carlo Masters,2024,2,F,QF
3232,MS005,Rolex Monte-Carlo Masters,2024,3,F,QF
3267,MS006,Rolex Monte-Carlo Masters,2024,2,F,QF
3231,MS007,Rolex Monte-Carlo Masters,2024,3,F,QF
3239,MS008,Rolex Monte-Carlo Masters,2024,2,F,R16
3235,MS009,Rolex Monte-Carlo Masters,2024,2,F,R16
3245,MS010,Rolex Monte-Carlo Masters,2024,3,F,R16
3238,MS011,Rolex Monte-Carlo Masters,2024,2,F,R16
3237,MS012,Rolex Monte-Carlo Masters,2024,2,F,R16
3236,MS013,Rolex Monte-Carlo Masters,2024,2,F,R16
3243,MS014,Rolex Monte-Carlo Masters,2024,3,F,R16
3244,MS015,Rolex Monte-Carlo Masters,2024,2,F,R16
3241,MS016,Rolex Monte-Carlo Masters,2024,2,F,R32
3259,MS017,Rolex Monte-Carlo Masters,2024,2,F,R32
3250,MS018,Rolex Monte-Carlo Masters,2024,3,F,R32
3242,MS019,Rolex Monte-Carlo Masters,2024,2,F,R32
3255,MS020,Rolex Monte-Carlo Masters,2024,2,F,R32
3252,MS021,Rolex Monte-Carlo Masters,2024,2,F,R32
3249,MS022,Rolex Monte-Carlo Masters,2024,2,F,R32
3246,MS023,Rolex Monte-Carlo Masters,2024,2,F,R32
3247,MS024,Rolex Monte-Carlo Masters,2024,2,F,R32
3251,MS025,Rolex Monte-Carlo Masters,2024,2,F,R32
3254,MS026,Rolex Monte-Carlo Masters,2024,3,F,R32
3234,MS027,Rolex Monte-Carlo Masters,2024,2,F,R32
3240,MS028,Rolex Monte-Carlo Masters,2024,3,F,R32
3248,MS029,Rolex Monte-Carlo Masters,2024,2,F,R32
3233,MS031,Rolex Monte-Carlo Masters,2024,2,F,R32
3275,MS033,Rolex Monte-Carlo Masters,2024,2,F,R64
3266,MS034,Rolex Monte-Carlo Masters,2024,2,F,R64
3253,MS035,Rolex Monte-Carlo Masters,2024,2,F,R64
3261,MS036,Rolex Monte-Carlo Masters,2024,2,F,R64
3276,MS038,Rolex Monte-Carlo Masters,2024,3,F,R64
3263,MS041,Rolex Monte-Carlo Masters,2024,2,F,R64
3270,MS042,Rolex Monte-Carlo Masters,2024,3,F,R64
3256,MS044,Rolex Monte-Carlo Masters,2024,3,F,R64
3258,MS045,Rolex Monte-Carlo Masters,2024,2,F,R64
3279,MS046,Rolex Monte-Carlo Masters,2024,2,F,R64
3269,MS049,Rolex Monte-Carlo Masters,2024,2,F,R64
3265,MS050,Rolex Monte-Carlo Masters,2024,2,F,R64
3260,MS051,Rolex Monte-Carlo Masters,2024,2,F,R64
3264,MS052,Rolex Monte-Carlo Masters,2024,2,F,R64
3262,MS053,Rolex Monte-Carlo Masters,2024,2,F,R64
3272,MS054,Rolex Monte-Carlo Masters,2024,3,F,R64
3268,MS057,Rolex Monte-Carlo Masters,2024,3,F,R64
3330,MS058,Rolex Monte-Carlo Masters,2024,2,F,R64
3257,MS059,Rolex Monte-Carlo Masters,2024,2,F,R64
3278,MS061,Rolex Monte-Carlo Masters,2024,3,F,R64
3273,MS062,Rolex Monte-Carlo Masters,2024,2,F,R64
3271,QS008,Rolex Monte-Carlo Masters,2024,3,F,Q2
3277,QS009,Rolex Monte-Carlo Masters,2024,2,F,Q2
3274,QS010,Rolex Monte-Carlo Masters,2024,3,F,Q2
3280,QS012,Rolex Monte-Carlo Masters,2024,3,F,Q2
3282,QS013,Rolex Monte-Carlo Masters,2024,3,F,Q2
3281,QS014,Rolex Monte-Carlo Masters,2024,3,F,Q2
3283,QS016,Rolex Monte-Carlo Masters,2024,3,F,Q1
3288,QS017,Rolex Monte-Carlo Masters,2024,1,F,Q1
3284,QS018,Rolex Monte-Carlo Masters,2024,3,F,Q1
3286,QS019,Rolex Monte-Carlo Masters,2024,2,F,Q1
3287,QS021,Rolex Monte-Carlo Masters,2024,2,F,Q1
3315,QS024,Rolex Monte-Carlo Masters,2024,2,F,Q1
3285,QS028,Rolex Monte-Carlo Masters,2024,3,F,Q1
5169,MS001,Rolex Paris Masters,2024,2,F,F
5138,MS002,Rolex Paris Masters,2024,2,F,SF
5141,MS003,Rolex Paris Masters,2024,3,F,SF
5139,MS004,Rolex Paris Masters,2024,3,F,QF
5140,MS005,Rolex Paris Masters,2024,2,F,QF
5168,MS006,Rolex Paris Masters,2024,2,F,QF
5142,MS007,Rolex Paris Masters,2024,2,F,QF
5147,MS008,Rolex Paris Masters,2024,3,F,R16
5171,MS009,Rolex Paris Masters,2024,3,F,R16
5144,MS010,Rolex Paris Masters,2024,3,F,R16
5145,MS011,Rolex Paris Masters,2024,3,F,R16
5178,MS012,Rolex Paris Masters,2024,3,F,R16
5146,MS013,Rolex Paris Masters,2024,2,F,R16
5149,MS014,Rolex Paris Masters,2024,2,F,R16
5143,MS015,Rolex Paris Masters,2024,3,F,R16
5179,MS016,Rolex Paris Masters,2024,2,F,R32
5174,MS017,Rolex Paris Masters,2024,2,F,R32
5154,MS018,Rolex Paris Masters,2024,2,F,R32
5151,MS019,Rolex Paris Masters,2024,3,F,R32
5150,MS020,Rolex Paris Masters,2024,2,F,R32
5157,MS021,Rolex Paris Masters,2024,2,F,R32
5155,MS022,Rolex Paris Masters,2024,2,F,R32
5173,MS023,Rolex Paris Masters,2024,2,F,R32
5153,MS024,Rolex Paris Masters,2024,3,F,R32
5160,MS025,Rolex Paris Masters,2024,2,F,R32
5158,MS026,Rolex Paris Masters,2024,3,F,R32
5163,MS027,Rolex Paris Masters,2024,3,F,R32
5152,MS028,Rolex Paris Masters,2024,3,F,R32
5159,MS029,Rolex Paris Masters,2024,3,F,R32
5156,MS030,Rolex Paris Masters,2024,2,F,R32
5148,MS031,Rolex Paris Masters,2024,2,F,R32
5193,MS033,Rolex Paris Masters,2024,3,F,R64
5164,MS035,Rolex Paris Masters,2024,2,F,R64
5161,MS036,Rolex Paris Masters,2024,2,F,R64
5188,MS037,Rolex Paris Masters,2024,3,F,R64
5180,MS038,Rolex Paris Masters,2024,2,F,R64
5182,MS041,Rolex Paris Masters,2024,2,F,R64
5185,MS042,Rolex Paris Masters,2024,2,F,R64
5170,MS043,Rolex Paris Masters,2024,2,F,R64
5162,MS044,Rolex Paris Masters,2024,3,F,R64
5195,MS045,Rolex Paris Masters,2024,3,F,R64
5215,MS046,Rolex Paris Masters,2024,2,F,R64
5184,MS049,Rolex Paris Masters,2024,2,F,R64
5194,MS050,Rolex Paris Masters,2024,2,F,R64
5189,MS051,Rolex Paris Masters,2024,2,F,R64
5177,MS052,Rolex Paris Masters,2024,3,F,R64
5187,MS053,Rolex Paris Masters,2024,3,F,R64
5186,MS054,Rolex Paris Masters,2024,2,F,R64
5197,MS057,Rolex Paris Masters,2024,2,F,R64
5175,MS059,Rolex Paris Masters,2024,2,F,R64
5172,MS060,Rolex Paris Masters,2024,3,F,R64
5181,MS061,Rolex Paris Masters,2024,2,F,R64
5183,MS062,Rolex Paris Masters,2024,2,F,R64
5199,QS008,Rolex Paris Masters,2024,3,F,Q2
5190,QS009,Rolex Paris Masters,2024,3,F,Q2
5192,QS010,Rolex Paris Masters,2024,3,F,Q2
5196,QS011,Rolex Paris Masters,2024,2,F,Q2
5198,QS012,Rolex Paris Masters,2024,1,F,Q2
5200,QS013,Rolex Paris Masters,2024,3,F,Q2
5210,QS016,Rolex Paris Masters,2024,2,F,Q1
5209,QS017,Rolex Paris Masters,2024,2,F,Q1
5204,QS018,Rolex Paris Masters,2024,3,F,Q1
5212,QS019,Rolex Paris Masters,2024,2,F,Q1
5201,QS020,Rolex Paris Masters,2024,2,F,Q1
5207,QS021,Rolex Paris Masters,2024,2,F,Q1
5205,QS022,Rolex Paris Masters,2024,3,F,Q1
5202,QS023,Rolex Paris Masters,2024,2,F,Q1
5206,QS024,Rolex Paris Masters,2024,3,F,Q1
5213,QS025,Rolex Paris Masters,2024,1,F,Q1
5203,QS026,Rolex Paris Masters,2024,2,F,Q1
5211,QS027,Rolex Paris Masters,2024,2,F,Q1
5208,QS028,Rolex Paris Masters,2024,3,F,Q1
4863,MS001,Rolex Shanghai Masters,2024,2,F,F
4867,MS002,Rolex Shanghai Masters,2024,2,F,SF
4866,MS003,Rolex Shanghai Masters,2024,2,F,SF
4870,MS004,Rolex Shanghai Masters,2024,2,F,QF
4868,MS005,Rolex Shanghai Masters,2024,2,F,QF
4871,MS006,Rolex Shanghai Masters,2024,3,F,QF
4873,MS007,Rolex Shanghai Masters,2024,2,F,QF
4909,MS008,Rolex Shanghai Masters,2024,2,F,R16
4876,MS009,Rolex Shanghai Masters,2024,2,F,R16
4875,MS010,Rolex Shanghai Masters,2024,2,F,R16
4880,MS011,Rolex Shanghai Masters,2024,3,F,R16
4884,MS012,Rolex Shanghai Masters,2024,3,F,R16
4874,MS013,Rolex Shanghai Masters,2024,2,F,R16
4881,MS014,Rolex Shanghai Masters,2024,2,F,R16
4877,MS015,Rolex Shanghai Masters,2024,2,F,R16
4883,MS016,Rolex Shanghai Masters,2024,3,F,R32
4893,MS017,Rolex Shanghai Masters,2024,2,F,R32
4890,MS018,Rolex Shanghai Masters,2024,2,F,R32
4887,MS019,Rolex Shanghai Masters,2024,3,F,R32
4882,MS020,Rolex Shanghai Masters,2024,2,F,R32
4895,MS021,Rolex Shanghai Masters,2024,3,F,R32
4892,MS022,Rolex Shanghai Masters,2024,3,F,R32
4934,MS023,Rolex Shanghai Masters,2024,2,F,R32
4901,MS024,Rolex Shanghai Masters,2024,3,F,R32
4886,MS025,Rolex Shanghai Masters,2024,2,F,R32
4891,MS026,Rolex Shanghai Masters,2024,3,F,R32
4885,MS027,Rolex Shanghai Masters,2024,2,F,R32
4888,MS028,Rolex Shanghai Masters,2024,2,F,R32
4894,MS029,Rolex Shanghai Masters,2024,2,F,R32
4898,MS030,Rolex Shanghai Masters,2024,3,F,R32
4879,MS031,Rolex Shanghai Masters,2024,3,F,R32
4897,MS032,Rolex Shanghai Masters,2024,2,F,R64
4958,MS033,Rolex Shanghai Masters,2024,3,F,R64
4919,MS034,Rolex Shanghai Masters,2024,2,F,R64
4911,MS035,Rolex Shanghai Masters,2024,2,F,R64
4914,MS037,Rolex Shanghai Masters,2024,2,F,R64
4925,MS038,Rolex Shanghai Masters,2024,3,F,R64
4905,MS039,Rolex Shanghai Masters,2024,2,F,R64
4902,MS040,Rolex Shanghai Masters,2024,2,F,R64
4921,MS041,Rolex Shanghai Masters,2024,2,F,R64
4918,MS042,Rolex Shanghai Masters,2024,3,F,R64
4913,MS043,Rolex Shanghai Masters,2024,2,F,R64
4915,MS045,Rolex Shanghai Masters,2024,2,F,R64
4926,MS046,Rolex Shanghai Masters,2024,3,F,R64
4904,MS047,Rolex Shanghai Masters,2024,2,F,R64
4906,MS048,Rolex Shanghai Masters,2024,3,F,R64
4922,MS049,Rolex Shanghai Masters,2024,2,F,R64
4917,MS050,Rolex Shanghai Masters,2024,2,F,R64
4907,MS051,Rolex Shanghai Masters,2024,3,F,R64
4910,MS052,Rolex Shanghai Masters,2024,2,F,R64
4916,MS053,Rolex Shanghai Masters,2024,2,F,R64
4924,MS054,Rolex Shanghai Masters,2024,3,F,R64
4900,MS055,Rolex Shanghai Masters,2024,2,F,R64
4903,MS056,Rolex Shanghai Masters,2024,2,F,R64
4927,MS057,Rolex Shanghai Masters,2024,2,F,R64
4929,MS058,Rolex Shanghai Masters,2024,2,F,R64
4908,MS059,Rolex Shanghai Masters,2024,3,F,R64
4912,MS060,Rolex Shanghai Masters,2024,3,F,R64
4923,MS061,Rolex Shanghai Masters,2024,2,F,R64
4920,MS062,Rolex Shanghai Masters,2024,2,F,R64
4899,MS063,Rolex Shanghai Masters,2024,2,F,R64
4951,MS066,Rolex Shanghai Masters,2024,2,F,R128
4932,MS069,Rolex Shanghai Masters,2024,3,F,R128
4947,MS070,Rolex Shanghai Masters,2024,2,F,R128
4944,MS074,Rolex Shanghai Masters,2024,3,F,R128
4950,MS077,Rolex Shanghai Masters,2024,3,F,R128
4948,MS078,Rolex Shanghai Masters,2024,3,F,R128
4973,MS081,Rolex Shanghai Masters,2024,2,F,R128
4954,MS082,Rolex Shanghai Masters,2024,2,F,R128
4943,MS085,Rolex Shanghai Masters,2024,2,F,R128
4933,MS086,Rolex Shanghai Masters,2024,2,F,R128
4945,MS090,Rolex Shanghai Masters,2024,2,F,R128
4935,MS093,Rolex Shanghai Masters,2024,2,F,R128
4949,MS094,Rolex Shanghai Masters,2024,3,F,R128
4938,MS097,Rolex Shanghai Masters,2024,3,F,R128
4936,MS101,Rolex Shanghai Masters,2024,2,F,R128
4930,MS102,Rolex Shanghai Masters,2024,2,F,R128
4955,MS105,Rolex Shanghai Masters,2024,1,F,R128
4946,MS106,Rolex Shanghai Masters,2024,2,F,R128
4952,MS109,Rolex Shanghai Masters,2024,2,F,R128
4941,MS110,Rolex Shanghai Masters,2024,2,F,R128
4961,MS113,Rolex Shanghai Masters,2024,2,F,R128
4953,MS114,Rolex Shanghai Masters,2024,3,F,R128
4942,MS117,Rolex Shanghai Masters,2024,2,F,R128
4931,MS118,Rolex Shanghai Masters,2024,2,F,R128
4937,MS121,Rolex Shanghai Masters,2024,2,F,R128
4940,MS122,Rolex Shanghai Masters,2024,2,F,R128
4939,MS125,Rolex Shanghai Masters,2024,3,F,R128
4928,MS126,Rolex Shanghai Masters,2024,2,F,R128
4982,QS016,Rolex Shanghai Masters,2024,3,F,Q2
4956,QS017,Rolex Shanghai Masters,2024,2,F,Q2
4957,QS018,Rolex Shanghai Masters,2024,3,F,Q2
4959,QS021,Rolex Shanghai Masters,2024,2,F,Q2
4960,QS023,Rolex Shanghai Masters,2024,3,F,Q2
4962,QS024,Rolex Shanghai Masters,2024,2,F,Q2
4965,QS032,Rolex Shanghai Masters,2024,2,F,Q1
4972,QS033,Rolex Shanghai Masters,2024,3,F,Q1
4975,QS035,Rolex Shanghai Masters,2024,2,F,Q1
4964,QS036,Rolex Shanghai Masters,2024,2,F,Q1
4963,QS040,Rolex Shanghai Masters,2024,2,F,Q1
4966,QS042,Rolex Shanghai Masters,2024,2,F,Q1
4976,QS043,Rolex Shanghai Masters,2024,3,F,Q1
4968,QS044,Rolex Shanghai Masters,2024,2,F,Q1
4967,QS046,Rolex Shanghai Masters,2024,2,F,Q1
4969,QS048,Rolex Shanghai Masters,2024,2,F,Q1
4974,QS049,Rolex Shanghai Masters,2024,2,F,Q1
4971,QS052,Rolex Shanghai Masters,2024,3,F,Q1
4970,QS055,Rolex Shanghai Masters,2024,2,F,Q1
3936,MS002,Rothesay International,2024,2,F,SF
3937,MS004,Rothesay International,2024,2,F,QF
3938,MS005,Rothesay International,2024,3,F,QF
3957,MS007,Rothesay International,2024,3,F,QF
3956,MS008,Rothesay International,2024,2,F,R16
3959,MS010,Rothesay International,2024,2,F,R16
3942,MS011,Rothesay International,2024,3,F,R16
3939,MS013,Rothesay International,2024,2,F,R16
3943,MS014,Rothesay International,2024,3,F,R16
3940,MS015,Rothesay International,2024,3,F,R16
3949,MS017,Rothesay International,2024,2,F,R32
3945,MS019,Rothesay International,2024,3,F,R32
3962,MS021,Rothesay International,2024,2,F,R32
3947,MS022,Rothesay International,2024,2,F,R32
3941,MS023,Rothesay International,2024,2,F,R32
3951,MS024,Rothesay International,2024,2,F,R32
3960,MS026,Rothesay International,2024,2,F,R32
3944,MS028,Rothesay International,2024,2,F,R32
3948,MS029,Rothesay International,2024,2,F,R32
3946,MS030,Rothesay International,2024,2,F,R32
3984,QS004,Rothesay International,2024,3,F,Q2
3950,QS005,Rothesay International,2024,2,F,Q2
3961,QS007,Rothesay International,2024,2,F,Q2
3952,QS008,Rothesay International,2024,2,F,Q1
3968,QS009,Rothesay International,2024,3,F,Q1
3954,QS011,Rothesay International,2024,2,F,Q1
3965,QS012,Rothesay International,2024,3,F,Q1
3963,QS014,Rothesay International,2024,3,F,Q1
5100,MS001,Swiss Indoors Basel,2024,2,F,F
5101,MS002,Swiss Indoors Basel,2024,2,F,SF
5098,MS003,Swiss Indoors Basel,2024,2,F,SF
5107,MS004,Swiss Indoors Basel,2024,3,F,QF
5102,MS005,Swiss Indoors Basel,2024,2,F,QF
5110,MS006,Swiss Indoors Basel,2024,2,F,QF
5103,MS007,Swiss Indoors Basel,2024,3,F,QF
5105,MS008,Swiss Indoors Basel,2024,2,F,R16
5108,MS009,Swiss Indoors Basel,2024,2,F,R16
5106,MS010,Swiss Indoors Basel,2024,2,F,R16
5111,MS011,Swiss Indoors Basel,2024,2,F,R16
5109,MS012,Swiss Indoors Basel,2024,3,F,R16
5104,MS013,Swiss Indoors Basel,2024,2,F,R16
5112,MS014,Swiss Indoors Basel,2024,2,F,R16
5114,MS015,Swiss Indoors Basel,2024,2,F,R16
5118,MS016,Swiss Indoors Basel,2024,2,F,R32
5126,MS017,Swiss Indoors Basel,2024,2,F,R32
5130,MS018,Swiss Indoors Basel,2024,3,F,R32
5125,MS019,Swiss Indoors Basel,2024,2,F,R32
5115,MS020,Swiss Indoors Basel,2024,3,F,R32
5129,MS021,Swiss Indoors Basel,2024,3,F,R32
5122,MS022,Swiss Indoors Basel,2024,2,F,R32
5120,MS023,Swiss Indoors Basel,2024,2,F,R32
5119,MS024,Swiss Indoors Basel,2024,3,F,R32
5121,MS025,Swiss Indoors Basel,2024,3,F,R32
5128,MS026,Swiss Indoors Basel,2024,2,F,R32
5116,MS027,Swiss Indoors Basel,2024,2,F,R32
5124,MS028,Swiss Indoors Basel,2024,2,F,R32
5127,MS029,Swiss Indoors Basel,2024,2,F,R32
5123,MS030,Swiss Indoors Basel,2024,2,F,R32
5117,MS031,Swiss Indoors Basel,2024,3,F,R32
5131,QS004,Swiss Indoors Basel,2024,2,F,Q2
5133,QS005,Swiss Indoors Basel,2024,3,F,Q2
5132,QS006,Swiss Indoors Basel,2024,2,F,Q2
5176,QS007,Swiss Indoors Basel,2024,2,F,Q2
5165,QS008,Swiss Indoors Basel,2024,3,F,Q1
5166,QS009,Swiss Indoors Basel,2024,3,F,Q1
5136,QS010,Swiss Indoors Basel,2024,2,F,Q1
5137,QS011,Swiss Indoors Basel,2024,3,F,Q1
5134,QS012,Swiss Indoors Basel,2024,2,F,Q1
5135,QS014,Swiss Indoors Basel,2024,2,F,Q1
5167,QS015,Swiss Indoors Basel,2024,3,F,Q1
3843,MS001,Terra Wortmann Open,2024,2,F,F
3844,MS002,Terra Wortmann Open,2024,2,F,SF
3845,MS003,Terra Wortmann Open,2024,2,F,SF
3846,MS004,Terra Wortmann Open,2024,3,F,QF
3849,MS006,Terra Wortmann Open,2024,2,F,QF
3848,MS007,Terra Wortmann Open,2024,3,F,QF
3859,MS008,Terra Wortmann Open,2024,3,F,R16
3853,MS009,Terra Wortmann Open,2024,2,F,R16
3851,MS010,Terra Wortmann Open,2024,3,F,R16
3850,MS012,Terra Wortmann Open,2024,2,F,R16
3854,MS013,Terra Wortmann Open,2024,3,F,R16
3852,MS015,Terra Wortmann Open,2024,2,F,R16
3855,MS016,Terra Wortmann Open,2024,3,F,R32
3864,MS017,Terra Wortmann Open,2024,3,F,R32
3895,MS018,Terra Wortmann Open,2024,3,F,R32
3861,MS019,Terra Wortmann Open,2024,2,F,R32
3858,MS020,Terra Wortmann Open,2024,2,F,R32
3867,MS021,Terra Wortmann Open,2024,3,F,R32
3857,MS024,Terra Wortmann Open,2024,2,F,R32
3863,MS025,Terra Wortmann Open,2024,2,F,R32
3862,MS026,Terra Wortmann Open,2024,2,F,R32
3860,MS027,Terra Wortmann Open,2024,2,F,R32
3865,MS029,Terra Wortmann Open,2024,2,F,R32
3866,MS030,Terra Wortmann Open,2024,2,F,R32
3869,QS004,Terra Wortmann Open,2024,2,F,Q2
3868,QS006,Terra Wortmann Open,2024,2,F,Q2
3870,QS008,Terra Wortmann Open,2024,2,F,Q1
3871,QS011,Terra Wortmann Open,2024,2,F,Q1
3872,QS013,Terra Wortmann Open,2024,2,F,Q1
3339,MS001,Tiriac Open,2024,2,F,F
3337,MS003,Tiriac Open,2024,2,F,SF
3342,MS004,Tiriac Open,2024,3,F,QF
3338,MS006,Tiriac Open,2024,3,F,QF
3343,MS007,Tiriac Open,2024,3,F,QF
3347,MS009,Tiriac Open,2024,3,F,R16
3345,MS011,Tiriac Open,2024,3,F,R16
3346,MS012,Tiriac Open,2024,2,F,R16
3344,MS013,Tiriac Open,2024,2,F,R16
3349,MS014,Tiriac Open,2024,3,F,R16
3341,MS015,Tiriac Open,2024,2,F,R16
3355,MS018,Tiriac Open,2024,3,F,R32
3351,MS019,Tiriac Open,2024,2,F,R32
3358,MS022,Tiriac Open,2024,3,F,R32
3352,MS023,Tiriac Open,2024,3,F,R32
3348,MS024,Tiriac Open,2024,2,F,R32
3353,MS025,Tiriac Open,2024,3,F,R32
3385,MS026,Tiriac Open,2024,3,F,R32
3350,MS028,Tiriac Open,2024,3,F,R32
3354,MS029,Tiriac Open,2024,2,F,R32
3356,MS030,Tiriac Open,2024,2,F,R32
3359,QS004,Tiriac Open,2024,2,F,Q2
3357,QS006,Tiriac Open,2024,2,F,Q2
3360,QS007,Tiriac Open,2024,2,F,Q2
3361,QS008,Tiriac Open,2024,2,F,Q1
3363,QS009,Tiriac Open,2024,3,F,Q1
3362,QS012,Tiriac Open,2024,2,F,Q1
3364,QS013,Tiriac Open,2024,2,F,Q1
4546,MS001,US Open,2024,3,F,F
4549,MS002,US Open,2024,3,F,SF
4543,MS003,US Open,2024,5,F,SF
4544,MS004,US Open,2024,4,F,QF
4545,MS005,US Open,2024,3,F,QF
4550,MS006,US Open,2024,4,F,QF
4548,MS007,US Open,2024,4,F,QF
4551,MS008,US Open,2024,3,F,R16
4552,MS009,US Open,2024,3,F,R16
4556,MS010,US Open,2024,3,F,R16
4558,MS011,US Open,2024,4,F,R16
4553,MS012,US Open,2024,4,F,R16
4547,MS013,US Open,2024,4,F,R16
4554,MS014,US Open,2024,5,F,R16
4555,MS015,US Open,2024,4,F,R16
4557,MS016,US Open,2024,3,F,R32
4567,MS017,US Open,2024,4,F,R32
4572,MS018,US Open,2024,5,F,R32
4561,MS019,US Open,2024,3,F,R32
4574,MS020,US Open,2024,3,F,R32
4571,MS021,US Open,2024,3,F,R32
4564,MS022,US Open,2024,4,F,R32
4569,MS023,US Open,2024,3,F,R32
4600,MS024,US Open,2024,5,F,R32
4566,MS025,US Open,2024,3,F,R32
4570,MS026,US Open,2024,4,F,R32
4562,MS027,US Open,2024,4,F,R32
4563,MS028,US Open,2024,3,F,R32
4565,MS029,US Open,2024,3,F,R32
4568,MS030,US Open,2024,5,F,R32
4559,MS031,US Open,2024,4,F,R32
4573,MS032,US Open,2024,3,F,R64
4602,MS033,US Open,2024,4,F,R64
4592,MS034,US Open,2024,4,F,R64
4599,MS037,US Open,2024,5,F,R64
4594,MS038,US Open,2024,4,F,R64
4578,MS039,US Open,2024,3,F,R64
4576,MS040,US Open,2024,3,F,R64
4590,MS041,US Open,2024,3,F,R64
4597,MS042,US Open,2024,4,F,R64
4620,MS043,US Open,2024,3,F,R64
4581,MS044,US Open,2024,3,F,R64
4596,MS045,US Open,2024,3,F,R64
4595,MS046,US Open,2024,3,F,R64
4582,MS047,US Open,2024,3,F,R64
4583,MS048,US Open,2024,4,F,R64
4604,MS049,US Open,2024,3,F,R64
4589,MS050,US Open,2024,4,F,R64
4584,MS051,US Open,2024,3,F,R64
4603,MS052,US Open,2024,3,F,R64
4588,MS053,US Open,2024,5,F,R64
4593,MS054,US Open,2024,5,F,R64
4577,MS055,US Open,2024,3,F,R64
4579,MS056,US Open,2024,5,F,R64
4598,MS057,US Open,2024,5,F,R64
4587,MS058,US Open,2024,2,F,R64
4580,MS059,US Open,2024,3,F,R64
4585,MS060,US Open,2024,3,F,R64
4586,MS061,US Open,2024,3,F,R64
4591,MS062,US Open,2024,3,F,R64
4575,MS063,US Open,2024,3,F,R64
4601,MS064,US Open,2024,4,F,R128
4666,MS065,US Open,2024,3,F,R128
4636,MS066,US Open,2024,3,F,R128
4627,MS067,US Open,2024,4,F,R128
4621,MS068,US Open,2024,4,F,R128
4643,MS069,US Open,2024,4,F,R128
4613,MS071,US Open,2024,4,F,R128
4652,MS074,US Open,2024,5,F,R128
4618,MS075,US Open,2024,3,F,R128
4632,MS076,US Open,2024,4,F,R128
4633,MS077,US Open,2024,5,F,R128
4649,MS078,US Open,2024,5,F,R128
4606,MS079,US Open,2024,4,F,R128
4607,MS080,US Open,2024,4,F,R128
4653,MS081,US Open,2024,3,F,R128
4637,MS082,US Open,2024,3,F,R128
4625,MS083,US Open,2024,3,F,R128
4624,MS084,US Open,2024,3,F,R128
4614,MS087,US Open,2024,3,F,R128
4610,MS088,US Open,2024,4,F,R128
4654,MS089,US Open,2024,4,F,R128
4651,MS090,US Open,2024,4,F,R128
4623,MS091,US Open,2024,5,F,R128
4630,MS092,US Open,2024,3,F,R128
4609,MS095,US Open,2024,3,F,R128
4634,MS096,US Open,2024,3,F,R128
4638,MS098,US Open,2024,5,F,R128
4626,MS099,US Open,2024,5,F,R128
4619,MS100,US Open,2024,3,F,R128
4640,MS101,US Open,2024,4,F,R128
4612,MS103,US Open,2024,3,F,R128
4617,MS104,US Open,2024,3,F,R128
4642,MS105,US Open,2024,3,F,R128
4646,MS106,US Open,2024,5,F,R128
4616,MS107,US Open,2024,4,F,R128
4629,MS108,US Open,2024,4,F,R128
4639,MS109,US Open,2024,3,F,R128
4650,MS110,US Open,2024,4,F,R128
4608,MS112,US Open,2024,3,F,R128
4647,MS114,US Open,2024,4,F,R128
4631,MS115,US Open,2024,4,F,R128
4622,MS116,US Open,2024,4,F,R128
4644,MS117,US Open,2024,3,F,R128
4645,MS118,US Open,2024,4,F,R128
4611,MS119,US Open,2024,3,F,R128
4635,MS121,US Open,2024,3,F,R128
4615,MS123,US Open,2024,4,F,R128
4628,MS124,US Open,2024,3,F,R128
4648,MS125,US Open,2024,5,F,R128
4641,MS126,US Open,2024,5,F,R128
4605,MS127,US Open,2024,3,F,R128
4662,QS019,US Open,2024,3,F,Q3
4657,QS021,US Open,2024,3,F,Q3
4655,QS022,US Open,2024,3,F,Q3
4686,QS023,US Open,2024,2,F,Q3
4663,QS024,US Open,2024,3,F,Q3
4659,QS025,US Open,2024,3,F,Q3
4656,QS027,US Open,2024,2,F,Q3
4661,QS029,US Open,2024,2,F,Q3
4660,QS030,US Open,2024,2,F,Q3
4658,QS031,US Open,2024,3,F,Q3
4680,QS034,US Open,2024,2,F,Q2
4670,QS037,US Open,2024,2,F,Q2
4675,QS038,US Open,2024,2,F,Q2
4674,QS039,US Open,2024,3,F,Q2
4682,QS041,US Open,2024,3,F,Q2
4665,QS042,US Open,2024,2,F,Q2
4685,QS043,US Open,2024,2,F,Q2
4689,QS044,US Open,2024,2,F,Q2
4681,QS045,US Open,2024,3,F,Q2
4683,QS046,US Open,2024,3,F,Q2
4677,QS047,US Open,2024,3,F,Q2
4676,QS048,US Open,2024,2,F,Q2
4664,QS050,US Open,2024,3,F,Q2
4696,QS051,US Open,2024,2,F,Q2
4673,QS053,US Open,2024,3,F,Q2
4668,QS054,US Open,2024,2,F,Q2
4672,QS055,US Open,2024,2,F,Q2
4667,QS056,US Open,2024,2,F,Q2
4671,QS059,US Open,2024,2,F,Q2
4679,QS060,US Open,2024,3,F,Q2
4678,QS061,US Open,2024,2,F,Q2
4669,QS062,US Open,2024,2,F,Q2
4710,QS066,US Open,2024,2,F,Q1
4684,QS068,US Open,2024,2,F,Q1
4714,QS069,US Open,2024,3,F,Q1
4699,QS071,US Open,2024,2,F,Q1
4720,QS073,US Open,2024,2,F,Q1
4698,QS075,US Open,2024,2,F,Q1
4687,QS076,US Open,2024,3,F,Q1
4707,QS077,US Open,2024,3,F,Q1
4718,QS078,US Open,2024,3,F,Q1
4704,QS079,US Open,2024,2,F,Q1
4716,QS081,US Open,2024,2,F,Q1
4721,QS082,US Open,2024,3,F,Q1
4701,QS083,US Open,2024,2,F,Q1
4688,QS084,US Open,2024,2,F,Q1
4724,QS085,US Open,2024,2,F,Q1
4723,QS086,US Open,2024,2,F,Q1
4697,QS087,US Open,2024,3,F,Q1
4690,QS088,US Open,2024,3,F,Q1
4709,QS089,US Open,2024,3,F,Q1
4725,QS090,US Open,2024,2,F,Q1
4700,QS091,US Open,2024,3,F,Q1
4692,QS092,US Open,2024,2,F,Q1
4711,QS094,US Open,2024,3,F,Q1
4722,QS095,US Open,2024,2,F,Q1
4691,QS096,US Open,2024,3,F,Q1
4706,QS101,US Open,2024,3,F,Q1
4719,QS102,US Open,2024,3,F,Q1
4708,QS103,US Open,2024,3,F,Q1
4693,QS104,US Open,2024,2,F,Q1
4717,QS106,US Open,2024,2,F,Q1
4702,QS107,US Open,2024,2,F,Q1
4715,QS110,US Open,2024,3,F,Q1
4703,QS111,US Open,2024,2,F,Q1
4705,QS115,US Open,2024,3,F,Q1
4694,QS120,US Open,2024,3,F,Q1
4712,QS121,US Open,2024,3,F,Q1
4713,QS122,US Open,2024,2,F,Q1
4695,QS127,US Open,2024,3,F,Q1
3955,MS001,Wimbledon,2024,3,F,F
3972,MS002,Wimbledon,2024,4,F,SF
3958,MS003,Wimbledon,2024,3,F,SF
3964,MS004,Wimbledon,2024,5,F,QF
4000,MS005,Wimbledon,2024,4,F,QF
3978,MS006,Wimbledon,2024,5,F,QF
3966,MS008,Wimbledon,2024,3,F,R16
3980,MS009,Wimbledon,2024,1,F,R16
3967,MS010,Wimbledon,2024,4,F,R16
3971,MS011,Wimbledon,2024,3,F,R16
3977,MS012,Wimbledon,2024,4,F,R16
3974,MS013,Wimbledon,2024,5,F,R16
3969,MS014,Wimbledon,2024,4,F,R16
3970,MS015,Wimbledon,2024,3,F,R16
3975,MS016,Wimbledon,2024,3,F,R32
3986,MS017,Wimbledon,2024,5,F,R32
3982,MS018,Wimbledon,2024,3,F,R32
3981,MS019,Wimbledon,2024,4,F,R32
3976,MS020,Wimbledon,2024,5,F,R32
3991,MS021,Wimbledon,2024,4,F,R32
3983,MS022,Wimbledon,2024,3,F,R32
3989,MS024,Wimbledon,2024,4,F,R32
3987,MS026,Wimbledon,2024,3,F,R32
3973,MS027,Wimbledon,2024,3,F,R32
3990,MS028,Wimbledon,2024,5,F,R32
3985,MS030,Wimbledon,2024,5,F,R32
3979,MS031,Wimbledon,2024,4,F,R32
3988,MS032,Wimbledon,2024,4,F,R64
4003,MS033,Wimbledon,2024,5,F,R64
4018,MS034,Wimbledon,2024,5,F,R64
4001,MS035,Wimbledon,2024,5,F,R64
3998,MS036,Wimbledon,2024,5,F,R64
4011,MS037,Wimbledon,2024,3,F,R64
4010,MS038,Wimbledon,2024,4,F,R64
3996,MS039,Wimbledon,2024,4,F,R64
3993,MS040,Wimbledon,2024,3,F,R64
4016,MS042,Wimbledon,2024,3,F,R64
4005,MS043,Wimbledon,2024,3,F,R64
3999,MS044,Wimbledon,2024,5,F,R64
4007,MS045,Wimbledon,2024,3,F,R64
4013,MS046,Wimbledon,2024,4,F,R64
4012,MS048,Wimbledon,2024,5,F,R64
4008,MS049,Wimbledon,2024,5,F,R64
4014,MS050,Wimbledon,2024,3,F,R64
4037,MS052,Wimbledon,2024,4,F,R64
4002,MS053,Wimbledon,2024,5,F,R64
4006,MS054,Wimbledon,2024,3,F,R64
3995,MS055,Wimbledon,2024,3,F,R64
3997,MS056,Wimbledon,2024,4,F,R64
4017,MS057,Wimbledon,2024,4,F,R64
3994,MS059,Wimbledon,2024,3,F,R64
4015,MS060,Wimbledon,2024,4,F,R64
4009,MS061,Wimbledon,2024,5,F,R64
4004,MS062,Wimbledon,2024,5,F,R64
3992,MS063,Wimbledon,2024,4,F,R64
4021,MS064,Wimbledon,2024,4,F,R128
4048,MS065,Wimbledon,2024,4,F,R128
4079,MS066,Wimbledon,2024,4,F,R128
4038,MS067,Wimbledon,2024,3,F,R128
4035,MS068,Wimbledon,2024,3,F,R128
4046,MS069,Wimbledon,2024,5,F,R128
4056,MS070,Wimbledon,2024,5,F,R128
4031,MS071,Wimbledon,2024,5,F,R128
4029,MS072,Wimbledon,2024,3,F,R128
4065,MS073,Wimbledon,2024,3,F,R128
4068,MS074,Wimbledon,2024,3,F,R128
4043,MS075,Wimbledon,2024,4,F,R128
4064,MS077,Wimbledon,2024,4,F,R128
4058,MS078,Wimbledon,2024,3,F,R128
4019,MS079,Wimbledon,2024,3,F,R128
10357,MS080,Wimbledon,2024,3,F,R128
4067,MS081,Wimbledon,2024,5,F,R128
4039,MS083,Wimbledon,2024,5,F,R128
4033,MS084,Wimbledon,2024,3,F,R128
4063,MS085,Wimbledon,2024,5,F,R128
4066,MS086,Wimbledon,2024,4,F,R128
4032,MS087,Wimbledon,2024,5,F,R128
4030,MS088,Wimbledon,2024,4,F,R128
4049,MS090,Wimbledon,2024,5,F,R128
4044,MS091,Wimbledon,2024,5,F,R128
4047,MS092,Wimbledon,2024,3,F,R128
4028,MS095,Wimbledon,2024,3,F,R128
4024,MS096,Wimbledon,2024,4,F,R128
4051,MS098,Wimbledon,2024,5,F,R128
4034,MS100,Wimbledon,2024,5,F,R128
4059,MS101,Wimbledon,2024,4,F,R128
4026,MS103,Wimbledon,2024,3,F,R128
4025,MS104,Wimbledon,2024,3,F,R128
4050,MS106,Wimbledon,2024,4,F,R128
4042,MS107,Wimbledon,2024,3,F,R128
4041,MS108,Wimbledon,2024,5,F,R128
4060,MS109,Wimbledon,2024,3,F,R128
4053,MS110,Wimbledon,2024,4,F,R128
4022,MS111,Wimbledon,2024,3,F,R128
4020,MS112,Wimbledon,2024,4,F,R128
4054,MS113,Wimbledon,2024,4,F,R128
4055,MS114,Wimbledon,2024,5,F,R128
4040,MS115,Wimbledon,2024,5,F,R128
4057,MS118,Wimbledon,2024,4,F,R128
4027,MS119,Wimbledon,2024,3,F,R128
4036,MS120,Wimbledon,2024,3,F,R128
4062,MS121,Wimbledon,2024,5,F,R128
4045,MS124,Wimbledon,2024,3,F,R128
4061,MS125,Wimbledon,2024,4,F,R128
4052,MS126,Wimbledon,2024,3,F,R128
4023,MS127,Wimbledon,2024,3,F,R128
4069,QS017,Wimbledon,2024,4,F,Q3
4071,QS018,Wimbledon,2024,3,F,Q3
4070,QS019,Wimbledon,2024,3,F,Q3
4072,QS020,Wimbledon,2024,4,F,Q3
4077,QS022,Wimbledon,2024,3,F,Q3
4073,QS023,Wimbledon,2024,4,F,Q3
4074,QS024,Wimbledon,2024,4,F,Q3
4075,QS025,Wimbledon,2024,3,F,Q3
4101,QS026,Wimbledon,2024,5,F,Q3
4076,QS027,Wimbledon,2024,3,F,Q3
4080,QS029,Wimbledon,2024,3,F,Q3
4078,QS030,Wimbledon,2024,4,F,Q3
4081,QS034,Wimbledon,2024,3,F,Q2
4092,QS035,Wimbledon,2024,2,F,Q2
4085,QS036,Wimbledon,2024,3,F,Q2
4094,QS037,Wimbledon,2024,2,F,Q2
4099,QS039,Wimbledon,2024,2,F,Q2
4082,QS040,Wimbledon,2024,2,F,Q2
4091,QS041,Wimbledon,2024,3,F,Q2
4087,QS042,Wimbledon,2024,3,F,Q2
4097,QS044,Wimbledon,2024,3,F,Q2
4089,QS045,Wimbledon,2024,3,F,Q2
4083,QS046,Wimbledon,2024,2,F,Q2
4096,QS047,Wimbledon,2024,3,F,Q2
4084,QS048,Wimbledon,2024,2,F,Q2
4093,QS051,Wimbledon,2024,2,F,Q2
4100,QS052,Wimbledon,2024,2,F,Q2
4098,QS053,Wimbledon,2024,3,F,Q2
4086,QS054,Wimbledon,2024,3,F,Q2
4095,QS055,Wimbledon,2024,2,F,Q2
4103,QS058,Wimbledon,2024,3,F,Q2
4102,QS059,Wimbledon,2024,3,F,Q2
4090,QS061,Wimbledon,2024,2,F,Q2
4088,QS062,Wimbledon,2024,3,F,Q2
4105,QS064,Wimbledon,2024,2,F,Q1
4122,QS067,Wimbledon,2024,2,F,Q1
4104,QS068,Wimbledon,2024,2,F,Q1
4132,QS069,Wimbledon,2024,2,F,Q1
4127,QS070,Wimbledon,2024,2,F,Q1
4119,QS071,Wimbledon,2024,2,F,Q1
4135,QS074,Wimbledon,2024,3,F,Q1
4121,QS075,Wimbledon,2024,3,F,Q1
4106,QS076,Wimbledon,2024,3,F,Q1
4137,QS078,Wimbledon,2024,2,F,Q1
4116,QS079,Wimbledon,2024,3,F,Q1
4131,QS081,Wimbledon,2024,3,F,Q1
4130,QS082,Wimbledon,2024,2,F,Q1
4117,QS083,Wimbledon,2024,2,F,Q1
4134,QS085,Wimbledon,2024,2,F,Q1
4141,QS090,Wimbledon,2024,2,F,Q1
4111,QS091,Wimbledon,2024,2,F,Q1
4108,QS092,Wimbledon,2024,2,F,Q1
4128,QS094,Wimbledon,2024,3,F,Q1
4115,QS095,Wimbledon,2024,3,F,Q1
4107,QS096,Wimbledon,2024,2,F,Q1
4120,QS099,Wimbledon,2024,3,F,Q1
4110,QS100,Wimbledon,2024,2,F,Q1
4133,QS102,Wimbledon,2024,3,F,Q1
4123,QS103,Wimbledon,2024,2,F,Q1
4125,QS104,Wimbledon,2024,2,F,Q1
4124,QS107,Wimbledon,2024,2,F,Q1
4136,QS110,Wimbledon,2024,2,F,Q1
4118,QS111,Wimbledon,2024,2,F,Q1
4113,QS115,Wimbledon,2024,3,F,Q1
4139,QS118,Wimbledon,2024,2,F,Q1
4114,QS119,Wimbledon,2024,2,F,Q1
4138,QS121,Wimbledon,2024,3,F,Q1
4126,QS122,Wimbledon,2024,3,F,Q1
4112,QS123,Wimbledon,2024,3,F,Q1
4109,QS124,Wimbledon,2024,3,F,Q1
4129,QS125,Wimbledon,2024,3,F,Q1
4505,MS001,Winston-Salem Open,2024,2,F,F
4504,MS002,Winston-Salem Open,2024,2,F,SF
4506,MS003,Winston-Salem Open,2024,2,F,SF
4540,MS004,Winston-Salem Open,2024,2,F,QF
4508,MS005,Winston-Salem Open,2024,2,F,QF
4510,MS006,Winston-Salem Open,2024,2,F,QF
4513,MS009,Winston-Salem Open,2024,2,F,R16
4512,MS010,Winston-Salem Open,2024,3,F,R16
4514,MS012,Winston-Salem Open,2024,2,F,R16
4511,MS013,Winston-Salem Open,2024,3,F,R16
4509,MS014,Winston-Salem Open,2024,2,F,R16
4525,MS017,Winston-Salem Open,2024,3,F,R32
4527,MS018,Winston-Salem Open,2024,2,F,R32
4519,MS019,Winston-Salem Open,2024,2,F,R32
4515,MS020,Winston-Salem Open,2024,2,F,R32
4524,MS021,Winston-Salem Open,2024,3,F,R32
4522,MS022,Winston-Salem Open,2024,2,F,R32
4517,MS023,Winston-Salem Open,2024,2,F,R32
4521,MS024,Winston-Salem Open,2024,2,F,R32
4520,MS025,Winston-Salem Open,2024,3,F,R32
4529,MS026,Winston-Salem Open,2024,2,F,R32
4516,MS027,Winston-Salem Open,2024,3,F,R32
4518,MS028,Winston-Salem Open,2024,3,F,R32
4523,MS029,Winston-Salem Open,2024,2,F,R32
4528,MS031,Winston-Salem Open,2024,2,F,R32
4531,MS034,Winston-Salem Open,2024,2,F,R64
4534,MS038,Winston-Salem Open,2024,3,F,R64
4560,MS041,Winston-Salem Open,2024,2,F,R64
4539,MS046,Winston-Salem Open,2024,2,F,R64
4536,MS049,Winston-Salem Open,2024,3,F,R64
4535,MS050,Winston-Salem Open,2024,3,F,R64
4538,MS054,Winston-Salem Open,2024,3,F,R64
4530,MS057,Winston-Salem Open,2024,3,F,R64
4532,MS058,Winston-Salem Open,2024,3,F,R64
4533,MS062,Winston-Salem Open,2024,2,F,R64
4541,QS006,Winston-Salem Open,2024,2,F,Q2
4537,QS007,Winston-Salem Open,2024,2,F,Q2
4542,QS014,Winston-Salem Open,2024,2,F,Q1
3874,MS001,cinch Championships,2024,2,F,F
3873,MS002,cinch Championships,2024,2,F,SF
3879,MS003,cinch Championships,2024,3,F,SF
3877,MS004,cinch Championships,2024,3,F,QF
3878,MS005,cinch Championships,2024,3,F,QF
3875,MS006,cinch Championships,2024,2,F,QF
3876,MS007,cinch Championships,2024,2,F,QF
3905,MS008,cinch Championships,2024,2,F,R16
3881,MS009,cinch Championships,2024,2,F,R16
3880,MS010,cinch Championships,2024,3,F,R16
3883,MS011,cinch Championships,2024,2,F,R16
3882,MS014,cinch Championships,2024,2,F,R16
3885,MS015,cinch Championships,2024,3,F,R16
3884,MS016,cinch Championships,2024,2,F,R32
3892,MS017,cinch Championships,2024,2,F,R32
3901,MS018,cinch Championships,2024,3,F,R32
3889,MS019,cinch Championships,2024,2,F,R32
3887,MS020,cinch Championships,2024,2,F,R32
3896,MS021,cinch Championships,2024,2,F,R32
3897,MS022,cinch Championships,2024,3,F,R32
3890,MS023,cinch Championships,2024,3,F,R32
3894,MS024,cinch Championships,2024,3,F,R32
3888,MS027,cinch Championships,2024,2,F,R32
3891,MS028,cinch Championships,2024,2,F,R32
3893,MS029,cinch Championships,2024,3,F,R32
3898,MS030,cinch Championships,2024,2,F,R32
3886,MS031,cinch Championships,2024,3,F,R32
3900,QS004,cinch Championships,2024,2,F,Q2
3899,QS005,cinch Championships,2024,3,F,Q2
3902,QS006,cinch Championships,2024,2,F,Q2
3903,QS008,cinch Championships,2024,2,F,Q1
3908,QS009,cinch Championships,2024,2,F,Q1
3904,QS010,cinch Championships,2024,3,F,Q1
3913,QS011,cinch Championships,2024,3,F,Q1
3929,QS012,cinch Championships,2024,2,F,Q1
3906,QS013,cinch Championships,2024,2,F,Q1
3907,QS015,cinch Championships,2024,3,F,Q1
5691,MS001,ABN AMRO Open,2025,3,F,F
5695,MS002,ABN AMRO Open,2025,3,F,SF
5694,MS003,ABN AMRO Open,2025,2,F,SF
5696,MS004,ABN AMRO Open,2025,2,F,QF
5698,MS005,ABN AMRO Open,2025,3,F,QF
5699,MS006,ABN AMRO Open,2025,2,F,QF
5700,MS007,ABN AMRO Open,2025,2,F,QF
5705,MS009,ABN AMRO Open,2025,2,F,R16
5702,MS010,ABN AMRO Open,2025,2,F,R16
5745,MS011,ABN AMRO Open,2025,2,F,R16
5706,MS012,ABN AMRO Open,2025,3,F,R16
5704,MS013,ABN AMRO Open,2025,2,F,R16
5703,MS014,ABN AMRO Open,2025,3,F,R16
5701,MS015,ABN AMRO Open,2025,3,F,R16
5707,MS016,ABN AMRO Open,2025,3,F,R32
5716,MS018,ABN AMRO Open,2025,2,F,R32
5711,MS019,ABN AMRO Open,2025,2,F,R32
5710,MS020,ABN AMRO Open,2025,2,F,R32
5720,MS021,ABN AMRO Open,2025,3,F,R32
5715,MS022,ABN AMRO Open,2025,2,F,R32
5714,MS023,ABN AMRO Open,2025,2,F,R32
5713,MS025,ABN AMRO Open,2025,3,F,R32
5718,MS026,ABN AMRO Open,2025,2,F,R32
5708,MS027,ABN AMRO Open,2025,2,F,R32
5712,MS028,ABN AMRO Open,2025,2,F,R32
5719,MS029,ABN AMRO Open,2025,3,F,R32
5717,MS030,ABN AMRO Open,2025,2,F,R32
5709,MS031,ABN AMRO Open,2025,3,F,R32
5721,QS007,ABN AMRO Open,2025,2,F,Q2
5723,QS009,ABN AMRO Open,2025,2,F,Q1
5751,QS010,ABN AMRO Open,2025,2,F,Q1
5722,QS014,ABN AMRO Open,2025,2,F,Q1
5402,MS001,ASB Classic,2025,2,F,F
5433,MS002,ASB Classic,2025,3,F,SF
5401,MS003,ASB Classic,2025,2,F,SF
5404,MS004,ASB Classic,2025,3,F,QF
5405,MS005,ASB Classic,2025,3,F,QF
5408,MS006,ASB Classic,2025,2,F,QF
5406,MS007,ASB Classic,2025,3,F,QF
5407,MS008,ASB Classic,2025,3,F,R16
5414,MS009,ASB Classic,2025,3,F,R16
5413,MS010,ASB Classic,2025,2,F,R16
5412,MS011,ASB Classic,2025,2,F,R16
5411,MS012,ASB Classic,2025,2,F,R16
5438,MS013,ASB Classic,2025,2,F,R16
5410,MS014,ASB Classic,2025,2,F,R16
5409,MS015,ASB Classic,2025,3,F,R16
5451,MS017,ASB Classic,2025,3,F,R32
5422,MS018,ASB Classic,2025,3,F,R32
5416,MS019,ASB Classic,2025,3,F,R32
5420,MS021,ASB Classic,2025,3,F,R32
5415,MS023,ASB Classic,2025,2,F,R32
5424,MS024,ASB Classic,2025,2,F,R32
5421,MS025,ASB Classic,2025,3,F,R32
5419,MS026,ASB Classic,2025,2,F,R32
5417,MS028,ASB Classic,2025,3,F,R32
5423,MS029,ASB Classic,2025,3,F,R32
5418,MS030,ASB Classic,2025,2,F,R32
5427,QS004,ASB Classic,2025,2,F,Q2
5428,QS005,ASB Classic,2025,3,F,Q2
5425,QS006,ASB Classic,2025,3,F,Q2
5430,QS007,ASB Classic,2025,2,F,Q2
5429,QS008,ASB Classic,2025,2,F,Q1
5432,QS010,ASB Classic,2025,3,F,Q1
5437,QS013,ASB Classic,2025,3,F,Q1
5431,QS014,ASB Classic,2025,3,F,Q1
5434,QS015,ASB Classic,2025,2,F,Q1
5940,MS001,Abierto Mexicano Telcel presentado por HSBC,2025,2,F,F
5929,MS002,Abierto Mexicano Telcel presentado por HSBC,2025,3,F,SF
5936,MS003,Abierto Mexicano Telcel presentado por HSBC,2025,2,F,SF
5935,MS004,Abierto Mexicano Telcel presentado por HSBC,2025,2,F,QF
5942,MS005,Abierto Mexicano Telcel presentado por HSBC,2025,2,F,QF
5938,MS006,Abierto Mexicano Telcel presentado por HSBC,2025,3,F,QF
5937,MS007,Abierto Mexicano Telcel presentado por HSBC,2025,2,F,QF
5939,MS008,Abierto Mexicano Telcel presentado por HSBC,2025,2,F,R16
5947,MS009,Abierto Mexicano Telcel presentado por HSBC,2025,2,F,R16
5943,MS010,Abierto Mexicano Telcel presentado por HSBC,2025,1,F,R16
5941,MS011,Abierto Mexicano Telcel presentado por HSBC,2025,2,F,R16
5945,MS012,Abierto Mexicano Telcel presentado por HSBC,2025,2,F,R16
5946,MS014,Abierto Mexicano Telcel presentado por HSBC,2025,3,F,R16
5954,MS016,Abierto Mexicano Telcel presentado por HSBC,2025,3,F,R32
5961,MS017,Abierto Mexicano Telcel presentado por HSBC,2025,2,F,R32
5959,MS018,Abierto Mexicano Telcel presentado por HSBC,2025,3,F,R32
5953,MS019,Abierto Mexicano Telcel presentado por HSBC,2025,3,F,R32
5950,MS020,Abierto Mexicano Telcel presentado por HSBC,2025,2,F,R32
5960,MS021,Abierto Mexicano Telcel presentado por HSBC,2025,2,F,R32
5958,MS022,Abierto Mexicano Telcel presentado por HSBC,2025,2,F,R32
5949,MS023,Abierto Mexicano Telcel presentado por HSBC,2025,2,F,R32
5952,MS024,Abierto Mexicano Telcel presentado por HSBC,2025,2,F,R32
5957,MS025,Abierto Mexicano Telcel presentado por HSBC,2025,3,F,R32
5956,MS026,Abierto Mexicano Telcel presentado por HSBC,2025,2,F,R32
5955,MS027,Abierto Mexicano Telcel presentado por HSBC,2025,2,F,R32
5948,MS028,Abierto Mexicano Telcel presentado por HSBC,2025,2,F,R32
5951,MS029,Abierto Mexicano Telcel presentado por HSBC,2025,3,F,R32
6018,MS030,Abierto Mexicano Telcel presentado por HSBC,2025,3,F,R32
5979,MS031,Abierto Mexicano Telcel presentado por HSBC,2025,2,F,R32
5962,QS004,Abierto Mexicano Telcel presentado por HSBC,2025,2,F,Q2
5965,QS005,Abierto Mexicano Telcel presentado por HSBC,2025,3,F,Q2
5964,QS006,Abierto Mexicano Telcel presentado por HSBC,2025,2,F,Q2
5963,QS007,Abierto Mexicano Telcel presentado por HSBC,2025,2,F,Q2
5966,QS011,Abierto Mexicano Telcel presentado por HSBC,2025,2,F,Q1
5969,QS013,Abierto Mexicano Telcel presentado por HSBC,2025,2,F,Q1
5968,QS014,Abierto Mexicano Telcel presentado por HSBC,2025,2,F,Q1
5375,MS001,Adelaide International,2025,3,F,F
5377,MS002,Adelaide International,2025,3,F,SF
5373,MS003,Adelaide International,2025,2,F,SF
5376,MS004,Adelaide International,2025,2,F,QF
5379,MS005,Adelaide International,2025,2,F,QF
5378,MS006,Adelaide International,2025,2,F,QF
5382,MS009,Adelaide International,2025,3,F,R16
5380,MS010,Adelaide International,2025,3,F,R16
5384,MS011,Adelaide International,2025,2,F,R16
5385,MS012,Adelaide International,2025,2,F,R16
5383,MS013,Adelaide International,2025,2,F,R16
5381,MS015,Adelaide International,2025,2,F,R16
5394,MS018,Adelaide International,2025,2,F,R32
5388,MS019,Adelaide International,2025,3,F,R32
5391,MS021,Adelaide International,2025,2,F,R32
5389,MS022,Adelaide International,2025,3,F,R32
5390,MS023,Adelaide International,2025,2,F,R32
5387,MS024,Adelaide International,2025,2,F,R32
5395,MS025,Adelaide International,2025,2,F,R32
5426,MS026,Adelaide International,2025,2,F,R32
5386,MS028,Adelaide International,2025,2,F,R32
5392,MS030,Adelaide International,2025,2,F,R32
5397,QS006,Adelaide International,2025,3,F,Q2
5396,QS007,Adelaide International,2025,3,F,Q2
5398,QS009,Adelaide International,2025,3,F,Q1
5400,QS011,Adelaide International,2025,3,F,Q1
5399,QS013,Adelaide International,2025,3,F,Q1
5403,QS015,Adelaide International,2025,3,F,Q1
8511,MS001,Almaty Open,2025,3,F,F
8490,MS002,Almaty Open,2025,2,F,SF
8491,MS003,Almaty Open,2025,3,F,SF
8495,MS004,Almaty Open,2025,2,F,QF
8496,MS005,Almaty Open,2025,3,F,QF
8494,MS006,Almaty Open,2025,2,F,QF
8510,MS007,Almaty Open,2025,2,F,QF
8498,MS008,Almaty Open,2025,3,F,R16
8506,MS009,Almaty Open,2025,2,F,R16
8500,MS010,Almaty Open,2025,2,F,R16
8501,MS011,Almaty Open,2025,2,F,R16
8499,MS012,Almaty Open,2025,3,F,R16
8507,MS013,Almaty Open,2025,2,F,R16
8508,MS014,Almaty Open,2025,2,F,R16
8504,MS015,Almaty Open,2025,2,F,R16
8522,MS017,Almaty Open,2025,3,F,R32
8521,MS018,Almaty Open,2025,2,F,R32
8528,MS019,Almaty Open,2025,2,F,R32
8512,MS021,Almaty Open,2025,2,F,R32
8524,MS022,Almaty Open,2025,3,F,R32
8509,MS023,Almaty Open,2025,2,F,R32
8497,MS025,Almaty Open,2025,2,F,R32
8503,MS026,Almaty Open,2025,3,F,R32
8502,MS028,Almaty Open,2025,2,F,R32
8505,MS029,Almaty Open,2025,2,F,R32
8520,MS030,Almaty Open,2025,3,F,R32
8514,QS004,Almaty Open,2025,3,F,Q2
8515,QS005,Almaty Open,2025,2,F,Q2
8527,QS006,Almaty Open,2025,3,F,Q2
8516,QS007,Almaty Open,2025,3,F,Q2
8517,QS008,Almaty Open,2025,2,F,Q1
8525,QS009,Almaty Open,2025,2,F,Q1
8513,QS011,Almaty Open,2025,3,F,Q1
8518,QS012,Almaty Open,2025,3,F,Q1
8526,QS013,Almaty Open,2025,3,F,Q1
8523,QS014,Almaty Open,2025,2,F,Q1
8519,QS015,Almaty Open,2025,2,F,Q1
5435,MS001,Australian Open,2025,3,F,F
5470,MS002,Australian Open,2025,3,F,SF
5436,MS003,Australian Open,2025,1,F,SF
5439,MS004,Australian Open,2025,3,F,QF
5440,MS005,Australian Open,2025,4,F,QF
5441,MS006,Australian Open,2025,4,F,QF
5442,MS007,Australian Open,2025,4,F,QF
5443,MS008,Australian Open,2025,4,F,R16
5449,MS009,Australian Open,2025,3,F,R16
5450,MS010,Australian Open,2025,4,F,R16
5448,MS011,Australian Open,2025,4,F,R16
5445,MS012,Australian Open,2025,3,F,R16
5444,MS013,Australian Open,2025,2,F,R16
5447,MS014,Australian Open,2025,3,F,R16
5446,MS015,Australian Open,2025,4,F,R16
5453,MS016,Australian Open,2025,3,F,R32
5461,MS017,Australian Open,2025,5,F,R32
5492,MS018,Australian Open,2025,3,F,R32
5458,MS019,Australian Open,2025,4,F,R32
5454,MS020,Australian Open,2025,4,F,R32
5462,MS021,Australian Open,2025,4,F,R32
5465,MS022,Australian Open,2025,4,F,R32
5466,MS023,Australian Open,2025,3,F,R32
5455,MS024,Australian Open,2025,3,F,R32
5463,MS025,Australian Open,2025,3,F,R32
5459,MS026,Australian Open,2025,5,F,R32
5457,MS027,Australian Open,2025,4,F,R32
5464,MS028,Australian Open,2025,5,F,R32
5456,MS029,Australian Open,2025,3,F,R32
5460,MS030,Australian Open,2025,4,F,R32
5452,MS031,Australian Open,2025,3,F,R32
5467,MS032,Australian Open,2025,4,F,R64
5489,MS033,Australian Open,2025,5,F,R64
5479,MS034,Australian Open,2025,3,F,R64
5472,MS035,Australian Open,2025,4,F,R64
5491,MS036,Australian Open,2025,3,F,R64
5480,MS037,Australian Open,2025,4,F,R64
5485,MS038,Australian Open,2025,2,F,R64
5474,MS039,Australian Open,2025,3,F,R64
5471,MS040,Australian Open,2025,3,F,R64
5494,MS041,Australian Open,2025,3,F,R64
5481,MS042,Australian Open,2025,4,F,R64
5478,MS043,Australian Open,2025,3,F,R64
5493,MS044,Australian Open,2025,5,F,R64
5477,MS045,Australian Open,2025,5,F,R64
5495,MS046,Australian Open,2025,4,F,R64
5502,MS047,Australian Open,2025,5,F,R64
5473,MS048,Australian Open,2025,4,F,R64
5512,MS049,Australian Open,2025,5,F,R64
5483,MS050,Australian Open,2025,2,F,R64
5486,MS051,Australian Open,2025,4,F,R64
5482,MS053,Australian Open,2025,5,F,R64
5484,MS054,Australian Open,2025,3,F,R64
5468,MS055,Australian Open,2025,3,F,R64
5475,MS056,Australian Open,2025,4,F,R64
5490,MS057,Australian Open,2025,5,F,R64
5488,MS058,Australian Open,2025,3,F,R64
5476,MS060,Australian Open,2025,3,F,R64
5516,MS061,Australian Open,2025,4,F,R64
5487,MS062,Australian Open,2025,4,F,R64
5469,MS063,Australian Open,2025,3,F,R64
5496,MS064,Australian Open,2025,3,F,R128
5550,MS065,Australian Open,2025,4,F,R128
5538,MS066,Australian Open,2025,4,F,R128
5522,MS067,Australian Open,2025,4,F,R128
5513,MS068,Australian Open,2025,3,F,R128
5540,MS069,Australian Open,2025,5,F,R128
5528,MS070,Australian Open,2025,4,F,R128
5507,MS071,Australian Open,2025,5,F,R128
5508,MS072,Australian Open,2025,4,F,R128
5543,MS073,Australian Open,2025,3,F,R128
5534,MS074,Australian Open,2025,5,F,R128
5514,MS075,Australian Open,2025,3,F,R128
5523,MS076,Australian Open,2025,3,F,R128
5533,MS077,Australian Open,2025,5,F,R128
5501,MS079,Australian Open,2025,3,F,R128
5498,MS080,Australian Open,2025,3,F,R128
5527,MS082,Australian Open,2025,5,F,R128
5526,MS083,Australian Open,2025,5,F,R128
5547,MS084,Australian Open,2025,3,F,R128
5532,MS085,Australian Open,2025,3,F,R128
5549,MS086,Australian Open,2025,4,F,R128
5511,MS087,Australian Open,2025,4,F,R128
5503,MS088,Australian Open,2025,3,F,R128
5551,MS089,Australian Open,2025,4,F,R128
5544,MS090,Australian Open,2025,5,F,R128
5510,MS091,Australian Open,2025,5,F,R128
5524,MS092,Australian Open,2025,4,F,R128
5542,MS093,Australian Open,2025,3,F,R128
5553,MS094,Australian Open,2025,5,F,R128
5499,MS095,Australian Open,2025,5,F,R128
5506,MS096,Australian Open,2025,4,F,R128
5535,MS097,Australian Open,2025,3,F,R128
5548,MS098,Australian Open,2025,4,F,R128
5519,MS099,Australian Open,2025,3,F,R128
5520,MS100,Australian Open,2025,4,F,R128
5530,MS102,Australian Open,2025,3,F,R128
5504,MS103,Australian Open,2025,2,F,R128
5541,MS104,Australian Open,2025,5,F,R128
5556,MS106,Australian Open,2025,5,F,R128
5517,MS107,Australian Open,2025,4,F,R128
5529,MS109,Australian Open,2025,4,F,R128
5497,MS111,Australian Open,2025,3,F,R128
5500,MS112,Australian Open,2025,5,F,R128
5545,MS113,Australian Open,2025,4,F,R128
5531,MS114,Australian Open,2025,2,F,R128
5521,MS115,Australian Open,2025,4,F,R128
5518,MS116,Australian Open,2025,4,F,R128
5536,MS117,Australian Open,2025,3,F,R128
5505,MS119,Australian Open,2025,5,F,R128
5509,MS120,Australian Open,2025,3,F,R128
5539,MS121,Australian Open,2025,3,F,R128
5537,MS122,Australian Open,2025,5,F,R128
5515,MS123,Australian Open,2025,4,F,R128
5525,MS124,Australian Open,2025,5,F,R128
5546,MS126,Australian Open,2025,2,F,R128
5562,QS017,Australian Open,2025,2,F,Q3
5561,QS018,Australian Open,2025,2,F,Q3
5552,QS020,Australian Open,2025,2,F,Q3
5555,QS021,Australian Open,2025,2,F,Q3
5560,QS022,Australian Open,2025,3,F,Q3
5559,QS024,Australian Open,2025,3,F,Q3
5558,QS025,Australian Open,2025,2,F,Q3
5563,QS026,Australian Open,2025,3,F,Q3
5554,QS027,Australian Open,2025,2,F,Q3
5566,QS028,Australian Open,2025,3,F,Q3
5557,QS029,Australian Open,2025,2,F,Q3
5565,QS030,Australian Open,2025,3,F,Q3
5583,QS033,Australian Open,2025,2,F,Q2
5564,QS034,Australian Open,2025,2,F,Q2
5578,QS035,Australian Open,2025,2,F,Q2
5572,QS036,Australian Open,2025,2,F,Q2
5605,QS037,Australian Open,2025,2,F,Q2
5582,QS039,Australian Open,2025,3,F,Q2
5567,QS040,Australian Open,2025,3,F,Q2
5568,QS042,Australian Open,2025,2,F,Q2
5579,QS043,Australian Open,2025,2,F,Q2
5570,QS044,Australian Open,2025,3,F,Q2
5580,QS045,Australian Open,2025,2,F,Q2
5577,QS047,Australian Open,2025,3,F,Q2
5585,QS048,Australian Open,2025,3,F,Q2
5600,QS049,Australian Open,2025,2,F,Q2
5569,QS050,Australian Open,2025,3,F,Q2
5576,QS051,Australian Open,2025,3,F,Q2
5588,QS052,Australian Open,2025,3,F,Q2
5584,QS053,Australian Open,2025,2,F,Q2
5571,QS054,Australian Open,2025,2,F,Q2
5586,QS055,Australian Open,2025,2,F,Q2
5573,QS056,Australian Open,2025,2,F,Q2
5581,QS057,Australian Open,2025,3,F,Q2
5575,QS058,Australian Open,2025,3,F,Q2
5601,QS059,Australian Open,2025,2,F,Q2
5587,QS060,Australian Open,2025,2,F,Q2
5574,QS062,Australian Open,2025,2,F,Q2
5635,QS065,Australian Open,2025,2,F,Q1
5608,QS067,Australian Open,2025,2,F,Q1
5609,QS069,Australian Open,2025,3,F,Q1
5626,QS070,Australian Open,2025,3,F,Q1
5604,QS071,Australian Open,2025,3,F,Q1
5589,QS072,Australian Open,2025,2,F,Q1
5623,QS073,Australian Open,2025,2,F,Q1
5622,QS074,Australian Open,2025,3,F,Q1
5620,QS077,Australian Open,2025,3,F,Q1
5610,QS078,Australian Open,2025,2,F,Q1
5603,QS079,Australian Open,2025,2,F,Q1
5591,QS080,Australian Open,2025,2,F,Q1
5636,QS081,Australian Open,2025,2,F,Q1
5590,QS084,Australian Open,2025,2,F,Q1
5624,QS085,Australian Open,2025,2,F,Q1
5611,QS086,Australian Open,2025,3,F,Q1
5606,QS087,Australian Open,2025,2,F,Q1
5593,QS088,Australian Open,2025,2,F,Q1
5625,QS089,Australian Open,2025,3,F,Q1
5602,QS091,Australian Open,2025,2,F,Q1
5617,QS093,Australian Open,2025,3,F,Q1
5616,QS094,Australian Open,2025,2,F,Q1
5592,QS096,Australian Open,2025,2,F,Q1
5627,QS097,Australian Open,2025,2,F,Q1
5628,QS098,Australian Open,2025,2,F,Q1
5594,QS100,Australian Open,2025,2,F,Q1
5614,QS101,Australian Open,2025,2,F,Q1
5619,QS102,Australian Open,2025,3,F,Q1
5618,QS104,Australian Open,2025,2,F,Q1
5621,QS106,Australian Open,2025,2,F,Q1
5598,QS108,Australian Open,2025,3,F,Q1
5613,QS109,Australian Open,2025,2,F,Q1
5607,QS111,Australian Open,2025,2,F,Q1
5595,QS112,Australian Open,2025,2,F,Q1
5615,QS113,Australian Open,2025,2,F,Q1
5596,QS116,Australian Open,2025,3,F,Q1
5631,QS118,Australian Open,2025,2,F,Q1
5599,QS119,Australian Open,2025,3,F,Q1
5597,QS120,Australian Open,2025,2,F,Q1
5629,QS121,Australian Open,2025,3,F,Q1
5630,QS122,Australian Open,2025,3,F,Q1
5612,QS125,Australian Open,2025,2,F,Q1
5967,MS001,BCI Seguros Chile Open,2025,3,F,F
5971,MS002,BCI Seguros Chile Open,2025,3,F,SF
5970,MS003,BCI Seguros Chile Open,2025,3,F,SF
5972,MS004,BCI Seguros Chile Open,2025,3,F,QF
5974,MS005,BCI Seguros Chile Open,2025,3,F,QF
5973,MS006,BCI Seguros Chile Open,2025,2,F,QF
5975,MS008,BCI Seguros Chile Open,2025,3,F,R16
5977,MS009,BCI Seguros Chile Open,2025,2,F,R16
6007,MS010,BCI Seguros Chile Open,2025,2,F,R16
5978,MS011,BCI Seguros Chile Open,2025,3,F,R16
6000,MS012,BCI Seguros Chile Open,2025,3,F,R16
5976,MS013,BCI Seguros Chile Open,2025,3,F,R16
5985,MS014,BCI Seguros Chile Open,2025,3,F,R16
5988,MS017,BCI Seguros Chile Open,2025,2,F,R32
5986,MS018,BCI Seguros Chile Open,2025,3,F,R32
5980,MS019,BCI Seguros Chile Open,2025,2,F,R32
5982,MS021,BCI Seguros Chile Open,2025,2,F,R32
5989,MS022,BCI Seguros Chile Open,2025,2,F,R32
5983,MS023,BCI Seguros Chile Open,2025,2,F,R32
5984,MS024,BCI Seguros Chile Open,2025,2,F,R32
5987,MS025,BCI Seguros Chile Open,2025,3,F,R32
5981,MS028,BCI Seguros Chile Open,2025,3,F,R32
5991,MS029,BCI Seguros Chile Open,2025,3,F,R32
5993,QS005,BCI Seguros Chile Open,2025,3,F,Q2
5990,QS006,BCI Seguros Chile Open,2025,3,F,Q2
5994,QS008,BCI Seguros Chile Open,2025,2,F,Q1
5992,QS010,BCI Seguros Chile Open,2025,2,F,Q1
5995,QS011,BCI Seguros Chile Open,2025,2,F,Q1
5996,QS012,BCI Seguros Chile Open,2025,3,F,Q1
5997,QS013,BCI Seguros Chile Open,2025,2,F,Q1
5998,QS015,BCI Seguros Chile Open,2025,2,F,Q1
6443,MS001,BMW Open by Bitpanda,2025,2,F,F
6447,MS002,BMW Open by Bitpanda,2025,2,F,SF
6450,MS003,BMW Open by Bitpanda,2025,3,F,SF
6446,MS004,BMW Open by Bitpanda,2025,3,F,QF
6452,MS005,BMW Open by Bitpanda,2025,2,F,QF
6448,MS006,BMW Open by Bitpanda,2025,2,F,QF
6449,MS007,BMW Open by Bitpanda,2025,2,F,QF
6494,MS008,BMW Open by Bitpanda,2025,2,F,R16
6461,MS009,BMW Open by Bitpanda,2025,2,F,R16
6453,MS010,BMW Open by Bitpanda,2025,2,F,R16
6455,MS011,BMW Open by Bitpanda,2025,2,F,R16
6458,MS012,BMW Open by Bitpanda,2025,2,F,R16
6462,MS013,BMW Open by Bitpanda,2025,3,F,R16
6454,MS014,BMW Open by Bitpanda,2025,3,F,R16
6457,MS015,BMW Open by Bitpanda,2025,2,F,R16
6459,MS016,BMW Open by Bitpanda,2025,2,F,R32
6468,MS017,BMW Open by Bitpanda,2025,2,F,R32
6472,MS018,BMW Open by Bitpanda,2025,2,F,R32
6467,MS019,BMW Open by Bitpanda,2025,3,F,R32
6465,MS020,BMW Open by Bitpanda,2025,3,F,R32
6473,MS021,BMW Open by Bitpanda,2025,2,F,R32
6469,MS022,BMW Open by Bitpanda,2025,3,F,R32
6463,MS023,BMW Open by Bitpanda,2025,2,F,R32
6460,MS024,BMW Open by Bitpanda,2025,2,F,R32
6480,MS025,BMW Open by Bitpanda,2025,3,F,R32
6471,MS026,BMW Open by Bitpanda,2025,3,F,R32
6466,MS027,BMW Open by Bitpanda,2025,3,F,R32
6470,MS028,BMW Open by Bitpanda,2025,2,F,R32
6474,MS029,BMW Open by Bitpanda,2025,3,F,R32
6478,MS030,BMW Open by Bitpanda,2025,3,F,R32
6464,MS031,BMW Open by Bitpanda,2025,3,F,R32
6482,QS004,BMW Open by Bitpanda,2025,2,F,Q2
6475,QS005,BMW Open by Bitpanda,2025,2,F,Q2
6481,QS006,BMW Open by Bitpanda,2025,2,F,Q2
6476,QS007,BMW Open by Bitpanda,2025,3,F,Q2
6487,QS008,BMW Open by Bitpanda,2025,2,F,Q1
6484,QS009,BMW Open by Bitpanda,2025,3,F,Q1
6477,QS010,BMW Open by Bitpanda,2025,3,F,Q1
6486,QS013,BMW Open by Bitpanda,2025,2,F,Q1
6479,QS014,BMW Open by Bitpanda,2025,2,F,Q1
6483,QS015,BMW Open by Bitpanda,2025,3,F,Q1
8547,MS001,BNP Paribas Fortis European Open,2025,3,F,F
8534,MS002,BNP Paribas Fortis European Open,2025,2,F,SF
8529,MS003,BNP Paribas Fortis European Open,2025,2,F,SF
8540,MS004,BNP Paribas Fortis European Open,2025,2,F,QF
8542,MS005,BNP Paribas Fortis European Open,2025,3,F,QF
8543,MS006,BNP Paribas Fortis European Open,2025,2,F,QF
8530,MS007,BNP Paribas Fortis European Open,2025,2,F,QF
8537,MS008,BNP Paribas Fortis European Open,2025,2,F,R16
8532,MS009,BNP Paribas Fortis European Open,2025,1,F,R16
8531,MS010,BNP Paribas Fortis European Open,2025,2,F,R16
8541,MS011,BNP Paribas Fortis European Open,2025,3,F,R16
8539,MS012,BNP Paribas Fortis European Open,2025,3,F,R16
8546,MS013,BNP Paribas Fortis European Open,2025,3,F,R16
8535,MS014,BNP Paribas Fortis European Open,2025,2,F,R16
8538,MS015,BNP Paribas Fortis European Open,2025,3,F,R16
8558,MS017,BNP Paribas Fortis European Open,2025,3,F,R32
8555,MS018,BNP Paribas Fortis European Open,2025,2,F,R32
8545,MS021,BNP Paribas Fortis European Open,2025,3,F,R32
8548,MS022,BNP Paribas Fortis European Open,2025,2,F,R32
8544,MS023,BNP Paribas Fortis European Open,2025,2,F,R32
8533,MS024,BNP Paribas Fortis European Open,2025,2,F,R32
8563,MS025,BNP Paribas Fortis European Open,2025,2,F,R32
8564,MS026,BNP Paribas Fortis European Open,2025,2,F,R32
8536,MS028,BNP Paribas Fortis European Open,2025,2,F,R32
8550,MS029,BNP Paribas Fortis European Open,2025,2,F,R32
8549,MS030,BNP Paribas Fortis European Open,2025,3,F,R32
8587,QS004,BNP Paribas Fortis European Open,2025,2,F,Q2
8557,QS005,BNP Paribas Fortis European Open,2025,3,F,Q2
8552,QS006,BNP Paribas Fortis European Open,2025,2,F,Q2
8559,QS007,BNP Paribas Fortis European Open,2025,3,F,Q2
8561,QS008,BNP Paribas Fortis European Open,2025,2,F,Q1
8551,QS009,BNP Paribas Fortis European Open,2025,2,F,Q1
8554,QS011,BNP Paribas Fortis European Open,2025,2,F,Q1
8591,QS012,BNP Paribas Fortis European Open,2025,3,F,Q1
8556,QS013,BNP Paribas Fortis European Open,2025,2,F,Q1
8553,QS014,BNP Paribas Fortis European Open,2025,3,F,Q1
8562,QS015,BNP Paribas Fortis European Open,2025,2,F,Q1
8560,MS001,BNP Paribas Nordic Open,2025,2,F,F
8565,MS002,BNP Paribas Nordic Open,2025,2,F,SF
8566,MS003,BNP Paribas Nordic Open,2025,2,F,SF
8567,MS004,BNP Paribas Nordic Open,2025,3,F,QF
8571,MS005,BNP Paribas Nordic Open,2025,3,F,QF
8568,MS006,BNP Paribas Nordic Open,2025,3,F,QF
8570,MS007,BNP Paribas Nordic Open,2025,3,F,QF
8569,MS008,BNP Paribas Nordic Open,2025,2,F,R16
8576,MS009,BNP Paribas Nordic Open,2025,3,F,R16
8572,MS010,BNP Paribas Nordic Open,2025,2,F,R16
8577,MS011,BNP Paribas Nordic Open,2025,2,F,R16
8578,MS012,BNP Paribas Nordic Open,2025,2,F,R16
8573,MS013,BNP Paribas Nordic Open,2025,3,F,R16
8574,MS014,BNP Paribas Nordic Open,2025,3,F,R16
8603,MS015,BNP Paribas Nordic Open,2025,2,F,R16
8582,MS017,BNP Paribas Nordic Open,2025,2,F,R32
8586,MS018,BNP Paribas Nordic Open,2025,3,F,R32
8575,MS019,BNP Paribas Nordic Open,2025,2,F,R32
8581,MS021,BNP Paribas Nordic Open,2025,2,F,R32
8589,MS022,BNP Paribas Nordic Open,2025,2,F,R32
8583,MS023,BNP Paribas Nordic Open,2025,3,F,R32
8604,MS024,BNP Paribas Nordic Open,2025,3,F,R32
8580,MS026,BNP Paribas Nordic Open,2025,2,F,R32
8585,MS028,BNP Paribas Nordic Open,2025,3,F,R32
8584,MS029,BNP Paribas Nordic Open,2025,2,F,R32
8579,MS030,BNP Paribas Nordic Open,2025,2,F,R32
8588,QS004,BNP Paribas Nordic Open,2025,3,F,Q2
8590,QS005,BNP Paribas Nordic Open,2025,3,F,Q2
8595,QS006,BNP Paribas Nordic Open,2025,3,F,Q2
8593,QS007,BNP Paribas Nordic Open,2025,2,F,Q2
8599,QS009,BNP Paribas Nordic Open,2025,2,F,Q1
8598,QS011,BNP Paribas Nordic Open,2025,1,F,Q1
8592,QS012,BNP Paribas Nordic Open,2025,2,F,Q1
8597,QS013,BNP Paribas Nordic Open,2025,3,F,Q1
8594,QS014,BNP Paribas Nordic Open,2025,2,F,Q1
8600,QS015,BNP Paribas Nordic Open,2025,2,F,Q1
6030,MS001,BNP Paribas Open,2025,2,F,F
6001,MS002,BNP Paribas Open,2025,2,F,SF
5999,MS003,BNP Paribas Open,2025,3,F,SF
6008,MS004,BNP Paribas Open,2025,3,F,QF
6003,MS005,BNP Paribas Open,2025,3,F,QF
6005,MS006,BNP Paribas Open,2025,2,F,QF
6002,MS007,BNP Paribas Open,2025,2,F,QF
6013,MS008,BNP Paribas Open,2025,2,F,R16
6014,MS009,BNP Paribas Open,2025,2,F,R16
6012,MS010,BNP Paribas Open,2025,3,F,R16
6004,MS011,BNP Paribas Open,2025,2,F,R16
6050,MS012,BNP Paribas Open,2025,2,F,R16
6006,MS013,BNP Paribas Open,2025,2,F,R16
6009,MS014,BNP Paribas Open,2025,2,F,R16
6010,MS015,BNP Paribas Open,2025,2,F,R16
6029,MS016,BNP Paribas Open,2025,2,F,R32
6026,MS017,BNP Paribas Open,2025,2,F,R32
6021,MS018,BNP Paribas Open,2025,3,F,R32
6017,MS019,BNP Paribas Open,2025,2,F,R32
6023,MS020,BNP Paribas Open,2025,3,F,R32
6022,MS021,BNP Paribas Open,2025,3,F,R32
6059,MS022,BNP Paribas Open,2025,2,F,R32
6016,MS023,BNP Paribas Open,2025,1,F,R32
6031,MS024,BNP Paribas Open,2025,2,F,R32
6020,MS025,BNP Paribas Open,2025,2,F,R32
6024,MS026,BNP Paribas Open,2025,2,F,R32
6015,MS027,BNP Paribas Open,2025,3,F,R32
6025,MS028,BNP Paribas Open,2025,2,F,R32
6019,MS029,BNP Paribas Open,2025,2,F,R32
6027,MS030,BNP Paribas Open,2025,3,F,R32
6011,MS031,BNP Paribas Open,2025,2,F,R32
6028,MS032,BNP Paribas Open,2025,3,F,R64
6058,MS033,BNP Paribas Open,2025,1,F,R64
6049,MS034,BNP Paribas Open,2025,2,F,R64
6044,MS035,BNP Paribas Open,2025,2,F,R64
6042,MS036,BNP Paribas Open,2025,2,F,R64
6061,MS038,BNP Paribas Open,2025,2,F,R64
6037,MS039,BNP Paribas Open,2025,2,F,R64
6038,MS040,BNP Paribas Open,2025,3,F,R64
6055,MS041,BNP Paribas Open,2025,2,F,R64
6048,MS042,BNP Paribas Open,2025,2,F,R64
6046,MS043,BNP Paribas Open,2025,3,F,R64
6039,MS044,BNP Paribas Open,2025,2,F,R64
6053,MS045,BNP Paribas Open,2025,3,F,R64
6063,MS046,BNP Paribas Open,2025,2,F,R64
6035,MS047,BNP Paribas Open,2025,2,F,R64
6034,MS048,BNP Paribas Open,2025,2,F,R64
6066,MS049,BNP Paribas Open,2025,2,F,R64
6052,MS050,BNP Paribas Open,2025,3,F,R64
6045,MS051,BNP Paribas Open,2025,2,F,R64
6040,MS052,BNP Paribas Open,2025,2,F,R64
6047,MS053,BNP Paribas Open,2025,2,F,R64
6065,MS054,BNP Paribas Open,2025,2,F,R64
6033,MS055,BNP Paribas Open,2025,2,F,R64
6036,MS056,BNP Paribas Open,2025,3,F,R64
6056,MS057,BNP Paribas Open,2025,3,F,R64
6051,MS058,BNP Paribas Open,2025,2,F,R64
6041,MS059,BNP Paribas Open,2025,2,F,R64
6043,MS060,BNP Paribas Open,2025,2,F,R64
6054,MS061,BNP Paribas Open,2025,2,F,R64
6057,MS062,BNP Paribas Open,2025,2,F,R64
6032,MS063,BNP Paribas Open,2025,2,F,R64
6077,MS065,BNP Paribas Open,2025,3,F,R128
6086,MS066,BNP Paribas Open,2025,2,F,R128
6091,MS069,BNP Paribas Open,2025,3,F,R128
6070,MS070,BNP Paribas Open,2025,3,F,R128
6085,MS073,BNP Paribas Open,2025,3,F,R128
6088,MS077,BNP Paribas Open,2025,3,F,R128
6089,MS078,BNP Paribas Open,2025,3,F,R128
6073,MS081,BNP Paribas Open,2025,2,F,R128
6062,MS082,BNP Paribas Open,2025,2,F,R128
6071,MS085,BNP Paribas Open,2025,3,F,R128
6090,MS086,BNP Paribas Open,2025,2,F,R128
6064,MS089,BNP Paribas Open,2025,3,F,R128
6087,MS090,BNP Paribas Open,2025,2,F,R128
6093,MS093,BNP Paribas Open,2025,3,F,R128
6069,MS094,BNP Paribas Open,2025,2,F,R128
6060,MS097,BNP Paribas Open,2025,3,F,R128
6078,MS098,BNP Paribas Open,2025,2,F,R128
6082,MS101,BNP Paribas Open,2025,2,F,R128
6084,MS102,BNP Paribas Open,2025,2,F,R128
6072,MS105,BNP Paribas Open,2025,3,F,R128
6067,MS106,BNP Paribas Open,2025,3,F,R128
6080,MS109,BNP Paribas Open,2025,2,F,R128
6074,MS110,BNP Paribas Open,2025,3,F,R128
6081,MS114,BNP Paribas Open,2025,3,F,R128
6075,MS117,BNP Paribas Open,2025,2,F,R128
6079,MS118,BNP Paribas Open,2025,2,F,R128
6068,MS121,BNP Paribas Open,2025,3,F,R128
6083,MS122,BNP Paribas Open,2025,2,F,R128
6092,MS125,BNP Paribas Open,2025,2,F,R128
6076,MS126,BNP Paribas Open,2025,2,F,R128
6132,QS017,BNP Paribas Open,2025,2,F,Q2
6094,QS018,BNP Paribas Open,2025,2,F,Q2
6096,QS019,BNP Paribas Open,2025,2,F,Q2
6097,QS020,BNP Paribas Open,2025,2,F,Q2
6095,QS021,BNP Paribas Open,2025,2,F,Q2
6102,QS022,BNP Paribas Open,2025,2,F,Q2
6098,QS023,BNP Paribas Open,2025,2,F,Q2
6105,QS024,BNP Paribas Open,2025,3,F,Q2
6101,QS025,BNP Paribas Open,2025,2,F,Q2
6099,QS026,BNP Paribas Open,2025,2,F,Q2
6100,QS027,BNP Paribas Open,2025,3,F,Q2
6104,QS032,BNP Paribas Open,2025,2,F,Q1
6103,QS034,BNP Paribas Open,2025,2,F,Q1
6115,QS035,BNP Paribas Open,2025,2,F,Q1
6106,QS036,BNP Paribas Open,2025,3,F,Q1
6118,QS037,BNP Paribas Open,2025,2,F,Q1
6107,QS038,BNP Paribas Open,2025,2,F,Q1
6114,QS039,BNP Paribas Open,2025,3,F,Q1
6108,QS040,BNP Paribas Open,2025,2,F,Q1
6117,QS041,BNP Paribas Open,2025,3,F,Q1
6110,QS042,BNP Paribas Open,2025,2,F,Q1
6120,QS043,BNP Paribas Open,2025,2,F,Q1
6113,QS045,BNP Paribas Open,2025,3,F,Q1
6109,QS046,BNP Paribas Open,2025,2,F,Q1
6116,QS047,BNP Paribas Open,2025,2,F,Q1
6111,QS049,BNP Paribas Open,2025,2,F,Q1
6112,QS050,BNP Paribas Open,2025,2,F,Q1
6134,QS052,BNP Paribas Open,2025,3,F,Q1
6145,QS053,BNP Paribas Open,2025,3,F,Q1
7020,MS001,BOSS OPEN,2025,2,F,F
7014,MS002,BOSS OPEN,2025,2,F,SF
7017,MS003,BOSS OPEN,2025,2,F,SF
7021,MS004,BOSS OPEN,2025,2,F,QF
7018,MS005,BOSS OPEN,2025,2,F,QF
7022,MS006,BOSS OPEN,2025,2,F,QF
7012,MS007,BOSS OPEN,2025,2,F,QF
7054,MS008,BOSS OPEN,2025,2,F,R16
7025,MS009,BOSS OPEN,2025,2,F,R16
7024,MS010,BOSS OPEN,2025,2,F,R16
7027,MS011,BOSS OPEN,2025,2,F,R16
7028,MS012,BOSS OPEN,2025,2,F,R16
7026,MS013,BOSS OPEN,2025,2,F,R16
7031,MS014,BOSS OPEN,2025,2,F,R16
7023,MS015,BOSS OPEN,2025,2,F,R16
7039,MS018,BOSS OPEN,2025,2,F,R32
7030,MS019,BOSS OPEN,2025,3,F,R32
7032,MS021,BOSS OPEN,2025,2,F,R32
7040,MS022,BOSS OPEN,2025,2,F,R32
7038,MS023,BOSS OPEN,2025,2,F,R32
7037,MS024,BOSS OPEN,2025,3,F,R32
7033,MS025,BOSS OPEN,2025,3,F,R32
7036,MS026,BOSS OPEN,2025,3,F,R32
7029,MS028,BOSS OPEN,2025,3,F,R32
7034,MS029,BOSS OPEN,2025,2,F,R32
7035,MS030,BOSS OPEN,2025,3,F,R32
7043,QS004,BOSS OPEN,2025,3,F,Q2
7044,QS005,BOSS OPEN,2025,3,F,Q2
7041,QS006,BOSS OPEN,2025,2,F,Q2
7042,QS007,BOSS OPEN,2025,3,F,Q2
7045,QS008,BOSS OPEN,2025,2,F,Q1
7049,QS009,BOSS OPEN,2025,3,F,Q1
7046,QS010,BOSS OPEN,2025,2,F,Q1
7047,QS012,BOSS OPEN,2025,3,F,Q1
7048,QS014,BOSS OPEN,2025,3,F,Q1
7051,QS015,BOSS OPEN,2025,3,F,Q1
5343,MS003,Bank of China Hong Kong Tennis Open,2025,3,F,SF
5344,MS004,Bank of China Hong Kong Tennis Open,2025,3,F,QF
5342,MS006,Bank of China Hong Kong Tennis Open,2025,3,F,QF
5368,MS007,Bank of China Hong Kong Tennis Open,2025,3,F,QF
5346,MS008,Bank of China Hong Kong Tennis Open,2025,3,F,R16
5348,MS009,Bank of China Hong Kong Tennis Open,2025,2,F,R16
5351,MS011,Bank of China Hong Kong Tennis Open,2025,3,F,R16
5350,MS012,Bank of China Hong Kong Tennis Open,2025,3,F,R16
5347,MS013,Bank of China Hong Kong Tennis Open,2025,2,F,R16
5349,MS014,Bank of China Hong Kong Tennis Open,2025,2,F,R16
5345,MS015,Bank of China Hong Kong Tennis Open,2025,2,F,R16
5393,MS017,Bank of China Hong Kong Tennis Open,2025,2,F,R32
5361,MS018,Bank of China Hong Kong Tennis Open,2025,2,F,R32
5354,MS019,Bank of China Hong Kong Tennis Open,2025,2,F,R32
5362,MS022,Bank of China Hong Kong Tennis Open,2025,2,F,R32
5355,MS023,Bank of China Hong Kong Tennis Open,2025,2,F,R32
5356,MS024,Bank of China Hong Kong Tennis Open,2025,2,F,R32
5357,MS025,Bank of China Hong Kong Tennis Open,2025,3,F,R32
5359,MS026,Bank of China Hong Kong Tennis Open,2025,2,F,R32
5353,MS028,Bank of China Hong Kong Tennis Open,2025,3,F,R32
5360,MS029,Bank of China Hong Kong Tennis Open,2025,3,F,R32
5358,MS030,Bank of China Hong Kong Tennis Open,2025,3,F,R32
5363,QS004,Bank of China Hong Kong Tennis Open,2025,2,F,Q2
5366,QS005,Bank of China Hong Kong Tennis Open,2025,3,F,Q2
5365,QS006,Bank of China Hong Kong Tennis Open,2025,2,F,Q2
5364,QS007,Bank of China Hong Kong Tennis Open,2025,3,F,Q2
5367,QS008,Bank of China Hong Kong Tennis Open,2025,3,F,Q1
5370,QS009,Bank of China Hong Kong Tennis Open,2025,2,F,Q1
5372,QS011,Bank of China Hong Kong Tennis Open,2025,3,F,Q1
5369,QS012,Bank of China Hong Kong Tennis Open,2025,2,F,Q1
5371,QS013,Bank of China Hong Kong Tennis Open,2025,2,F,Q1
5374,QS015,Bank of China Hong Kong Tennis Open,2025,3,F,Q1
6414,MS001,Barcelona Open Banc Sabadell,2025,2,F,F
6398,MS002,Barcelona Open Banc Sabadell,2025,2,F,SF
6397,MS003,Barcelona Open Banc Sabadell,2025,2,F,SF
6415,MS004,Barcelona Open Banc Sabadell,2025,2,F,QF
6418,MS005,Barcelona Open Banc Sabadell,2025,1,F,QF
6399,MS006,Barcelona Open Banc Sabadell,2025,2,F,QF
6416,MS007,Barcelona Open Banc Sabadell,2025,2,F,QF
6400,MS008,Barcelona Open Banc Sabadell,2025,2,F,R16
6419,MS009,Barcelona Open Banc Sabadell,2025,2,F,R16
6401,MS010,Barcelona Open Banc Sabadell,2025,2,F,R16
6405,MS011,Barcelona Open Banc Sabadell,2025,2,F,R16
6411,MS012,Barcelona Open Banc Sabadell,2025,2,F,R16
6403,MS013,Barcelona Open Banc Sabadell,2025,2,F,R16
6404,MS014,Barcelona Open Banc Sabadell,2025,3,F,R16
6402,MS015,Barcelona Open Banc Sabadell,2025,2,F,R16
6417,MS016,Barcelona Open Banc Sabadell,2025,2,F,R32
6422,MS017,Barcelona Open Banc Sabadell,2025,3,F,R32
6423,MS018,Barcelona Open Banc Sabadell,2025,2,F,R32
6430,MS019,Barcelona Open Banc Sabadell,2025,2,F,R32
6420,MS020,Barcelona Open Banc Sabadell,2025,2,F,R32
6425,MS021,Barcelona Open Banc Sabadell,2025,3,F,R32
6433,MS022,Barcelona Open Banc Sabadell,2025,3,F,R32
6451,MS023,Barcelona Open Banc Sabadell,2025,2,F,R32
6429,MS024,Barcelona Open Banc Sabadell,2025,3,F,R32
6432,MS025,Barcelona Open Banc Sabadell,2025,3,F,R32
6431,MS026,Barcelona Open Banc Sabadell,2025,2,F,R32
6421,MS027,Barcelona Open Banc Sabadell,2025,2,F,R32
6426,MS029,Barcelona Open Banc Sabadell,2025,2,F,R32
6428,MS030,Barcelona Open Banc Sabadell,2025,2,F,R32
6413,MS031,Barcelona Open Banc Sabadell,2025,2,F,R32
6434,QS008,Barcelona Open Banc Sabadell,2025,2,F,Q2
6424,QS009,Barcelona Open Banc Sabadell,2025,2,F,Q2
6427,QS010,Barcelona Open Banc Sabadell,2025,2,F,Q2
6435,QS012,Barcelona Open Banc Sabadell,2025,2,F,Q2
6456,QS013,Barcelona Open Banc Sabadell,2025,2,F,Q2
6436,QS016,Barcelona Open Banc Sabadell,2025,2,F,Q1
6441,QS018,Barcelona Open Banc Sabadell,2025,2,F,Q1
6437,QS019,Barcelona Open Banc Sabadell,2025,2,F,Q1
6440,QS020,Barcelona Open Banc Sabadell,2025,2,F,Q1
6445,QS021,Barcelona Open Banc Sabadell,2025,2,F,Q1
6438,QS023,Barcelona Open Banc Sabadell,2025,3,F,Q1
6444,QS024,Barcelona Open Banc Sabadell,2025,2,F,Q1
6439,QS026,Barcelona Open Banc Sabadell,2025,3,F,Q1
6442,QS027,Barcelona Open Banc Sabadell,2025,2,F,Q1
6736,MS001,Bitpanda Hamburg Open,2025,2,F,F
6737,MS002,Bitpanda Hamburg Open,2025,2,F,SF
6741,MS003,Bitpanda Hamburg Open,2025,3,F,SF
6730,MS004,Bitpanda Hamburg Open,2025,3,F,QF
6773,MS005,Bitpanda Hamburg Open,2025,3,F,QF
6740,MS006,Bitpanda Hamburg Open,2025,2,F,QF
6729,MS007,Bitpanda Hamburg Open,2025,2,F,QF
6731,MS008,Bitpanda Hamburg Open,2025,3,F,R16
6771,MS009,Bitpanda Hamburg Open,2025,2,F,R16
6735,MS010,Bitpanda Hamburg Open,2025,2,F,R16
6744,MS011,Bitpanda Hamburg Open,2025,3,F,R16
6746,MS012,Bitpanda Hamburg Open,2025,2,F,R16
6733,MS013,Bitpanda Hamburg Open,2025,2,F,R16
6732,MS014,Bitpanda Hamburg Open,2025,2,F,R16
6739,MS015,Bitpanda Hamburg Open,2025,2,F,R16
6749,MS016,Bitpanda Hamburg Open,2025,2,F,R32
6760,MS017,Bitpanda Hamburg Open,2025,2,F,R32
6761,MS018,Bitpanda Hamburg Open,2025,2,F,R32
6752,MS019,Bitpanda Hamburg Open,2025,2,F,R32
6745,MS020,Bitpanda Hamburg Open,2025,2,F,R32
6753,MS021,Bitpanda Hamburg Open,2025,2,F,R32
6756,MS022,Bitpanda Hamburg Open,2025,2,F,R32
6755,MS023,Bitpanda Hamburg Open,2025,1,F,R32
6750,MS024,Bitpanda Hamburg Open,2025,3,F,R32
6759,MS025,Bitpanda Hamburg Open,2025,2,F,R32
6789,MS026,Bitpanda Hamburg Open,2025,3,F,R32
6748,MS027,Bitpanda Hamburg Open,2025,2,F,R32
6757,MS028,Bitpanda Hamburg Open,2025,2,F,R32
6758,MS029,Bitpanda Hamburg Open,2025,3,F,R32
6754,MS030,Bitpanda Hamburg Open,2025,2,F,R32
6751,MS031,Bitpanda Hamburg Open,2025,2,F,R32
6762,QS004,Bitpanda Hamburg Open,2025,2,F,Q2
6763,QS005,Bitpanda Hamburg Open,2025,2,F,Q2
6792,QS006,Bitpanda Hamburg Open,2025,3,F,Q2
6764,QS007,Bitpanda Hamburg Open,2025,2,F,Q2
6765,QS008,Bitpanda Hamburg Open,2025,2,F,Q1
6774,QS011,Bitpanda Hamburg Open,2025,2,F,Q1
6770,QS012,Bitpanda Hamburg Open,2025,3,F,Q1
6772,QS013,Bitpanda Hamburg Open,2025,3,F,Q1
6767,QS014,Bitpanda Hamburg Open,2025,2,F,Q1
5295,MS001,Brisbane International presented by ANZ,2025,1,F,F
5302,MS002,Brisbane International presented by ANZ,2025,2,F,SF
5300,MS003,Brisbane International presented by ANZ,2025,2,F,SF
5303,MS004,Brisbane International presented by ANZ,2025,2,F,QF
5307,MS005,Brisbane International presented by ANZ,2025,2,F,QF
5304,MS006,Brisbane International presented by ANZ,2025,2,F,QF
5305,MS007,Brisbane International presented by ANZ,2025,2,F,QF
5306,MS008,Brisbane International presented by ANZ,2025,2,F,R16
5314,MS009,Brisbane International presented by ANZ,2025,2,F,R16
5339,MS010,Brisbane International presented by ANZ,2025,2,F,R16
5316,MS011,Brisbane International presented by ANZ,2025,2,F,R16
5310,MS012,Brisbane International presented by ANZ,2025,2,F,R16
5311,MS013,Brisbane International presented by ANZ,2025,3,F,R16
5309,MS014,Brisbane International presented by ANZ,2025,2,F,R16
5308,MS015,Brisbane International presented by ANZ,2025,2,F,R16
5313,MS016,Brisbane International presented by ANZ,2025,2,F,R32
5326,MS017,Brisbane International presented by ANZ,2025,3,F,R32
5331,MS018,Brisbane International presented by ANZ,2025,2,F,R32
5320,MS019,Brisbane International presented by ANZ,2025,2,F,R32
5315,MS020,Brisbane International presented by ANZ,2025,2,F,R32
5325,MS022,Brisbane International presented by ANZ,2025,2,F,R32
5323,MS023,Brisbane International presented by ANZ,2025,2,F,R32
5319,MS024,Brisbane International presented by ANZ,2025,3,F,R32
5321,MS025,Brisbane International presented by ANZ,2025,2,F,R32
5329,MS026,Brisbane International presented by ANZ,2025,2,F,R32
5318,MS027,Brisbane International presented by ANZ,2025,2,F,R32
5322,MS028,Brisbane International presented by ANZ,2025,3,F,R32
5324,MS029,Brisbane International presented by ANZ,2025,3,F,R32
5332,MS030,Brisbane International presented by ANZ,2025,2,F,R32
5312,MS031,Brisbane International presented by ANZ,2025,2,F,R32
5330,QS008,Brisbane International presented by ANZ,2025,3,F,Q2
5352,QS010,Brisbane International presented by ANZ,2025,2,F,Q2
5333,QS011,Brisbane International presented by ANZ,2025,2,F,Q2
5334,QS016,Brisbane International presented by ANZ,2025,2,F,Q1
5338,QS017,Brisbane International presented by ANZ,2025,2,F,Q1
5335,QS018,Brisbane International presented by ANZ,2025,2,F,Q1
5341,QS021,Brisbane International presented by ANZ,2025,3,F,Q1
5336,QS022,Brisbane International presented by ANZ,2025,2,F,Q1
5337,QS023,Brisbane International presented by ANZ,2025,2,F,Q1
5340,QS027,Brisbane International presented by ANZ,2025,3,F,Q1
8196,MS001,Chengdu Open,2025,3,F,F
8201,MS002,Chengdu Open,2025,2,F,SF
8202,MS003,Chengdu Open,2025,2,F,SF
8229,MS004,Chengdu Open,2025,2,F,QF
8205,MS005,Chengdu Open,2025,3,F,QF
8203,MS006,Chengdu Open,2025,3,F,QF
8206,MS007,Chengdu Open,2025,3,F,QF
8207,MS008,Chengdu Open,2025,3,F,R16
8214,MS009,Chengdu Open,2025,2,F,R16
8208,MS010,Chengdu Open,2025,3,F,R16
8217,MS011,Chengdu Open,2025,3,F,R16
8209,MS012,Chengdu Open,2025,2,F,R16
8210,MS013,Chengdu Open,2025,2,F,R16
8212,MS014,Chengdu Open,2025,2,F,R16
8216,MS015,Chengdu Open,2025,2,F,R16
8221,MS017,Chengdu Open,2025,2,F,R32
8220,MS018,Chengdu Open,2025,3,F,R32
8219,MS019,Chengdu Open,2025,2,F,R32
8213,MS021,Chengdu Open,2025,2,F,R32
8226,MS022,Chengdu Open,2025,3,F,R32
8218,MS023,Chengdu Open,2025,3,F,R32
8211,MS024,Chengdu Open,2025,3,F,R32
8225,MS025,Chengdu Open,2025,2,F,R32
8224,MS026,Chengdu Open,2025,3,F,R32
8215,MS028,Chengdu Open,2025,3,F,R32
8222,MS029,Chengdu Open,2025,3,F,R32
8223,MS030,Chengdu Open,2025,2,F,R32
8230,QS004,Chengdu Open,2025,3,F,Q2
8227,QS005,Chengdu Open,2025,3,F,Q2
8231,QS006,Chengdu Open,2025,2,F,Q2
8228,QS007,Chengdu Open,2025,3,F,Q2
8245,QS008,Chengdu Open,2025,2,F,Q1
8232,QS009,Chengdu Open,2025,3,F,Q1
8234,QS010,Chengdu Open,2025,2,F,Q1
8236,QS011,Chengdu Open,2025,2,F,Q1
8233,QS012,Chengdu Open,2025,2,F,Q1
8235,QS015,Chengdu Open,2025,3,F,Q1
8324,MS001,China Open,2025,2,F,F
8326,MS002,China Open,2025,3,F,SF
8330,MS003,China Open,2025,3,F,SF
8327,MS004,China Open,2025,2,F,QF
8329,MS005,China Open,2025,1,F,QF
8325,MS006,China Open,2025,3,F,QF
8328,MS007,China Open,2025,2,F,QF
8336,MS008,China Open,2025,3,F,R16
8334,MS009,China Open,2025,2,F,R16
8335,MS010,China Open,2025,3,F,R16
8338,MS011,China Open,2025,3,F,R16
8339,MS012,China Open,2025,2,F,R16
8332,MS013,China Open,2025,2,F,R16
8333,MS014,China Open,2025,2,F,R16
8331,MS015,China Open,2025,3,F,R16
8337,MS016,China Open,2025,2,F,R32
8350,MS017,China Open,2025,2,F,R32
8351,MS018,China Open,2025,2,F,R32
8378,MS019,China Open,2025,3,F,R32
8341,MS020,China Open,2025,2,F,R32
8345,MS021,China Open,2025,3,F,R32
8349,MS022,China Open,2025,3,F,R32
8343,MS023,China Open,2025,2,F,R32
8355,MS024,China Open,2025,2,F,R32
8357,MS025,China Open,2025,3,F,R32
8346,MS026,China Open,2025,2,F,R32
8344,MS027,China Open,2025,3,F,R32
8376,MS028,China Open,2025,2,F,R32
8348,MS029,China Open,2025,2,F,R32
8359,MS030,China Open,2025,2,F,R32
8340,MS031,China Open,2025,2,F,R32
8354,QS004,China Open,2025,2,F,Q2
8352,QS005,China Open,2025,2,F,Q2
8353,QS006,China Open,2025,2,F,Q2
8356,QS007,China Open,2025,2,F,Q2
8361,QS009,China Open,2025,3,F,Q1
8358,QS010,China Open,2025,2,F,Q1
8367,QS011,China Open,2025,3,F,Q1
8363,QS012,China Open,2025,2,F,Q1
8360,QS013,China Open,2025,2,F,Q1
8364,QS015,China Open,2025,3,F,Q1
7806,MS001,Cincinnati Open,2025,1,F,F
7797,MS002,Cincinnati Open,2025,2,F,SF
7805,MS003,Cincinnati Open,2025,2,F,SF
7803,MS004,Cincinnati Open,2025,2,F,QF
7796,MS005,Cincinnati Open,2025,2,F,QF
7804,MS006,Cincinnati Open,2025,2,F,QF
7801,MS007,Cincinnati Open,2025,3,F,QF
7802,MS008,Cincinnati Open,2025,2,F,R16
7811,MS009,Cincinnati Open,2025,2,F,R16
7810,MS010,Cincinnati Open,2025,3,F,R16
7813,MS011,Cincinnati Open,2025,2,F,R16
7809,MS012,Cincinnati Open,2025,2,F,R16
7808,MS013,Cincinnati Open,2025,2,F,R16
7855,MS014,Cincinnati Open,2025,2,F,R16
7807,MS015,Cincinnati Open,2025,2,F,R16
7817,MS016,Cincinnati Open,2025,2,F,R32
7857,MS017,Cincinnati Open,2025,3,F,R32
7819,MS018,Cincinnati Open,2025,2,F,R32
7825,MS019,Cincinnati Open,2025,3,F,R32
7812,MS020,Cincinnati Open,2025,2,F,R32
7826,MS021,Cincinnati Open,2025,2,F,R32
7814,MS022,Cincinnati Open,2025,2,F,R32
7821,MS023,Cincinnati Open,2025,2,F,R32
7816,MS024,Cincinnati Open,2025,2,F,R32
7824,MS025,Cincinnati Open,2025,2,F,R32
7815,MS026,Cincinnati Open,2025,2,F,R32
7818,MS027,Cincinnati Open,2025,2,F,R32
7862,MS028,Cincinnati Open,2025,3,F,R32
7822,MS029,Cincinnati Open,2025,3,F,R32
7823,MS030,Cincinnati Open,2025,2,F,R32
7820,MS031,Cincinnati Open,2025,2,F,R32
7827,MS032,Cincinnati Open,2025,2,F,R64
7856,MS033,Cincinnati Open,2025,2,F,R64
7846,MS034,Cincinnati Open,2025,2,F,R64
7877,MS035,Cincinnati Open,2025,2,F,R64
7831,MS036,Cincinnati Open,2025,3,F,R64
7847,MS037,Cincinnati Open,2025,2,F,R64
7850,MS038,Cincinnati Open,2025,2,F,R64
7835,MS039,Cincinnati Open,2025,3,F,R64
7829,MS040,Cincinnati Open,2025,2,F,R64
7858,MS041,Cincinnati Open,2025,2,F,R64
7843,MS042,Cincinnati Open,2025,2,F,R64
7842,MS043,Cincinnati Open,2025,3,F,R64
7830,MS044,Cincinnati Open,2025,2,F,R64
7848,MS045,Cincinnati Open,2025,2,F,R64
7851,MS046,Cincinnati Open,2025,3,F,R64
7828,MS047,Cincinnati Open,2025,2,F,R64
7832,MS048,Cincinnati Open,2025,2,F,R64
7859,MS049,Cincinnati Open,2025,2,F,R64
7845,MS050,Cincinnati Open,2025,3,F,R64
7838,MS051,Cincinnati Open,2025,3,F,R64
7840,MS052,Cincinnati Open,2025,2,F,R64
7860,MS053,Cincinnati Open,2025,2,F,R64
7852,MS054,Cincinnati Open,2025,3,F,R64
7837,MS055,Cincinnati Open,2025,2,F,R64
7834,MS056,Cincinnati Open,2025,2,F,R64
7854,MS057,Cincinnati Open,2025,2,F,R64
7844,MS058,Cincinnati Open,2025,2,F,R64
7839,MS059,Cincinnati Open,2025,2,F,R64
7841,MS060,Cincinnati Open,2025,2,F,R64
7849,MS061,Cincinnati Open,2025,3,F,R64
7853,MS062,Cincinnati Open,2025,2,F,R64
7833,MS063,Cincinnati Open,2025,3,F,R64
7881,MS065,Cincinnati Open,2025,2,F,R128
7864,MS066,Cincinnati Open,2025,2,F,R128
7876,MS069,Cincinnati Open,2025,2,F,R128
7879,MS070,Cincinnati Open,2025,3,F,R128
7888,MS073,Cincinnati Open,2025,2,F,R128
7899,MS074,Cincinnati Open,2025,3,F,R128
7878,MS077,Cincinnati Open,2025,3,F,R128
7863,MS078,Cincinnati Open,2025,3,F,R128
7871,MS082,Cincinnati Open,2025,2,F,R128
7873,MS085,Cincinnati Open,2025,3,F,R128
7861,MS086,Cincinnati Open,2025,2,F,R128
7866,MS089,Cincinnati Open,2025,3,F,R128
7893,MS090,Cincinnati Open,2025,2,F,R128
7882,MS093,Cincinnati Open,2025,2,F,R128
7889,MS094,Cincinnati Open,2025,2,F,R128
7865,MS098,Cincinnati Open,2025,2,F,R128
7870,MS101,Cincinnati Open,2025,2,F,R128
7885,MS102,Cincinnati Open,2025,3,F,R128
7892,MS105,Cincinnati Open,2025,3,F,R128
7867,MS106,Cincinnati Open,2025,3,F,R128
7872,MS109,Cincinnati Open,2025,3,F,R128
7869,MS110,Cincinnati Open,2025,2,F,R128
7884,MS113,Cincinnati Open,2025,2,F,R128
7880,MS114,Cincinnati Open,2025,2,F,R128
7874,MS117,Cincinnati Open,2025,3,F,R128
7886,MS118,Cincinnati Open,2025,2,F,R128
7883,MS121,Cincinnati Open,2025,2,F,R128
7910,MS122,Cincinnati Open,2025,2,F,R128
7875,MS125,Cincinnati Open,2025,2,F,R128
7868,MS126,Cincinnati Open,2025,2,F,R128
7896,QS016,Cincinnati Open,2025,2,F,Q2
7891,QS017,Cincinnati Open,2025,2,F,Q2
7900,QS018,Cincinnati Open,2025,2,F,Q2
7903,QS019,Cincinnati Open,2025,2,F,Q2
7890,QS020,Cincinnati Open,2025,2,F,Q2
7895,QS021,Cincinnati Open,2025,2,F,Q2
7887,QS022,Cincinnati Open,2025,2,F,Q2
7898,QS023,Cincinnati Open,2025,2,F,Q2
7897,QS024,Cincinnati Open,2025,2,F,Q2
7901,QS025,Cincinnati Open,2025,2,F,Q2
7904,QS026,Cincinnati Open,2025,3,F,Q2
7894,QS027,Cincinnati Open,2025,3,F,Q2
7929,QS032,Cincinnati Open,2025,3,F,Q1
7921,QS033,Cincinnati Open,2025,3,F,Q1
7902,QS034,Cincinnati Open,2025,3,F,Q1
7942,QS035,Cincinnati Open,2025,2,F,Q1
7907,QS036,Cincinnati Open,2025,2,F,Q1
7917,QS037,Cincinnati Open,2025,3,F,Q1
7906,QS038,Cincinnati Open,2025,2,F,Q1
7918,QS039,Cincinnati Open,2025,3,F,Q1
7905,QS040,Cincinnati Open,2025,2,F,Q1
7916,QS041,Cincinnati Open,2025,2,F,Q1
7912,QS044,Cincinnati Open,2025,3,F,Q1
7969,QS045,Cincinnati Open,2025,2,F,Q1
7908,QS046,Cincinnati Open,2025,3,F,Q1
7972,QS047,Cincinnati Open,2025,2,F,Q1
7914,QS048,Cincinnati Open,2025,2,F,Q1
7911,QS050,Cincinnati Open,2025,2,F,Q1
7919,QS052,Cincinnati Open,2025,3,F,Q1
7915,QS053,Cincinnati Open,2025,3,F,Q1
7909,QS054,Cincinnati Open,2025,2,F,Q1
7913,QS055,Cincinnati Open,2025,2,F,Q1
5658,MS001,Dallas Open,2025,2,F,F
5661,MS002,Dallas Open,2025,2,F,SF
5664,MS003,Dallas Open,2025,3,F,SF
5665,MS004,Dallas Open,2025,2,F,QF
5663,MS005,Dallas Open,2025,2,F,QF
5666,MS006,Dallas Open,2025,3,F,QF
5662,MS007,Dallas Open,2025,2,F,QF
5668,MS008,Dallas Open,2025,3,F,R16
5671,MS009,Dallas Open,2025,2,F,R16
5669,MS010,Dallas Open,2025,3,F,R16
5673,MS011,Dallas Open,2025,3,F,R16
5672,MS012,Dallas Open,2025,2,F,R16
5697,MS013,Dallas Open,2025,2,F,R16
5670,MS014,Dallas Open,2025,3,F,R16
5667,MS015,Dallas Open,2025,2,F,R16
5674,MS016,Dallas Open,2025,2,F,R32
5688,MS017,Dallas Open,2025,3,F,R32
5681,MS018,Dallas Open,2025,2,F,R32
5676,MS020,Dallas Open,2025,3,F,R32
5686,MS021,Dallas Open,2025,2,F,R32
5685,MS022,Dallas Open,2025,2,F,R32
5679,MS023,Dallas Open,2025,3,F,R32
5680,MS025,Dallas Open,2025,2,F,R32
5682,MS026,Dallas Open,2025,2,F,R32
5678,MS027,Dallas Open,2025,2,F,R32
5677,MS028,Dallas Open,2025,3,F,R32
5684,MS029,Dallas Open,2025,2,F,R32
5683,MS030,Dallas Open,2025,3,F,R32
5675,MS031,Dallas Open,2025,3,F,R32
5687,QS004,Dallas Open,2025,2,F,Q2
5693,QS009,Dallas Open,2025,2,F,Q1
5692,QS011,Dallas Open,2025,3,F,Q1
5689,QS012,Dallas Open,2025,2,F,Q1
5690,QS015,Dallas Open,2025,3,F,Q1
5755,MS001,Delray Beach Open,2025,3,F,F
5759,MS002,Delray Beach Open,2025,2,F,SF
5756,MS003,Delray Beach Open,2025,2,F,SF
5760,MS004,Delray Beach Open,2025,2,F,QF
5764,MS005,Delray Beach Open,2025,2,F,QF
5758,MS006,Delray Beach Open,2025,2,F,QF
5761,MS007,Delray Beach Open,2025,3,F,QF
5762,MS008,Delray Beach Open,2025,2,F,R16
5768,MS009,Delray Beach Open,2025,3,F,R16
5763,MS010,Delray Beach Open,2025,3,F,R16
5767,MS011,Delray Beach Open,2025,3,F,R16
5769,MS012,Delray Beach Open,2025,2,F,R16
5766,MS013,Delray Beach Open,2025,2,F,R16
5765,MS015,Delray Beach Open,2025,2,F,R16
5803,MS017,Delray Beach Open,2025,2,F,R32
5771,MS019,Delray Beach Open,2025,2,F,R32
5777,MS021,Delray Beach Open,2025,2,F,R32
5772,MS023,Delray Beach Open,2025,2,F,R32
5774,MS025,Delray Beach Open,2025,2,F,R32
5773,MS026,Delray Beach Open,2025,2,F,R32
5770,MS028,Delray Beach Open,2025,2,F,R32
5776,MS029,Delray Beach Open,2025,2,F,R32
5775,MS030,Delray Beach Open,2025,3,F,R32
5780,QS004,Delray Beach Open,2025,2,F,Q2
5779,QS005,Delray Beach Open,2025,3,F,Q2
5782,QS007,Delray Beach Open,2025,2,F,Q2
5787,QS009,Delray Beach Open,2025,3,F,Q1
5783,QS010,Delray Beach Open,2025,2,F,Q1
5785,QS013,Delray Beach Open,2025,3,F,Q1
5784,QS014,Delray Beach Open,2025,3,F,Q1
5786,QS015,Delray Beach Open,2025,2,F,Q1
5914,MS001,Dubai Duty Free Tennis Championships,2025,2,F,F
5925,MS002,Dubai Duty Free Tennis Championships,2025,2,F,SF
5891,MS003,Dubai Duty Free Tennis Championships,2025,3,F,SF
5893,MS004,Dubai Duty Free Tennis Championships,2025,3,F,QF
5917,MS005,Dubai Duty Free Tennis Championships,2025,3,F,QF
5894,MS006,Dubai Duty Free Tennis Championships,2025,3,F,QF
5895,MS007,Dubai Duty Free Tennis Championships,2025,3,F,QF
5913,MS008,Dubai Duty Free Tennis Championships,2025,2,F,R16
5923,MS009,Dubai Duty Free Tennis Championships,2025,3,F,R16
5912,MS010,Dubai Duty Free Tennis Championships,2025,3,F,R16
5898,MS011,Dubai Duty Free Tennis Championships,2025,2,F,R16
5903,MS012,Dubai Duty Free Tennis Championships,2025,2,F,R16
5900,MS013,Dubai Duty Free Tennis Championships,2025,2,F,R16
5920,MS014,Dubai Duty Free Tennis Championships,2025,3,F,R16
5899,MS015,Dubai Duty Free Tennis Championships,2025,3,F,R16
5916,MS016,Dubai Duty Free Tennis Championships,2025,2,F,R32
5908,MS017,Dubai Duty Free Tennis Championships,2025,2,F,R32
5906,MS018,Dubai Duty Free Tennis Championships,2025,3,F,R32
5904,MS019,Dubai Duty Free Tennis Championships,2025,2,F,R32
5911,MS020,Dubai Duty Free Tennis Championships,2025,2,F,R32
5944,MS021,Dubai Duty Free Tennis Championships,2025,2,F,R32
5927,MS022,Dubai Duty Free Tennis Championships,2025,2,F,R32
5919,MS023,Dubai Duty Free Tennis Championships,2025,1,F,R32
5907,MS024,Dubai Duty Free Tennis Championships,2025,3,F,R32
5905,MS026,Dubai Duty Free Tennis Championships,2025,3,F,R32
5910,MS027,Dubai Duty Free Tennis Championships,2025,3,F,R32
5921,MS028,Dubai Duty Free Tennis Championships,2025,2,F,R32
5918,MS029,Dubai Duty Free Tennis Championships,2025,3,F,R32
5909,MS030,Dubai Duty Free Tennis Championships,2025,2,F,R32
5902,MS031,Dubai Duty Free Tennis Championships,2025,3,F,R32
5926,QS004,Dubai Duty Free Tennis Championships,2025,2,F,Q2
5922,QS005,Dubai Duty Free Tennis Championships,2025,2,F,Q2
5924,QS006,Dubai Duty Free Tennis Championships,2025,2,F,Q2
5928,QS007,Dubai Duty Free Tennis Championships,2025,2,F,Q2
5931,QS008,Dubai Duty Free Tennis Championships,2025,3,F,Q1
5933,QS009,Dubai Duty Free Tennis Championships,2025,2,F,Q1
5934,QS010,Dubai Duty Free Tennis Championships,2025,2,F,Q1
5932,QS011,Dubai Duty Free Tennis Championships,2025,2,F,Q1
5930,QS015,Dubai Duty Free Tennis Championships,2025,2,F,Q1
7529,MS001,EFG Swiss Open Gstaad,2025,3,F,F
7538,MS002,EFG Swiss Open Gstaad,2025,2,F,SF
7531,MS003,EFG Swiss Open Gstaad,2025,2,F,SF
7534,MS004,EFG Swiss Open Gstaad,2025,3,F,QF
7532,MS005,EFG Swiss Open Gstaad,2025,3,F,QF
7530,MS006,EFG Swiss Open Gstaad,2025,3,F,QF
7535,MS007,EFG Swiss Open Gstaad,2025,2,F,QF
7543,MS008,EFG Swiss Open Gstaad,2025,2,F,R16
7537,MS009,EFG Swiss Open Gstaad,2025,3,F,R16
7539,MS010,EFG Swiss Open Gstaad,2025,3,F,R16
7542,MS011,EFG Swiss Open Gstaad,2025,3,F,R16
7536,MS012,EFG Swiss Open Gstaad,2025,2,F,R16
7541,MS013,EFG Swiss Open Gstaad,2025,3,F,R16
7544,MS014,EFG Swiss Open Gstaad,2025,2,F,R16
7533,MS015,EFG Swiss Open Gstaad,2025,2,F,R16
7558,MS017,EFG Swiss Open Gstaad,2025,3,F,R32
7556,MS018,EFG Swiss Open Gstaad,2025,3,F,R32
7545,MS019,EFG Swiss Open Gstaad,2025,2,F,R32
7549,MS021,EFG Swiss Open Gstaad,2025,2,F,R32
7557,MS022,EFG Swiss Open Gstaad,2025,3,F,R32
7546,MS023,EFG Swiss Open Gstaad,2025,3,F,R32
7547,MS024,EFG Swiss Open Gstaad,2025,2,F,R32
7561,MS025,EFG Swiss Open Gstaad,2025,3,F,R32
7550,MS026,EFG Swiss Open Gstaad,2025,3,F,R32
7548,MS028,EFG Swiss Open Gstaad,2025,2,F,R32
7554,MS029,EFG Swiss Open Gstaad,2025,3,F,R32
7552,MS030,EFG Swiss Open Gstaad,2025,2,F,R32
7551,QS004,EFG Swiss Open Gstaad,2025,2,F,Q2
7553,QS005,EFG Swiss Open Gstaad,2025,3,F,Q2
7555,QS006,EFG Swiss Open Gstaad,2025,3,F,Q2
7559,QS007,EFG Swiss Open Gstaad,2025,2,F,Q2
7560,QS008,EFG Swiss Open Gstaad,2025,2,F,Q1
7563,QS009,EFG Swiss Open Gstaad,2025,3,F,Q1
7562,QS010,EFG Swiss Open Gstaad,2025,2,F,Q1
7565,QS011,EFG Swiss Open Gstaad,2025,3,F,Q1
7564,QS015,EFG Swiss Open Gstaad,2025,2,F,Q1
8596,MS001,Erste Bank Open,2025,3,F,F
8601,MS002,Erste Bank Open,2025,2,F,SF
8602,MS003,Erste Bank Open,2025,2,F,SF
8608,MS004,Erste Bank Open,2025,2,F,QF
8605,MS005,Erste Bank Open,2025,2,F,QF
8606,MS006,Erste Bank Open,2025,2,F,QF
8613,MS008,Erste Bank Open,2025,2,F,R16
8610,MS009,Erste Bank Open,2025,2,F,R16
8614,MS010,Erste Bank Open,2025,2,F,R16
8609,MS011,Erste Bank Open,2025,3,F,R16
8611,MS012,Erste Bank Open,2025,2,F,R16
8615,MS013,Erste Bank Open,2025,2,F,R16
8619,MS014,Erste Bank Open,2025,2,F,R16
8607,MS015,Erste Bank Open,2025,2,F,R16
8618,MS016,Erste Bank Open,2025,2,F,R32
8628,MS017,Erste Bank Open,2025,2,F,R32
8629,MS018,Erste Bank Open,2025,2,F,R32
8622,MS019,Erste Bank Open,2025,2,F,R32
8617,MS020,Erste Bank Open,2025,2,F,R32
8639,MS021,Erste Bank Open,2025,2,F,R32
8624,MS022,Erste Bank Open,2025,2,F,R32
8621,MS023,Erste Bank Open,2025,3,F,R32
8644,MS024,Erste Bank Open,2025,3,F,R32
8631,MS025,Erste Bank Open,2025,2,F,R32
8623,MS026,Erste Bank Open,2025,2,F,R32
8616,MS027,Erste Bank Open,2025,2,F,R32
8620,MS028,Erste Bank Open,2025,3,F,R32
8627,MS029,Erste Bank Open,2025,2,F,R32
8625,MS030,Erste Bank Open,2025,2,F,R32
8612,MS031,Erste Bank Open,2025,3,F,R32
8635,QS004,Erste Bank Open,2025,2,F,Q2
8630,QS005,Erste Bank Open,2025,2,F,Q2
8637,QS006,Erste Bank Open,2025,3,F,Q2
8632,QS007,Erste Bank Open,2025,2,F,Q2
8642,QS008,Erste Bank Open,2025,2,F,Q1
8640,QS009,Erste Bank Open,2025,2,F,Q1
8634,QS010,Erste Bank Open,2025,2,F,Q1
8641,QS011,Erste Bank Open,2025,2,F,Q1
8626,QS012,Erste Bank Open,2025,2,F,Q1
8638,QS013,Erste Bank Open,2025,3,F,Q1
8633,QS014,Erste Bank Open,2025,3,F,Q1
8636,QS015,Erste Bank Open,2025,3,F,Q1
6246,MS001,Fayez Sarofim & Co. U.S. Men's Clay Court Championship,2025,2,F,F
6248,MS002,Fayez Sarofim & Co. U.S. Men's Clay Court Championship,2025,3,F,SF
6247,MS003,Fayez Sarofim & Co. U.S. Men's Clay Court Championship,2025,2,F,SF
6251,MS004,Fayez Sarofim & Co. U.S. Men's Clay Court Championship,2025,2,F,QF
6249,MS005,Fayez Sarofim & Co. U.S. Men's Clay Court Championship,2025,3,F,QF
6250,MS007,Fayez Sarofim & Co. U.S. Men's Clay Court Championship,2025,2,F,QF
6253,MS008,Fayez Sarofim & Co. U.S. Men's Clay Court Championship,2025,3,F,R16
6261,MS009,Fayez Sarofim & Co. U.S. Men's Clay Court Championship,2025,2,F,R16
6257,MS010,Fayez Sarofim & Co. U.S. Men's Clay Court Championship,2025,3,F,R16
6256,MS011,Fayez Sarofim & Co. U.S. Men's Clay Court Championship,2025,2,F,R16
6252,MS013,Fayez Sarofim & Co. U.S. Men's Clay Court Championship,2025,2,F,R16
6255,MS014,Fayez Sarofim & Co. U.S. Men's Clay Court Championship,2025,3,F,R16
6254,MS015,Fayez Sarofim & Co. U.S. Men's Clay Court Championship,2025,2,F,R16
6267,MS018,Fayez Sarofim & Co. U.S. Men's Clay Court Championship,2025,2,F,R32
6259,MS019,Fayez Sarofim & Co. U.S. Men's Clay Court Championship,2025,3,F,R32
6264,MS021,Fayez Sarofim & Co. U.S. Men's Clay Court Championship,2025,2,F,R32
6263,MS022,Fayez Sarofim & Co. U.S. Men's Clay Court Championship,2025,2,F,R32
6260,MS023,Fayez Sarofim & Co. U.S. Men's Clay Court Championship,2025,2,F,R32
6265,MS026,Fayez Sarofim & Co. U.S. Men's Clay Court Championship,2025,3,F,R32
6258,MS028,Fayez Sarofim & Co. U.S. Men's Clay Court Championship,2025,2,F,R32
6262,MS029,Fayez Sarofim & Co. U.S. Men's Clay Court Championship,2025,2,F,R32
6266,MS030,Fayez Sarofim & Co. U.S. Men's Clay Court Championship,2025,2,F,R32
6268,QS005,Fayez Sarofim & Co. U.S. Men's Clay Court Championship,2025,2,F,Q2
6270,QS006,Fayez Sarofim & Co. U.S. Men's Clay Court Championship,2025,3,F,Q2
6271,QS007,Fayez Sarofim & Co. U.S. Men's Clay Court Championship,2025,2,F,Q2
6269,QS008,Fayez Sarofim & Co. U.S. Men's Clay Court Championship,2025,3,F,Q1
6272,QS013,Fayez Sarofim & Co. U.S. Men's Clay Court Championship,2025,3,F,Q1
7661,MS001,Generali Open,2025,2,F,F
7663,MS002,Generali Open,2025,2,F,SF
7665,MS003,Generali Open,2025,2,F,SF
7666,MS004,Generali Open,2025,2,F,QF
7696,MS005,Generali Open,2025,2,F,QF
7662,MS006,Generali Open,2025,2,F,QF
7664,MS007,Generali Open,2025,3,F,QF
7674,MS008,Generali Open,2025,2,F,R16
7668,MS009,Generali Open,2025,2,F,R16
7670,MS010,Generali Open,2025,2,F,R16
7673,MS011,Generali Open,2025,2,F,R16
7675,MS012,Generali Open,2025,2,F,R16
7699,MS013,Generali Open,2025,2,F,R16
7669,MS014,Generali Open,2025,3,F,R16
7702,MS015,Generali Open,2025,3,F,R16
7680,MS017,Generali Open,2025,2,F,R32
7681,MS018,Generali Open,2025,3,F,R32
7676,MS019,Generali Open,2025,3,F,R32
7706,MS021,Generali Open,2025,2,F,R32
7683,MS022,Generali Open,2025,3,F,R32
7672,MS023,Generali Open,2025,3,F,R32
7667,MS024,Generali Open,2025,2,F,R32
7677,MS025,Generali Open,2025,3,F,R32
7682,MS026,Generali Open,2025,2,F,R32
7671,MS028,Generali Open,2025,3,F,R32
7678,MS029,Generali Open,2025,2,F,R32
7679,MS030,Generali Open,2025,2,F,R32
7684,QS004,Generali Open,2025,2,F,Q2
7688,QS005,Generali Open,2025,2,F,Q2
7685,QS006,Generali Open,2025,2,F,Q2
7687,QS007,Generali Open,2025,2,F,Q2
7692,QS009,Generali Open,2025,2,F,Q1
7695,QS011,Generali Open,2025,2,F,Q1
7686,QS012,Generali Open,2025,2,F,Q1
7689,QS013,Generali Open,2025,3,F,Q1
7690,QS015,Generali Open,2025,2,F,Q1
6766,MS001,Gonet Geneva Open,2025,3,F,F
6768,MS002,Gonet Geneva Open,2025,2,F,SF
6769,MS003,Gonet Geneva Open,2025,3,F,SF
6776,MS004,Gonet Geneva Open,2025,2,F,QF
6778,MS005,Gonet Geneva Open,2025,3,F,QF
6777,MS006,Gonet Geneva Open,2025,2,F,QF
6775,MS007,Gonet Geneva Open,2025,2,F,QF
6779,MS008,Gonet Geneva Open,2025,2,F,R16
6790,MS009,Gonet Geneva Open,2025,2,F,R16
6786,MS011,Gonet Geneva Open,2025,2,F,R16
6783,MS012,Gonet Geneva Open,2025,2,F,R16
6780,MS013,Gonet Geneva Open,2025,3,F,R16
6782,MS014,Gonet Geneva Open,2025,2,F,R16
6781,MS015,Gonet Geneva Open,2025,2,F,R16
6794,MS017,Gonet Geneva Open,2025,3,F,R32
6801,MS018,Gonet Geneva Open,2025,2,F,R32
6788,MS019,Gonet Geneva Open,2025,2,F,R32
6796,MS022,Gonet Geneva Open,2025,2,F,R32
6784,MS023,Gonet Geneva Open,2025,3,F,R32
6787,MS024,Gonet Geneva Open,2025,3,F,R32
6791,MS025,Gonet Geneva Open,2025,2,F,R32
6795,MS026,Gonet Geneva Open,2025,2,F,R32
6785,MS028,Gonet Geneva Open,2025,3,F,R32
6793,MS030,Gonet Geneva Open,2025,2,F,R32
6798,QS005,Gonet Geneva Open,2025,2,F,Q2
6797,QS006,Gonet Geneva Open,2025,2,F,Q2
6799,QS007,Gonet Geneva Open,2025,3,F,Q2
6800,QS008,Gonet Geneva Open,2025,2,F,Q1
6834,QS011,Gonet Geneva Open,2025,3,F,Q1
6833,QS012,Gonet Geneva Open,2025,2,F,Q1
6804,QS013,Gonet Geneva Open,2025,2,F,Q1
6802,QS014,Gonet Geneva Open,2025,3,F,Q1
6803,QS015,Gonet Geneva Open,2025,3,F,Q1
6301,MS001,Grand Prix Hassan II,2025,2,F,F
6304,MS002,Grand Prix Hassan II,2025,2,F,SF
6302,MS003,Grand Prix Hassan II,2025,2,F,SF
6306,MS004,Grand Prix Hassan II,2025,2,F,QF
6307,MS005,Grand Prix Hassan II,2025,2,F,QF
6308,MS006,Grand Prix Hassan II,2025,2,F,QF
6311,MS007,Grand Prix Hassan II,2025,2,F,QF
6312,MS008,Grand Prix Hassan II,2025,3,F,R16
6348,MS009,Grand Prix Hassan II,2025,2,F,R16
6309,MS010,Grand Prix Hassan II,2025,3,F,R16
6320,MS011,Grand Prix Hassan II,2025,2,F,R16
6313,MS012,Grand Prix Hassan II,2025,2,F,R16
6315,MS013,Grand Prix Hassan II,2025,3,F,R16
6314,MS014,Grand Prix Hassan II,2025,3,F,R16
6310,MS015,Grand Prix Hassan II,2025,3,F,R16
6318,MS019,Grand Prix Hassan II,2025,2,F,R32
6323,MS021,Grand Prix Hassan II,2025,3,F,R32
6316,MS023,Grand Prix Hassan II,2025,2,F,R32
6317,MS024,Grand Prix Hassan II,2025,2,F,R32
6325,MS025,Grand Prix Hassan II,2025,3,F,R32
6319,MS028,Grand Prix Hassan II,2025,2,F,R32
6322,MS029,Grand Prix Hassan II,2025,3,F,R32
6327,MS030,Grand Prix Hassan II,2025,3,F,R32
6326,QS004,Grand Prix Hassan II,2025,2,F,Q2
6329,QS006,Grand Prix Hassan II,2025,3,F,Q2
6328,QS007,Grand Prix Hassan II,2025,2,F,Q2
6331,QS008,Grand Prix Hassan II,2025,2,F,Q1
6330,QS011,Grand Prix Hassan II,2025,2,F,Q1
6332,QS015,Grand Prix Hassan II,2025,3,F,Q1
7120,MS001,HSBC Championships,2025,3,F,F
7126,MS002,HSBC Championships,2025,2,F,SF
7131,MS003,HSBC Championships,2025,3,F,SF
7130,MS004,HSBC Championships,2025,2,F,QF
7134,MS005,HSBC Championships,2025,3,F,QF
7133,MS006,HSBC Championships,2025,2,F,QF
7132,MS007,HSBC Championships,2025,3,F,QF
7135,MS008,HSBC Championships,2025,3,F,R16
7145,MS009,HSBC Championships,2025,2,F,R16
7138,MS010,HSBC Championships,2025,3,F,R16
7144,MS011,HSBC Championships,2025,3,F,R16
7139,MS012,HSBC Championships,2025,2,F,R16
7141,MS013,HSBC Championships,2025,3,F,R16
7136,MS014,HSBC Championships,2025,2,F,R16
7137,MS015,HSBC Championships,2025,3,F,R16
7146,MS016,HSBC Championships,2025,2,F,R32
7155,MS017,HSBC Championships,2025,1,F,R32
7154,MS018,HSBC Championships,2025,2,F,R32
7148,MS019,HSBC Championships,2025,2,F,R32
7147,MS020,HSBC Championships,2025,2,F,R32
7157,MS021,HSBC Championships,2025,2,F,R32
7151,MS022,HSBC Championships,2025,3,F,R32
7183,MS023,HSBC Championships,2025,3,F,R32
7140,MS024,HSBC Championships,2025,2,F,R32
7153,MS025,HSBC Championships,2025,3,F,R32
7152,MS026,HSBC Championships,2025,2,F,R32
7143,MS027,HSBC Championships,2025,3,F,R32
7149,MS028,HSBC Championships,2025,2,F,R32
7161,MS029,HSBC Championships,2025,3,F,R32
7156,MS030,HSBC Championships,2025,3,F,R32
7142,MS031,HSBC Championships,2025,2,F,R32
7163,QS004,HSBC Championships,2025,2,F,Q2
7162,QS005,HSBC Championships,2025,2,F,Q2
7159,QS006,HSBC Championships,2025,3,F,Q2
7158,QS007,HSBC Championships,2025,3,F,Q2
7165,QS008,HSBC Championships,2025,2,F,Q1
7169,QS009,HSBC Championships,2025,2,F,Q1
7164,QS010,HSBC Championships,2025,2,F,Q1
7166,QS011,HSBC Championships,2025,2,F,Q1
7168,QS012,HSBC Championships,2025,3,F,Q1
7170,QS013,HSBC Championships,2025,2,F,Q1
7171,QS014,HSBC Championships,2025,2,F,Q1
7167,QS015,HSBC Championships,2025,2,F,Q1
5788,MS001,IEB+ Argentina Open,2025,2,F,F
5791,MS002,IEB+ Argentina Open,2025,2,F,SF
5789,MS003,IEB+ Argentina Open,2025,3,F,SF
5790,MS004,IEB+ Argentina Open,2025,3,F,QF
5792,MS006,IEB+ Argentina Open,2025,2,F,QF
5794,MS007,IEB+ Argentina Open,2025,3,F,QF
5795,MS008,IEB+ Argentina Open,2025,2,F,R16
5798,MS009,IEB+ Argentina Open,2025,2,F,R16
5796,MS010,IEB+ Argentina Open,2025,2,F,R16
5799,MS012,IEB+ Argentina Open,2025,2,F,R16
5797,MS013,IEB+ Argentina Open,2025,3,F,R16
5793,MS015,IEB+ Argentina Open,2025,2,F,R16
5804,MS017,IEB+ Argentina Open,2025,2,F,R32
5802,MS018,IEB+ Argentina Open,2025,3,F,R32
5801,MS019,IEB+ Argentina Open,2025,2,F,R32
5807,MS021,IEB+ Argentina Open,2025,2,F,R32
5838,MS022,IEB+ Argentina Open,2025,3,F,R32
5800,MS024,IEB+ Argentina Open,2025,2,F,R32
5809,MS025,IEB+ Argentina Open,2025,3,F,R32
5806,MS026,IEB+ Argentina Open,2025,2,F,R32
5805,MS028,IEB+ Argentina Open,2025,2,F,R32
5808,MS030,IEB+ Argentina Open,2025,2,F,R32
5810,QS004,IEB+ Argentina Open,2025,3,F,Q2
5812,QS007,IEB+ Argentina Open,2025,3,F,Q2
5811,QS008,IEB+ Argentina Open,2025,2,F,Q1
5817,QS009,IEB+ Argentina Open,2025,3,F,Q1
5815,QS011,IEB+ Argentina Open,2025,2,F,Q1
5813,QS013,IEB+ Argentina Open,2025,2,F,Q1
5814,QS014,IEB+ Argentina Open,2025,3,F,Q1
5816,QS015,IEB+ Argentina Open,2025,2,F,Q1
6608,MS001,Internazionali BNL d'Italia,2025,2,F,F
6604,MS002,Internazionali BNL d'Italia,2025,3,F,SF
6611,MS003,Internazionali BNL d'Italia,2025,2,F,SF
6607,MS004,Internazionali BNL d'Italia,2025,2,F,QF
6609,MS005,Internazionali BNL d'Italia,2025,2,F,QF
6610,MS006,Internazionali BNL d'Italia,2025,2,F,QF
6606,MS007,Internazionali BNL d'Italia,2025,2,F,QF
6613,MS008,Internazionali BNL d'Italia,2025,2,F,R16
6622,MS009,Internazionali BNL d'Italia,2025,2,F,R16
6620,MS010,Internazionali BNL d'Italia,2025,3,F,R16
6621,MS011,Internazionali BNL d'Italia,2025,2,F,R16
6617,MS012,Internazionali BNL d'Italia,2025,3,F,R16
6623,MS013,Internazionali BNL d'Italia,2025,3,F,R16
6619,MS014,Internazionali BNL d'Italia,2025,2,F,R16
6615,MS015,Internazionali BNL d'Italia,2025,2,F,R16
6630,MS016,Internazionali BNL d'Italia,2025,2,F,R32
6643,MS017,Internazionali BNL d'Italia,2025,2,F,R32
6636,MS018,Internazionali BNL d'Italia,2025,2,F,R32
6618,MS019,Internazionali BNL d'Italia,2025,2,F,R32
6641,MS020,Internazionali BNL d'Italia,2025,3,F,R32
6635,MS021,Internazionali BNL d'Italia,2025,2,F,R32
6633,MS022,Internazionali BNL d'Italia,2025,3,F,R32
6626,MS023,Internazionali BNL d'Italia,2025,2,F,R32
6628,MS024,Internazionali BNL d'Italia,2025,2,F,R32
6624,MS025,Internazionali BNL d'Italia,2025,3,F,R32
6637,MS026,Internazionali BNL d'Italia,2025,2,F,R32
6627,MS027,Internazionali BNL d'Italia,2025,2,F,R32
6625,MS028,Internazionali BNL d'Italia,2025,2,F,R32
6634,MS029,Internazionali BNL d'Italia,2025,2,F,R32
6631,MS030,Internazionali BNL d'Italia,2025,3,F,R32
6629,MS031,Internazionali BNL d'Italia,2025,2,F,R32
6642,MS032,Internazionali BNL d'Italia,2025,2,F,R64
6654,MS033,Internazionali BNL d'Italia,2025,2,F,R64
6659,MS034,Internazionali BNL d'Italia,2025,2,F,R64
6653,MS035,Internazionali BNL d'Italia,2025,3,F,R64
6652,MS036,Internazionali BNL d'Italia,2025,2,F,R64
6671,MS037,Internazionali BNL d'Italia,2025,2,F,R64
6672,MS038,Internazionali BNL d'Italia,2025,2,F,R64
6648,MS039,Internazionali BNL d'Italia,2025,3,F,R64
6647,MS040,Internazionali BNL d'Italia,2025,2,F,R64
6661,MS041,Internazionali BNL d'Italia,2025,2,F,R64
6655,MS042,Internazionali BNL d'Italia,2025,2,F,R64
6663,MS043,Internazionali BNL d'Italia,2025,3,F,R64
6650,MS044,Internazionali BNL d'Italia,2025,2,F,R64
6664,MS045,Internazionali BNL d'Italia,2025,2,F,R64
6670,MS046,Internazionali BNL d'Italia,2025,3,F,R64
6645,MS047,Internazionali BNL d'Italia,2025,2,F,R64
6640,MS048,Internazionali BNL d'Italia,2025,2,F,R64
6667,MS049,Internazionali BNL d'Italia,2025,3,F,R64
6658,MS050,Internazionali BNL d'Italia,2025,2,F,R64
6644,MS051,Internazionali BNL d'Italia,2025,3,F,R64
6656,MS052,Internazionali BNL d'Italia,2025,2,F,R64
6665,MS053,Internazionali BNL d'Italia,2025,3,F,R64
6662,MS054,Internazionali BNL d'Italia,2025,2,F,R64
6638,MS055,Internazionali BNL d'Italia,2025,2,F,R64
6646,MS056,Internazionali BNL d'Italia,2025,2,F,R64
6660,MS058,Internazionali BNL d'Italia,2025,2,F,R64
6649,MS059,Internazionali BNL d'Italia,2025,2,F,R64
6651,MS060,Internazionali BNL d'Italia,2025,2,F,R64
6657,MS061,Internazionali BNL d'Italia,2025,2,F,R64
6675,MS062,Internazionali BNL d'Italia,2025,2,F,R64
6639,MS063,Internazionali BNL d'Italia,2025,2,F,R64
6687,MS065,Internazionali BNL d'Italia,2025,2,F,R128
6674,MS066,Internazionali BNL d'Italia,2025,2,F,R128
6678,MS069,Internazionali BNL d'Italia,2025,2,F,R128
6690,MS070,Internazionali BNL d'Italia,2025,1,F,R128
6682,MS073,Internazionali BNL d'Italia,2025,3,F,R128
6666,MS078,Internazionali BNL d'Italia,2025,2,F,R128
6680,MS081,Internazionali BNL d'Italia,2025,3,F,R128
6686,MS082,Internazionali BNL d'Italia,2025,2,F,R128
6688,MS085,Internazionali BNL d'Italia,2025,2,F,R128
6679,MS086,Internazionali BNL d'Italia,2025,2,F,R128
6706,MS089,Internazionali BNL d'Italia,2025,2,F,R128
6705,MS090,Internazionali BNL d'Italia,2025,2,F,R128
6694,MS093,Internazionali BNL d'Italia,2025,3,F,R128
6692,MS094,Internazionali BNL d'Italia,2025,2,F,R128
6673,MS097,Internazionali BNL d'Italia,2025,2,F,R128
6681,MS098,Internazionali BNL d'Italia,2025,2,F,R128
6685,MS101,Internazionali BNL d'Italia,2025,3,F,R128
6669,MS102,Internazionali BNL d'Italia,2025,2,F,R128
6695,MS105,Internazionali BNL d'Italia,2025,3,F,R128
6668,MS106,Internazionali BNL d'Italia,2025,2,F,R128
6677,MS109,Internazionali BNL d'Italia,2025,2,F,R128
6683,MS110,Internazionali BNL d'Italia,2025,2,F,R128
6743,MS113,Internazionali BNL d'Italia,2025,2,F,R128
6703,MS114,Internazionali BNL d'Italia,2025,3,F,R128
6691,MS117,Internazionali BNL d'Italia,2025,3,F,R128
6693,MS118,Internazionali BNL d'Italia,2025,2,F,R128
6689,MS121,Internazionali BNL d'Italia,2025,3,F,R128
6684,MS122,Internazionali BNL d'Italia,2025,3,F,R128
6676,MS125,Internazionali BNL d'Italia,2025,3,F,R128
6700,MS126,Internazionali BNL d'Italia,2025,3,F,R128
6701,QS017,Internazionali BNL d'Italia,2025,2,F,Q2
6708,QS018,Internazionali BNL d'Italia,2025,3,F,Q2
6702,QS019,Internazionali BNL d'Italia,2025,2,F,Q2
6697,QS020,Internazionali BNL d'Italia,2025,2,F,Q2
6709,QS021,Internazionali BNL d'Italia,2025,2,F,Q2
6696,QS022,Internazionali BNL d'Italia,2025,2,F,Q2
6727,QS023,Internazionali BNL d'Italia,2025,3,F,Q2
6699,QS024,Internazionali BNL d'Italia,2025,2,F,Q2
6707,QS025,Internazionali BNL d'Italia,2025,2,F,Q2
6704,QS026,Internazionali BNL d'Italia,2025,3,F,Q2
6698,QS027,Internazionali BNL d'Italia,2025,1,F,Q2
6724,QS033,Internazionali BNL d'Italia,2025,3,F,Q1
6710,QS034,Internazionali BNL d'Italia,2025,2,F,Q1
6725,QS035,Internazionali BNL d'Italia,2025,3,F,Q1
6711,QS036,Internazionali BNL d'Italia,2025,2,F,Q1
6722,QS037,Internazionali BNL d'Italia,2025,3,F,Q1
6715,QS038,Internazionali BNL d'Italia,2025,2,F,Q1
6738,QS039,Internazionali BNL d'Italia,2025,2,F,Q1
6714,QS040,Internazionali BNL d'Italia,2025,2,F,Q1
6720,QS042,Internazionali BNL d'Italia,2025,3,F,Q1
6723,QS043,Internazionali BNL d'Italia,2025,3,F,Q1
6719,QS044,Internazionali BNL d'Italia,2025,3,F,Q1
6718,QS045,Internazionali BNL d'Italia,2025,2,F,Q1
6712,QS046,Internazionali BNL d'Italia,2025,2,F,Q1
6717,QS047,Internazionali BNL d'Italia,2025,3,F,Q1
6713,QS048,Internazionali BNL d'Italia,2025,2,F,Q1
6734,QS049,Internazionali BNL d'Italia,2025,2,F,Q1
6716,QS050,Internazionali BNL d'Italia,2025,3,F,Q1
6742,QS051,Internazionali BNL d'Italia,2025,2,F,Q1
6747,QS052,Internazionali BNL d'Italia,2025,2,F,Q1
6726,QS053,Internazionali BNL d'Italia,2025,3,F,Q1
6721,QS054,Internazionali BNL d'Italia,2025,3,F,Q1
6728,QS055,Internazionali BNL d'Italia,2025,3,F,Q1
8282,MS001,Kinoshita Group Japan Open Tennis Championships,2025,2,F,F
8288,MS002,Kinoshita Group Japan Open Tennis Championships,2025,3,F,SF
8294,MS003,Kinoshita Group Japan Open Tennis Championships,2025,2,F,SF
8299,MS004,Kinoshita Group Japan Open Tennis Championships,2025,2,F,QF
8283,MS005,Kinoshita Group Japan Open Tennis Championships,2025,2,F,QF
8295,MS006,Kinoshita Group Japan Open Tennis Championships,2025,2,F,QF
8284,MS007,Kinoshita Group Japan Open Tennis Championships,2025,3,F,QF
8290,MS008,Kinoshita Group Japan Open Tennis Championships,2025,2,F,R16
8298,MS009,Kinoshita Group Japan Open Tennis Championships,2025,2,F,R16
8291,MS010,Kinoshita Group Japan Open Tennis Championships,2025,2,F,R16
8292,MS011,Kinoshita Group Japan Open Tennis Championships,2025,2,F,R16
8303,MS012,Kinoshita Group Japan Open Tennis Championships,2025,2,F,R16
8293,MS013,Kinoshita Group Japan Open Tennis Championships,2025,2,F,R16
8287,MS014,Kinoshita Group Japan Open Tennis Championships,2025,2,F,R16
8289,MS015,Kinoshita Group Japan Open Tennis Championships,2025,2,F,R16
8285,MS016,Kinoshita Group Japan Open Tennis Championships,2025,2,F,R32
8302,MS017,Kinoshita Group Japan Open Tennis Championships,2025,3,F,R32
8311,MS018,Kinoshita Group Japan Open Tennis Championships,2025,3,F,R32
8307,MS019,Kinoshita Group Japan Open Tennis Championships,2025,3,F,R32
8300,MS020,Kinoshita Group Japan Open Tennis Championships,2025,3,F,R32
8304,MS021,Kinoshita Group Japan Open Tennis Championships,2025,2,F,R32
8310,MS022,Kinoshita Group Japan Open Tennis Championships,2025,3,F,R32
8301,MS023,Kinoshita Group Japan Open Tennis Championships,2025,2,F,R32
8313,MS024,Kinoshita Group Japan Open Tennis Championships,2025,2,F,R32
8309,MS025,Kinoshita Group Japan Open Tennis Championships,2025,2,F,R32
8306,MS026,Kinoshita Group Japan Open Tennis Championships,2025,2,F,R32
8297,MS027,Kinoshita Group Japan Open Tennis Championships,2025,2,F,R32
8342,MS028,Kinoshita Group Japan Open Tennis Championships,2025,2,F,R32
8305,MS029,Kinoshita Group Japan Open Tennis Championships,2025,3,F,R32
8314,MS030,Kinoshita Group Japan Open Tennis Championships,2025,3,F,R32
8296,MS031,Kinoshita Group Japan Open Tennis Championships,2025,3,F,R32
8308,QS004,Kinoshita Group Japan Open Tennis Championships,2025,2,F,Q2
8315,QS005,Kinoshita Group Japan Open Tennis Championships,2025,3,F,Q2
8312,QS006,Kinoshita Group Japan Open Tennis Championships,2025,2,F,Q2
8317,QS007,Kinoshita Group Japan Open Tennis Championships,2025,2,F,Q2
8318,QS008,Kinoshita Group Japan Open Tennis Championships,2025,2,F,Q1
8321,QS009,Kinoshita Group Japan Open Tennis Championships,2025,3,F,Q1
8319,QS010,Kinoshita Group Japan Open Tennis Championships,2025,3,F,Q1
8322,QS011,Kinoshita Group Japan Open Tennis Championships,2025,2,F,Q1
8316,QS012,Kinoshita Group Japan Open Tennis Championships,2025,3,F,Q1
8347,QS013,Kinoshita Group Japan Open Tennis Championships,2025,2,F,Q1
8320,QS014,Kinoshita Group Japan Open Tennis Championships,2025,2,F,Q1
8323,QS015,Kinoshita Group Japan Open Tennis Championships,2025,2,F,Q1
8286,MS011,Laver Cup,2025,2,F,RR
8277,MS012,Laver Cup,2025,3,F,RR
8280,MS013,Laver Cup,2025,2,F,RR
8279,MS021,Laver Cup,2025,2,F,RR
8276,MS022,Laver Cup,2025,2,F,RR
8272,MS023,Laver Cup,2025,2,F,RR
8278,MS031,Laver Cup,2025,2,F,RR
8267,MS032,Laver Cup,2025,2,F,RR
8275,MS033,Laver Cup,2025,2,F,RR
7209,MS001,Lexus Eastbourne Open,2025,2,F,F
7211,MS002,Lexus Eastbourne Open,2025,3,F,SF
7210,MS003,Lexus Eastbourne Open,2025,3,F,SF
7213,MS004,Lexus Eastbourne Open,2025,3,F,QF
7212,MS005,Lexus Eastbourne Open,2025,2,F,QF
7214,MS006,Lexus Eastbourne Open,2025,2,F,QF
7216,MS007,Lexus Eastbourne Open,2025,2,F,QF
7218,MS008,Lexus Eastbourne Open,2025,3,F,R16
7220,MS009,Lexus Eastbourne Open,2025,2,F,R16
7219,MS010,Lexus Eastbourne Open,2025,2,F,R16
7221,MS011,Lexus Eastbourne Open,2025,3,F,R16
7222,MS012,Lexus Eastbourne Open,2025,2,F,R16
7215,MS013,Lexus Eastbourne Open,2025,2,F,R16
7224,MS014,Lexus Eastbourne Open,2025,2,F,R16
7217,MS015,Lexus Eastbourne Open,2025,3,F,R16
7235,MS017,Lexus Eastbourne Open,2025,3,F,R32
7232,MS018,Lexus Eastbourne Open,2025,2,F,R32
7223,MS019,Lexus Eastbourne Open,2025,2,F,R32
7236,MS021,Lexus Eastbourne Open,2025,3,F,R32
7230,MS022,Lexus Eastbourne Open,2025,3,F,R32
7225,MS023,Lexus Eastbourne Open,2025,2,F,R32
7233,MS024,Lexus Eastbourne Open,2025,2,F,R32
7227,MS025,Lexus Eastbourne Open,2025,2,F,R32
7234,MS026,Lexus Eastbourne Open,2025,2,F,R32
7226,MS028,Lexus Eastbourne Open,2025,3,F,R32
7228,MS029,Lexus Eastbourne Open,2025,2,F,R32
7231,MS030,Lexus Eastbourne Open,2025,3,F,R32
7238,QS004,Lexus Eastbourne Open,2025,2,F,Q2
7239,QS005,Lexus Eastbourne Open,2025,2,F,Q2
7237,QS006,Lexus Eastbourne Open,2025,2,F,Q2
7243,QS007,Lexus Eastbourne Open,2025,2,F,Q2
7244,QS008,Lexus Eastbourne Open,2025,2,F,Q1
7278,QS009,Lexus Eastbourne Open,2025,3,F,Q1
7240,QS010,Lexus Eastbourne Open,2025,3,F,Q1
7245,QS011,Lexus Eastbourne Open,2025,3,F,Q1
7241,QS012,Lexus Eastbourne Open,2025,2,F,Q1
7247,QS013,Lexus Eastbourne Open,2025,2,F,Q1
7242,QS014,Lexus Eastbourne Open,2025,2,F,Q1
7246,QS015,Lexus Eastbourne Open,2025,2,F,Q1
7056,MS001,Libema Open,2025,2,F,F
7057,MS002,Libema Open,2025,2,F,SF
7050,MS003,Libema Open,2025,2,F,SF
7055,MS004,Libema Open,2025,2,F,QF
7059,MS005,Libema Open,2025,2,F,QF
7053,MS006,Libema Open,2025,2,F,QF
7097,MS007,Libema Open,2025,2,F,QF
7058,MS008,Libema Open,2025,2,F,R16
7063,MS009,Libema Open,2025,2,F,R16
7060,MS010,Libema Open,2025,3,F,R16
7061,MS012,Libema Open,2025,3,F,R16
7093,MS013,Libema Open,2025,3,F,R16
7052,MS015,Libema Open,2025,2,F,R16
7107,MS017,Libema Open,2025,2,F,R32
7070,MS018,Libema Open,2025,3,F,R32
7076,MS019,Libema Open,2025,3,F,R32
7065,MS021,Libema Open,2025,3,F,R32
7068,MS022,Libema Open,2025,2,F,R32
7062,MS023,Libema Open,2025,2,F,R32
7064,MS024,Libema Open,2025,2,F,R32
7066,MS025,Libema Open,2025,2,F,R32
7072,MS026,Libema Open,2025,3,F,R32
7069,MS028,Libema Open,2025,2,F,R32
7067,MS029,Libema Open,2025,2,F,R32
7073,MS030,Libema Open,2025,3,F,R32
7075,QS004,Libema Open,2025,3,F,Q2
7074,QS005,Libema Open,2025,2,F,Q2
7071,QS007,Libema Open,2025,3,F,Q2
7077,QS008,Libema Open,2025,3,F,Q1
7088,QS009,Libema Open,2025,2,F,Q1
7079,QS010,Libema Open,2025,2,F,Q1
7086,QS011,Libema Open,2025,2,F,Q1
7080,QS012,Libema Open,2025,2,F,Q1
7078,QS014,Libema Open,2025,2,F,Q1
7081,QS015,Libema Open,2025,2,F,Q1
8239,MS001,Lynk & Co Hangzhou Open,2025,2,F,F
8238,MS002,Lynk & Co Hangzhou Open,2025,2,F,SF
8237,MS003,Lynk & Co Hangzhou Open,2025,2,F,SF
8241,MS004,Lynk & Co Hangzhou Open,2025,3,F,QF
8242,MS005,Lynk & Co Hangzhou Open,2025,2,F,QF
8240,MS006,Lynk & Co Hangzhou Open,2025,2,F,QF
8243,MS007,Lynk & Co Hangzhou Open,2025,3,F,QF
8246,MS008,Lynk & Co Hangzhou Open,2025,2,F,R16
8253,MS009,Lynk & Co Hangzhou Open,2025,2,F,R16
8247,MS010,Lynk & Co Hangzhou Open,2025,3,F,R16
8281,MS011,Lynk & Co Hangzhou Open,2025,2,F,R16
8274,MS012,Lynk & Co Hangzhou Open,2025,2,F,R16
8248,MS013,Lynk & Co Hangzhou Open,2025,3,F,R16
8249,MS014,Lynk & Co Hangzhou Open,2025,3,F,R16
8244,MS015,Lynk & Co Hangzhou Open,2025,2,F,R16
8256,MS017,Lynk & Co Hangzhou Open,2025,3,F,R32
8254,MS018,Lynk & Co Hangzhou Open,2025,2,F,R32
8250,MS019,Lynk & Co Hangzhou Open,2025,3,F,R32
8257,MS021,Lynk & Co Hangzhou Open,2025,3,F,R32
8255,MS022,Lynk & Co Hangzhou Open,2025,2,F,R32
8251,MS023,Lynk & Co Hangzhou Open,2025,2,F,R32
8269,MS024,Lynk & Co Hangzhou Open,2025,2,F,R32
8261,MS025,Lynk & Co Hangzhou Open,2025,3,F,R32
8259,MS026,Lynk & Co Hangzhou Open,2025,3,F,R32
8252,MS028,Lynk & Co Hangzhou Open,2025,3,F,R32
8258,MS029,Lynk & Co Hangzhou Open,2025,2,F,R32
8270,MS030,Lynk & Co Hangzhou Open,2025,3,F,R32
8262,QS004,Lynk & Co Hangzhou Open,2025,3,F,Q2
8260,QS005,Lynk & Co Hangzhou Open,2025,2,F,Q2
8263,QS006,Lynk & Co Hangzhou Open,2025,2,F,Q2
8264,QS007,Lynk & Co Hangzhou Open,2025,2,F,Q2
8273,QS009,Lynk & Co Hangzhou Open,2025,3,F,Q1
8265,QS010,Lynk & Co Hangzhou Open,2025,3,F,Q1
8268,QS011,Lynk & Co Hangzhou Open,2025,3,F,Q1
8271,QS012,Lynk & Co Hangzhou Open,2025,2,F,Q1
8266,QS013,Lynk & Co Hangzhou Open,2025,2,F,Q1
6121,MS001,Miami Open presented by Itau,2025,2,F,F
6119,MS002,Miami Open presented by Itau,2025,3,F,SF
6122,MS003,Miami Open presented by Itau,2025,2,F,SF
6123,MS004,Miami Open presented by Itau,2025,2,F,QF
6124,MS005,Miami Open presented by Itau,2025,3,F,QF
6126,MS006,Miami Open presented by Itau,2025,2,F,QF
6159,MS007,Miami Open presented by Itau,2025,3,F,QF
6125,MS008,Miami Open presented by Itau,2025,3,F,R16
6129,MS010,Miami Open presented by Itau,2025,2,F,R16
6130,MS011,Miami Open presented by Itau,2025,2,F,R16
6136,MS012,Miami Open presented by Itau,2025,3,F,R16
6127,MS013,Miami Open presented by Itau,2025,2,F,R16
6128,MS014,Miami Open presented by Itau,2025,2,F,R16
6131,MS015,Miami Open presented by Itau,2025,2,F,R16
6133,MS016,Miami Open presented by Itau,2025,2,F,R32
6143,MS017,Miami Open presented by Itau,2025,3,F,R32
6144,MS018,Miami Open presented by Itau,2025,2,F,R32
6149,MS019,Miami Open presented by Itau,2025,2,F,R32
6135,MS020,Miami Open presented by Itau,2025,2,F,R32
6150,MS021,Miami Open presented by Itau,2025,3,F,R32
6140,MS022,Miami Open presented by Itau,2025,3,F,R32
6148,MS023,Miami Open presented by Itau,2025,2,F,R32
6147,MS024,Miami Open presented by Itau,2025,3,F,R32
6138,MS025,Miami Open presented by Itau,2025,2,F,R32
6139,MS026,Miami Open presented by Itau,2025,3,F,R32
6137,MS027,Miami Open presented by Itau,2025,2,F,R32
6173,MS028,Miami Open presented by Itau,2025,2,F,R32
6141,MS029,Miami Open presented by Itau,2025,2,F,R32
6142,MS030,Miami Open presented by Itau,2025,3,F,R32
6146,MS031,Miami Open presented by Itau,2025,3,F,R32
6151,MS032,Miami Open presented by Itau,2025,2,F,R64
6178,MS033,Miami Open presented by Itau,2025,2,F,R64
6167,MS034,Miami Open presented by Itau,2025,2,F,R64
6168,MS035,Miami Open presented by Itau,2025,2,F,R64
6161,MS036,Miami Open presented by Itau,2025,3,F,R64
6171,MS037,Miami Open presented by Itau,2025,3,F,R64
6176,MS038,Miami Open presented by Itau,2025,3,F,R64
6156,MS039,Miami Open presented by Itau,2025,2,F,R64
6154,MS040,Miami Open presented by Itau,2025,2,F,R64
6177,MS041,Miami Open presented by Itau,2025,3,F,R64
6183,MS042,Miami Open presented by Itau,2025,2,F,R64
6165,MS043,Miami Open presented by Itau,2025,3,F,R64
6162,MS044,Miami Open presented by Itau,2025,2,F,R64
6170,MS045,Miami Open presented by Itau,2025,2,F,R64
6180,MS046,Miami Open presented by Itau,2025,3,F,R64
6155,MS047,Miami Open presented by Itau,2025,2,F,R64
6158,MS048,Miami Open presented by Itau,2025,2,F,R64
6175,MS049,Miami Open presented by Itau,2025,3,F,R64
6174,MS050,Miami Open presented by Itau,2025,2,F,R64
6160,MS051,Miami Open presented by Itau,2025,3,F,R64
6166,MS052,Miami Open presented by Itau,2025,3,F,R64
6169,MS053,Miami Open presented by Itau,2025,2,F,R64
6181,MS054,Miami Open presented by Itau,2025,3,F,R64
6153,MS055,Miami Open presented by Itau,2025,2,F,R64
6157,MS056,Miami Open presented by Itau,2025,3,F,R64
6182,MS057,Miami Open presented by Itau,2025,3,F,R64
6172,MS058,Miami Open presented by Itau,2025,2,F,R64
6163,MS059,Miami Open presented by Itau,2025,3,F,R64
6164,MS060,Miami Open presented by Itau,2025,2,F,R64
6179,MS062,Miami Open presented by Itau,2025,3,F,R64
6152,MS063,Miami Open presented by Itau,2025,3,F,R64
6195,MS065,Miami Open presented by Itau,2025,3,F,R128
6210,MS066,Miami Open presented by Itau,2025,3,F,R128
6192,MS069,Miami Open presented by Itau,2025,2,F,R128
6190,MS070,Miami Open presented by Itau,2025,2,F,R128
6184,MS074,Miami Open presented by Itau,2025,3,F,R128
6204,MS077,Miami Open presented by Itau,2025,3,F,R128
6202,MS078,Miami Open presented by Itau,2025,3,F,R128
6206,MS081,Miami Open presented by Itau,2025,2,F,R128
6208,MS082,Miami Open presented by Itau,2025,3,F,R128
6189,MS085,Miami Open presented by Itau,2025,2,F,R128
6212,MS086,Miami Open presented by Itau,2025,2,F,R128
6185,MS089,Miami Open presented by Itau,2025,2,F,R128
6193,MS090,Miami Open presented by Itau,2025,3,F,R128
6194,MS093,Miami Open presented by Itau,2025,2,F,R128
6186,MS094,Miami Open presented by Itau,2025,2,F,R128
6205,MS097,Miami Open presented by Itau,2025,2,F,R128
6199,MS098,Miami Open presented by Itau,2025,3,F,R128
6209,MS101,Miami Open presented by Itau,2025,3,F,R128
6211,MS102,Miami Open presented by Itau,2025,2,F,R128
6197,MS105,Miami Open presented by Itau,2025,2,F,R128
6207,MS106,Miami Open presented by Itau,2025,2,F,R128
6214,MS109,Miami Open presented by Itau,2025,3,F,R128
6198,MS110,Miami Open presented by Itau,2025,3,F,R128
6200,MS113,Miami Open presented by Itau,2025,2,F,R128
6201,MS114,Miami Open presented by Itau,2025,2,F,R128
6203,MS117,Miami Open presented by Itau,2025,2,F,R128
6187,MS118,Miami Open presented by Itau,2025,2,F,R128
6191,MS121,Miami Open presented by Itau,2025,2,F,R128
6188,MS125,Miami Open presented by Itau,2025,3,F,R128
6196,MS126,Miami Open presented by Itau,2025,3,F,R128
6213,QS016,Miami Open presented by Itau,2025,3,F,Q2
6216,QS017,Miami Open presented by Itau,2025,2,F,Q2
6227,QS018,Miami Open presented by Itau,2025,2,F,Q2
6215,QS019,Miami Open presented by Itau,2025,2,F,Q2
6222,QS020,Miami Open presented by Itau,2025,2,F,Q2
6219,QS021,Miami Open presented by Itau,2025,3,F,Q2
6223,QS022,Miami Open presented by Itau,2025,2,F,Q2
6217,QS023,Miami Open presented by Itau,2025,2,F,Q2
6218,QS024,Miami Open presented by Itau,2025,2,F,Q2
6220,QS025,Miami Open presented by Itau,2025,2,F,Q2
6221,QS026,Miami Open presented by Itau,2025,3,F,Q2
6224,QS027,Miami Open presented by Itau,2025,2,F,Q2
6225,QS032,Miami Open presented by Itau,2025,3,F,Q1
6245,QS033,Miami Open presented by Itau,2025,3,F,Q1
6229,QS034,Miami Open presented by Itau,2025,2,F,Q1
6240,QS035,Miami Open presented by Itau,2025,2,F,Q1
6226,QS036,Miami Open presented by Itau,2025,2,F,Q1
6239,QS037,Miami Open presented by Itau,2025,3,F,Q1
6228,QS038,Miami Open presented by Itau,2025,2,F,Q1
6242,QS041,Miami Open presented by Itau,2025,3,F,Q1
6230,QS042,Miami Open presented by Itau,2025,3,F,Q1
6236,QS043,Miami Open presented by Itau,2025,3,F,Q1
6232,QS044,Miami Open presented by Itau,2025,2,F,Q1
6231,QS046,Miami Open presented by Itau,2025,2,F,Q1
6273,QS047,Miami Open presented by Itau,2025,3,F,Q1
6235,QS048,Miami Open presented by Itau,2025,2,F,Q1
6244,QS049,Miami Open presented by Itau,2025,3,F,Q1
6233,QS050,Miami Open presented by Itau,2025,2,F,Q1
6241,QS051,Miami Open presented by Itau,2025,2,F,Q1
6234,QS052,Miami Open presented by Itau,2025,2,F,Q1
6243,QS053,Miami Open presented by Itau,2025,3,F,Q1
6237,QS054,Miami Open presented by Itau,2025,3,F,Q1
6238,QS055,Miami Open presented by Itau,2025,3,F,Q1
7458,MS001,Mifel Tennis Open by Telcel Oppo,2025,2,F,F
7465,MS002,Mifel Tennis Open by Telcel Oppo,2025,3,F,SF
7468,MS003,Mifel Tennis Open by Telcel Oppo,2025,2,F,SF
7459,MS004,Mifel Tennis Open by Telcel Oppo,2025,3,F,QF
7473,MS005,Mifel Tennis Open by Telcel Oppo,2025,2,F,QF
7471,MS006,Mifel Tennis Open by Telcel Oppo,2025,2,F,QF
7475,MS007,Mifel Tennis Open by Telcel Oppo,2025,3,F,QF
7472,MS008,Mifel Tennis Open by Telcel Oppo,2025,2,F,R16
7481,MS009,Mifel Tennis Open by Telcel Oppo,2025,3,F,R16
7496,MS010,Mifel Tennis Open by Telcel Oppo,2025,3,F,R16
7477,MS012,Mifel Tennis Open by Telcel Oppo,2025,2,F,R16
7478,MS014,Mifel Tennis Open by Telcel Oppo,2025,2,F,R16
7474,MS015,Mifel Tennis Open by Telcel Oppo,2025,2,F,R16
7484,MS017,Mifel Tennis Open by Telcel Oppo,2025,3,F,R32
7485,MS018,Mifel Tennis Open by Telcel Oppo,2025,2,F,R32
7482,MS023,Mifel Tennis Open by Telcel Oppo,2025,3,F,R32
7476,MS024,Mifel Tennis Open by Telcel Oppo,2025,2,F,R32
7488,MS025,Mifel Tennis Open by Telcel Oppo,2025,3,F,R32
7483,MS028,Mifel Tennis Open by Telcel Oppo,2025,2,F,R32
7479,MS029,Mifel Tennis Open by Telcel Oppo,2025,2,F,R32
7480,MS030,Mifel Tennis Open by Telcel Oppo,2025,2,F,R32
7487,QS005,Mifel Tennis Open by Telcel Oppo,2025,2,F,Q2
7486,QS007,Mifel Tennis Open by Telcel Oppo,2025,2,F,Q2
7489,QS012,Mifel Tennis Open by Telcel Oppo,2025,2,F,Q1
7491,QS015,Mifel Tennis Open by Telcel Oppo,2025,2,F,Q1
8800,MS001,Moselle Open,2025,3,F,F
8797,MS002,Moselle Open,2025,3,F,SF
8798,MS003,Moselle Open,2025,2,F,SF
8803,MS004,Moselle Open,2025,3,F,QF
8802,MS005,Moselle Open,2025,2,F,QF
8801,MS006,Moselle Open,2025,3,F,QF
8794,MS007,Moselle Open,2025,3,F,QF
8808,MS008,Moselle Open,2025,2,F,R16
8804,MS009,Moselle Open,2025,3,F,R16
8799,MS010,Moselle Open,2025,3,F,R16
8806,MS011,Moselle Open,2025,2,F,R16
8809,MS012,Moselle Open,2025,3,F,R16
8807,MS013,Moselle Open,2025,3,F,R16
8805,MS014,Moselle Open,2025,2,F,R16
8810,MS015,Moselle Open,2025,2,F,R16
8819,MS017,Moselle Open,2025,3,F,R32
8815,MS018,Moselle Open,2025,2,F,R32
8811,MS019,Moselle Open,2025,3,F,R32
8824,MS021,Moselle Open,2025,3,F,R32
8818,MS022,Moselle Open,2025,2,F,R32
8812,MS023,Moselle Open,2025,2,F,R32
8825,MS024,Moselle Open,2025,2,F,R32
8816,MS025,Moselle Open,2025,3,F,R32
8830,MS026,Moselle Open,2025,2,F,R32
8817,MS028,Moselle Open,2025,3,F,R32
8814,MS029,Moselle Open,2025,2,F,R32
8820,MS030,Moselle Open,2025,2,F,R32
8822,QS004,Moselle Open,2025,2,F,Q2
8828,QS005,Moselle Open,2025,3,F,Q2
8823,QS006,Moselle Open,2025,3,F,Q2
8821,QS007,Moselle Open,2025,3,F,Q2
8827,QS008,Moselle Open,2025,3,F,Q1
8829,QS010,Moselle Open,2025,2,F,Q1
8832,QS011,Moselle Open,2025,2,F,Q1
8826,QS012,Moselle Open,2025,3,F,Q1
8834,QS013,Moselle Open,2025,3,F,Q1
8831,QS014,Moselle Open,2025,1,F,Q1
8833,QS015,Moselle Open,2025,3,F,Q1
7602,MS001,Mubadala Citi DC Open,2025,3,F,F
7604,MS002,Mubadala Citi DC Open,2025,2,F,SF
7612,MS003,Mubadala Citi DC Open,2025,2,F,SF
7614,MS004,Mubadala Citi DC Open,2025,3,F,QF
7605,MS005,Mubadala Citi DC Open,2025,2,F,QF
7610,MS006,Mubadala Citi DC Open,2025,3,F,QF
7607,MS007,Mubadala Citi DC Open,2025,2,F,QF
7606,MS008,Mubadala Citi DC Open,2025,2,F,R16
7613,MS009,Mubadala Citi DC Open,2025,2,F,R16
7603,MS010,Mubadala Citi DC Open,2025,2,F,R16
7615,MS011,Mubadala Citi DC Open,2025,2,F,R16
7618,MS012,Mubadala Citi DC Open,2025,2,F,R16
7619,MS013,Mubadala Citi DC Open,2025,2,F,R16
7616,MS014,Mubadala Citi DC Open,2025,3,F,R16
7609,MS015,Mubadala Citi DC Open,2025,2,F,R16
7620,MS016,Mubadala Citi DC Open,2025,2,F,R32
7658,MS017,Mubadala Citi DC Open,2025,2,F,R32
7633,MS018,Mubadala Citi DC Open,2025,2,F,R32
7611,MS019,Mubadala Citi DC Open,2025,2,F,R32
7617,MS020,Mubadala Citi DC Open,2025,2,F,R32
7636,MS021,Mubadala Citi DC Open,2025,2,F,R32
7627,MS022,Mubadala Citi DC Open,2025,2,F,R32
7621,MS023,Mubadala Citi DC Open,2025,3,F,R32
7624,MS024,Mubadala Citi DC Open,2025,3,F,R32
7623,MS025,Mubadala Citi DC Open,2025,3,F,R32
7629,MS026,Mubadala Citi DC Open,2025,2,F,R32
7639,MS027,Mubadala Citi DC Open,2025,2,F,R32
7625,MS028,Mubadala Citi DC Open,2025,2,F,R32
7628,MS029,Mubadala Citi DC Open,2025,3,F,R32
7626,MS030,Mubadala Citi DC Open,2025,2,F,R32
7608,MS031,Mubadala Citi DC Open,2025,3,F,R32
7650,MS033,Mubadala Citi DC Open,2025,3,F,R64
7631,MS034,Mubadala Citi DC Open,2025,3,F,R64
7640,MS037,Mubadala Citi DC Open,2025,2,F,R64
7646,MS038,Mubadala Citi DC Open,2025,2,F,R64
7630,MS041,Mubadala Citi DC Open,2025,2,F,R64
7632,MS042,Mubadala Citi DC Open,2025,2,F,R64
7637,MS045,Mubadala Citi DC Open,2025,3,F,R64
7634,MS046,Mubadala Citi DC Open,2025,3,F,R64
7642,MS049,Mubadala Citi DC Open,2025,3,F,R64
7649,MS050,Mubadala Citi DC Open,2025,2,F,R64
7638,MS053,Mubadala Citi DC Open,2025,3,F,R64
7641,MS054,Mubadala Citi DC Open,2025,2,F,R64
7635,MS057,Mubadala Citi DC Open,2025,2,F,R64
7645,MS058,Mubadala Citi DC Open,2025,3,F,R64
7643,MS061,Mubadala Citi DC Open,2025,2,F,R64
7644,MS062,Mubadala Citi DC Open,2025,2,F,R64
7647,QS008,Mubadala Citi DC Open,2025,3,F,Q2
7652,QS009,Mubadala Citi DC Open,2025,2,F,Q2
7651,QS011,Mubadala Citi DC Open,2025,3,F,Q2
7648,QS012,Mubadala Citi DC Open,2025,2,F,Q2
7653,QS013,Mubadala Citi DC Open,2025,3,F,Q2
7654,QS017,Mubadala Citi DC Open,2025,3,F,Q1
7660,QS021,Mubadala Citi DC Open,2025,3,F,Q1
7659,QS022,Mubadala Citi DC Open,2025,3,F,Q1
7655,QS023,Mubadala Citi DC Open,2025,2,F,Q1
7656,QS024,Mubadala Citi DC Open,2025,2,F,Q1
7657,QS026,Mubadala Citi DC Open,2025,2,F,Q1
6489,MS001,Mutua Madrid Open,2025,3,F,F
6490,MS002,Mutua Madrid Open,2025,2,F,SF
6488,MS003,Mutua Madrid Open,2025,2,F,SF
6498,MS004,Mutua Madrid Open,2025,3,F,QF
6500,MS005,Mutua Madrid Open,2025,2,F,QF
6491,MS006,Mutua Madrid Open,2025,2,F,QF
6492,MS007,Mutua Madrid Open,2025,2,F,QF
6536,MS008,Mutua Madrid Open,2025,2,F,R16
6502,MS009,Mutua Madrid Open,2025,2,F,R16
6497,MS010,Mutua Madrid Open,2025,2,F,R16
6493,MS011,Mutua Madrid Open,2025,3,F,R16
6496,MS012,Mutua Madrid Open,2025,2,F,R16
6501,MS013,Mutua Madrid Open,2025,2,F,R16
6499,MS014,Mutua Madrid Open,2025,2,F,R16
6495,MS015,Mutua Madrid Open,2025,3,F,R16
6505,MS016,Mutua Madrid Open,2025,3,F,R32
6512,MS017,Mutua Madrid Open,2025,2,F,R32
6513,MS018,Mutua Madrid Open,2025,2,F,R32
6506,MS019,Mutua Madrid Open,2025,3,F,R32
6503,MS020,Mutua Madrid Open,2025,2,F,R32
6511,MS021,Mutua Madrid Open,2025,2,F,R32
6508,MS022,Mutua Madrid Open,2025,2,F,R32
6517,MS023,Mutua Madrid Open,2025,2,F,R32
6504,MS024,Mutua Madrid Open,2025,1,F,R32
6510,MS025,Mutua Madrid Open,2025,3,F,R32
6515,MS026,Mutua Madrid Open,2025,2,F,R32
6514,MS027,Mutua Madrid Open,2025,2,F,R32
6507,MS028,Mutua Madrid Open,2025,2,F,R32
6509,MS029,Mutua Madrid Open,2025,2,F,R32
6516,MS030,Mutua Madrid Open,2025,2,F,R32
6519,MS031,Mutua Madrid Open,2025,3,F,R32
6553,MS032,Mutua Madrid Open,2025,2,F,R64
6543,MS033,Mutua Madrid Open,2025,2,F,R64
6532,MS034,Mutua Madrid Open,2025,2,F,R64
6527,MS035,Mutua Madrid Open,2025,2,F,R64
6526,MS036,Mutua Madrid Open,2025,3,F,R64
6537,MS037,Mutua Madrid Open,2025,2,F,R64
6541,MS038,Mutua Madrid Open,2025,2,F,R64
6518,MS040,Mutua Madrid Open,2025,2,F,R64
6542,MS041,Mutua Madrid Open,2025,2,F,R64
6538,MS042,Mutua Madrid Open,2025,3,F,R64
6531,MS043,Mutua Madrid Open,2025,2,F,R64
6535,MS045,Mutua Madrid Open,2025,2,F,R64
6545,MS046,Mutua Madrid Open,2025,2,F,R64
6524,MS047,Mutua Madrid Open,2025,1,F,R64
6522,MS048,Mutua Madrid Open,2025,2,F,R64
6544,MS049,Mutua Madrid Open,2025,3,F,R64
6539,MS050,Mutua Madrid Open,2025,2,F,R64
6525,MS051,Mutua Madrid Open,2025,2,F,R64
6533,MS052,Mutua Madrid Open,2025,2,F,R64
6529,MS053,Mutua Madrid Open,2025,3,F,R64
6548,MS054,Mutua Madrid Open,2025,3,F,R64
6520,MS055,Mutua Madrid Open,2025,2,F,R64
6523,MS056,Mutua Madrid Open,2025,2,F,R64
6534,MS058,Mutua Madrid Open,2025,3,F,R64
6521,MS059,Mutua Madrid Open,2025,2,F,R64
6530,MS060,Mutua Madrid Open,2025,2,F,R64
6528,MS061,Mutua Madrid Open,2025,3,F,R64
6540,MS062,Mutua Madrid Open,2025,3,F,R64
6546,MS063,Mutua Madrid Open,2025,3,F,R64
6554,MS065,Mutua Madrid Open,2025,3,F,R128
6549,MS066,Mutua Madrid Open,2025,3,F,R128
6564,MS069,Mutua Madrid Open,2025,2,F,R128
6556,MS070,Mutua Madrid Open,2025,2,F,R128
6567,MS073,Mutua Madrid Open,2025,2,F,R128
6574,MS074,Mutua Madrid Open,2025,2,F,R128
6550,MS077,Mutua Madrid Open,2025,2,F,R128
6569,MS078,Mutua Madrid Open,2025,3,F,R128
6572,MS081,Mutua Madrid Open,2025,2,F,R128
6551,MS082,Mutua Madrid Open,2025,2,F,R128
6555,MS085,Mutua Madrid Open,2025,2,F,R128
6575,MS086,Mutua Madrid Open,2025,2,F,R128
6547,MS090,Mutua Madrid Open,2025,3,F,R128
6571,MS093,Mutua Madrid Open,2025,2,F,R128
6552,MS094,Mutua Madrid Open,2025,2,F,R128
6565,MS097,Mutua Madrid Open,2025,2,F,R128
6562,MS098,Mutua Madrid Open,2025,3,F,R128
6573,MS101,Mutua Madrid Open,2025,2,F,R128
6563,MS102,Mutua Madrid Open,2025,2,F,R128
6558,MS105,Mutua Madrid Open,2025,2,F,R128
6568,MS106,Mutua Madrid Open,2025,3,F,R128
6559,MS109,Mutua Madrid Open,2025,3,F,R128
6576,MS113,Mutua Madrid Open,2025,2,F,R128
6577,MS117,Mutua Madrid Open,2025,3,F,R128
6560,MS118,Mutua Madrid Open,2025,3,F,R128
6566,MS121,Mutua Madrid Open,2025,2,F,R128
6561,MS122,Mutua Madrid Open,2025,2,F,R128
6570,MS125,Mutua Madrid Open,2025,3,F,R128
6557,MS126,Mutua Madrid Open,2025,2,F,R128
6578,QS016,Mutua Madrid Open,2025,3,F,Q2
6580,QS017,Mutua Madrid Open,2025,2,F,Q2
6579,QS019,Mutua Madrid Open,2025,2,F,Q2
6582,QS021,Mutua Madrid Open,2025,3,F,Q2
6587,QS022,Mutua Madrid Open,2025,2,F,Q2
6583,QS023,Mutua Madrid Open,2025,3,F,Q2
6581,QS024,Mutua Madrid Open,2025,3,F,Q2
6584,QS025,Mutua Madrid Open,2025,2,F,Q2
6585,QS026,Mutua Madrid Open,2025,3,F,Q2
6586,QS027,Mutua Madrid Open,2025,2,F,Q2
6588,QS032,Mutua Madrid Open,2025,2,F,Q1
6603,QS033,Mutua Madrid Open,2025,3,F,Q1
6612,QS034,Mutua Madrid Open,2025,3,F,Q1
6598,QS035,Mutua Madrid Open,2025,2,F,Q1
6590,QS038,Mutua Madrid Open,2025,3,F,Q1
6614,QS039,Mutua Madrid Open,2025,2,F,Q1
6589,QS040,Mutua Madrid Open,2025,3,F,Q1
6591,QS042,Mutua Madrid Open,2025,2,F,Q1
6632,QS043,Mutua Madrid Open,2025,2,F,Q1
6592,QS044,Mutua Madrid Open,2025,3,F,Q1
6597,QS045,Mutua Madrid Open,2025,2,F,Q1
6594,QS046,Mutua Madrid Open,2025,2,F,Q1
6601,QS047,Mutua Madrid Open,2025,2,F,Q1
6593,QS048,Mutua Madrid Open,2025,2,F,Q1
6600,QS049,Mutua Madrid Open,2025,2,F,Q1
6599,QS050,Mutua Madrid Open,2025,3,F,Q1
6602,QS051,Mutua Madrid Open,2025,2,F,Q1
6595,QS052,Mutua Madrid Open,2025,3,F,Q1
6605,QS053,Mutua Madrid Open,2025,2,F,Q1
6596,QS054,Mutua Madrid Open,2025,2,F,Q1
6616,QS055,Mutua Madrid Open,2025,3,F,Q1
7694,MS001,National Bank Open Presented by Rogers,2025,3,F,F
7693,MS002,National Bank Open Presented by Rogers,2025,3,F,SF
7691,MS003,National Bank Open Presented by Rogers,2025,2,F,SF
7700,MS004,National Bank Open Presented by Rogers,2025,3,F,QF
7697,MS005,National Bank Open Presented by Rogers,2025,2,F,QF
7703,MS006,National Bank Open Presented by Rogers,2025,2,F,QF
7701,MS007,National Bank Open Presented by Rogers,2025,2,F,QF
7705,MS008,National Bank Open Presented by Rogers,2025,2,F,R16
7707,MS009,National Bank Open Presented by Rogers,2025,3,F,R16
7720,MS010,National Bank Open Presented by Rogers,2025,2,F,R16
7711,MS011,National Bank Open Presented by Rogers,2025,2,F,R16
7708,MS012,National Bank Open Presented by Rogers,2025,3,F,R16
7698,MS013,National Bank Open Presented by Rogers,2025,3,F,R16
7709,MS014,National Bank Open Presented by Rogers,2025,3,F,R16
7704,MS015,National Bank Open Presented by Rogers,2025,3,F,R16
7748,MS016,National Bank Open Presented by Rogers,2025,3,F,R32
7723,MS017,National Bank Open Presented by Rogers,2025,2,F,R32
7717,MS018,National Bank Open Presented by Rogers,2025,3,F,R32
7713,MS019,National Bank Open Presented by Rogers,2025,2,F,R32
7710,MS020,National Bank Open Presented by Rogers,2025,3,F,R32
7725,MS021,National Bank Open Presented by Rogers,2025,2,F,R32
7718,MS022,National Bank Open Presented by Rogers,2025,3,F,R32
7719,MS023,National Bank Open Presented by Rogers,2025,2,F,R32
7721,MS024,National Bank Open Presented by Rogers,2025,3,F,R32
7715,MS026,National Bank Open Presented by Rogers,2025,3,F,R32
7716,MS027,National Bank Open Presented by Rogers,2025,3,F,R32
7714,MS028,National Bank Open Presented by Rogers,2025,3,F,R32
7722,MS029,National Bank Open Presented by Rogers,2025,2,F,R32
7724,MS030,National Bank Open Presented by Rogers,2025,3,F,R32
7712,MS031,National Bank Open Presented by Rogers,2025,2,F,R32
7729,MS032,National Bank Open Presented by Rogers,2025,2,F,R64
7757,MS033,National Bank Open Presented by Rogers,2025,3,F,R64
7746,MS034,National Bank Open Presented by Rogers,2025,2,F,R64
7738,MS035,National Bank Open Presented by Rogers,2025,3,F,R64
7734,MS036,National Bank Open Presented by Rogers,2025,2,F,R64
7753,MS038,National Bank Open Presented by Rogers,2025,3,F,R64
7733,MS039,National Bank Open Presented by Rogers,2025,2,F,R64
7731,MS040,National Bank Open Presented by Rogers,2025,2,F,R64
7751,MS041,National Bank Open Presented by Rogers,2025,2,F,R64
7755,MS042,National Bank Open Presented by Rogers,2025,2,F,R64
7740,MS043,National Bank Open Presented by Rogers,2025,3,F,R64
7730,MS044,National Bank Open Presented by Rogers,2025,2,F,R64
7754,MS045,National Bank Open Presented by Rogers,2025,2,F,R64
7756,MS046,National Bank Open Presented by Rogers,2025,3,F,R64
7732,MS047,National Bank Open Presented by Rogers,2025,2,F,R64
7737,MS048,National Bank Open Presented by Rogers,2025,3,F,R64
7752,MS049,National Bank Open Presented by Rogers,2025,3,F,R64
7744,MS050,National Bank Open Presented by Rogers,2025,3,F,R64
7735,MS051,National Bank Open Presented by Rogers,2025,2,F,R64
7741,MS052,National Bank Open Presented by Rogers,2025,3,F,R64
7749,MS053,National Bank Open Presented by Rogers,2025,2,F,R64
7745,MS054,National Bank Open Presented by Rogers,2025,2,F,R64
7728,MS055,National Bank Open Presented by Rogers,2025,2,F,R64
7727,MS056,National Bank Open Presented by Rogers,2025,2,F,R64
7750,MS057,National Bank Open Presented by Rogers,2025,2,F,R64
7742,MS058,National Bank Open Presented by Rogers,2025,2,F,R64
7736,MS059,National Bank Open Presented by Rogers,2025,2,F,R64
7739,MS060,National Bank Open Presented by Rogers,2025,2,F,R64
7743,MS061,National Bank Open Presented by Rogers,2025,2,F,R64
7747,MS062,National Bank Open Presented by Rogers,2025,2,F,R64
7726,MS063,National Bank Open Presented by Rogers,2025,2,F,R64
7779,MS065,National Bank Open Presented by Rogers,2025,3,F,R128
7778,MS066,National Bank Open Presented by Rogers,2025,2,F,R128
7763,MS069,National Bank Open Presented by Rogers,2025,3,F,R128
7768,MS070,National Bank Open Presented by Rogers,2025,2,F,R128
7782,MS073,National Bank Open Presented by Rogers,2025,2,F,R128
7764,MS077,National Bank Open Presented by Rogers,2025,3,F,R128
7773,MS078,National Bank Open Presented by Rogers,2025,2,F,R128
7766,MS081,National Bank Open Presented by Rogers,2025,2,F,R128
7758,MS082,National Bank Open Presented by Rogers,2025,3,F,R128
7800,MS085,National Bank Open Presented by Rogers,2025,2,F,R128
7792,MS086,National Bank Open Presented by Rogers,2025,2,F,R128
7767,MS089,National Bank Open Presented by Rogers,2025,2,F,R128
7775,MS090,National Bank Open Presented by Rogers,2025,2,F,R128
7776,MS094,National Bank Open Presented by Rogers,2025,3,F,R128
7785,MS097,National Bank Open Presented by Rogers,2025,3,F,R128
7783,MS098,National Bank Open Presented by Rogers,2025,2,F,R128
7774,MS101,National Bank Open Presented by Rogers,2025,2,F,R128
7790,MS102,National Bank Open Presented by Rogers,2025,2,F,R128
7765,MS105,National Bank Open Presented by Rogers,2025,2,F,R128
7771,MS106,National Bank Open Presented by Rogers,2025,2,F,R128
7777,MS109,National Bank Open Presented by Rogers,2025,2,F,R128
7770,MS110,National Bank Open Presented by Rogers,2025,2,F,R128
7772,MS113,National Bank Open Presented by Rogers,2025,3,F,R128
7760,MS114,National Bank Open Presented by Rogers,2025,2,F,R128
7798,MS117,National Bank Open Presented by Rogers,2025,2,F,R128
7759,MS118,National Bank Open Presented by Rogers,2025,2,F,R128
7761,MS121,National Bank Open Presented by Rogers,2025,3,F,R128
7769,MS122,National Bank Open Presented by Rogers,2025,2,F,R128
7762,MS126,National Bank Open Presented by Rogers,2025,2,F,R128
7781,QS017,National Bank Open Presented by Rogers,2025,2,F,Q1
7780,QS019,National Bank Open Presented by Rogers,2025,2,F,Q1
7784,QS021,National Bank Open Presented by Rogers,2025,2,F,Q1
7787,QS022,National Bank Open Presented by Rogers,2025,3,F,Q1
7786,QS023,National Bank Open Presented by Rogers,2025,2,F,Q1
7788,QS024,National Bank Open Presented by Rogers,2025,2,F,Q1
7789,QS025,National Bank Open Presented by Rogers,2025,2,F,Q1
7794,QS026,National Bank Open Presented by Rogers,2025,2,F,Q1
7836,QS027,National Bank Open Presented by Rogers,2025,3,F,Q1
7793,QS028,National Bank Open Presented by Rogers,2025,2,F,Q1
7791,QS029,National Bank Open Presented by Rogers,2025,3,F,Q1
7795,QS030,National Bank Open Presented by Rogers,2025,2,F,Q1
7799,QS031,National Bank Open Presented by Rogers,2025,3,F,Q1
8846,MS001,Next Gen ATP Finals presented by PIF,2025,3,F,F
8850,MS002,Next Gen ATP Finals presented by PIF,2025,3,F,SF
8855,MS003,Next Gen ATP Finals presented by PIF,2025,3,F,SF
8859,MS008,Next Gen ATP Finals presented by PIF,2025,4,F,RR
8852,MS009,Next Gen ATP Finals presented by PIF,2025,4,F,RR
8857,MS010,Next Gen ATP Finals presented by PIF,2025,5,F,RR
8868,MS011,Next Gen ATP Finals presented by PIF,2025,4,F,RR
8853,MS012,Next Gen ATP Finals presented by PIF,2025,3,F,RR
8862,MS013,Next Gen ATP Finals presented by PIF,2025,4,F,RR
8854,MS016,Next Gen ATP Finals presented by PIF,2025,4,F,RR
8858,MS017,Next Gen ATP Finals presented by PIF,2025,3,F,RR
8860,MS018,Next Gen ATP Finals presented by PIF,2025,4,F,RR
8864,MS019,Next Gen ATP Finals presented by PIF,2025,4,F,RR
8865,MS020,Next Gen ATP Finals presented by PIF,2025,4,F,RR
8856,MS021,Next Gen ATP Finals presented by PIF,2025,3,F,RR
8838,MS001,Nitto ATP Finals,2025,2,F,F
8837,MS002,Nitto ATP Finals,2025,2,F,SF
8836,MS003,Nitto ATP Finals,2025,2,F,SF
8843,MS008,Nitto ATP Finals,2025,2,F,RR
8845,MS009,Nitto ATP Finals,2025,3,F,RR
8848,MS010,Nitto ATP Finals,2025,2,F,RR
8844,MS011,Nitto ATP Finals,2025,2,F,RR
8839,MS012,Nitto ATP Finals,2025,3,F,RR
8841,MS013,Nitto ATP Finals,2025,2,F,RR
8842,MS016,Nitto ATP Finals,2025,2,F,RR
8835,MS017,Nitto ATP Finals,2025,2,F,RR
8849,MS018,Nitto ATP Finals,2025,2,F,RR
8847,MS019,Nitto ATP Finals,2025,2,F,RR
8840,MS020,Nitto ATP Finals,2025,2,F,RR
8851,MS021,Nitto ATP Finals,2025,3,F,RR
7493,MS001,Nordea Open,2025,3,F,F
7495,MS002,Nordea Open,2025,3,F,SF
7494,MS003,Nordea Open,2025,2,F,SF
7497,MS004,Nordea Open,2025,3,F,QF
7505,MS005,Nordea Open,2025,2,F,QF
7503,MS006,Nordea Open,2025,2,F,QF
7500,MS007,Nordea Open,2025,3,F,QF
7498,MS008,Nordea Open,2025,2,F,R16
7504,MS009,Nordea Open,2025,3,F,R16
7506,MS010,Nordea Open,2025,3,F,R16
7508,MS011,Nordea Open,2025,2,F,R16
7540,MS012,Nordea Open,2025,3,F,R16
7502,MS013,Nordea Open,2025,3,F,R16
7499,MS014,Nordea Open,2025,2,F,R16
7507,MS015,Nordea Open,2025,3,F,R16
7515,MS017,Nordea Open,2025,2,F,R32
7513,MS018,Nordea Open,2025,2,F,R32
7510,MS019,Nordea Open,2025,2,F,R32
7512,MS021,Nordea Open,2025,3,F,R32
7517,MS022,Nordea Open,2025,3,F,R32
7501,MS023,Nordea Open,2025,3,F,R32
7509,MS024,Nordea Open,2025,2,F,R32
7516,MS026,Nordea Open,2025,3,F,R32
7511,MS028,Nordea Open,2025,2,F,R32
7514,MS030,Nordea Open,2025,3,F,R32
7518,QS004,Nordea Open,2025,2,F,Q2
7520,QS005,Nordea Open,2025,3,F,Q2
7521,QS006,Nordea Open,2025,2,F,Q2
7519,QS007,Nordea Open,2025,3,F,Q2
7523,QS008,Nordea Open,2025,2,F,Q1
7528,QS009,Nordea Open,2025,3,F,Q1
7524,QS010,Nordea Open,2025,2,F,Q1
7522,QS011,Nordea Open,2025,2,F,Q1
7525,QS012,Nordea Open,2025,3,F,Q1
7527,QS013,Nordea Open,2025,2,F,Q1
7526,QS015,Nordea Open,2025,2,F,Q1
5724,MS001,Open 13 Provence,2025,2,F,F
5726,MS002,Open 13 Provence,2025,2,F,SF
5725,MS003,Open 13 Provence,2025,2,F,SF
5727,MS004,Open 13 Provence,2025,2,F,QF
5731,MS005,Open 13 Provence,2025,3,F,QF
5729,MS006,Open 13 Provence,2025,1,F,QF
5728,MS007,Open 13 Provence,2025,2,F,QF
5730,MS008,Open 13 Provence,2025,2,F,R16
5737,MS009,Open 13 Provence,2025,3,F,R16
5734,MS010,Open 13 Provence,2025,2,F,R16
5736,MS011,Open 13 Provence,2025,2,F,R16
5735,MS012,Open 13 Provence,2025,3,F,R16
5733,MS013,Open 13 Provence,2025,3,F,R16
5732,MS015,Open 13 Provence,2025,2,F,R16
5744,MS017,Open 13 Provence,2025,3,F,R32
5743,MS019,Open 13 Provence,2025,2,F,R32
5746,MS021,Open 13 Provence,2025,2,F,R32
5742,MS022,Open 13 Provence,2025,2,F,R32
5738,MS023,Open 13 Provence,2025,3,F,R32
5740,MS024,Open 13 Provence,2025,3,F,R32
5739,MS025,Open 13 Provence,2025,2,F,R32
5748,MS026,Open 13 Provence,2025,3,F,R32
5741,MS028,Open 13 Provence,2025,3,F,R32
5749,MS029,Open 13 Provence,2025,3,F,R32
5750,QS005,Open 13 Provence,2025,2,F,Q2
5778,QS006,Open 13 Provence,2025,3,F,Q2
5747,QS007,Open 13 Provence,2025,3,F,Q2
5753,QS009,Open 13 Provence,2025,2,F,Q1
5757,QS011,Open 13 Provence,2025,1,F,Q1
5781,QS012,Open 13 Provence,2025,2,F,Q1
5754,QS013,Open 13 Provence,2025,2,F,Q1
5752,QS014,Open 13 Provence,2025,3,F,Q1
5633,MS001,Open Occitanie,2025,3,F,F
5632,MS002,Open Occitanie,2025,2,F,SF
5634,MS003,Open Occitanie,2025,2,F,SF
5637,MS004,Open Occitanie,2025,1,F,QF
5642,MS005,Open Occitanie,2025,2,F,QF
5639,MS006,Open Occitanie,2025,2,F,QF
5638,MS007,Open Occitanie,2025,2,F,QF
5643,MS009,Open Occitanie,2025,2,F,R16
5644,MS011,Open Occitanie,2025,2,F,R16
5641,MS013,Open Occitanie,2025,2,F,R16
5640,MS015,Open Occitanie,2025,2,F,R16
5650,MS018,Open Occitanie,2025,3,F,R32
5645,MS019,Open Occitanie,2025,3,F,R32
5648,MS023,Open Occitanie,2025,3,F,R32
5646,MS024,Open Occitanie,2025,2,F,R32
5651,MS026,Open Occitanie,2025,2,F,R32
5647,MS028,Open Occitanie,2025,2,F,R32
5649,MS030,Open Occitanie,2025,2,F,R32
5652,QS004,Open Occitanie,2025,2,F,Q2
5653,QS005,Open Occitanie,2025,3,F,Q2
5657,QS008,Open Occitanie,2025,2,F,Q1
5659,QS009,Open Occitanie,2025,2,F,Q1
5654,QS010,Open Occitanie,2025,2,F,Q1
5660,QS011,Open Occitanie,2025,3,F,Q1
5655,QS012,Open Occitanie,2025,3,F,Q1
5656,QS014,Open Occitanie,2025,3,F,Q1
7567,MS001,Plava Laguna Croatia Open Umag,2025,2,F,F
7568,MS002,Plava Laguna Croatia Open Umag,2025,2,F,SF
7571,MS003,Plava Laguna Croatia Open Umag,2025,2,F,SF
7569,MS004,Plava Laguna Croatia Open Umag,2025,2,F,QF
7574,MS005,Plava Laguna Croatia Open Umag,2025,3,F,QF
7566,MS006,Plava Laguna Croatia Open Umag,2025,2,F,QF
7570,MS007,Plava Laguna Croatia Open Umag,2025,3,F,QF
7572,MS008,Plava Laguna Croatia Open Umag,2025,3,F,R16
7573,MS009,Plava Laguna Croatia Open Umag,2025,2,F,R16
7575,MS010,Plava Laguna Croatia Open Umag,2025,2,F,R16
7580,MS011,Plava Laguna Croatia Open Umag,2025,2,F,R16
7578,MS012,Plava Laguna Croatia Open Umag,2025,2,F,R16
7577,MS013,Plava Laguna Croatia Open Umag,2025,3,F,R16
7582,MS014,Plava Laguna Croatia Open Umag,2025,3,F,R16
7576,MS015,Plava Laguna Croatia Open Umag,2025,2,F,R16
7588,MS017,Plava Laguna Croatia Open Umag,2025,2,F,R32
7586,MS018,Plava Laguna Croatia Open Umag,2025,2,F,R32
7579,MS019,Plava Laguna Croatia Open Umag,2025,2,F,R32
7587,MS021,Plava Laguna Croatia Open Umag,2025,2,F,R32
7596,MS022,Plava Laguna Croatia Open Umag,2025,2,F,R32
7585,MS023,Plava Laguna Croatia Open Umag,2025,3,F,R32
7581,MS024,Plava Laguna Croatia Open Umag,2025,2,F,R32
7584,MS025,Plava Laguna Croatia Open Umag,2025,2,F,R32
7595,MS026,Plava Laguna Croatia Open Umag,2025,3,F,R32
7583,MS028,Plava Laguna Croatia Open Umag,2025,2,F,R32
7597,MS029,Plava Laguna Croatia Open Umag,2025,2,F,R32
7589,MS030,Plava Laguna Croatia Open Umag,2025,2,F,R32
7598,QS004,Plava Laguna Croatia Open Umag,2025,2,F,Q2
7590,QS005,Plava Laguna Croatia Open Umag,2025,3,F,Q2
7593,QS006,Plava Laguna Croatia Open Umag,2025,2,F,Q2
7622,QS007,Plava Laguna Croatia Open Umag,2025,2,F,Q2
7591,QS008,Plava Laguna Croatia Open Umag,2025,3,F,Q1
7599,QS009,Plava Laguna Croatia Open Umag,2025,3,F,Q1
7592,QS010,Plava Laguna Croatia Open Umag,2025,2,F,Q1
7594,QS012,Plava Laguna Croatia Open Umag,2025,2,F,Q1
7600,QS013,Plava Laguna Croatia Open Umag,2025,3,F,Q1
7601,QS015,Plava Laguna Croatia Open Umag,2025,2,F,Q1
5818,MS001,Qatar ExxonMobil Open,2025,3,F,F
5822,MS002,Qatar ExxonMobil Open,2025,3,F,SF
5820,MS003,Qatar ExxonMobil Open,2025,3,F,SF
5819,MS004,Qatar ExxonMobil Open,2025,3,F,QF
5824,MS005,Qatar ExxonMobil Open,2025,3,F,QF
5823,MS006,Qatar ExxonMobil Open,2025,1,F,QF
5821,MS007,Qatar ExxonMobil Open,2025,3,F,QF
5825,MS008,Qatar ExxonMobil Open,2025,3,F,R16
5830,MS009,Qatar ExxonMobil Open,2025,2,F,R16
5829,MS010,Qatar ExxonMobil Open,2025,3,F,R16
5828,MS011,Qatar ExxonMobil Open,2025,2,F,R16
5826,MS013,Qatar ExxonMobil Open,2025,2,F,R16
5858,MS014,Qatar ExxonMobil Open,2025,2,F,R16
5827,MS015,Qatar ExxonMobil Open,2025,2,F,R16
5836,MS016,Qatar ExxonMobil Open,2025,2,F,R32
5843,MS017,Qatar ExxonMobil Open,2025,2,F,R32
5832,MS019,Qatar ExxonMobil Open,2025,2,F,R32
5835,MS020,Qatar ExxonMobil Open,2025,2,F,R32
5842,MS021,Qatar ExxonMobil Open,2025,2,F,R32
5875,MS022,Qatar ExxonMobil Open,2025,2,F,R32
5859,MS023,Qatar ExxonMobil Open,2025,2,F,R32
5831,MS024,Qatar ExxonMobil Open,2025,3,F,R32
5839,MS025,Qatar ExxonMobil Open,2025,3,F,R32
5840,MS026,Qatar ExxonMobil Open,2025,2,F,R32
5837,MS027,Qatar ExxonMobil Open,2025,3,F,R32
5834,MS028,Qatar ExxonMobil Open,2025,2,F,R32
5841,MS029,Qatar ExxonMobil Open,2025,2,F,R32
5844,MS030,Qatar ExxonMobil Open,2025,2,F,R32
5833,MS031,Qatar ExxonMobil Open,2025,2,F,R32
5845,QS004,Qatar ExxonMobil Open,2025,3,F,Q2
5846,QS005,Qatar ExxonMobil Open,2025,2,F,Q2
5850,QS006,Qatar ExxonMobil Open,2025,2,F,Q2
5849,QS007,Qatar ExxonMobil Open,2025,2,F,Q2
5853,QS009,Qatar ExxonMobil Open,2025,2,F,Q1
5847,QS010,Qatar ExxonMobil Open,2025,3,F,Q1
5851,QS012,Qatar ExxonMobil Open,2025,2,F,Q1
5852,QS013,Qatar ExxonMobil Open,2025,2,F,Q1
5848,QS015,Qatar ExxonMobil Open,2025,2,F,Q1
5854,MS001,Rio Open presented by Claro,2025,2,F,F
5857,MS002,Rio Open presented by Claro,2025,3,F,SF
5855,MS003,Rio Open presented by Claro,2025,3,F,SF
5856,MS004,Rio Open presented by Claro,2025,3,F,QF
5883,MS005,Rio Open presented by Claro,2025,2,F,QF
5860,MS006,Rio Open presented by Claro,2025,2,F,QF
5863,MS007,Rio Open presented by Claro,2025,2,F,QF
5861,MS008,Rio Open presented by Claro,2025,2,F,R16
5865,MS009,Rio Open presented by Claro,2025,3,F,R16
5864,MS010,Rio Open presented by Claro,2025,3,F,R16
5892,MS011,Rio Open presented by Claro,2025,2,F,R16
5862,MS012,Rio Open presented by Claro,2025,3,F,R16
5867,MS013,Rio Open presented by Claro,2025,3,F,R16
5868,MS014,Rio Open presented by Claro,2025,2,F,R16
5866,MS015,Rio Open presented by Claro,2025,3,F,R16
5869,MS016,Rio Open presented by Claro,2025,2,F,R32
5897,MS018,Rio Open presented by Claro,2025,3,F,R32
5872,MS019,Rio Open presented by Claro,2025,3,F,R32
5870,MS020,Rio Open presented by Claro,2025,2,F,R32
5878,MS021,Rio Open presented by Claro,2025,2,F,R32
5879,MS022,Rio Open presented by Claro,2025,2,F,R32
5873,MS023,Rio Open presented by Claro,2025,2,F,R32
5896,MS024,Rio Open presented by Claro,2025,2,F,R32
5881,MS025,Rio Open presented by Claro,2025,2,F,R32
5880,MS026,Rio Open presented by Claro,2025,3,F,R32
5871,MS027,Rio Open presented by Claro,2025,2,F,R32
5874,MS028,Rio Open presented by Claro,2025,3,F,R32
5877,MS029,Rio Open presented by Claro,2025,2,F,R32
5901,MS030,Rio Open presented by Claro,2025,3,F,R32
5876,MS031,Rio Open presented by Claro,2025,2,F,R32
5882,QS004,Rio Open presented by Claro,2025,3,F,Q2
5884,QS005,Rio Open presented by Claro,2025,3,F,Q2
5915,QS006,Rio Open presented by Claro,2025,3,F,Q2
5886,QS007,Rio Open presented by Claro,2025,3,F,Q2
5888,QS009,Rio Open presented by Claro,2025,2,F,Q1
5885,QS010,Rio Open presented by Claro,2025,2,F,Q1
5889,QS011,Rio Open presented by Claro,2025,3,F,Q1
5890,QS013,Rio Open presented by Claro,2025,2,F,Q1
5887,QS014,Rio Open presented by Claro,2025,2,F,Q1
6841,MS001,Roland Garros,2025,5,F,F
6806,MS002,Roland Garros,2025,3,F,SF
6805,MS003,Roland Garros,2025,4,F,SF
6808,MS004,Roland Garros,2025,3,F,QF
6807,MS005,Roland Garros,2025,4,F,QF
6810,MS006,Roland Garros,2025,4,F,QF
6809,MS007,Roland Garros,2025,3,F,QF
6814,MS008,Roland Garros,2025,3,F,R16
6811,MS009,Roland Garros,2025,4,F,R16
6812,MS010,Roland Garros,2025,2,F,R16
6813,MS011,Roland Garros,2025,3,F,R16
6816,MS012,Roland Garros,2025,4,F,R16
6815,MS013,Roland Garros,2025,3,F,R16
6847,MS014,Roland Garros,2025,3,F,R16
6817,MS015,Roland Garros,2025,4,F,R16
6818,MS016,Roland Garros,2025,3,F,R32
6830,MS018,Roland Garros,2025,3,F,R32
6822,MS019,Roland Garros,2025,3,F,R32
6819,MS020,Roland Garros,2025,3,F,R32
6832,MS021,Roland Garros,2025,5,F,R32
6829,MS022,Roland Garros,2025,3,F,R32
6821,MS023,Roland Garros,2025,3,F,R32
6825,MS024,Roland Garros,2025,4,F,R32
6823,MS025,Roland Garros,2025,5,F,R32
6827,MS026,Roland Garros,2025,3,F,R32
6828,MS027,Roland Garros,2025,4,F,R32
6831,MS028,Roland Garros,2025,3,F,R32
6826,MS029,Roland Garros,2025,5,F,R32
6824,MS030,Roland Garros,2025,3,F,R32
6820,MS031,Roland Garros,2025,4,F,R32
6852,MS033,Roland Garros,2025,4,F,R64
6845,MS034,Roland Garros,2025,3,F,R64
6846,MS035,Roland Garros,2025,5,F,R64
6844,MS036,Roland Garros,2025,5,F,R64
6850,MS037,Roland Garros,2025,5,F,R64
6859,MS038,Roland Garros,2025,3,F,R64
6837,MS039,Roland Garros,2025,4,F,R64
6838,MS040,Roland Garros,2025,4,F,R64
6856,MS041,Roland Garros,2025,4,F,R64
6853,MS042,Roland Garros,2025,4,F,R64
6865,MS043,Roland Garros,2025,5,F,R64
6863,MS044,Roland Garros,2025,3,F,R64
6854,MS045,Roland Garros,2025,2,F,R64
6855,MS046,Roland Garros,2025,5,F,R64
6835,MS047,Roland Garros,2025,3,F,R64
6840,MS048,Roland Garros,2025,3,F,R64
6861,MS049,Roland Garros,2025,3,F,R64
6858,MS050,Roland Garros,2025,4,F,R64
6867,MS051,Roland Garros,2025,3,F,R64
6842,MS052,Roland Garros,2025,3,F,R64
6849,MS053,Roland Garros,2025,3,F,R64
6860,MS054,Roland Garros,2025,3,F,R64
6862,MS055,Roland Garros,2025,4,F,R64
6836,MS056,Roland Garros,2025,4,F,R64
6857,MS057,Roland Garros,2025,3,F,R64
6851,MS058,Roland Garros,2025,5,F,R64
6843,MS059,Roland Garros,2025,5,F,R64
6848,MS061,Roland Garros,2025,4,F,R64
6892,MS062,Roland Garros,2025,4,F,R64
6839,MS063,Roland Garros,2025,4,F,R64
6864,MS064,Roland Garros,2025,3,F,R128
6915,MS066,Roland Garros,2025,3,F,R128
6888,MS067,Roland Garros,2025,4,F,R128
6880,MS068,Roland Garros,2025,4,F,R128
6951,MS070,Roland Garros,2025,3,F,R128
6878,MS071,Roland Garros,2025,4,F,R128
6871,MS072,Roland Garros,2025,3,F,R128
6899,MS073,Roland Garros,2025,3,F,R128
6923,MS074,Roland Garros,2025,5,F,R128
6882,MS075,Roland Garros,2025,4,F,R128
6890,MS076,Roland Garros,2025,3,F,R128
6913,MS077,Roland Garros,2025,5,F,R128
6911,MS078,Roland Garros,2025,5,F,R128
6874,MS079,Roland Garros,2025,4,F,R128
6868,MS080,Roland Garros,2025,3,F,R128
6902,MS081,Roland Garros,2025,5,F,R128
6901,MS082,Roland Garros,2025,3,F,R128
6895,MS083,Roland Garros,2025,5,F,R128
6879,MS084,Roland Garros,2025,3,F,R128
6914,MS085,Roland Garros,2025,4,F,R128
6953,MS086,Roland Garros,2025,3,F,R128
6876,MS087,Roland Garros,2025,3,F,R128
6873,MS088,Roland Garros,2025,5,F,R128
6908,MS089,Roland Garros,2025,4,F,R128
6904,MS090,Roland Garros,2025,3,F,R128
6887,MS091,Roland Garros,2025,3,F,R128
6896,MS092,Roland Garros,2025,3,F,R128
6918,MS093,Roland Garros,2025,4,F,R128
6919,MS094,Roland Garros,2025,3,F,R128
6907,MS095,Roland Garros,2025,3,F,R128
6870,MS096,Roland Garros,2025,3,F,R128
6905,MS097,Roland Garros,2025,5,F,R128
6925,MS098,Roland Garros,2025,4,F,R128
6891,MS099,Roland Garros,2025,4,F,R128
6884,MS100,Roland Garros,2025,2,F,R128
6917,MS101,Roland Garros,2025,5,F,R128
6920,MS102,Roland Garros,2025,3,F,R128
6872,MS103,Roland Garros,2025,4,F,R128
6881,MS104,Roland Garros,2025,3,F,R128
6897,MS105,Roland Garros,2025,3,F,R128
6898,MS106,Roland Garros,2025,4,F,R128
6885,MS107,Roland Garros,2025,4,F,R128
6894,MS108,Roland Garros,2025,3,F,R128
6916,MS109,Roland Garros,2025,3,F,R128
6910,MS110,Roland Garros,2025,5,F,R128
6869,MS111,Roland Garros,2025,4,F,R128
6893,MS113,Roland Garros,2025,5,F,R128
6922,MS114,Roland Garros,2025,5,F,R128
6889,MS115,Roland Garros,2025,3,F,R128
6886,MS116,Roland Garros,2025,3,F,R128
6921,MS117,Roland Garros,2025,4,F,R128
6903,MS118,Roland Garros,2025,3,F,R128
6877,MS119,Roland Garros,2025,4,F,R128
6875,MS120,Roland Garros,2025,5,F,R128
6906,MS121,Roland Garros,2025,5,F,R128
6912,MS122,Roland Garros,2025,3,F,R128
6883,MS123,Roland Garros,2025,3,F,R128
6900,MS124,Roland Garros,2025,4,F,R128
6935,MS125,Roland Garros,2025,4,F,R128
6909,MS126,Roland Garros,2025,3,F,R128
6866,MS127,Roland Garros,2025,3,F,R128
6930,QS016,Roland Garros,2025,3,F,Q3
6924,QS017,Roland Garros,2025,2,F,Q3
6932,QS020,Roland Garros,2025,2,F,Q3
6938,QS021,Roland Garros,2025,2,F,Q3
6927,QS022,Roland Garros,2025,2,F,Q3
6952,QS023,Roland Garros,2025,3,F,Q3
6933,QS024,Roland Garros,2025,2,F,Q3
6926,QS025,Roland Garros,2025,2,F,Q3
6965,QS026,Roland Garros,2025,3,F,Q3
6928,QS027,Roland Garros,2025,2,F,Q3
6937,QS028,Roland Garros,2025,3,F,Q3
6929,QS029,Roland Garros,2025,2,F,Q3
6931,QS030,Roland Garros,2025,2,F,Q3
6934,QS031,Roland Garros,2025,3,F,Q3
6955,QS032,Roland Garros,2025,3,F,Q2
6948,QS033,Roland Garros,2025,2,F,Q2
6936,QS034,Roland Garros,2025,3,F,Q2
6963,QS035,Roland Garros,2025,2,F,Q2
6962,QS036,Roland Garros,2025,2,F,Q2
6959,QS040,Roland Garros,2025,3,F,Q2
6964,QS041,Roland Garros,2025,2,F,Q2
6968,QS042,Roland Garros,2025,2,F,Q2
6958,QS043,Roland Garros,2025,2,F,Q2
6961,QS045,Roland Garros,2025,2,F,Q2
6939,QS046,Roland Garros,2025,2,F,Q2
6949,QS047,Roland Garros,2025,2,F,Q2
6966,QS048,Roland Garros,2025,2,F,Q2
6960,QS049,Roland Garros,2025,3,F,Q2
6940,QS050,Roland Garros,2025,3,F,Q2
6957,QS051,Roland Garros,2025,2,F,Q2
6941,QS052,Roland Garros,2025,2,F,Q2
6950,QS053,Roland Garros,2025,2,F,Q2
6944,QS054,Roland Garros,2025,3,F,Q2
6943,QS056,Roland Garros,2025,2,F,Q2
6967,QS057,Roland Garros,2025,3,F,Q2
6942,QS058,Roland Garros,2025,2,F,Q2
6956,QS059,Roland Garros,2025,2,F,Q2
6945,QS060,Roland Garros,2025,2,F,Q2
6954,QS061,Roland Garros,2025,3,F,Q2
6946,QS062,Roland Garros,2025,2,F,Q2
6947,QS063,Roland Garros,2025,2,F,Q2
6994,QS065,Roland Garros,2025,3,F,Q1
7008,QS066,Roland Garros,2025,3,F,Q1
6980,QS067,Roland Garros,2025,3,F,Q1
6969,QS068,Roland Garros,2025,3,F,Q1
6993,QS069,Roland Garros,2025,2,F,Q1
7009,QS070,Roland Garros,2025,2,F,Q1
6985,QS071,Roland Garros,2025,2,F,Q1
7001,QS072,Roland Garros,2025,3,F,Q1
6996,QS073,Roland Garros,2025,2,F,Q1
7002,QS076,Roland Garros,2025,3,F,Q1
7010,QS077,Roland Garros,2025,3,F,Q1
6972,QS080,Roland Garros,2025,2,F,Q1
7006,QS081,Roland Garros,2025,3,F,Q1
6983,QS083,Roland Garros,2025,2,F,Q1
6970,QS084,Roland Garros,2025,2,F,Q1
7015,QS085,Roland Garros,2025,3,F,Q1
6999,QS089,Roland Garros,2025,3,F,Q1
6988,QS090,Roland Garros,2025,2,F,Q1
6991,QS091,Roland Garros,2025,2,F,Q1
6975,QS092,Roland Garros,2025,2,F,Q1
7000,QS093,Roland Garros,2025,3,F,Q1
6995,QS094,Roland Garros,2025,2,F,Q1
7004,QS097,Roland Garros,2025,2,F,Q1
7007,QS098,Roland Garros,2025,3,F,Q1
6987,QS099,Roland Garros,2025,2,F,Q1
6971,QS100,Roland Garros,2025,2,F,Q1
6989,QS101,Roland Garros,2025,2,F,Q1
7019,QS102,Roland Garros,2025,2,F,Q1
6982,QS103,Roland Garros,2025,3,F,Q1
6974,QS104,Roland Garros,2025,2,F,Q1
7011,QS105,Roland Garros,2025,2,F,Q1
7003,QS106,Roland Garros,2025,2,F,Q1
6984,QS107,Roland Garros,2025,2,F,Q1
6976,QS108,Roland Garros,2025,2,F,Q1
6997,QS109,Roland Garros,2025,3,F,Q1
6981,QS112,Roland Garros,2025,2,F,Q1
7013,QS113,Roland Garros,2025,2,F,Q1
6979,QS115,Roland Garros,2025,2,F,Q1
6977,QS116,Roland Garros,2025,2,F,Q1
6990,QS117,Roland Garros,2025,2,F,Q1
6986,QS119,Roland Garros,2025,2,F,Q1
6978,QS120,Roland Garros,2025,3,F,Q1
7016,QS121,Roland Garros,2025,2,F,Q1
7005,QS122,Roland Garros,2025,3,F,Q1
6973,QS124,Roland Garros,2025,2,F,Q1
6992,QS125,Roland Garros,2025,3,F,Q1
6998,QS126,Roland Garros,2025,3,F,Q1
6333,MS001,Rolex Monte-Carlo Masters,2025,3,F,F
6335,MS002,Rolex Monte-Carlo Masters,2025,3,F,SF
10362,MS003,Rolex Monte-Carlo Masters,2025,2,F,SF
6336,MS004,Rolex Monte-Carlo Masters,2025,3,F,QF
6337,MS005,Rolex Monte-Carlo Masters,2025,2,F,QF
6339,MS006,Rolex Monte-Carlo Masters,2025,2,F,QF
6334,MS007,Rolex Monte-Carlo Masters,2025,3,F,QF
6342,MS008,Rolex Monte-Carlo Masters,2025,2,F,R16
6344,MS009,Rolex Monte-Carlo Masters,2025,2,F,R16
6347,MS010,Rolex Monte-Carlo Masters,2025,3,F,R16
6343,MS011,Rolex Monte-Carlo Masters,2025,2,F,R16
6340,MS012,Rolex Monte-Carlo Masters,2025,3,F,R16
6338,MS013,Rolex Monte-Carlo Masters,2025,3,F,R16
6345,MS014,Rolex Monte-Carlo Masters,2025,2,F,R16
6341,MS015,Rolex Monte-Carlo Masters,2025,2,F,R16
6349,MS016,Rolex Monte-Carlo Masters,2025,3,F,R32
6359,MS017,Rolex Monte-Carlo Masters,2025,3,F,R32
6360,MS018,Rolex Monte-Carlo Masters,2025,3,F,R32
6353,MS019,Rolex Monte-Carlo Masters,2025,3,F,R32
6350,MS020,Rolex Monte-Carlo Masters,2025,2,F,R32
6365,MS021,Rolex Monte-Carlo Masters,2025,3,F,R32
6355,MS022,Rolex Monte-Carlo Masters,2025,3,F,R32
6354,MS023,Rolex Monte-Carlo Masters,2025,3,F,R32
6352,MS024,Rolex Monte-Carlo Masters,2025,2,F,R32
6362,MS025,Rolex Monte-Carlo Masters,2025,2,F,R32
6358,MS026,Rolex Monte-Carlo Masters,2025,3,F,R32
6351,MS027,Rolex Monte-Carlo Masters,2025,2,F,R32
6356,MS028,Rolex Monte-Carlo Masters,2025,2,F,R32
6357,MS029,Rolex Monte-Carlo Masters,2025,2,F,R32
6346,MS031,Rolex Monte-Carlo Masters,2025,3,F,R32
6370,MS033,Rolex Monte-Carlo Masters,2025,2,F,R64
6375,MS034,Rolex Monte-Carlo Masters,2025,2,F,R64
6373,MS035,Rolex Monte-Carlo Masters,2025,3,F,R64
6363,MS036,Rolex Monte-Carlo Masters,2025,2,F,R64
6376,MS037,Rolex Monte-Carlo Masters,2025,3,F,R64
6379,MS038,Rolex Monte-Carlo Masters,2025,2,F,R64
6406,MS041,Rolex Monte-Carlo Masters,2025,3,F,R64
6380,MS042,Rolex Monte-Carlo Masters,2025,2,F,R64
6366,MS043,Rolex Monte-Carlo Masters,2025,2,F,R64
6361,MS044,Rolex Monte-Carlo Masters,2025,3,F,R64
6409,MS045,Rolex Monte-Carlo Masters,2025,2,F,R64
6378,MS046,Rolex Monte-Carlo Masters,2025,3,F,R64
6374,MS049,Rolex Monte-Carlo Masters,2025,2,F,R64
6372,MS050,Rolex Monte-Carlo Masters,2025,3,F,R64
6364,MS051,Rolex Monte-Carlo Masters,2025,3,F,R64
6371,MS052,Rolex Monte-Carlo Masters,2025,3,F,R64
6410,MS053,Rolex Monte-Carlo Masters,2025,3,F,R64
6368,MS054,Rolex Monte-Carlo Masters,2025,2,F,R64
6407,MS057,Rolex Monte-Carlo Masters,2025,3,F,R64
6394,MS058,Rolex Monte-Carlo Masters,2025,2,F,R64
6367,MS059,Rolex Monte-Carlo Masters,2025,3,F,R64
6369,MS060,Rolex Monte-Carlo Masters,2025,2,F,R64
6381,QS008,Rolex Monte-Carlo Masters,2025,2,F,Q2
6377,QS009,Rolex Monte-Carlo Masters,2025,3,F,Q2
6383,QS010,Rolex Monte-Carlo Masters,2025,2,F,Q2
6408,QS011,Rolex Monte-Carlo Masters,2025,3,F,Q2
6382,QS013,Rolex Monte-Carlo Masters,2025,2,F,Q2
6385,QS014,Rolex Monte-Carlo Masters,2025,2,F,Q2
6384,QS016,Rolex Monte-Carlo Masters,2025,2,F,Q1
6393,QS017,Rolex Monte-Carlo Masters,2025,3,F,Q1
6386,QS018,Rolex Monte-Carlo Masters,2025,3,F,Q1
6485,QS019,Rolex Monte-Carlo Masters,2025,3,F,Q1
6387,QS020,Rolex Monte-Carlo Masters,2025,3,F,Q1
6396,QS021,Rolex Monte-Carlo Masters,2025,3,F,Q1
6388,QS022,Rolex Monte-Carlo Masters,2025,2,F,Q1
6391,QS023,Rolex Monte-Carlo Masters,2025,2,F,Q1
6390,QS025,Rolex Monte-Carlo Masters,2025,2,F,Q1
6389,QS026,Rolex Monte-Carlo Masters,2025,2,F,Q1
6392,QS027,Rolex Monte-Carlo Masters,2025,2,F,Q1
6412,QS028,Rolex Monte-Carlo Masters,2025,2,F,Q1
6395,QS029,Rolex Monte-Carlo Masters,2025,3,F,Q1
8682,MS001,Rolex Paris Masters,2025,2,F,F
8686,MS002,Rolex Paris Masters,2025,2,F,SF
8683,MS003,Rolex Paris Masters,2025,2,F,SF
8689,MS004,Rolex Paris Masters,2025,2,F,QF
8687,MS005,Rolex Paris Masters,2025,3,F,QF
8685,MS006,Rolex Paris Masters,2025,3,F,QF
8684,MS007,Rolex Paris Masters,2025,2,F,QF
8700,MS008,Rolex Paris Masters,2025,2,F,R16
8698,MS009,Rolex Paris Masters,2025,3,F,R16
8691,MS010,Rolex Paris Masters,2025,2,F,R16
8693,MS011,Rolex Paris Masters,2025,2,F,R16
8697,MS012,Rolex Paris Masters,2025,3,F,R16
8690,MS013,Rolex Paris Masters,2025,2,F,R16
8692,MS014,Rolex Paris Masters,2025,2,F,R16
8696,MS015,Rolex Paris Masters,2025,2,F,R16
8699,MS016,Rolex Paris Masters,2025,3,F,R32
8718,MS017,Rolex Paris Masters,2025,3,F,R32
8708,MS018,Rolex Paris Masters,2025,3,F,R32
8705,MS019,Rolex Paris Masters,2025,2,F,R32
8703,MS020,Rolex Paris Masters,2025,2,F,R32
8710,MS021,Rolex Paris Masters,2025,2,F,R32
8753,MS022,Rolex Paris Masters,2025,3,F,R32
8701,MS023,Rolex Paris Masters,2025,3,F,R32
8704,MS024,Rolex Paris Masters,2025,3,F,R32
8713,MS026,Rolex Paris Masters,2025,2,F,R32
8695,MS027,Rolex Paris Masters,2025,3,F,R32
8702,MS028,Rolex Paris Masters,2025,2,F,R32
8709,MS029,Rolex Paris Masters,2025,2,F,R32
8715,MS030,Rolex Paris Masters,2025,3,F,R32
8694,MS031,Rolex Paris Masters,2025,2,F,R32
8730,MS033,Rolex Paris Masters,2025,2,F,R64
8742,MS034,Rolex Paris Masters,2025,2,F,R64
8714,MS035,Rolex Paris Masters,2025,2,F,R64
8711,MS036,Rolex Paris Masters,2025,3,F,R64
8746,MS037,Rolex Paris Masters,2025,2,F,R64
8719,MS038,Rolex Paris Masters,2025,2,F,R64
8740,MS041,Rolex Paris Masters,2025,3,F,R64
8731,MS042,Rolex Paris Masters,2025,3,F,R64
8716,MS043,Rolex Paris Masters,2025,2,F,R64
8720,MS044,Rolex Paris Masters,2025,2,F,R64
8729,MS045,Rolex Paris Masters,2025,3,F,R64
8727,MS046,Rolex Paris Masters,2025,2,F,R64
8741,MS049,Rolex Paris Masters,2025,2,F,R64
8728,MS050,Rolex Paris Masters,2025,2,F,R64
8717,MS051,Rolex Paris Masters,2025,2,F,R64
8722,MS052,Rolex Paris Masters,2025,3,F,R64
8725,MS053,Rolex Paris Masters,2025,2,F,R64
8743,MS054,Rolex Paris Masters,2025,2,F,R64
8723,MS057,Rolex Paris Masters,2025,2,F,R64
8733,MS058,Rolex Paris Masters,2025,2,F,R64
8721,MS059,Rolex Paris Masters,2025,2,F,R64
8726,MS060,Rolex Paris Masters,2025,2,F,R64
8732,MS061,Rolex Paris Masters,2025,3,F,R64
8724,MS062,Rolex Paris Masters,2025,3,F,R64
8738,QS008,Rolex Paris Masters,2025,2,F,Q2
8734,QS009,Rolex Paris Masters,2025,3,F,Q2
8735,QS010,Rolex Paris Masters,2025,2,F,Q2
8737,QS011,Rolex Paris Masters,2025,2,F,Q2
8739,QS013,Rolex Paris Masters,2025,3,F,Q2
8736,QS014,Rolex Paris Masters,2025,1,F,Q2
8744,QS016,Rolex Paris Masters,2025,3,F,Q1
8759,QS017,Rolex Paris Masters,2025,2,F,Q1
8745,QS018,Rolex Paris Masters,2025,2,F,Q1
8760,QS019,Rolex Paris Masters,2025,2,F,Q1
8748,QS020,Rolex Paris Masters,2025,2,F,Q1
8756,QS021,Rolex Paris Masters,2025,2,F,Q1
8747,QS022,Rolex Paris Masters,2025,2,F,Q1
8754,QS023,Rolex Paris Masters,2025,3,F,Q1
8751,QS024,Rolex Paris Masters,2025,2,F,Q1
8757,QS025,Rolex Paris Masters,2025,3,F,Q1
8750,QS026,Rolex Paris Masters,2025,3,F,Q1
8749,QS027,Rolex Paris Masters,2025,3,F,Q1
8758,QS028,Rolex Paris Masters,2025,2,F,Q1
8752,QS029,Rolex Paris Masters,2025,2,F,Q1
8365,MS001,Rolex Shanghai Masters,2025,3,F,F
8375,MS002,Rolex Shanghai Masters,2025,3,F,SF
8362,MS003,Rolex Shanghai Masters,2025,2,F,SF
8370,MS004,Rolex Shanghai Masters,2025,2,F,QF
8369,MS005,Rolex Shanghai Masters,2025,2,F,QF
8374,MS006,Rolex Shanghai Masters,2025,2,F,QF
8366,MS007,Rolex Shanghai Masters,2025,3,F,QF
8377,MS008,Rolex Shanghai Masters,2025,3,F,R16
8368,MS009,Rolex Shanghai Masters,2025,2,F,R16
8371,MS010,Rolex Shanghai Masters,2025,2,F,R16
8399,MS011,Rolex Shanghai Masters,2025,2,F,R16
8384,MS012,Rolex Shanghai Masters,2025,3,F,R16
8373,MS013,Rolex Shanghai Masters,2025,3,F,R16
8372,MS014,Rolex Shanghai Masters,2025,3,F,R16
8379,MS015,Rolex Shanghai Masters,2025,3,F,R16
8393,MS016,Rolex Shanghai Masters,2025,2,F,R32
8390,MS017,Rolex Shanghai Masters,2025,2,F,R32
8394,MS018,Rolex Shanghai Masters,2025,3,F,R32
8412,MS019,Rolex Shanghai Masters,2025,2,F,R32
8380,MS020,Rolex Shanghai Masters,2025,3,F,R32
8388,MS021,Rolex Shanghai Masters,2025,2,F,R32
8391,MS022,Rolex Shanghai Masters,2025,2,F,R32
8392,MS023,Rolex Shanghai Masters,2025,2,F,R32
8389,MS024,Rolex Shanghai Masters,2025,1,F,R32
8383,MS025,Rolex Shanghai Masters,2025,2,F,R32
8398,MS026,Rolex Shanghai Masters,2025,3,F,R32
8381,MS027,Rolex Shanghai Masters,2025,3,F,R32
8382,MS028,Rolex Shanghai Masters,2025,2,F,R32
8385,MS029,Rolex Shanghai Masters,2025,2,F,R32
8387,MS030,Rolex Shanghai Masters,2025,2,F,R32
8386,MS031,Rolex Shanghai Masters,2025,3,F,R32
8427,MS032,Rolex Shanghai Masters,2025,3,F,R64
8419,MS033,Rolex Shanghai Masters,2025,3,F,R64
8413,MS034,Rolex Shanghai Masters,2025,2,F,R64
8408,MS035,Rolex Shanghai Masters,2025,2,F,R64
8404,MS036,Rolex Shanghai Masters,2025,2,F,R64
8426,MS037,Rolex Shanghai Masters,2025,2,F,R64
8418,MS038,Rolex Shanghai Masters,2025,2,F,R64
8409,MS039,Rolex Shanghai Masters,2025,2,F,R64
8430,MS040,Rolex Shanghai Masters,2025,2,F,R64
8421,MS041,Rolex Shanghai Masters,2025,2,F,R64
8417,MS042,Rolex Shanghai Masters,2025,2,F,R64
8410,MS043,Rolex Shanghai Masters,2025,2,F,R64
8429,MS044,Rolex Shanghai Masters,2025,2,F,R64
8407,MS045,Rolex Shanghai Masters,2025,3,F,R64
8420,MS046,Rolex Shanghai Masters,2025,2,F,R64
8401,MS047,Rolex Shanghai Masters,2025,2,F,R64
8403,MS048,Rolex Shanghai Masters,2025,2,F,R64
8423,MS049,Rolex Shanghai Masters,2025,2,F,R64
8415,MS050,Rolex Shanghai Masters,2025,2,F,R64
8400,MS051,Rolex Shanghai Masters,2025,3,F,R64
8402,MS052,Rolex Shanghai Masters,2025,3,F,R64
8416,MS053,Rolex Shanghai Masters,2025,2,F,R64
8422,MS054,Rolex Shanghai Masters,2025,3,F,R64
8397,MS055,Rolex Shanghai Masters,2025,2,F,R64
8396,MS056,Rolex Shanghai Masters,2025,3,F,R64
8424,MS057,Rolex Shanghai Masters,2025,2,F,R64
8411,MS058,Rolex Shanghai Masters,2025,2,F,R64
8405,MS059,Rolex Shanghai Masters,2025,2,F,R64
8406,MS060,Rolex Shanghai Masters,2025,3,F,R64
8414,MS061,Rolex Shanghai Masters,2025,2,F,R64
8428,MS062,Rolex Shanghai Masters,2025,3,F,R64
8395,MS063,Rolex Shanghai Masters,2025,2,F,R64
8488,MS065,Rolex Shanghai Masters,2025,3,F,R128
8444,MS066,Rolex Shanghai Masters,2025,3,F,R128
8431,MS069,Rolex Shanghai Masters,2025,2,F,R128
8454,MS070,Rolex Shanghai Masters,2025,1,F,R128
8459,MS073,Rolex Shanghai Masters,2025,3,F,R128
8435,MS074,Rolex Shanghai Masters,2025,2,F,R128
8449,MS077,Rolex Shanghai Masters,2025,2,F,R128
8456,MS078,Rolex Shanghai Masters,2025,1,F,R128
8482,MS081,Rolex Shanghai Masters,2025,3,F,R128
8453,MS082,Rolex Shanghai Masters,2025,2,F,R128
8451,MS085,Rolex Shanghai Masters,2025,2,F,R128
8441,MS086,Rolex Shanghai Masters,2025,2,F,R128
8493,MS089,Rolex Shanghai Masters,2025,2,F,R128
8440,MS090,Rolex Shanghai Masters,2025,3,F,R128
8439,MS093,Rolex Shanghai Masters,2025,3,F,R128
8438,MS094,Rolex Shanghai Masters,2025,2,F,R128
8443,MS097,Rolex Shanghai Masters,2025,3,F,R128
8432,MS098,Rolex Shanghai Masters,2025,2,F,R128
8442,MS101,Rolex Shanghai Masters,2025,2,F,R128
8437,MS102,Rolex Shanghai Masters,2025,2,F,R128
8452,MS105,Rolex Shanghai Masters,2025,2,F,R128
8446,MS106,Rolex Shanghai Masters,2025,3,F,R128
8447,MS109,Rolex Shanghai Masters,2025,3,F,R128
8450,MS110,Rolex Shanghai Masters,2025,2,F,R128
8445,MS113,Rolex Shanghai Masters,2025,3,F,R128
8448,MS114,Rolex Shanghai Masters,2025,3,F,R128
8489,MS117,Rolex Shanghai Masters,2025,3,F,R128
8433,MS118,Rolex Shanghai Masters,2025,3,F,R128
8455,MS121,Rolex Shanghai Masters,2025,2,F,R128
8436,MS122,Rolex Shanghai Masters,2025,2,F,R128
8434,MS125,Rolex Shanghai Masters,2025,2,F,R128
8425,MS126,Rolex Shanghai Masters,2025,2,F,R128
8478,QS016,Rolex Shanghai Masters,2025,2,F,Q2
8460,QS017,Rolex Shanghai Masters,2025,2,F,Q2
8458,QS018,Rolex Shanghai Masters,2025,2,F,Q2
8463,QS019,Rolex Shanghai Masters,2025,2,F,Q2
8462,QS020,Rolex Shanghai Masters,2025,2,F,Q2
8461,QS022,Rolex Shanghai Masters,2025,2,F,Q2
8464,QS023,Rolex Shanghai Masters,2025,2,F,Q2
8466,QS024,Rolex Shanghai Masters,2025,2,F,Q2
8485,QS025,Rolex Shanghai Masters,2025,3,F,Q2
8467,QS026,Rolex Shanghai Masters,2025,2,F,Q2
8457,QS027,Rolex Shanghai Masters,2025,3,F,Q2
8465,QS032,Rolex Shanghai Masters,2025,2,F,Q1
8476,QS033,Rolex Shanghai Masters,2025,2,F,Q1
8469,QS034,Rolex Shanghai Masters,2025,2,F,Q1
8475,QS035,Rolex Shanghai Masters,2025,2,F,Q1
8481,QS036,Rolex Shanghai Masters,2025,2,F,Q1
8487,QS038,Rolex Shanghai Masters,2025,3,F,Q1
8477,QS039,Rolex Shanghai Masters,2025,2,F,Q1
8471,QS041,Rolex Shanghai Masters,2025,2,F,Q1
8486,QS044,Rolex Shanghai Masters,2025,3,F,Q1
8474,QS045,Rolex Shanghai Masters,2025,2,F,Q1
8468,QS046,Rolex Shanghai Masters,2025,3,F,Q1
8470,QS048,Rolex Shanghai Masters,2025,2,F,Q1
8492,QS049,Rolex Shanghai Masters,2025,2,F,Q1
8483,QS050,Rolex Shanghai Masters,2025,3,F,Q1
8472,QS051,Rolex Shanghai Masters,2025,3,F,Q1
8484,QS052,Rolex Shanghai Masters,2025,2,F,Q1
8480,QS053,Rolex Shanghai Masters,2025,3,F,Q1
8479,QS054,Rolex Shanghai Masters,2025,2,F,Q1
8473,QS055,Rolex Shanghai Masters,2025,3,F,Q1
8643,MS001,Swiss Indoors Basel,2025,2,F,F
8688,MS002,Swiss Indoors Basel,2025,2,F,SF
8645,MS003,Swiss Indoors Basel,2025,2,F,SF
8652,MS004,Swiss Indoors Basel,2025,2,F,QF
8654,MS005,Swiss Indoors Basel,2025,1,F,QF
8647,MS006,Swiss Indoors Basel,2025,3,F,QF
8646,MS007,Swiss Indoors Basel,2025,1,F,QF
8649,MS008,Swiss Indoors Basel,2025,2,F,R16
8653,MS009,Swiss Indoors Basel,2025,3,F,R16
8650,MS010,Swiss Indoors Basel,2025,2,F,R16
8648,MS011,Swiss Indoors Basel,2025,3,F,R16
8657,MS013,Swiss Indoors Basel,2025,2,F,R16
8651,MS014,Swiss Indoors Basel,2025,2,F,R16
8655,MS015,Swiss Indoors Basel,2025,2,F,R16
8658,MS016,Swiss Indoors Basel,2025,3,F,R32
8670,MS017,Swiss Indoors Basel,2025,2,F,R32
8669,MS018,Swiss Indoors Basel,2025,2,F,R32
8661,MS019,Swiss Indoors Basel,2025,2,F,R32
8656,MS020,Swiss Indoors Basel,2025,2,F,R32
8706,MS021,Swiss Indoors Basel,2025,2,F,R32
8665,MS022,Swiss Indoors Basel,2025,2,F,R32
8662,MS023,Swiss Indoors Basel,2025,2,F,R32
8663,MS024,Swiss Indoors Basel,2025,3,F,R32
8666,MS025,Swiss Indoors Basel,2025,2,F,R32
8672,MS026,Swiss Indoors Basel,2025,2,F,R32
8664,MS027,Swiss Indoors Basel,2025,3,F,R32
8660,MS028,Swiss Indoors Basel,2025,2,F,R32
8668,MS029,Swiss Indoors Basel,2025,2,F,R32
8667,MS030,Swiss Indoors Basel,2025,2,F,R32
8659,MS031,Swiss Indoors Basel,2025,3,F,R32
8675,QS004,Swiss Indoors Basel,2025,2,F,Q2
8671,QS005,Swiss Indoors Basel,2025,2,F,Q2
8676,QS006,Swiss Indoors Basel,2025,2,F,Q2
8677,QS007,Swiss Indoors Basel,2025,2,F,Q2
8707,QS008,Swiss Indoors Basel,2025,2,F,Q1
8712,QS009,Swiss Indoors Basel,2025,3,F,Q1
8674,QS010,Swiss Indoors Basel,2025,3,F,Q1
8678,QS011,Swiss Indoors Basel,2025,2,F,Q1
8673,QS012,Swiss Indoors Basel,2025,2,F,Q1
8681,QS013,Swiss Indoors Basel,2025,2,F,Q1
8679,QS014,Swiss Indoors Basel,2025,2,F,Q1
8680,QS015,Swiss Indoors Basel,2025,2,F,Q1
7091,MS001,Terra Wortmann Open,2025,2,F,F
7084,MS002,Terra Wortmann Open,2025,3,F,SF
7082,MS003,Terra Wortmann Open,2025,3,F,SF
7087,MS004,Terra Wortmann Open,2025,2,F,QF
7090,MS005,Terra Wortmann Open,2025,2,F,QF
7089,MS006,Terra Wortmann Open,2025,2,F,QF
7083,MS007,Terra Wortmann Open,2025,2,F,QF
7085,MS008,Terra Wortmann Open,2025,3,F,R16
7098,MS009,Terra Wortmann Open,2025,2,F,R16
7095,MS010,Terra Wortmann Open,2025,3,F,R16
7096,MS011,Terra Wortmann Open,2025,3,F,R16
7106,MS012,Terra Wortmann Open,2025,2,F,R16
7094,MS013,Terra Wortmann Open,2025,2,F,R16
7100,MS014,Terra Wortmann Open,2025,3,F,R16
7092,MS015,Terra Wortmann Open,2025,3,F,R16
7099,MS016,Terra Wortmann Open,2025,2,F,R32
7112,MS017,Terra Wortmann Open,2025,2,F,R32
7114,MS018,Terra Wortmann Open,2025,3,F,R32
7104,MS019,Terra Wortmann Open,2025,3,F,R32
7108,MS020,Terra Wortmann Open,2025,2,F,R32
7111,MS021,Terra Wortmann Open,2025,2,F,R32
7110,MS022,Terra Wortmann Open,2025,3,F,R32
7101,MS023,Terra Wortmann Open,2025,2,F,R32
7102,MS024,Terra Wortmann Open,2025,3,F,R32
7116,MS025,Terra Wortmann Open,2025,3,F,R32
7113,MS026,Terra Wortmann Open,2025,2,F,R32
7103,MS027,Terra Wortmann Open,2025,2,F,R32
7105,MS028,Terra Wortmann Open,2025,3,F,R32
7150,MS029,Terra Wortmann Open,2025,3,F,R32
7117,MS030,Terra Wortmann Open,2025,2,F,R32
7109,MS031,Terra Wortmann Open,2025,2,F,R32
7115,QS004,Terra Wortmann Open,2025,2,F,Q2
7118,QS005,Terra Wortmann Open,2025,2,F,Q2
7123,QS006,Terra Wortmann Open,2025,2,F,Q2
7125,QS007,Terra Wortmann Open,2025,2,F,Q2
7129,QS008,Terra Wortmann Open,2025,2,F,Q1
7124,QS009,Terra Wortmann Open,2025,3,F,Q1
7127,QS010,Terra Wortmann Open,2025,2,F,Q1
7121,QS011,Terra Wortmann Open,2025,3,F,Q1
7160,QS012,Terra Wortmann Open,2025,2,F,Q1
7122,QS013,Terra Wortmann Open,2025,2,F,Q1
7119,QS014,Terra Wortmann Open,2025,3,F,Q1
7128,QS015,Terra Wortmann Open,2025,2,F,Q1
6274,MS001,Tiriac Open presented by UniCredit Bank,2025,2,F,F
6275,MS002,Tiriac Open presented by UniCredit Bank,2025,2,F,SF
6278,MS003,Tiriac Open presented by UniCredit Bank,2025,2,F,SF
6277,MS004,Tiriac Open presented by UniCredit Bank,2025,3,F,QF
6279,MS005,Tiriac Open presented by UniCredit Bank,2025,2,F,QF
6280,MS006,Tiriac Open presented by UniCredit Bank,2025,2,F,QF
6276,MS007,Tiriac Open presented by UniCredit Bank,2025,2,F,QF
6321,MS008,Tiriac Open presented by UniCredit Bank,2025,3,F,R16
6283,MS009,Tiriac Open presented by UniCredit Bank,2025,3,F,R16
6287,MS010,Tiriac Open presented by UniCredit Bank,2025,3,F,R16
6285,MS011,Tiriac Open presented by UniCredit Bank,2025,3,F,R16
6282,MS012,Tiriac Open presented by UniCredit Bank,2025,2,F,R16
6281,MS014,Tiriac Open presented by UniCredit Bank,2025,3,F,R16
6284,MS015,Tiriac Open presented by UniCredit Bank,2025,3,F,R16
6288,MS017,Tiriac Open presented by UniCredit Bank,2025,2,F,R32
6290,MS019,Tiriac Open presented by UniCredit Bank,2025,3,F,R32
6294,MS021,Tiriac Open presented by UniCredit Bank,2025,2,F,R32
6293,MS022,Tiriac Open presented by UniCredit Bank,2025,2,F,R32
6286,MS023,Tiriac Open presented by UniCredit Bank,2025,3,F,R32
6289,MS024,Tiriac Open presented by UniCredit Bank,2025,2,F,R32
6292,MS025,Tiriac Open presented by UniCredit Bank,2025,2,F,R32
6291,MS028,Tiriac Open presented by UniCredit Bank,2025,2,F,R32
6295,MS029,Tiriac Open presented by UniCredit Bank,2025,2,F,R32
6324,MS030,Tiriac Open presented by UniCredit Bank,2025,3,F,R32
6297,QS006,Tiriac Open presented by UniCredit Bank,2025,2,F,Q2
6296,QS007,Tiriac Open presented by UniCredit Bank,2025,2,F,Q2
6298,QS008,Tiriac Open presented by UniCredit Bank,2025,3,F,Q1
6305,QS011,Tiriac Open presented by UniCredit Bank,2025,2,F,Q1
6300,QS012,Tiriac Open presented by UniCredit Bank,2025,2,F,Q1
6303,QS013,Tiriac Open presented by UniCredit Bank,2025,3,F,Q1
6299,QS014,Tiriac Open presented by UniCredit Bank,2025,2,F,Q1
7971,MS001,US Open,2025,4,F,F
7974,MS002,US Open,2025,4,F,SF
7976,MS003,US Open,2025,3,F,SF
7978,MS004,US Open,2025,3,F,QF
7982,MS005,US Open,2025,4,F,QF
7979,MS006,US Open,2025,4,F,QF
7977,MS007,US Open,2025,3,F,QF
7983,MS008,US Open,2025,3,F,R16
7987,MS009,US Open,2025,3,F,R16
7988,MS010,US Open,2025,3,F,R16
7985,MS011,US Open,2025,3,F,R16
7984,MS012,US Open,2025,3,F,R16
8014,MS013,US Open,2025,3,F,R16
7994,MS014,US Open,2025,4,F,R16
7980,MS015,US Open,2025,3,F,R16
7990,MS016,US Open,2025,4,F,R32
7995,MS017,US Open,2025,5,F,R32
7993,MS018,US Open,2025,3,F,R32
7998,MS019,US Open,2025,3,F,R32
8027,MS020,US Open,2025,4,F,R32
8000,MS021,US Open,2025,5,F,R32
7997,MS022,US Open,2025,1,F,R32
8022,MS023,US Open,2025,4,F,R32
7986,MS024,US Open,2025,4,F,R32
8030,MS025,US Open,2025,3,F,R32
7996,MS026,US Open,2025,3,F,R32
7991,MS027,US Open,2025,4,F,R32
7992,MS028,US Open,2025,4,F,R32
7999,MS029,US Open,2025,3,F,R32
8010,MS030,US Open,2025,4,F,R32
7989,MS031,US Open,2025,3,F,R32
8006,MS032,US Open,2025,3,F,R64
8029,MS033,US Open,2025,4,F,R64
8021,MS034,US Open,2025,3,F,R64
8011,MS035,US Open,2025,5,F,R64
8005,MS036,US Open,2025,3,F,R64
8019,MS037,US Open,2025,5,F,R64
8028,MS038,US Open,2025,3,F,R64
8040,MS040,US Open,2025,3,F,R64
8025,MS041,US Open,2025,3,F,R64
8035,MS042,US Open,2025,4,F,R64
8013,MS043,US Open,2025,4,F,R64
8007,MS044,US Open,2025,5,F,R64
8018,MS045,US Open,2025,5,F,R64
8017,MS046,US Open,2025,5,F,R64
8009,MS047,US Open,2025,3,F,R64
8003,MS048,US Open,2025,4,F,R64
8032,MS049,US Open,2025,4,F,R64
8012,MS050,US Open,2025,4,F,R64
8008,MS051,US Open,2025,5,F,R64
8016,MS052,US Open,2025,5,F,R64
8023,MS053,US Open,2025,3,F,R64
8026,MS054,US Open,2025,5,F,R64
8001,MS055,US Open,2025,4,F,R64
8004,MS056,US Open,2025,3,F,R64
8034,MS057,US Open,2025,4,F,R64
8024,MS058,US Open,2025,4,F,R64
8015,MS059,US Open,2025,5,F,R64
8031,MS060,US Open,2025,5,F,R64
8020,MS061,US Open,2025,5,F,R64
8033,MS062,US Open,2025,4,F,R64
8002,MS063,US Open,2025,3,F,R64
8044,MS064,US Open,2025,3,F,R128
8117,MS066,US Open,2025,3,F,R128
8059,MS067,US Open,2025,3,F,R128
8058,MS068,US Open,2025,3,F,R128
8093,MS069,US Open,2025,5,F,R128
8070,MS070,US Open,2025,3,F,R128
8049,MS071,US Open,2025,3,F,R128
8038,MS072,US Open,2025,4,F,R128
8079,MS073,US Open,2025,4,F,R128
8073,MS074,US Open,2025,5,F,R128
8063,MS075,US Open,2025,5,F,R128
8054,MS076,US Open,2025,4,F,R128
8089,MS077,US Open,2025,4,F,R128
8065,MS078,US Open,2025,3,F,R128
8045,MS079,US Open,2025,4,F,R128
8036,MS080,US Open,2025,3,F,R128
8084,MS081,US Open,2025,4,F,R128
8088,MS082,US Open,2025,5,F,R128
8064,MS083,US Open,2025,3,F,R128
8060,MS084,US Open,2025,4,F,R128
8128,MS085,US Open,2025,3,F,R128
8080,MS086,US Open,2025,3,F,R128
8048,MS087,US Open,2025,3,F,R128
8039,MS088,US Open,2025,4,F,R128
8085,MS089,US Open,2025,4,F,R128
8092,MS090,US Open,2025,3,F,R128
8062,MS091,US Open,2025,5,F,R128
8055,MS092,US Open,2025,4,F,R128
8052,MS093,US Open,2025,5,F,R128
8074,MS094,US Open,2025,3,F,R128
8043,MS095,US Open,2025,3,F,R128
8042,MS096,US Open,2025,3,F,R128
8095,MS097,US Open,2025,3,F,R128
8090,MS098,US Open,2025,2,F,R128
8056,MS099,US Open,2025,4,F,R128
8077,MS100,US Open,2025,3,F,R128
8081,MS101,US Open,2025,3,F,R128
8091,MS102,US Open,2025,4,F,R128
8050,MS103,US Open,2025,3,F,R128
8078,MS104,US Open,2025,3,F,R128
8086,MS105,US Open,2025,4,F,R128
8076,MS106,US Open,2025,3,F,R128
8061,MS107,US Open,2025,3,F,R128
8083,MS108,US Open,2025,5,F,R128
8071,MS109,US Open,2025,4,F,R128
8069,MS110,US Open,2025,3,F,R128
8037,MS111,US Open,2025,3,F,R128
8041,MS112,US Open,2025,3,F,R128
8072,MS113,US Open,2025,3,F,R128
8096,MS114,US Open,2025,4,F,R128
8053,MS115,US Open,2025,3,F,R128
8075,MS117,US Open,2025,3,F,R128
8067,MS118,US Open,2025,3,F,R128
8047,MS119,US Open,2025,3,F,R128
8051,MS120,US Open,2025,5,F,R128
8068,MS121,US Open,2025,5,F,R128
8087,MS122,US Open,2025,4,F,R128
8082,MS123,US Open,2025,3,F,R128
8057,MS124,US Open,2025,3,F,R128
8094,MS125,US Open,2025,3,F,R128
8066,MS126,US Open,2025,4,F,R128
8046,MS127,US Open,2025,3,F,R128
8101,QS016,US Open,2025,2,F,Q3
8099,QS017,US Open,2025,2,F,Q3
8139,QS018,US Open,2025,2,F,Q3
8105,QS019,US Open,2025,2,F,Q3
8097,QS020,US Open,2025,3,F,Q3
8103,QS021,US Open,2025,2,F,Q3
8102,QS022,US Open,2025,3,F,Q3
8107,QS023,US Open,2025,2,F,Q3
8110,QS024,US Open,2025,2,F,Q3
8100,QS025,US Open,2025,2,F,Q3
8106,QS026,US Open,2025,2,F,Q3
8125,QS027,US Open,2025,2,F,Q3
8108,QS028,US Open,2025,3,F,Q3
8104,QS029,US Open,2025,3,F,Q3
8098,QS030,US Open,2025,2,F,Q3
8109,QS031,US Open,2025,2,F,Q3
8111,QS032,US Open,2025,2,F,Q2
8127,QS033,US Open,2025,3,F,Q2
8114,QS034,US Open,2025,3,F,Q2
8133,QS035,US Open,2025,2,F,Q2
8169,QS036,US Open,2025,2,F,Q2
8142,QS037,US Open,2025,2,F,Q2
8113,QS038,US Open,2025,2,F,Q2
8131,QS039,US Open,2025,2,F,Q2
8112,QS040,US Open,2025,3,F,Q2
8155,QS041,US Open,2025,2,F,Q2
8115,QS042,US Open,2025,2,F,Q2
8121,QS043,US Open,2025,2,F,Q2
8135,QS044,US Open,2025,2,F,Q2
8120,QS045,US Open,2025,2,F,Q2
8137,QS046,US Open,2025,3,F,Q2
8136,QS047,US Open,2025,2,F,Q2
8145,QS048,US Open,2025,2,F,Q2
8132,QS049,US Open,2025,2,F,Q2
8116,QS050,US Open,2025,3,F,Q2
8140,QS051,US Open,2025,2,F,Q2
8123,QS052,US Open,2025,1,F,Q2
8126,QS053,US Open,2025,3,F,Q2
8118,QS054,US Open,2025,3,F,Q2
8119,QS056,US Open,2025,2,F,Q2
8138,QS057,US Open,2025,2,F,Q2
8130,QS058,US Open,2025,3,F,Q2
8129,QS059,US Open,2025,2,F,Q2
8124,QS060,US Open,2025,2,F,Q2
8122,QS062,US Open,2025,3,F,Q2
8134,QS063,US Open,2025,3,F,Q2
8144,QS064,US Open,2025,2,F,Q1
8189,QS066,US Open,2025,2,F,Q1
8168,QS067,US Open,2025,2,F,Q1
8146,QS068,US Open,2025,2,F,Q1
8187,QS069,US Open,2025,2,F,Q1
8186,QS070,US Open,2025,3,F,Q1
8176,QS071,US Open,2025,2,F,Q1
8141,QS072,US Open,2025,2,F,Q1
8199,QS073,US Open,2025,2,F,Q1
8195,QS074,US Open,2025,2,F,Q1
8156,QS075,US Open,2025,2,F,Q1
8143,QS076,US Open,2025,2,F,Q1
8190,QS077,US Open,2025,3,F,Q1
8177,QS078,US Open,2025,2,F,Q1
8158,QS079,US Open,2025,2,F,Q1
8147,QS080,US Open,2025,2,F,Q1
8204,QS081,US Open,2025,3,F,Q1
8162,QS083,US Open,2025,2,F,Q1
8172,QS084,US Open,2025,3,F,Q1
8182,QS085,US Open,2025,3,F,Q1
8198,QS086,US Open,2025,3,F,Q1
8164,QS087,US Open,2025,2,F,Q1
8148,QS088,US Open,2025,2,F,Q1
8184,QS089,US Open,2025,1,F,Q1
8178,QS090,US Open,2025,3,F,Q1
8159,QS091,US Open,2025,2,F,Q1
8150,QS092,US Open,2025,3,F,Q1
8194,QS094,US Open,2025,3,F,Q1
8161,QS095,US Open,2025,3,F,Q1
8191,QS097,US Open,2025,2,F,Q1
8179,QS098,US Open,2025,3,F,Q1
8165,QS099,US Open,2025,2,F,Q1
8149,QS100,US Open,2025,3,F,Q1
8188,QS101,US Open,2025,3,F,Q1
8193,QS102,US Open,2025,2,F,Q1
8180,QS103,US Open,2025,3,F,Q1
8151,QS104,US Open,2025,2,F,Q1
8181,QS105,US Open,2025,3,F,Q1
8192,QS106,US Open,2025,3,F,Q1
8170,QS107,US Open,2025,3,F,Q1
8152,QS108,US Open,2025,3,F,Q1
8174,QS109,US Open,2025,3,F,Q1
8166,QS111,US Open,2025,2,F,Q1
8154,QS112,US Open,2025,2,F,Q1
8183,QS114,US Open,2025,2,F,Q1
8163,QS115,US Open,2025,3,F,Q1
8153,QS116,US Open,2025,2,F,Q1
8175,QS117,US Open,2025,2,F,Q1
8171,QS119,US Open,2025,2,F,Q1
8157,QS120,US Open,2025,3,F,Q1
8197,QS121,US Open,2025,3,F,Q1
8173,QS122,US Open,2025,3,F,Q1
8160,QS124,US Open,2025,3,F,Q1
8200,QS125,US Open,2025,2,F,Q1
8185,QS126,US Open,2025,3,F,Q1
8167,QS127,US Open,2025,2,F,Q1
8755,MS001,Vanda Pharmaceuticals Hellenic Championship,2025,3,F,F
8761,MS002,Vanda Pharmaceuticals Hellenic Championship,2025,2,F,SF
8763,MS003,Vanda Pharmaceuticals Hellenic Championship,2025,3,F,SF
8764,MS004,Vanda Pharmaceuticals Hellenic Championship,2025,2,F,QF
8765,MS005,Vanda Pharmaceuticals Hellenic Championship,2025,2,F,QF
8766,MS006,Vanda Pharmaceuticals Hellenic Championship,2025,2,F,QF
8762,MS007,Vanda Pharmaceuticals Hellenic Championship,2025,2,F,QF
8767,MS008,Vanda Pharmaceuticals Hellenic Championship,2025,2,F,R16
8773,MS009,Vanda Pharmaceuticals Hellenic Championship,2025,3,F,R16
8770,MS010,Vanda Pharmaceuticals Hellenic Championship,2025,2,F,R16
8777,MS011,Vanda Pharmaceuticals Hellenic Championship,2025,3,F,R16
8774,MS012,Vanda Pharmaceuticals Hellenic Championship,2025,3,F,R16
8769,MS013,Vanda Pharmaceuticals Hellenic Championship,2025,3,F,R16
8776,MS014,Vanda Pharmaceuticals Hellenic Championship,2025,3,F,R16
8768,MS015,Vanda Pharmaceuticals Hellenic Championship,2025,3,F,R16
8785,MS017,Vanda Pharmaceuticals Hellenic Championship,2025,3,F,R32
8783,MS018,Vanda Pharmaceuticals Hellenic Championship,2025,3,F,R32
8772,MS019,Vanda Pharmaceuticals Hellenic Championship,2025,2,F,R32
8780,MS021,Vanda Pharmaceuticals Hellenic Championship,2025,2,F,R32
8779,MS023,Vanda Pharmaceuticals Hellenic Championship,2025,2,F,R32
8788,MS024,Vanda Pharmaceuticals Hellenic Championship,2025,3,F,R32
8775,MS025,Vanda Pharmaceuticals Hellenic Championship,2025,2,F,R32
8784,MS026,Vanda Pharmaceuticals Hellenic Championship,2025,2,F,R32
8771,MS028,Vanda Pharmaceuticals Hellenic Championship,2025,3,F,R32
8778,MS029,Vanda Pharmaceuticals Hellenic Championship,2025,3,F,R32
8782,MS030,Vanda Pharmaceuticals Hellenic Championship,2025,3,F,R32
8787,QS004,Vanda Pharmaceuticals Hellenic Championship,2025,2,F,Q2
8781,QS005,Vanda Pharmaceuticals Hellenic Championship,2025,3,F,Q2
8786,QS006,Vanda Pharmaceuticals Hellenic Championship,2025,3,F,Q2
8789,QS007,Vanda Pharmaceuticals Hellenic Championship,2025,3,F,Q2
8790,QS008,Vanda Pharmaceuticals Hellenic Championship,2025,3,F,Q1
8795,QS009,Vanda Pharmaceuticals Hellenic Championship,2025,2,F,Q1
8793,QS010,Vanda Pharmaceuticals Hellenic Championship,2025,2,F,Q1
8792,QS011,Vanda Pharmaceuticals Hellenic Championship,2025,2,F,Q1
8796,QS012,Vanda Pharmaceuticals Hellenic Championship,2025,2,F,Q1
8791,QS013,Vanda Pharmaceuticals Hellenic Championship,2025,2,F,Q1
8813,QS015,Vanda Pharmaceuticals Hellenic Championship,2025,3,F,Q1
7172,MS001,Vanda Pharmaceuticals Mallorca Championships,2025,2,F,F
7173,MS002,Vanda Pharmaceuticals Mallorca Championships,2025,2,F,SF
7176,MS003,Vanda Pharmaceuticals Mallorca Championships,2025,2,F,SF
7179,MS004,Vanda Pharmaceuticals Mallorca Championships,2025,2,F,QF
7177,MS005,Vanda Pharmaceuticals Mallorca Championships,2025,2,F,QF
7174,MS006,Vanda Pharmaceuticals Mallorca Championships,2025,2,F,QF
7182,MS007,Vanda Pharmaceuticals Mallorca Championships,2025,3,F,QF
7175,MS008,Vanda Pharmaceuticals Mallorca Championships,2025,2,F,R16
7184,MS009,Vanda Pharmaceuticals Mallorca Championships,2025,2,F,R16
7186,MS010,Vanda Pharmaceuticals Mallorca Championships,2025,2,F,R16
7180,MS011,Vanda Pharmaceuticals Mallorca Championships,2025,2,F,R16
7185,MS012,Vanda Pharmaceuticals Mallorca Championships,2025,3,F,R16
7181,MS013,Vanda Pharmaceuticals Mallorca Championships,2025,2,F,R16
7188,MS014,Vanda Pharmaceuticals Mallorca Championships,2025,3,F,R16
7178,MS015,Vanda Pharmaceuticals Mallorca Championships,2025,2,F,R16
7196,MS017,Vanda Pharmaceuticals Mallorca Championships,2025,2,F,R32
7192,MS018,Vanda Pharmaceuticals Mallorca Championships,2025,3,F,R32
7193,MS021,Vanda Pharmaceuticals Mallorca Championships,2025,3,F,R32
7195,MS022,Vanda Pharmaceuticals Mallorca Championships,2025,3,F,R32
7190,MS023,Vanda Pharmaceuticals Mallorca Championships,2025,3,F,R32
7189,MS024,Vanda Pharmaceuticals Mallorca Championships,2025,2,F,R32
7191,MS025,Vanda Pharmaceuticals Mallorca Championships,2025,2,F,R32
7197,MS026,Vanda Pharmaceuticals Mallorca Championships,2025,2,F,R32
7187,MS028,Vanda Pharmaceuticals Mallorca Championships,2025,2,F,R32
7194,MS029,Vanda Pharmaceuticals Mallorca Championships,2025,2,F,R32
7229,MS030,Vanda Pharmaceuticals Mallorca Championships,2025,3,F,R32
7199,QS004,Vanda Pharmaceuticals Mallorca Championships,2025,2,F,Q2
7201,QS005,Vanda Pharmaceuticals Mallorca Championships,2025,3,F,Q2
7203,QS006,Vanda Pharmaceuticals Mallorca Championships,2025,2,F,Q2
7200,QS007,Vanda Pharmaceuticals Mallorca Championships,2025,2,F,Q2
7205,QS008,Vanda Pharmaceuticals Mallorca Championships,2025,2,F,Q1
7206,QS009,Vanda Pharmaceuticals Mallorca Championships,2025,3,F,Q1
7208,QS011,Vanda Pharmaceuticals Mallorca Championships,2025,3,F,Q1
7198,QS012,Vanda Pharmaceuticals Mallorca Championships,2025,3,F,Q1
7207,QS013,Vanda Pharmaceuticals Mallorca Championships,2025,2,F,Q1
7202,QS014,Vanda Pharmaceuticals Mallorca Championships,2025,3,F,Q1
7204,QS015,Vanda Pharmaceuticals Mallorca Championships,2025,3,F,Q1
7248,MS001,Wimbledon,2025,4,F,F
7249,MS002,Wimbledon,2025,3,F,SF
7250,MS003,Wimbledon,2025,4,F,SF
7251,MS004,Wimbledon,2025,3,F,QF
7254,MS005,Wimbledon,2025,4,F,QF
7253,MS006,Wimbledon,2025,4,F,QF
7252,MS007,Wimbledon,2025,3,F,QF
7288,MS008,Wimbledon,2025,3,F,R16
7257,MS009,Wimbledon,2025,4,F,R16
7294,MS010,Wimbledon,2025,4,F,R16
7258,MS011,Wimbledon,2025,4,F,R16
7255,MS012,Wimbledon,2025,2,F,R16
7259,MS013,Wimbledon,2025,3,F,R16
7260,MS014,Wimbledon,2025,5,F,R16
7256,MS015,Wimbledon,2025,4,F,R16
7261,MS016,Wimbledon,2025,3,F,R32
7269,MS017,Wimbledon,2025,3,F,R32
7264,MS018,Wimbledon,2025,3,F,R32
7271,MS019,Wimbledon,2025,5,F,R32
7270,MS020,Wimbledon,2025,4,F,R32
7266,MS021,Wimbledon,2025,3,F,R32
7265,MS022,Wimbledon,2025,3,F,R32
7263,MS023,Wimbledon,2025,3,F,R32
7262,MS024,Wimbledon,2025,4,F,R32
7275,MS025,Wimbledon,2025,4,F,R32
7268,MS026,Wimbledon,2025,5,F,R32
7272,MS027,Wimbledon,2025,3,F,R32
7273,MS028,Wimbledon,2025,4,F,R32
7274,MS029,Wimbledon,2025,3,F,R32
7267,MS030,Wimbledon,2025,3,F,R32
7292,MS031,Wimbledon,2025,4,F,R32
7276,MS032,Wimbledon,2025,3,F,R64
7350,MS033,Wimbledon,2025,3,F,R64
7291,MS034,Wimbledon,2025,4,F,R64
7285,MS035,Wimbledon,2025,4,F,R64
7282,MS036,Wimbledon,2025,3,F,R64
7299,MS037,Wimbledon,2025,5,F,R64
7298,MS038,Wimbledon,2025,4,F,R64
7307,MS039,Wimbledon,2025,4,F,R64
7279,MS040,Wimbledon,2025,4,F,R64
7304,MS041,Wimbledon,2025,3,F,R64
7293,MS042,Wimbledon,2025,3,F,R64
7286,MS043,Wimbledon,2025,4,F,R64
7283,MS044,Wimbledon,2025,4,F,R64
7290,MS045,Wimbledon,2025,5,F,R64
7302,MS046,Wimbledon,2025,4,F,R64
7281,MS047,Wimbledon,2025,3,F,R64
7280,MS048,Wimbledon,2025,5,F,R64
7295,MS049,Wimbledon,2025,4,F,R64
7300,MS050,Wimbledon,2025,3,F,R64
7310,MS051,Wimbledon,2025,5,F,R64
7301,MS052,Wimbledon,2025,3,F,R64
7289,MS053,Wimbledon,2025,5,F,R64
7306,MS054,Wimbledon,2025,3,F,R64
7308,MS055,Wimbledon,2025,5,F,R64
7305,MS056,Wimbledon,2025,3,F,R64
7303,MS057,Wimbledon,2025,4,F,R64
7297,MS058,Wimbledon,2025,3,F,R64
7284,MS059,Wimbledon,2025,4,F,R64
7287,MS060,Wimbledon,2025,4,F,R64
7327,MS061,Wimbledon,2025,4,F,R64
7296,MS062,Wimbledon,2025,4,F,R64
7277,MS063,Wimbledon,2025,3,F,R64
7309,MS064,Wimbledon,2025,3,F,R128
7374,MS065,Wimbledon,2025,4,F,R128
7357,MS066,Wimbledon,2025,4,F,R128
7329,MS067,Wimbledon,2025,4,F,R128
7331,MS068,Wimbledon,2025,3,F,R128
7359,MS069,Wimbledon,2025,3,F,R128
7363,MS070,Wimbledon,2025,2,F,R128
7319,MS071,Wimbledon,2025,3,F,R128
7320,MS072,Wimbledon,2025,3,F,R128
7355,MS073,Wimbledon,2025,3,F,R128
7338,MS074,Wimbledon,2025,5,F,R128
7349,MS075,Wimbledon,2025,5,F,R128
7343,MS076,Wimbledon,2025,4,F,R128
7365,MS077,Wimbledon,2025,3,F,R128
7366,MS078,Wimbledon,2025,3,F,R128
7315,MS079,Wimbledon,2025,4,F,R128
7311,MS080,Wimbledon,2025,3,F,R128
7335,MS081,Wimbledon,2025,3,F,R128
7358,MS082,Wimbledon,2025,3,F,R128
7344,MS083,Wimbledon,2025,5,F,R128
7347,MS084,Wimbledon,2025,3,F,R128
7362,MS085,Wimbledon,2025,3,F,R128
7339,MS086,Wimbledon,2025,3,F,R128
7321,MS087,Wimbledon,2025,4,F,R128
7348,MS088,Wimbledon,2025,3,F,R128
7352,MS089,Wimbledon,2025,5,F,R128
7356,MS090,Wimbledon,2025,3,F,R128
7346,MS091,Wimbledon,2025,3,F,R128
7332,MS092,Wimbledon,2025,5,F,R128
7353,MS094,Wimbledon,2025,3,F,R128
7314,MS095,Wimbledon,2025,4,F,R128
7313,MS096,Wimbledon,2025,5,F,R128
7337,MS097,Wimbledon,2025,3,F,R128
7370,MS098,Wimbledon,2025,3,F,R128
7328,MS099,Wimbledon,2025,3,F,R128
7324,MS100,Wimbledon,2025,4,F,R128
7334,MS101,Wimbledon,2025,5,F,R128
7369,MS102,Wimbledon,2025,5,F,R128
7317,MS103,Wimbledon,2025,4,F,R128
7322,MS104,Wimbledon,2025,4,F,R128
7341,MS105,Wimbledon,2025,3,F,R128
7360,MS106,Wimbledon,2025,5,F,R128
7323,MS107,Wimbledon,2025,3,F,R128
7333,MS108,Wimbledon,2025,5,F,R128
7372,MS109,Wimbledon,2025,4,F,R128
7354,MS110,Wimbledon,2025,3,F,R128
7312,MS111,Wimbledon,2025,5,F,R128
7316,MS112,Wimbledon,2025,5,F,R128
7368,MS113,Wimbledon,2025,3,F,R128
7336,MS114,Wimbledon,2025,3,F,R128
7330,MS115,Wimbledon,2025,3,F,R128
7326,MS116,Wimbledon,2025,4,F,R128
7361,MS117,Wimbledon,2025,4,F,R128
7364,MS118,Wimbledon,2025,4,F,R128
7318,MS119,Wimbledon,2025,3,F,R128
7351,MS120,Wimbledon,2025,4,F,R128
7340,MS121,Wimbledon,2025,4,F,R128
7342,MS122,Wimbledon,2025,3,F,R128
7345,MS123,Wimbledon,2025,2,F,R128
7325,MS124,Wimbledon,2025,5,F,R128
7371,MS125,Wimbledon,2025,4,F,R128
7367,MS126,Wimbledon,2025,3,F,R128
7373,QS016,Wimbledon,2025,4,F,Q3
7389,QS017,Wimbledon,2025,4,F,Q3
7384,QS018,Wimbledon,2025,4,F,Q3
7415,QS019,Wimbledon,2025,4,F,Q3
7375,QS020,Wimbledon,2025,4,F,Q3
7376,QS021,Wimbledon,2025,3,F,Q3
7378,QS022,Wimbledon,2025,4,F,Q3
7377,QS023,Wimbledon,2025,5,F,Q3
7386,QS024,Wimbledon,2025,4,F,Q3
7383,QS025,Wimbledon,2025,3,F,Q3
7379,QS026,Wimbledon,2025,4,F,Q3
7388,QS027,Wimbledon,2025,5,F,Q3
7391,QS028,Wimbledon,2025,4,F,Q3
7382,QS029,Wimbledon,2025,4,F,Q3
7380,QS030,Wimbledon,2025,3,F,Q3
7381,QS031,Wimbledon,2025,4,F,Q3
7385,QS032,Wimbledon,2025,2,F,Q2
7410,QS033,Wimbledon,2025,2,F,Q2
7387,QS034,Wimbledon,2025,2,F,Q2
7401,QS035,Wimbledon,2025,2,F,Q2
7412,QS036,Wimbledon,2025,3,F,Q2
7402,QS037,Wimbledon,2025,3,F,Q2
7414,QS038,Wimbledon,2025,3,F,Q2
7399,QS039,Wimbledon,2025,2,F,Q2
7393,QS040,Wimbledon,2025,2,F,Q2
7403,QS041,Wimbledon,2025,2,F,Q2
7392,QS042,Wimbledon,2025,2,F,Q2
7404,QS043,Wimbledon,2025,3,F,Q2
7390,QS044,Wimbledon,2025,2,F,Q2
7394,QS046,Wimbledon,2025,2,F,Q2
7422,QS047,Wimbledon,2025,2,F,Q2
7411,QS048,Wimbledon,2025,3,F,Q2
7405,QS049,Wimbledon,2025,2,F,Q2
7395,QS050,Wimbledon,2025,3,F,Q2
7406,QS051,Wimbledon,2025,3,F,Q2
7397,QS052,Wimbledon,2025,2,F,Q2
7408,QS053,Wimbledon,2025,2,F,Q2
7409,QS054,Wimbledon,2025,3,F,Q2
7416,QS055,Wimbledon,2025,2,F,Q2
7396,QS056,Wimbledon,2025,2,F,Q2
7413,QS058,Wimbledon,2025,2,F,Q2
7407,QS059,Wimbledon,2025,2,F,Q2
7398,QS060,Wimbledon,2025,2,F,Q2
7400,QS062,Wimbledon,2025,2,F,Q2
7417,QS064,Wimbledon,2025,2,F,Q1
7466,QS065,Wimbledon,2025,2,F,Q1
7448,QS066,Wimbledon,2025,3,F,Q1
7438,QS067,Wimbledon,2025,2,F,Q1
7420,QS068,Wimbledon,2025,3,F,Q1
7451,QS069,Wimbledon,2025,2,F,Q1
7444,QS071,Wimbledon,2025,3,F,Q1
7419,QS072,Wimbledon,2025,2,F,Q1
7463,QS073,Wimbledon,2025,2,F,Q1
7460,QS074,Wimbledon,2025,2,F,Q1
7439,QS075,Wimbledon,2025,2,F,Q1
7423,QS076,Wimbledon,2025,2,F,Q1
7431,QS079,Wimbledon,2025,2,F,Q1
7470,QS081,Wimbledon,2025,2,F,Q1
7455,QS082,Wimbledon,2025,2,F,Q1
7418,QS084,Wimbledon,2025,3,F,Q1
7452,QS086,Wimbledon,2025,2,F,Q1
7441,QS087,Wimbledon,2025,2,F,Q1
7421,QS088,Wimbledon,2025,3,F,Q1
7446,QS089,Wimbledon,2025,2,F,Q1
7440,QS091,Wimbledon,2025,3,F,Q1
7424,QS092,Wimbledon,2025,2,F,Q1
7453,QS093,Wimbledon,2025,3,F,Q1
7462,QS094,Wimbledon,2025,3,F,Q1
7432,QS095,Wimbledon,2025,2,F,Q1
7427,QS096,Wimbledon,2025,2,F,Q1
7467,QS097,Wimbledon,2025,2,F,Q1
7464,QS098,Wimbledon,2025,3,F,Q1
7430,QS099,Wimbledon,2025,2,F,Q1
7425,QS100,Wimbledon,2025,3,F,Q1
7447,QS101,Wimbledon,2025,2,F,Q1
7492,QS102,Wimbledon,2025,2,F,Q1
7443,QS103,Wimbledon,2025,3,F,Q1
7456,QS104,Wimbledon,2025,2,F,Q1
7437,QS107,Wimbledon,2025,3,F,Q1
7426,QS108,Wimbledon,2025,3,F,Q1
7449,QS109,Wimbledon,2025,3,F,Q1
7490,QS110,Wimbledon,2025,2,F,Q1
7436,QS111,Wimbledon,2025,2,F,Q1
7434,QS112,Wimbledon,2025,2,F,Q1
7457,QS113,Wimbledon,2025,2,F,Q1
7429,QS115,Wimbledon,2025,2,F,Q1
7428,QS116,Wimbledon,2025,2,F,Q1
7450,QS117,Wimbledon,2025,3,F,Q1
7461,QS118,Wimbledon,2025,2,F,Q1
7442,QS119,Wimbledon,2025,2,F,Q1
7454,QS121,Wimbledon,2025,2,F,Q1
7445,QS123,Wimbledon,2025,2,F,Q1
7433,QS124,Wimbledon,2025,3,F,Q1
7469,QS125,Wimbledon,2025,2,F,Q1
7435,QS127,Wimbledon,2025,2,F,Q1
7922,MS001,Winston-Salem Open,2025,2,F,F
7920,MS002,Winston-Salem Open,2025,2,F,SF
7927,MS004,Winston-Salem Open,2025,3,F,QF
7926,MS005,Winston-Salem Open,2025,2,F,QF
7924,MS006,Winston-Salem Open,2025,2,F,QF
7923,MS007,Winston-Salem Open,2025,2,F,QF
7939,MS008,Winston-Salem Open,2025,2,F,R16
7931,MS009,Winston-Salem Open,2025,3,F,R16
7928,MS010,Winston-Salem Open,2025,2,F,R16
7930,MS011,Winston-Salem Open,2025,2,F,R16
7934,MS012,Winston-Salem Open,2025,3,F,R16
7925,MS013,Winston-Salem Open,2025,2,F,R16
7933,MS014,Winston-Salem Open,2025,3,F,R16
7932,MS015,Winston-Salem Open,2025,2,F,R16
7935,MS016,Winston-Salem Open,2025,2,F,R32
7952,MS017,Winston-Salem Open,2025,2,F,R32
7943,MS018,Winston-Salem Open,2025,2,F,R32
7940,MS019,Winston-Salem Open,2025,2,F,R32
7950,MS021,Winston-Salem Open,2025,2,F,R32
7944,MS022,Winston-Salem Open,2025,3,F,R32
7945,MS023,Winston-Salem Open,2025,3,F,R32
7938,MS024,Winston-Salem Open,2025,2,F,R32
7946,MS025,Winston-Salem Open,2025,2,F,R32
7947,MS026,Winston-Salem Open,2025,2,F,R32
7936,MS027,Winston-Salem Open,2025,3,F,R32
7941,MS028,Winston-Salem Open,2025,3,F,R32
7948,MS029,Winston-Salem Open,2025,2,F,R32
7949,MS030,Winston-Salem Open,2025,1,F,R32
7937,MS031,Winston-Salem Open,2025,3,F,R32
7955,MS033,Winston-Salem Open,2025,3,F,R64
7962,MS034,Winston-Salem Open,2025,2,F,R64
7957,MS037,Winston-Salem Open,2025,2,F,R64
7965,MS038,Winston-Salem Open,2025,3,F,R64
7951,MS041,Winston-Salem Open,2025,2,F,R64
7963,MS042,Winston-Salem Open,2025,2,F,R64
7961,MS045,Winston-Salem Open,2025,2,F,R64
7956,MS049,Winston-Salem Open,2025,2,F,R64
7958,MS050,Winston-Salem Open,2025,3,F,R64
7981,MS053,Winston-Salem Open,2025,2,F,R64
7960,MS054,Winston-Salem Open,2025,3,F,R64
7959,MS057,Winston-Salem Open,2025,2,F,R64
7953,MS058,Winston-Salem Open,2025,2,F,R64
7964,MS061,Winston-Salem Open,2025,2,F,R64
7954,MS062,Winston-Salem Open,2025,2,F,R64
7966,QS005,Winston-Salem Open,2025,2,F,Q2
7967,QS006,Winston-Salem Open,2025,3,F,Q2
7968,QS007,Winston-Salem Open,2025,3,F,Q2
7973,QS010,Winston-Salem Open,2025,3,F,Q1
7975,QS011,Winston-Salem Open,2025,2,F,Q1
7970,QS015,Winston-Salem Open,2025,2,F,Q1
9000,MS001,Australian Open,2026,5,F,F
9012,MS002,Australian Open,2026,5,F,SF
9013,MS003,Australian Open,2026,5,F,SF
9020,MS004,Australian Open,2026,5,F,QF
9016,MS005,Australian Open,2026,5,F,QF
9015,MS006,Australian Open,2026,5,F,QF
9014,MS007,Australian Open,2026,5,F,QF
9021,MS008,Australian Open,2026,5,F,R16
9022,MS009,Australian Open,2026,5,F,R16
9044,MS010,Australian Open,2026,5,F,R16
9028,MS011,Australian Open,2026,5,F,R16
9019,MS012,Australian Open,2026,5,F,R16
9017,MS013,Australian Open,2026,5,F,R16
9023,MS014,Australian Open,2026,5,F,R16
9018,MS015,Australian Open,2026,5,F,R16
9033,MS016,Australian Open,2026,5,F,R32
9037,MS017,Australian Open,2026,5,F,R32
9066,MS018,Australian Open,2026,5,F,R32
9034,MS019,Australian Open,2026,5,F,R32
9032,MS020,Australian Open,2026,5,F,R32
9036,MS021,Australian Open,2026,5,F,R32
9051,MS022,Australian Open,2026,5,F,R32
9038,MS023,Australian Open,2026,5,F,R32
9029,MS024,Australian Open,2026,5,F,R32
9035,MS025,Australian Open,2026,5,F,R32
9031,MS026,Australian Open,2026,5,F,R32
9027,MS027,Australian Open,2026,5,F,R32
9026,MS028,Australian Open,2026,5,F,R32
9030,MS029,Australian Open,2026,5,F,R32
9054,MS030,Australian Open,2026,5,F,R32
9025,MS031,Australian Open,2026,5,F,R32
9050,MS032,Australian Open,2026,5,F,R64
9071,MS033,Australian Open,2026,5,F,R64
9070,MS034,Australian Open,2026,5,F,R64
9067,MS035,Australian Open,2026,5,F,R64
9063,MS036,Australian Open,2026,5,F,R64
9108,MS037,Australian Open,2026,5,F,R64
9080,MS038,Australian Open,2026,5,F,R64
9053,MS039,Australian Open,2026,5,F,R64
9055,MS040,Australian Open,2026,5,F,R64
9079,MS041,Australian Open,2026,5,F,R64
9077,MS042,Australian Open,2026,5,F,R64
9069,MS043,Australian Open,2026,5,F,R64
9068,MS044,Australian Open,2026,5,F,R64
9073,MS045,Australian Open,2026,5,F,R64
9076,MS046,Australian Open,2026,5,F,R64
9075,MS047,Australian Open,2026,5,F,R64
9039,MS048,Australian Open,2026,5,F,R64
9048,MS049,Australian Open,2026,5,F,R64
9060,MS050,Australian Open,2026,5,F,R64
9043,MS051,Australian Open,2026,5,F,R64
9061,MS053,Australian Open,2026,5,F,R64
9058,MS054,Australian Open,2026,5,F,R64
9040,MS055,Australian Open,2026,5,F,R64
9041,MS056,Australian Open,2026,5,F,R64
9049,MS057,Australian Open,2026,5,F,R64
9046,MS058,Australian Open,2026,5,F,R64
9042,MS059,Australian Open,2026,5,F,R64
9045,MS060,Australian Open,2026,5,F,R64
9047,MS061,Australian Open,2026,5,F,R64
9056,MS062,Australian Open,2026,5,F,R64
9057,MS063,Australian Open,2026,5,F,R64
9123,MS064,Australian Open,2026,5,F,R128
9141,MS065,Australian Open,2026,5,F,R128
9135,MS066,Australian Open,2026,5,F,R128
9136,MS067,Australian Open,2026,5,F,R128
9101,MS068,Australian Open,2026,5,F,R128
9125,MS069,Australian Open,2026,5,F,R128
9111,MS070,Australian Open,2026,5,F,R128
9103,MS071,Australian Open,2026,5,F,R128
9126,MS072,Australian Open,2026,5,F,R128
9161,MS073,Australian Open,2026,5,F,R128
9138,MS074,Australian Open,2026,5,F,R128
9130,MS075,Australian Open,2026,5,F,R128
9129,MS076,Australian Open,2026,5,F,R128
9134,MS077,Australian Open,2026,5,F,R128
9118,MS078,Australian Open,2026,5,F,R128
9100,MS079,Australian Open,2026,5,F,R128
9124,MS080,Australian Open,2026,5,F,R128
9110,MS081,Australian Open,2026,5,F,R128
9162,MS082,Australian Open,2026,5,F,R128
9133,MS083,Australian Open,2026,5,F,R128
9128,MS084,Australian Open,2026,5,F,R128
9131,MS085,Australian Open,2026,5,F,R128
9132,MS086,Australian Open,2026,5,F,R128
9098,MS087,Australian Open,2026,5,F,R128
9092,MS088,Australian Open,2026,5,F,R128
9120,MS089,Australian Open,2026,5,F,R128
9117,MS090,Australian Open,2026,5,F,R128
9105,MS091,Australian Open,2026,5,F,R128
9106,MS092,Australian Open,2026,5,F,R128
9119,MS093,Australian Open,2026,5,F,R128
9112,MS094,Australian Open,2026,5,F,R128
9094,MS095,Australian Open,2026,5,F,R128
9072,MS096,Australian Open,2026,5,F,R128
9091,MS097,Australian Open,2026,5,F,R128
9097,MS098,Australian Open,2026,5,F,R128
9086,MS099,Australian Open,2026,5,F,R128
9102,MS100,Australian Open,2026,5,F,R128
9121,MS101,Australian Open,2026,5,F,R128
9104,MS102,Australian Open,2026,5,F,R128
9074,MS103,Australian Open,2026,5,F,R128
9081,MS104,Australian Open,2026,5,F,R128
9089,MS106,Australian Open,2026,5,F,R128
9087,MS107,Australian Open,2026,5,F,R128
9109,MS108,Australian Open,2026,5,F,R128
9146,MS109,Australian Open,2026,5,F,R128
9114,MS110,Australian Open,2026,5,F,R128
9093,MS111,Australian Open,2026,5,F,R128
9078,MS112,Australian Open,2026,5,F,R128
9096,MS113,Australian Open,2026,5,F,R128
9113,MS114,Australian Open,2026,5,F,R128
9127,MS115,Australian Open,2026,5,F,R128
9107,MS116,Australian Open,2026,5,F,R128
9115,MS117,Australian Open,2026,5,F,R128
9116,MS118,Australian Open,2026,5,F,R128
9099,MS119,Australian Open,2026,5,F,R128
9084,MS120,Australian Open,2026,5,F,R128
9090,MS121,Australian Open,2026,5,F,R128
9122,MS122,Australian Open,2026,5,F,R128
9083,MS123,Australian Open,2026,5,F,R128
9085,MS124,Australian Open,2026,5,F,R128
9095,MS125,Australian Open,2026,5,F,R128
9088,MS126,Australian Open,2026,5,F,R128
9082,MS127,Australian Open,2026,5,F,R128
9139,QS016,Australian Open,2026,3,F,
9147,QS017,Australian Open,2026,3,F,
9169,QS018,Australian Open,2026,3,F,
9144,QS019,Australian Open,2026,3,F,
9152,QS020,Australian Open,2026,3,F,
9142,QS021,Australian Open,2026,3,F,
9140,QS022,Australian Open,2026,3,F,
9148,QS023,Australian Open,2026,3,F,
9190,QS024,Australian Open,2026,3,F,
9155,QS025,Australian Open,2026,3,F,
9145,QS026,Australian Open,2026,3,F,
9151,QS027,Australian Open,2026,3,F,
9137,QS028,Australian Open,2026,3,F,
9143,QS029,Australian Open,2026,3,F,
9149,QS031,Australian Open,2026,3,F,
9173,QS032,Australian Open,2026,3,F,
9163,QS033,Australian Open,2026,3,F,
9150,QS034,Australian Open,2026,3,F,
9166,QS035,Australian Open,2026,3,F,
9175,QS036,Australian Open,2026,3,F,
9168,QS037,Australian Open,2026,3,F,
9156,QS038,Australian Open,2026,3,F,
9167,QS039,Australian Open,2026,3,F,
9178,QS040,Australian Open,2026,3,F,
9186,QS041,Australian Open,2026,3,F,
9153,QS042,Australian Open,2026,3,F,
9165,QS043,Australian Open,2026,3,F,
9158,QS044,Australian Open,2026,3,F,
9160,QS045,Australian Open,2026,3,F,
9181,QS046,Australian Open,2026,3,F,
9184,QS047,Australian Open,2026,3,F,
9154,QS048,Australian Open,2026,3,F,
9180,QS049,Australian Open,2026,3,F,
9177,QS050,Australian Open,2026,3,F,
9174,QS051,Australian Open,2026,3,F,
9176,QS052,Australian Open,2026,3,F,
9170,QS053,Australian Open,2026,3,F,
9202,QS054,Australian Open,2026,3,F,
9171,QS055,Australian Open,2026,3,F,
9157,QS056,Australian Open,2026,3,F,
9164,QS057,Australian Open,2026,3,F,
9159,QS058,Australian Open,2026,3,F,
9172,QS059,Australian Open,2026,3,F,
9179,QS061,Australian Open,2026,3,F,
9182,QS062,Australian Open,2026,3,F,
9183,QS063,Australian Open,2026,3,F,
9230,QS064,Australian Open,2026,3,F,
9229,QS065,Australian Open,2026,3,F,
9240,QS066,Australian Open,2026,3,F,
9210,QS067,Australian Open,2026,3,F,
9185,QS068,Australian Open,2026,3,F,
9196,QS069,Australian Open,2026,3,F,
9195,QS070,Australian Open,2026,3,F,
9193,QS071,Australian Open,2026,3,F,
9204,QS072,Australian Open,2026,3,F,
9232,QS073,Australian Open,2026,3,F,
9215,QS075,Australian Open,2026,3,F,
9187,QS076,Australian Open,2026,3,F,
9241,QS078,Australian Open,2026,3,F,
9221,QS079,Australian Open,2026,3,F,
9203,QS080,Australian Open,2026,3,F,
9244,QS081,Australian Open,2026,3,F,
9239,QS082,Australian Open,2026,3,F,
9223,QS083,Australian Open,2026,3,F,
9197,QS085,Australian Open,2026,3,F,
9201,QS086,Australian Open,2026,3,F,
9212,QS087,Australian Open,2026,3,F,
9206,QS088,Australian Open,2026,3,F,
9200,QS089,Australian Open,2026,3,F,
9199,QS090,Australian Open,2026,3,F,
9205,QS092,Australian Open,2026,3,F,
9238,QS093,Australian Open,2026,3,F,
9226,QS094,Australian Open,2026,3,F,
9217,QS095,Australian Open,2026,3,F,
9188,QS096,Australian Open,2026,3,F,
9237,QS097,Australian Open,2026,3,F,
9198,QS098,Australian Open,2026,3,F,
9194,QS099,Australian Open,2026,3,F,
9207,QS100,Australian Open,2026,3,F,
9242,QS101,Australian Open,2026,3,F,
9235,QS102,Australian Open,2026,3,F,
9219,QS103,Australian Open,2026,3,F,
9214,QS104,Australian Open,2026,3,F,
9231,QS106,Australian Open,2026,3,F,
9192,QS107,Australian Open,2026,3,F,
9191,QS108,Australian Open,2026,3,F,
9236,QS109,Australian Open,2026,3,F,
9224,QS110,Australian Open,2026,3,F,
9222,QS111,Australian Open,2026,3,F,
9208,QS112,Australian Open,2026,3,F,
9225,QS113,Australian Open,2026,3,F,
9243,QS114,Australian Open,2026,3,F,
9216,QS115,Australian Open,2026,3,F,
9209,QS116,Australian Open,2026,3,F,
9234,QS117,Australian Open,2026,3,F,
9228,QS118,Australian Open,2026,3,F,
9218,QS119,Australian Open,2026,3,F,
9189,QS120,Australian Open,2026,3,F,
9233,QS122,Australian Open,2026,3,F,
9211,QS123,Australian Open,2026,3,F,
9220,QS125,Australian Open,2026,3,F,
9227,QS126,Australian Open,2026,3,F,
9213,QS127,Australian Open,2026,3,F,
9312,QS011,Davis Cup Qualifiers 1st Rd,2026,3,F,
9291,QS021,Davis Cup Qualifiers 1st Rd,2026,3,F,
9317,QS022,Davis Cup Qualifiers 1st Rd,2026,3,F,
9287,QS024,Davis Cup Qualifiers 1st Rd,2026,3,F,
9296,QS031,Davis Cup Qualifiers 1st Rd,2026,3,F,
9321,QS032,Davis Cup Qualifiers 1st Rd,2026,3,F,
9305,QS034,Davis Cup Qualifiers 1st Rd,2026,3,F,
9290,QS042,Davis Cup Qualifiers 1st Rd,2026,3,F,
9298,QS051,Davis Cup Qualifiers 1st Rd,2026,3,F,
9297,QS052,Davis Cup Qualifiers 1st Rd,2026,3,F,
9292,QS054,Davis Cup Qualifiers 1st Rd,2026,3,F,
9294,QS055,Davis Cup Qualifiers 1st Rd,2026,3,F,
9316,QS071,Davis Cup Qualifiers 1st Rd,2026,3,F,
9320,QS072,Davis Cup Qualifiers 1st Rd,2026,3,F,
9289,QS075,Davis Cup Qualifiers 1st Rd,2026,3,F,
9323,QS076,Davis Cup Qualifiers 1st Rd,2026,3,F,
9286,QS081,Davis Cup Qualifiers 1st Rd,2026,3,F,
9311,QS082,Davis Cup Qualifiers 1st Rd,2026,3,F,
9284,QS084,Davis Cup Qualifiers 1st Rd,2026,3,F,
9281,QS085,Davis Cup Qualifiers 1st Rd,2026,3,F,
9295,QS092,Davis Cup Qualifiers 1st Rd,2026,3,F,
9285,QS094,Davis Cup Qualifiers 1st Rd,2026,3,F,
9302,QS101,Davis Cup Qualifiers 1st Rd,2026,3,F,
9313,QS102,Davis Cup Qualifiers 1st Rd,2026,3,F,
9288,QS121,Davis Cup Qualifiers 1st Rd,2026,3,F,
9293,QS122,Davis Cup Qualifiers 1st Rd,2026,3,F,
9278,QS124,Davis Cup Qualifiers 1st Rd,2026,3,F,
9318,QS131,Davis Cup Qualifiers 1st Rd,2026,3,F,
9319,QS132,Davis Cup Qualifiers 1st Rd,2026,3,F,
9282,QS135,Davis Cup Qualifiers 1st Rd,2026,3,F,
9283,QS136,Davis Cup Qualifiers 1st Rd,2026,3,F,
